Copyright 1986-2021 Xilinx, Inc. All Rights Reserved.
--------------------------------------------------------------------------------------------------------------------------------------------------------------------------------------------
| Tool Version : Vivado v.2021.1 (win64) Build 3247384 Thu Jun 10 19:36:33 MDT 2021
| Date         : Fri Apr 17 18:22:40 2026
| Host         : P2-08 running 64-bit major release  (build 9200)
| Command      : report_timing_summary -max_paths 10 -file Wrapper_timing_summary_routed.rpt -pb Wrapper_timing_summary_routed.pb -rpx Wrapper_timing_summary_routed.rpx -warn_on_violation
| Design       : Wrapper
| Device       : 7a100t-csg324
| Speed File   : -1  PRODUCTION 1.23 2018-06-13
--------------------------------------------------------------------------------------------------------------------------------------------------------------------------------------------

Timing Summary Report

------------------------------------------------------------------------------------------------
| Timer Settings
| --------------
------------------------------------------------------------------------------------------------

  Enable Multi Corner Analysis               :  Yes
  Enable Pessimism Removal                   :  Yes
  Pessimism Removal Resolution               :  Nearest Common Node
  Enable Input Delay Default Clock           :  No
  Enable Preset / Clear Arcs                 :  No
  Disable Flight Delays                      :  No
  Ignore I/O Paths                           :  No
  Timing Early Launch at Borrowing Latches   :  No
  Borrow Time for Max Delay Exceptions       :  Yes
  Merge Timing Exceptions                    :  Yes

  Corner  Analyze    Analyze    
  Name    Max Paths  Min Paths  
  ------  ---------  ---------  
  Slow    Yes        Yes        
  Fast    Yes        Yes        


------------------------------------------------------------------------------------------------
| Report Methodology
| ------------------
------------------------------------------------------------------------------------------------

Rule       Severity          Description                                                       Violations  
---------  ----------------  ----------------------------------------------------------------  ----------  
TIMING-4   Critical Warning  Invalid primary clock redefinition on a clock tree                1           
TIMING-6   Critical Warning  No common primary clock between related clocks                    1           
TIMING-7   Critical Warning  No common node between related clocks                             1           
TIMING-14  Critical Warning  LUT on the clock tree                                             1           
TIMING-27  Critical Warning  Invalid primary clock on hierarchical pin                         1           
TIMING-51  Critical Warning  No common phase between related clocks from parallel CMBs         1           
CKLD-2     Warning           Clock Net has IO Driver, not a Clock Buf, and/or non-Clock loads  1           
LUTAR-1    Warning           LUT drives async reset alert                                      1           
TIMING-18  Warning           Missing input or output delay                                     1           

Note: This report is based on the most recent report_methodology run and may not be up-to-date. Run report_methodology on the current design for the latest report.



check_timing report

Table of Contents
-----------------
1. checking no_clock (0)
2. checking constant_clock (0)
3. checking pulse_width_clock (0)
4. checking unconstrained_internal_endpoints (0)
5. checking no_input_delay (19)
6. checking no_output_delay (31)
7. checking multiple_clock (0)
8. checking generated_clocks (0)
9. checking loops (0)
10. checking partial_input_delay (0)
11. checking partial_output_delay (0)
12. checking latch_loops (0)

1. checking no_clock (0)
------------------------
 There are 0 register/latch pins with no clock.


2. checking constant_clock (0)
------------------------------
 There are 0 register/latch pins with constant_clock.


3. checking pulse_width_clock (0)
---------------------------------
 There are 0 register/latch pins which need pulse_width check


4. checking unconstrained_internal_endpoints (0)
------------------------------------------------
 There are 0 pins that are not constrained for maximum delay.

 There are 0 pins that are not constrained for maximum delay due to constant clock.


5. checking no_input_delay (19)
-------------------------------
 There are 19 input ports with no input delay specified. (HIGH)

 There are 0 input ports with no input delay but user has a false path constraint.


6. checking no_output_delay (31)
--------------------------------
 There are 31 ports with no output delay specified. (HIGH)

 There are 0 ports with no output delay but user has a false path constraint

 There are 0 ports with no output delay but with a timing clock defined on it or propagating through it


7. checking multiple_clock (0)
------------------------------
 There are 0 register/latch pins with multiple clocks.


8. checking generated_clocks (0)
--------------------------------
 There are 0 generated clocks that are not connected to a clock source.


9. checking loops (0)
---------------------
 There are 0 combinational loops in the design.


10. checking partial_input_delay (0)
------------------------------------
 There are 0 input ports with partial input delay specified.


11. checking partial_output_delay (0)
-------------------------------------
 There are 0 ports with partial output delay specified.


12. checking latch_loops (0)
----------------------------
 There are 0 combinational latch loops in the design through latch input



------------------------------------------------------------------------------------------------
| Design Timing Summary
| ---------------------
------------------------------------------------------------------------------------------------

    WNS(ns)      TNS(ns)  TNS Failing Endpoints  TNS Total Endpoints      WHS(ns)      THS(ns)  THS Failing Endpoints  THS Total Endpoints     WPWS(ns)     TPWS(ns)  TPWS Failing Endpoints  TPWS Total Endpoints  
    -------      -------  ---------------------  -------------------      -------      -------  ---------------------  -------------------     --------     --------  ----------------------  --------------------  
      0.109        0.000                      0                 8138        0.034        0.000                      0                 8138        3.000        0.000                       0                  2599  


All user specified timing constraints are met.


------------------------------------------------------------------------------------------------
| Clock Summary
| -------------
------------------------------------------------------------------------------------------------

Clock                 Waveform(ns)       Period(ns)      Frequency(MHz)
-----                 ------------       ----------      --------------
pll/inst/clk_in1      {0.000 5.000}      10.000          100.000         
  clk_out1_clk_wiz_0  {0.000 20.000}     40.000          25.000          
  clkfbout_clk_wiz_0  {0.000 20.000}     40.000          25.000          
sys_clk_pin           {0.000 5.000}      10.000          100.000         


------------------------------------------------------------------------------------------------
| Intra Clock Table
| -----------------
------------------------------------------------------------------------------------------------

Clock                     WNS(ns)      TNS(ns)  TNS Failing Endpoints  TNS Total Endpoints      WHS(ns)      THS(ns)  THS Failing Endpoints  THS Total Endpoints     WPWS(ns)     TPWS(ns)  TPWS Failing Endpoints  TPWS Total Endpoints  
-----                     -------      -------  ---------------------  -------------------      -------      -------  ---------------------  -------------------     --------     --------  ----------------------  --------------------  
pll/inst/clk_in1                                                                                                                                                        3.000        0.000                       0                     1  
  clk_out1_clk_wiz_0        0.109        0.000                      0                 5912        0.034        0.000                      0                 5912       19.500        0.000                       0                  2592  
  clkfbout_clk_wiz_0                                                                                                                                                   12.633        0.000                       0                     3  
sys_clk_pin                 8.739        0.000                      0                    2        0.264        0.000                      0                    2        4.500        0.000                       0                     3  


------------------------------------------------------------------------------------------------
| Inter Clock Table
| -----------------
------------------------------------------------------------------------------------------------

From Clock          To Clock                WNS(ns)      TNS(ns)  TNS Failing Endpoints  TNS Total Endpoints      WHS(ns)      THS(ns)  THS Failing Endpoints  THS Total Endpoints  
----------          --------                -------      -------  ---------------------  -------------------      -------      -------  ---------------------  -------------------  
sys_clk_pin         clk_out1_clk_wiz_0        1.319        0.000                      0                   86        1.997        0.000                      0                   86  


------------------------------------------------------------------------------------------------
| Other Path Groups Table
| -----------------------
------------------------------------------------------------------------------------------------

Path Group          From Clock          To Clock                WNS(ns)      TNS(ns)  TNS Failing Endpoints  TNS Total Endpoints      WHS(ns)      THS(ns)  THS Failing Endpoints  THS Total Endpoints  
----------          ----------          --------                -------      -------  ---------------------  -------------------      -------      -------  ---------------------  -------------------  
**async_default**   sys_clk_pin         clk_out1_clk_wiz_0        0.582        0.000                      0                 2224        0.251        0.000                      0                 2224  


------------------------------------------------------------------------------------------------
| Timing Details
| --------------
------------------------------------------------------------------------------------------------


---------------------------------------------------------------------------------------------------
From Clock:  pll/inst/clk_in1
  To Clock:  pll/inst/clk_in1

Setup :           NA  Failing Endpoints,  Worst Slack           NA  ,  Total Violation           NA
Hold  :           NA  Failing Endpoints,  Worst Slack           NA  ,  Total Violation           NA
PW    :            0  Failing Endpoints,  Worst Slack        3.000ns,  Total Violation        0.000ns
---------------------------------------------------------------------------------------------------


Pulse Width Checks
--------------------------------------------------------------------------------------
Clock Name:         pll/inst/clk_in1
Waveform(ns):       { 0.000 5.000 }
Period(ns):         10.000
Sources:            { pll/inst/clk_in1 }

Check Type        Corner  Lib Pin           Reference Pin  Required(ns)  Actual(ns)  Slack(ns)  Location        Pin
Min Period        n/a     PLLE2_ADV/CLKIN1  n/a            1.249         10.000      8.751      PLLE2_ADV_X1Y2  pll/inst/plle2_adv_inst/CLKIN1
Max Period        n/a     PLLE2_ADV/CLKIN1  n/a            52.633        10.000      42.633     PLLE2_ADV_X1Y2  pll/inst/plle2_adv_inst/CLKIN1
Low Pulse Width   Slow    PLLE2_ADV/CLKIN1  n/a            2.000         5.000       3.000      PLLE2_ADV_X1Y2  pll/inst/plle2_adv_inst/CLKIN1
Low Pulse Width   Fast    PLLE2_ADV/CLKIN1  n/a            2.000         5.000       3.000      PLLE2_ADV_X1Y2  pll/inst/plle2_adv_inst/CLKIN1
High Pulse Width  Slow    PLLE2_ADV/CLKIN1  n/a            2.000         5.000       3.000      PLLE2_ADV_X1Y2  pll/inst/plle2_adv_inst/CLKIN1
High Pulse Width  Fast    PLLE2_ADV/CLKIN1  n/a            2.000         5.000       3.000      PLLE2_ADV_X1Y2  pll/inst/plle2_adv_inst/CLKIN1



---------------------------------------------------------------------------------------------------
From Clock:  clk_out1_clk_wiz_0
  To Clock:  clk_out1_clk_wiz_0

Setup :            0  Failing Endpoints,  Worst Slack        0.109ns,  Total Violation        0.000ns
Hold  :            0  Failing Endpoints,  Worst Slack        0.034ns,  Total Violation        0.000ns
PW    :            0  Failing Endpoints,  Worst Slack       19.500ns,  Total Violation        0.000ns
---------------------------------------------------------------------------------------------------


Max Delay Paths
--------------------------------------------------------------------------------------
Slack (MET) :             0.109ns  (required time - arrival time)
  Source:                 CPU/FD_IR_latch/loop1[30].d_flip_flop/q_reg/C
                            (rising edge-triggered cell FDCE clocked by clk_out1_clk_wiz_0'  {rise@0.000ns fall@20.000ns period=40.000ns})
  Destination:            CPU/eval_inst/eval7_unit/result_reg[1]/D
                            (rising edge-triggered cell FDCE clocked by clk_out1_clk_wiz_0  {rise@0.000ns fall@20.000ns period=40.000ns})
  Path Group:             clk_out1_clk_wiz_0
  Path Type:              Setup (Max at Slow Process Corner)
  Requirement:            20.000ns  (clk_out1_clk_wiz_0 rise@40.000ns - clk_out1_clk_wiz_0 fall@20.000ns)
  Data Path Delay:        16.344ns  (logic 3.777ns (23.109%)  route 12.567ns (76.891%))
  Logic Levels:           17  (LUT2=3 LUT3=1 LUT4=3 LUT5=3 LUT6=7)
  Clock Path Skew:        -3.398ns (DCD - SCD + CPR)
    Destination Clock Delay (DCD):    1.172ns = ( 41.172 - 40.000 ) 
    Source Clock Delay      (SCD):    4.520ns = ( 24.520 - 20.000 ) 
    Clock Pessimism Removal (CPR):    -0.050ns
  Clock Uncertainty:      0.180ns  ((TSJ^2 + DJ^2)^1/2) / 2 + PE
    Total System Jitter     (TSJ):    0.071ns
    Discrete Jitter          (DJ):    0.352ns
    Phase Error              (PE):    0.000ns

    Location             Delay type                Incr(ns)  Path(ns)    Netlist Resource(s)
  -------------------------------------------------------------------    -------------------
                         (clock clk_out1_clk_wiz_0 fall edge)
                                                     20.000    20.000 f  
    E3                   IBUF                         0.000    20.000 f  clk_100mhz_IBUF_inst/O
                         net (fo=4, routed)           1.253    21.253    pll/inst/clk_in1
    PLLE2_ADV_X1Y2       PLLE2_ADV (Prop_plle2_adv_CLKIN1_CLKOUT0)
                                                     -3.459    17.794 f  pll/inst/plle2_adv_inst/CLKOUT0
                         net (fo=1, routed)           1.713    19.507    pll/inst/clk_out1_clk_wiz_0
    BUFGCTRL_X0Y16       BUFG (Prop_bufg_I_O)         0.096    19.603 f  pll/inst/clkout1_buf/O
                         net (fo=2220, routed)        2.287    21.890    clock
    SLICE_X51Y96         LUT1 (Prop_lut1_I0_O)        0.150    22.040 r  q_reg_i_10__0/O
                         net (fo=1, routed)           0.559    22.600    q_reg_i_10__0_n_0
    BUFGCTRL_X0Y0        BUFG (Prop_bufg_I_O)         0.304    22.904 r  q_reg_i_3__15/O
                         net (fo=370, routed)         1.616    24.520    CPU/FD_IR_latch/loop1[30].d_flip_flop/clock0
    SLICE_X60Y103        FDCE                                         r  CPU/FD_IR_latch/loop1[30].d_flip_flop/q_reg/C
  -------------------------------------------------------------------    -------------------
    SLICE_X60Y103        FDCE (Prop_fdce_C_Q)         0.518    25.038 r  CPU/FD_IR_latch/loop1[30].d_flip_flop/q_reg/Q
                         net (fo=25, routed)          1.003    26.040    CPU/FD_IR_latch/loop1[31].d_flip_flop/eval7_fired_reg[5]
    SLICE_X62Y103        LUT4 (Prop_lut4_I1_O)        0.152    26.192 r  CPU/FD_IR_latch/loop1[31].d_flip_flop/q_i_3__34/O
                         net (fo=11, routed)          0.632    26.824    CPU/FD_IR_latch/loop1[30].d_flip_flop/q_reg_10
    SLICE_X60Y104        LUT6 (Prop_lut6_I5_O)        0.348    27.172 f  CPU/FD_IR_latch/loop1[30].d_flip_flop/q_i_1__110/O
                         net (fo=3, routed)           0.646    27.818    CPU/FD_IR_latch/loop1[31].d_flip_flop/FD_RS2[0]
    SLICE_X53Y105        LUT4 (Prop_lut4_I3_O)        0.124    27.942 f  CPU/FD_IR_latch/loop1[31].d_flip_flop/cards[1][5]_i_68/O
                         net (fo=8, routed)           0.830    28.773    CPU/FD_IR_latch/loop1[31].d_flip_flop/rs2[2]
    SLICE_X52Y107        LUT6 (Prop_lut6_I4_O)        0.124    28.897 r  CPU/FD_IR_latch/loop1[31].d_flip_flop/cards[1][5]_i_63/O
                         net (fo=4, routed)           0.957    29.854    CPU/FD_IR_latch/loop1[31].d_flip_flop/cards[1][5]_i_63_n_0
    SLICE_X49Y107        LUT3 (Prop_lut3_I2_O)        0.152    30.006 f  CPU/FD_IR_latch/loop1[31].d_flip_flop/cards[1][5]_i_53/O
                         net (fo=64, routed)          1.379    31.385    RegisterFile/loop1[5].reg32/loop1[5].d_flip_flop/cards[1][5]_i_7[1]
    SLICE_X32Y119        LUT6 (Prop_lut6_I3_O)        0.332    31.717 f  RegisterFile/loop1[5].reg32/loop1[5].d_flip_flop/cards[1][5]_i_23/O
                         net (fo=1, routed)           0.574    32.291    RegisterFile/loop1[14].reg32/loop1[5].d_flip_flop/cards[1][5]_i_4_1
    SLICE_X32Y118        LUT5 (Prop_lut5_I3_O)        0.124    32.415 f  RegisterFile/loop1[14].reg32/loop1[5].d_flip_flop/cards[1][5]_i_7/O
                         net (fo=1, routed)           0.495    32.910    RegisterFile/loop1[31].reg32/loop1[5].d_flip_flop/cards_reg[1][5]
    SLICE_X33Y118        LUT2 (Prop_lut2_I1_O)        0.149    33.059 f  RegisterFile/loop1[31].reg32/loop1[5].d_flip_flop/cards[1][5]_i_4/O
                         net (fo=1, routed)           0.730    33.789    RegisterFile/loop1[31].reg32/loop1[5].d_flip_flop/cards[1][5]_i_4_n_0
    SLICE_X35Y105        LUT2 (Prop_lut2_I0_O)        0.332    34.121 f  RegisterFile/loop1[31].reg32/loop1[5].d_flip_flop/cards[1][5]_i_2/O
                         net (fo=16, routed)          1.177    35.298    RegisterFile/loop1[31].reg32/loop1[2].d_flip_flop/result[2]_i_70_4
    SLICE_X35Y96         LUT4 (Prop_lut4_I2_O)        0.150    35.448 r  RegisterFile/loop1[31].reg32/loop1[2].d_flip_flop/result[0]_i_39/O
                         net (fo=5, routed)           0.620    36.068    CPU/eval_inst/eval5_unit/result[2]_i_48_1
    SLICE_X36Y96         LUT5 (Prop_lut5_I3_O)        0.326    36.394 f  CPU/eval_inst/eval5_unit/result[1]_i_20/O
                         net (fo=3, routed)           1.249    37.643    CPU/eval_inst/eval5_unit/result[1]_i_20_n_0
    SLICE_X38Y96         LUT6 (Prop_lut6_I0_O)        0.326    37.969 r  CPU/eval_inst/eval5_unit/result[2]_i_75/O
                         net (fo=1, routed)           0.282    38.251    CPU/eval_inst/eval5_unit/result[2]_i_75_n_0
    SLICE_X38Y96         LUT6 (Prop_lut6_I3_O)        0.124    38.375 r  CPU/eval_inst/eval5_unit/result[2]_i_49/O
                         net (fo=1, routed)           0.565    38.940    CPU/eval_inst/eval5_unit/result[2]_i_49_n_0
    SLICE_X41Y96         LUT6 (Prop_lut6_I0_O)        0.124    39.064 f  CPU/eval_inst/eval5_unit/result[2]_i_21/O
                         net (fo=1, routed)           0.638    39.702    CPU/eval_inst/eval5_unit/result[2]_i_21_n_0
    SLICE_X41Y97         LUT5 (Prop_lut5_I1_O)        0.124    39.826 f  CPU/eval_inst/eval5_unit/result[2]_i_7/O
                         net (fo=2, routed)           0.309    40.135    CPU/eval_inst/eval5_unit/result[2]_i_7_n_0
    SLICE_X41Y95         LUT2 (Prop_lut2_I0_O)        0.124    40.259 f  CPU/eval_inst/eval5_unit/result[2]_i_3/O
                         net (fo=2, routed)           0.481    40.740    CPU/eval_inst/eval7_unit/result_reg[2]_1
    SLICE_X40Y96         LUT6 (Prop_lut6_I1_O)        0.124    40.864 r  CPU/eval_inst/eval7_unit/result[1]_i_1/O
                         net (fo=1, routed)           0.000    40.864    CPU/eval_inst/eval7_unit/result[1]_i_1_n_0
    SLICE_X40Y96         FDCE                                         r  CPU/eval_inst/eval7_unit/result_reg[1]/D
  -------------------------------------------------------------------    -------------------

                         (clock clk_out1_clk_wiz_0 rise edge)
                                                     40.000    40.000 r  
    E3                   IBUF                         0.000    40.000 r  clk_100mhz_IBUF_inst/O
                         net (fo=4, routed)           1.181    41.181    pll/inst/clk_in1
    PLLE2_ADV_X1Y2       PLLE2_ADV (Prop_plle2_adv_CLKIN1_CLKOUT0)
                                                     -3.253    37.928 r  pll/inst/plle2_adv_inst/CLKOUT0
                         net (fo=1, routed)           1.634    39.562    pll/inst/clk_out1_clk_wiz_0
    BUFGCTRL_X0Y16       BUFG (Prop_bufg_I_O)         0.091    39.653 r  pll/inst/clkout1_buf/O
                         net (fo=2220, routed)        1.518    41.172    CPU/eval_inst/eval7_unit/clk_out1
    SLICE_X40Y96         FDCE                                         r  CPU/eval_inst/eval7_unit/result_reg[1]/C
                         clock pessimism             -0.050    41.122    
                         clock uncertainty           -0.180    40.942    
    SLICE_X40Y96         FDCE (Setup_fdce_C_D)        0.031    40.973    CPU/eval_inst/eval7_unit/result_reg[1]
  -------------------------------------------------------------------
                         required time                         40.973    
                         arrival time                         -40.864    
  -------------------------------------------------------------------
                         slack                                  0.109    

Slack (MET) :             0.130ns  (required time - arrival time)
  Source:                 CPU/FD_IR_latch/loop1[30].d_flip_flop/q_reg/C
                            (rising edge-triggered cell FDCE clocked by clk_out1_clk_wiz_0'  {rise@0.000ns fall@20.000ns period=40.000ns})
  Destination:            CPU/eval_inst/eval7_unit/result_reg[0]/D
                            (rising edge-triggered cell FDCE clocked by clk_out1_clk_wiz_0  {rise@0.000ns fall@20.000ns period=40.000ns})
  Path Group:             clk_out1_clk_wiz_0
  Path Type:              Setup (Max at Slow Process Corner)
  Requirement:            20.000ns  (clk_out1_clk_wiz_0 rise@40.000ns - clk_out1_clk_wiz_0 fall@20.000ns)
  Data Path Delay:        16.323ns  (logic 3.833ns (23.483%)  route 12.490ns (76.517%))
  Logic Levels:           17  (LUT2=2 LUT3=3 LUT4=3 LUT5=2 LUT6=7)
  Clock Path Skew:        -3.397ns (DCD - SCD + CPR)
    Destination Clock Delay (DCD):    1.173ns = ( 41.173 - 40.000 ) 
    Source Clock Delay      (SCD):    4.520ns = ( 24.520 - 20.000 ) 
    Clock Pessimism Removal (CPR):    -0.050ns
  Clock Uncertainty:      0.180ns  ((TSJ^2 + DJ^2)^1/2) / 2 + PE
    Total System Jitter     (TSJ):    0.071ns
    Discrete Jitter          (DJ):    0.352ns
    Phase Error              (PE):    0.000ns

    Location             Delay type                Incr(ns)  Path(ns)    Netlist Resource(s)
  -------------------------------------------------------------------    -------------------
                         (clock clk_out1_clk_wiz_0 fall edge)
                                                     20.000    20.000 f  
    E3                   IBUF                         0.000    20.000 f  clk_100mhz_IBUF_inst/O
                         net (fo=4, routed)           1.253    21.253    pll/inst/clk_in1
    PLLE2_ADV_X1Y2       PLLE2_ADV (Prop_plle2_adv_CLKIN1_CLKOUT0)
                                                     -3.459    17.794 f  pll/inst/plle2_adv_inst/CLKOUT0
                         net (fo=1, routed)           1.713    19.507    pll/inst/clk_out1_clk_wiz_0
    BUFGCTRL_X0Y16       BUFG (Prop_bufg_I_O)         0.096    19.603 f  pll/inst/clkout1_buf/O
                         net (fo=2220, routed)        2.287    21.890    clock
    SLICE_X51Y96         LUT1 (Prop_lut1_I0_O)        0.150    22.040 r  q_reg_i_10__0/O
                         net (fo=1, routed)           0.559    22.600    q_reg_i_10__0_n_0
    BUFGCTRL_X0Y0        BUFG (Prop_bufg_I_O)         0.304    22.904 r  q_reg_i_3__15/O
                         net (fo=370, routed)         1.616    24.520    CPU/FD_IR_latch/loop1[30].d_flip_flop/clock0
    SLICE_X60Y103        FDCE                                         r  CPU/FD_IR_latch/loop1[30].d_flip_flop/q_reg/C
  -------------------------------------------------------------------    -------------------
    SLICE_X60Y103        FDCE (Prop_fdce_C_Q)         0.518    25.038 f  CPU/FD_IR_latch/loop1[30].d_flip_flop/q_reg/Q
                         net (fo=25, routed)          1.003    26.040    CPU/FD_IR_latch/loop1[31].d_flip_flop/eval7_fired_reg[5]
    SLICE_X62Y103        LUT4 (Prop_lut4_I1_O)        0.152    26.192 f  CPU/FD_IR_latch/loop1[31].d_flip_flop/q_i_3__34/O
                         net (fo=11, routed)          0.632    26.824    CPU/FD_IR_latch/loop1[30].d_flip_flop/q_reg_10
    SLICE_X60Y104        LUT6 (Prop_lut6_I5_O)        0.348    27.172 r  CPU/FD_IR_latch/loop1[30].d_flip_flop/q_i_1__110/O
                         net (fo=3, routed)           0.646    27.818    CPU/FD_IR_latch/loop1[31].d_flip_flop/FD_RS2[0]
    SLICE_X53Y105        LUT4 (Prop_lut4_I3_O)        0.124    27.942 r  CPU/FD_IR_latch/loop1[31].d_flip_flop/cards[1][5]_i_68/O
                         net (fo=8, routed)           0.830    28.773    CPU/FD_IR_latch/loop1[31].d_flip_flop/rs2[2]
    SLICE_X52Y107        LUT6 (Prop_lut6_I4_O)        0.124    28.897 f  CPU/FD_IR_latch/loop1[31].d_flip_flop/cards[1][5]_i_63/O
                         net (fo=4, routed)           0.957    29.854    CPU/FD_IR_latch/loop1[31].d_flip_flop/cards[1][5]_i_63_n_0
    SLICE_X49Y107        LUT3 (Prop_lut3_I2_O)        0.152    30.006 r  CPU/FD_IR_latch/loop1[31].d_flip_flop/cards[1][5]_i_53/O
                         net (fo=64, routed)          1.379    31.385    RegisterFile/loop1[5].reg32/loop1[5].d_flip_flop/cards[1][5]_i_7[1]
    SLICE_X32Y119        LUT6 (Prop_lut6_I3_O)        0.332    31.717 r  RegisterFile/loop1[5].reg32/loop1[5].d_flip_flop/cards[1][5]_i_23/O
                         net (fo=1, routed)           0.574    32.291    RegisterFile/loop1[14].reg32/loop1[5].d_flip_flop/cards[1][5]_i_4_1
    SLICE_X32Y118        LUT5 (Prop_lut5_I3_O)        0.124    32.415 r  RegisterFile/loop1[14].reg32/loop1[5].d_flip_flop/cards[1][5]_i_7/O
                         net (fo=1, routed)           0.495    32.910    RegisterFile/loop1[31].reg32/loop1[5].d_flip_flop/cards_reg[1][5]
    SLICE_X33Y118        LUT2 (Prop_lut2_I1_O)        0.149    33.059 r  RegisterFile/loop1[31].reg32/loop1[5].d_flip_flop/cards[1][5]_i_4/O
                         net (fo=1, routed)           0.730    33.789    RegisterFile/loop1[31].reg32/loop1[5].d_flip_flop/cards[1][5]_i_4_n_0
    SLICE_X35Y105        LUT2 (Prop_lut2_I0_O)        0.332    34.121 r  RegisterFile/loop1[31].reg32/loop1[5].d_flip_flop/cards[1][5]_i_2/O
                         net (fo=16, routed)          0.947    35.068    RegisterFile/loop1[31].reg32/loop1[2].d_flip_flop/result[2]_i_70_4
    SLICE_X35Y98         LUT4 (Prop_lut4_I2_O)        0.152    35.220 r  RegisterFile/loop1[31].reg32/loop1[2].d_flip_flop/result[0]_i_35/O
                         net (fo=4, routed)           0.811    36.031    CPU/eval_inst/eval5_unit/result[2]_i_19_2
    SLICE_X36Y97         LUT5 (Prop_lut5_I2_O)        0.332    36.363 r  CPU/eval_inst/eval5_unit/result[1]_i_22/O
                         net (fo=4, routed)           0.763    37.125    CPU/eval_inst/eval5_unit/result[1]_i_22_n_0
    SLICE_X38Y96         LUT3 (Prop_lut3_I1_O)        0.150    37.275 r  CPU/eval_inst/eval5_unit/result[2]_i_50/O
                         net (fo=4, routed)           0.785    38.060    CPU/eval_inst/eval5_unit/result[2]_i_50_n_0
    SLICE_X41Y96         LUT3 (Prop_lut3_I0_O)        0.348    38.408 f  CPU/eval_inst/eval5_unit/result[0]_i_13/O
                         net (fo=2, routed)           0.811    39.218    CPU/eval_inst/eval5_unit/result[0]_i_13_n_0
    SLICE_X39Y96         LUT6 (Prop_lut6_I0_O)        0.124    39.342 f  CPU/eval_inst/eval5_unit/result[1]_i_5/O
                         net (fo=1, routed)           0.151    39.494    CPU/eval_inst/eval5_unit/result[1]_i_5_n_0
    SLICE_X39Y96         LUT6 (Prop_lut6_I0_O)        0.124    39.618 f  CPU/eval_inst/eval5_unit/result[1]_i_3/O
                         net (fo=2, routed)           0.822    40.440    CPU/eval_inst/eval5_unit/result[1]_i_3_n_0
    SLICE_X41Y97         LUT6 (Prop_lut6_I3_O)        0.124    40.564 r  CPU/eval_inst/eval5_unit/result[0]_i_2/O
                         net (fo=1, routed)           0.154    40.718    CPU/eval_inst/eval7_unit/result_reg[0]_0
    SLICE_X41Y97         LUT6 (Prop_lut6_I0_O)        0.124    40.842 r  CPU/eval_inst/eval7_unit/result[0]_i_1/O
                         net (fo=1, routed)           0.000    40.842    CPU/eval_inst/eval7_unit/result[0]_i_1_n_0
    SLICE_X41Y97         FDCE                                         r  CPU/eval_inst/eval7_unit/result_reg[0]/D
  -------------------------------------------------------------------    -------------------

                         (clock clk_out1_clk_wiz_0 rise edge)
                                                     40.000    40.000 r  
    E3                   IBUF                         0.000    40.000 r  clk_100mhz_IBUF_inst/O
                         net (fo=4, routed)           1.181    41.181    pll/inst/clk_in1
    PLLE2_ADV_X1Y2       PLLE2_ADV (Prop_plle2_adv_CLKIN1_CLKOUT0)
                                                     -3.253    37.928 r  pll/inst/plle2_adv_inst/CLKOUT0
                         net (fo=1, routed)           1.634    39.562    pll/inst/clk_out1_clk_wiz_0
    BUFGCTRL_X0Y16       BUFG (Prop_bufg_I_O)         0.091    39.653 r  pll/inst/clkout1_buf/O
                         net (fo=2220, routed)        1.519    41.173    CPU/eval_inst/eval7_unit/clk_out1
    SLICE_X41Y97         FDCE                                         r  CPU/eval_inst/eval7_unit/result_reg[0]/C
                         clock pessimism             -0.050    41.123    
                         clock uncertainty           -0.180    40.943    
    SLICE_X41Y97         FDCE (Setup_fdce_C_D)        0.029    40.972    CPU/eval_inst/eval7_unit/result_reg[0]
  -------------------------------------------------------------------
                         required time                         40.972    
                         arrival time                         -40.842    
  -------------------------------------------------------------------
                         slack                                  0.130    

Slack (MET) :             0.275ns  (required time - arrival time)
  Source:                 CPU/FD_IR_latch/loop1[30].d_flip_flop/q_reg/C
                            (rising edge-triggered cell FDCE clocked by clk_out1_clk_wiz_0'  {rise@0.000ns fall@20.000ns period=40.000ns})
  Destination:            CPU/eval_inst/eval7_unit/result_reg[2]/D
                            (rising edge-triggered cell FDCE clocked by clk_out1_clk_wiz_0  {rise@0.000ns fall@20.000ns period=40.000ns})
  Path Group:             clk_out1_clk_wiz_0
  Path Type:              Setup (Max at Slow Process Corner)
  Requirement:            20.000ns  (clk_out1_clk_wiz_0 rise@40.000ns - clk_out1_clk_wiz_0 fall@20.000ns)
  Data Path Delay:        16.176ns  (logic 3.777ns (23.349%)  route 12.399ns (76.651%))
  Logic Levels:           17  (LUT2=3 LUT3=1 LUT4=3 LUT5=3 LUT6=7)
  Clock Path Skew:        -3.398ns (DCD - SCD + CPR)
    Destination Clock Delay (DCD):    1.172ns = ( 41.172 - 40.000 ) 
    Source Clock Delay      (SCD):    4.520ns = ( 24.520 - 20.000 ) 
    Clock Pessimism Removal (CPR):    -0.050ns
  Clock Uncertainty:      0.180ns  ((TSJ^2 + DJ^2)^1/2) / 2 + PE
    Total System Jitter     (TSJ):    0.071ns
    Discrete Jitter          (DJ):    0.352ns
    Phase Error              (PE):    0.000ns

    Location             Delay type                Incr(ns)  Path(ns)    Netlist Resource(s)
  -------------------------------------------------------------------    -------------------
                         (clock clk_out1_clk_wiz_0 fall edge)
                                                     20.000    20.000 f  
    E3                   IBUF                         0.000    20.000 f  clk_100mhz_IBUF_inst/O
                         net (fo=4, routed)           1.253    21.253    pll/inst/clk_in1
    PLLE2_ADV_X1Y2       PLLE2_ADV (Prop_plle2_adv_CLKIN1_CLKOUT0)
                                                     -3.459    17.794 f  pll/inst/plle2_adv_inst/CLKOUT0
                         net (fo=1, routed)           1.713    19.507    pll/inst/clk_out1_clk_wiz_0
    BUFGCTRL_X0Y16       BUFG (Prop_bufg_I_O)         0.096    19.603 f  pll/inst/clkout1_buf/O
                         net (fo=2220, routed)        2.287    21.890    clock
    SLICE_X51Y96         LUT1 (Prop_lut1_I0_O)        0.150    22.040 r  q_reg_i_10__0/O
                         net (fo=1, routed)           0.559    22.600    q_reg_i_10__0_n_0
    BUFGCTRL_X0Y0        BUFG (Prop_bufg_I_O)         0.304    22.904 r  q_reg_i_3__15/O
                         net (fo=370, routed)         1.616    24.520    CPU/FD_IR_latch/loop1[30].d_flip_flop/clock0
    SLICE_X60Y103        FDCE                                         r  CPU/FD_IR_latch/loop1[30].d_flip_flop/q_reg/C
  -------------------------------------------------------------------    -------------------
    SLICE_X60Y103        FDCE (Prop_fdce_C_Q)         0.518    25.038 r  CPU/FD_IR_latch/loop1[30].d_flip_flop/q_reg/Q
                         net (fo=25, routed)          1.003    26.040    CPU/FD_IR_latch/loop1[31].d_flip_flop/eval7_fired_reg[5]
    SLICE_X62Y103        LUT4 (Prop_lut4_I1_O)        0.152    26.192 r  CPU/FD_IR_latch/loop1[31].d_flip_flop/q_i_3__34/O
                         net (fo=11, routed)          0.632    26.824    CPU/FD_IR_latch/loop1[30].d_flip_flop/q_reg_10
    SLICE_X60Y104        LUT6 (Prop_lut6_I5_O)        0.348    27.172 f  CPU/FD_IR_latch/loop1[30].d_flip_flop/q_i_1__110/O
                         net (fo=3, routed)           0.646    27.818    CPU/FD_IR_latch/loop1[31].d_flip_flop/FD_RS2[0]
    SLICE_X53Y105        LUT4 (Prop_lut4_I3_O)        0.124    27.942 f  CPU/FD_IR_latch/loop1[31].d_flip_flop/cards[1][5]_i_68/O
                         net (fo=8, routed)           0.830    28.773    CPU/FD_IR_latch/loop1[31].d_flip_flop/rs2[2]
    SLICE_X52Y107        LUT6 (Prop_lut6_I4_O)        0.124    28.897 r  CPU/FD_IR_latch/loop1[31].d_flip_flop/cards[1][5]_i_63/O
                         net (fo=4, routed)           0.957    29.854    CPU/FD_IR_latch/loop1[31].d_flip_flop/cards[1][5]_i_63_n_0
    SLICE_X49Y107        LUT3 (Prop_lut3_I2_O)        0.152    30.006 f  CPU/FD_IR_latch/loop1[31].d_flip_flop/cards[1][5]_i_53/O
                         net (fo=64, routed)          1.379    31.385    RegisterFile/loop1[5].reg32/loop1[5].d_flip_flop/cards[1][5]_i_7[1]
    SLICE_X32Y119        LUT6 (Prop_lut6_I3_O)        0.332    31.717 f  RegisterFile/loop1[5].reg32/loop1[5].d_flip_flop/cards[1][5]_i_23/O
                         net (fo=1, routed)           0.574    32.291    RegisterFile/loop1[14].reg32/loop1[5].d_flip_flop/cards[1][5]_i_4_1
    SLICE_X32Y118        LUT5 (Prop_lut5_I3_O)        0.124    32.415 f  RegisterFile/loop1[14].reg32/loop1[5].d_flip_flop/cards[1][5]_i_7/O
                         net (fo=1, routed)           0.495    32.910    RegisterFile/loop1[31].reg32/loop1[5].d_flip_flop/cards_reg[1][5]
    SLICE_X33Y118        LUT2 (Prop_lut2_I1_O)        0.149    33.059 f  RegisterFile/loop1[31].reg32/loop1[5].d_flip_flop/cards[1][5]_i_4/O
                         net (fo=1, routed)           0.730    33.789    RegisterFile/loop1[31].reg32/loop1[5].d_flip_flop/cards[1][5]_i_4_n_0
    SLICE_X35Y105        LUT2 (Prop_lut2_I0_O)        0.332    34.121 f  RegisterFile/loop1[31].reg32/loop1[5].d_flip_flop/cards[1][5]_i_2/O
                         net (fo=16, routed)          1.177    35.298    RegisterFile/loop1[31].reg32/loop1[2].d_flip_flop/result[2]_i_70_4
    SLICE_X35Y96         LUT4 (Prop_lut4_I2_O)        0.150    35.448 r  RegisterFile/loop1[31].reg32/loop1[2].d_flip_flop/result[0]_i_39/O
                         net (fo=5, routed)           0.620    36.068    CPU/eval_inst/eval5_unit/result[2]_i_48_1
    SLICE_X36Y96         LUT5 (Prop_lut5_I3_O)        0.326    36.394 f  CPU/eval_inst/eval5_unit/result[1]_i_20/O
                         net (fo=3, routed)           1.249    37.643    CPU/eval_inst/eval5_unit/result[1]_i_20_n_0
    SLICE_X38Y96         LUT6 (Prop_lut6_I0_O)        0.326    37.969 r  CPU/eval_inst/eval5_unit/result[2]_i_75/O
                         net (fo=1, routed)           0.282    38.251    CPU/eval_inst/eval5_unit/result[2]_i_75_n_0
    SLICE_X38Y96         LUT6 (Prop_lut6_I3_O)        0.124    38.375 r  CPU/eval_inst/eval5_unit/result[2]_i_49/O
                         net (fo=1, routed)           0.565    38.940    CPU/eval_inst/eval5_unit/result[2]_i_49_n_0
    SLICE_X41Y96         LUT6 (Prop_lut6_I0_O)        0.124    39.064 f  CPU/eval_inst/eval5_unit/result[2]_i_21/O
                         net (fo=1, routed)           0.638    39.702    CPU/eval_inst/eval5_unit/result[2]_i_21_n_0
    SLICE_X41Y97         LUT5 (Prop_lut5_I1_O)        0.124    39.826 f  CPU/eval_inst/eval5_unit/result[2]_i_7/O
                         net (fo=2, routed)           0.309    40.135    CPU/eval_inst/eval5_unit/result[2]_i_7_n_0
    SLICE_X41Y95         LUT2 (Prop_lut2_I0_O)        0.124    40.259 f  CPU/eval_inst/eval5_unit/result[2]_i_3/O
                         net (fo=2, routed)           0.313    40.572    CPU/eval_inst/eval7_unit/result_reg[2]_1
    SLICE_X40Y96         LUT6 (Prop_lut6_I1_O)        0.124    40.696 r  CPU/eval_inst/eval7_unit/result[2]_i_1/O
                         net (fo=1, routed)           0.000    40.696    CPU/eval_inst/eval7_unit/result[2]_i_1_n_0
    SLICE_X40Y96         FDCE                                         r  CPU/eval_inst/eval7_unit/result_reg[2]/D
  -------------------------------------------------------------------    -------------------

                         (clock clk_out1_clk_wiz_0 rise edge)
                                                     40.000    40.000 r  
    E3                   IBUF                         0.000    40.000 r  clk_100mhz_IBUF_inst/O
                         net (fo=4, routed)           1.181    41.181    pll/inst/clk_in1
    PLLE2_ADV_X1Y2       PLLE2_ADV (Prop_plle2_adv_CLKIN1_CLKOUT0)
                                                     -3.253    37.928 r  pll/inst/plle2_adv_inst/CLKOUT0
                         net (fo=1, routed)           1.634    39.562    pll/inst/clk_out1_clk_wiz_0
    BUFGCTRL_X0Y16       BUFG (Prop_bufg_I_O)         0.091    39.653 r  pll/inst/clkout1_buf/O
                         net (fo=2220, routed)        1.518    41.172    CPU/eval_inst/eval7_unit/clk_out1
    SLICE_X40Y96         FDCE                                         r  CPU/eval_inst/eval7_unit/result_reg[2]/C
                         clock pessimism             -0.050    41.122    
                         clock uncertainty           -0.180    40.942    
    SLICE_X40Y96         FDCE (Setup_fdce_C_D)        0.029    40.971    CPU/eval_inst/eval7_unit/result_reg[2]
  -------------------------------------------------------------------
                         required time                         40.971    
                         arrival time                         -40.696    
  -------------------------------------------------------------------
                         slack                                  0.275    

Slack (MET) :             3.736ns  (required time - arrival time)
  Source:                 CPU/FD_IR_latch/loop1[29].d_flip_flop/q_reg/C
                            (rising edge-triggered cell FDCE clocked by clk_out1_clk_wiz_0'  {rise@0.000ns fall@20.000ns period=40.000ns})
  Destination:            InstMem/dataOut_reg_3/ADDRARDADDR[5]
                            (rising edge-triggered cell RAMB36E1 clocked by clk_out1_clk_wiz_0  {rise@0.000ns fall@20.000ns period=40.000ns})
  Path Group:             clk_out1_clk_wiz_0
  Path Type:              Setup (Max at Slow Process Corner)
  Requirement:            20.000ns  (clk_out1_clk_wiz_0 rise@40.000ns - clk_out1_clk_wiz_0 fall@20.000ns)
  Data Path Delay:        12.138ns  (logic 3.231ns (26.618%)  route 8.907ns (73.382%))
  Logic Levels:           16  (CARRY4=7 LUT4=2 LUT5=4 LUT6=3)
  Clock Path Skew:        -3.379ns (DCD - SCD + CPR)
    Destination Clock Delay (DCD):    1.190ns = ( 41.190 - 40.000 ) 
    Source Clock Delay      (SCD):    4.520ns = ( 24.520 - 20.000 ) 
    Clock Pessimism Removal (CPR):    -0.050ns
  Clock Uncertainty:      0.180ns  ((TSJ^2 + DJ^2)^1/2) / 2 + PE
    Total System Jitter     (TSJ):    0.071ns
    Discrete Jitter          (DJ):    0.352ns
    Phase Error              (PE):    0.000ns

    Location             Delay type                Incr(ns)  Path(ns)    Netlist Resource(s)
  -------------------------------------------------------------------    -------------------
                         (clock clk_out1_clk_wiz_0 fall edge)
                                                     20.000    20.000 f  
    E3                   IBUF                         0.000    20.000 f  clk_100mhz_IBUF_inst/O
                         net (fo=4, routed)           1.253    21.253    pll/inst/clk_in1
    PLLE2_ADV_X1Y2       PLLE2_ADV (Prop_plle2_adv_CLKIN1_CLKOUT0)
                                                     -3.459    17.794 f  pll/inst/plle2_adv_inst/CLKOUT0
                         net (fo=1, routed)           1.713    19.507    pll/inst/clk_out1_clk_wiz_0
    BUFGCTRL_X0Y16       BUFG (Prop_bufg_I_O)         0.096    19.603 f  pll/inst/clkout1_buf/O
                         net (fo=2220, routed)        2.287    21.890    clock
    SLICE_X51Y96         LUT1 (Prop_lut1_I0_O)        0.150    22.040 r  q_reg_i_10__0/O
                         net (fo=1, routed)           0.559    22.600    q_reg_i_10__0_n_0
    BUFGCTRL_X0Y0        BUFG (Prop_bufg_I_O)         0.304    22.904 r  q_reg_i_3__15/O
                         net (fo=370, routed)         1.616    24.520    CPU/FD_IR_latch/loop1[29].d_flip_flop/clock0
    SLICE_X58Y104        FDCE                                         r  CPU/FD_IR_latch/loop1[29].d_flip_flop/q_reg/C
  -------------------------------------------------------------------    -------------------
    SLICE_X58Y104        FDCE (Prop_fdce_C_Q)         0.518    25.038 f  CPU/FD_IR_latch/loop1[29].d_flip_flop/q_reg/Q
                         net (fo=24, routed)          1.235    26.273    CPU/FD_IR_latch/loop1[27].d_flip_flop/q_reg_4[3]
    SLICE_X56Y106        LUT6 (Prop_lut6_I3_O)        0.124    26.397 f  CPU/FD_IR_latch/loop1[27].d_flip_flop/q_i_4/O
                         net (fo=81, routed)          1.364    27.760    CPU/MW_D_latch/loop1[4].d_flip_flop/q_reg_2
    SLICE_X30Y93         LUT4 (Prop_lut4_I3_O)        0.124    27.884 r  CPU/MW_D_latch/loop1[4].d_flip_flop/q_i_1__96/O
                         net (fo=35, routed)          1.145    29.029    CPU/DX_RS1_latch/loop1[1].d_flip_flop/result_reg[4]
    SLICE_X46Y99         LUT5 (Prop_lut5_I1_O)        0.124    29.153 r  CPU/DX_RS1_latch/loop1[1].d_flip_flop/result[4]_i_2/O
                         net (fo=20, routed)          0.957    30.110    CPU/DX_RS1_latch/loop1[1].d_flip_flop/q_reg_13[1]
    SLICE_X57Y97         LUT4 (Prop_lut4_I0_O)        0.124    30.234 r  CPU/DX_RS1_latch/loop1[1].d_flip_flop/q_i_14__9/O
                         net (fo=1, routed)           0.000    30.234    CPU/DX_RS1_latch/loop1[1].d_flip_flop/q_i_14__9_n_0
    SLICE_X57Y97         CARRY4 (Prop_carry4_S[0]_CO[3])
                                                      0.532    30.766 r  CPU/DX_RS1_latch/loop1[1].d_flip_flop/q_reg_i_7/CO[3]
                         net (fo=1, routed)           0.000    30.766    CPU/DX_RS1_latch/loop1[1].d_flip_flop/q_reg_i_7_n_0
    SLICE_X57Y98         CARRY4 (Prop_carry4_CI_CO[3])
                                                      0.114    30.880 r  CPU/DX_RS1_latch/loop1[1].d_flip_flop/q_reg_i_7__0/CO[3]
                         net (fo=1, routed)           0.000    30.880    CPU/DX_RS1_latch/loop1[1].d_flip_flop/q_reg_i_7__0_n_0
    SLICE_X57Y99         CARRY4 (Prop_carry4_CI_CO[3])
                                                      0.114    30.994 r  CPU/DX_RS1_latch/loop1[1].d_flip_flop/q_reg_i_7__1/CO[3]
                         net (fo=1, routed)           0.001    30.995    CPU/DX_RS1_latch/loop1[1].d_flip_flop/q_reg_i_7__1_n_0
    SLICE_X57Y100        CARRY4 (Prop_carry4_CI_CO[3])
                                                      0.114    31.109 r  CPU/DX_RS1_latch/loop1[1].d_flip_flop/q_reg_i_7__2/CO[3]
                         net (fo=1, routed)           0.000    31.109    CPU/DX_RS1_latch/loop1[1].d_flip_flop/q_reg_i_7__2_n_0
    SLICE_X57Y101        CARRY4 (Prop_carry4_CI_CO[3])
                                                      0.114    31.223 r  CPU/DX_RS1_latch/loop1[1].d_flip_flop/q_reg_i_7__3/CO[3]
                         net (fo=1, routed)           0.000    31.223    CPU/DX_RS1_latch/loop1[1].d_flip_flop/q_reg_i_7__3_n_0
    SLICE_X57Y102        CARRY4 (Prop_carry4_CI_CO[3])
                                                      0.114    31.337 r  CPU/DX_RS1_latch/loop1[1].d_flip_flop/q_reg_i_7__4/CO[3]
                         net (fo=1, routed)           0.000    31.337    CPU/DX_RS1_latch/loop1[1].d_flip_flop/q_reg_i_7__4_n_0
    SLICE_X57Y103        CARRY4 (Prop_carry4_CI_O[3])
                                                      0.313    31.650 r  CPU/DX_RS1_latch/loop1[1].d_flip_flop/q_reg_i_7__5/O[3]
                         net (fo=3, routed)           0.844    32.494    CPU/DX_ALU_OP_latch/loop1[0].d_flip_flop/data0[0]
    SLICE_X58Y103        LUT5 (Prop_lut5_I0_O)        0.306    32.800 r  CPU/DX_ALU_OP_latch/loop1[0].d_flip_flop/q_i_24__5/O
                         net (fo=1, routed)           0.286    33.086    CPU/DX_ALU_OP_latch/loop1[3].d_flip_flop/q_i_7__4
    SLICE_X58Y103        LUT6 (Prop_lut6_I5_O)        0.124    33.210 r  CPU/DX_ALU_OP_latch/loop1[3].d_flip_flop/q_i_15__3/O
                         net (fo=1, routed)           0.595    33.805    CPU/DX_OP_latch/loop1[1].d_flip_flop/isLessThan
    SLICE_X58Y97         LUT6 (Prop_lut6_I5_O)        0.124    33.929 r  CPU/DX_OP_latch/loop1[1].d_flip_flop/q_i_7__4/O
                         net (fo=11, routed)          0.510    34.439    CPU/DX_OP_latch/loop1[3].d_flip_flop/dataOut_reg_3_18
    SLICE_X59Y97         LUT5 (Prop_lut5_I4_O)        0.124    34.563 r  CPU/DX_OP_latch/loop1[3].d_flip_flop/q_i_2__32/O
                         net (fo=65, routed)          0.985    35.548    CPU/DX_OP_latch/loop1[3].d_flip_flop/q_i_2__32_n_0
    SLICE_X64Y94         LUT5 (Prop_lut5_I3_O)        0.124    35.672 r  CPU/DX_OP_latch/loop1[3].d_flip_flop/dataOut_reg_0_i_10/O
                         net (fo=5, routed)           0.987    36.658    InstMem/ADDRARDADDR[2]
    RAMB36_X1Y20         RAMB36E1                                     r  InstMem/dataOut_reg_3/ADDRARDADDR[5]
  -------------------------------------------------------------------    -------------------

                         (clock clk_out1_clk_wiz_0 rise edge)
                                                     40.000    40.000 r  
    E3                   IBUF                         0.000    40.000 r  clk_100mhz_IBUF_inst/O
                         net (fo=4, routed)           1.181    41.181    pll/inst/clk_in1
    PLLE2_ADV_X1Y2       PLLE2_ADV (Prop_plle2_adv_CLKIN1_CLKOUT0)
                                                     -3.253    37.928 r  pll/inst/plle2_adv_inst/CLKOUT0
                         net (fo=1, routed)           1.634    39.562    pll/inst/clk_out1_clk_wiz_0
    BUFGCTRL_X0Y16       BUFG (Prop_bufg_I_O)         0.091    39.653 r  pll/inst/clkout1_buf/O
                         net (fo=2220, routed)        1.537    41.190    InstMem/clk_out1
    RAMB36_X1Y20         RAMB36E1                                     r  InstMem/dataOut_reg_3/CLKARDCLK
                         clock pessimism             -0.050    41.140    
                         clock uncertainty           -0.180    40.961    
    RAMB36_X1Y20         RAMB36E1 (Setup_ramb36e1_CLKARDCLK_ADDRARDADDR[5])
                                                     -0.566    40.395    InstMem/dataOut_reg_3
  -------------------------------------------------------------------
                         required time                         40.395    
                         arrival time                         -36.658    
  -------------------------------------------------------------------
                         slack                                  3.736    

Slack (MET) :             3.773ns  (required time - arrival time)
  Source:                 CPU/FD_IR_latch/loop1[29].d_flip_flop/q_reg/C
                            (rising edge-triggered cell FDCE clocked by clk_out1_clk_wiz_0'  {rise@0.000ns fall@20.000ns period=40.000ns})
  Destination:            InstMem/dataOut_reg_3/ADDRARDADDR[9]
                            (rising edge-triggered cell RAMB36E1 clocked by clk_out1_clk_wiz_0  {rise@0.000ns fall@20.000ns period=40.000ns})
  Path Group:             clk_out1_clk_wiz_0
  Path Type:              Setup (Max at Slow Process Corner)
  Requirement:            20.000ns  (clk_out1_clk_wiz_0 rise@40.000ns - clk_out1_clk_wiz_0 fall@20.000ns)
  Data Path Delay:        12.102ns  (logic 3.231ns (26.699%)  route 8.871ns (73.301%))
  Logic Levels:           16  (CARRY4=7 LUT4=2 LUT5=4 LUT6=3)
  Clock Path Skew:        -3.379ns (DCD - SCD + CPR)
    Destination Clock Delay (DCD):    1.190ns = ( 41.190 - 40.000 ) 
    Source Clock Delay      (SCD):    4.520ns = ( 24.520 - 20.000 ) 
    Clock Pessimism Removal (CPR):    -0.050ns
  Clock Uncertainty:      0.180ns  ((TSJ^2 + DJ^2)^1/2) / 2 + PE
    Total System Jitter     (TSJ):    0.071ns
    Discrete Jitter          (DJ):    0.352ns
    Phase Error              (PE):    0.000ns

    Location             Delay type                Incr(ns)  Path(ns)    Netlist Resource(s)
  -------------------------------------------------------------------    -------------------
                         (clock clk_out1_clk_wiz_0 fall edge)
                                                     20.000    20.000 f  
    E3                   IBUF                         0.000    20.000 f  clk_100mhz_IBUF_inst/O
                         net (fo=4, routed)           1.253    21.253    pll/inst/clk_in1
    PLLE2_ADV_X1Y2       PLLE2_ADV (Prop_plle2_adv_CLKIN1_CLKOUT0)
                                                     -3.459    17.794 f  pll/inst/plle2_adv_inst/CLKOUT0
                         net (fo=1, routed)           1.713    19.507    pll/inst/clk_out1_clk_wiz_0
    BUFGCTRL_X0Y16       BUFG (Prop_bufg_I_O)         0.096    19.603 f  pll/inst/clkout1_buf/O
                         net (fo=2220, routed)        2.287    21.890    clock
    SLICE_X51Y96         LUT1 (Prop_lut1_I0_O)        0.150    22.040 r  q_reg_i_10__0/O
                         net (fo=1, routed)           0.559    22.600    q_reg_i_10__0_n_0
    BUFGCTRL_X0Y0        BUFG (Prop_bufg_I_O)         0.304    22.904 r  q_reg_i_3__15/O
                         net (fo=370, routed)         1.616    24.520    CPU/FD_IR_latch/loop1[29].d_flip_flop/clock0
    SLICE_X58Y104        FDCE                                         r  CPU/FD_IR_latch/loop1[29].d_flip_flop/q_reg/C
  -------------------------------------------------------------------    -------------------
    SLICE_X58Y104        FDCE (Prop_fdce_C_Q)         0.518    25.038 f  CPU/FD_IR_latch/loop1[29].d_flip_flop/q_reg/Q
                         net (fo=24, routed)          1.235    26.273    CPU/FD_IR_latch/loop1[27].d_flip_flop/q_reg_4[3]
    SLICE_X56Y106        LUT6 (Prop_lut6_I3_O)        0.124    26.397 f  CPU/FD_IR_latch/loop1[27].d_flip_flop/q_i_4/O
                         net (fo=81, routed)          1.364    27.760    CPU/MW_D_latch/loop1[4].d_flip_flop/q_reg_2
    SLICE_X30Y93         LUT4 (Prop_lut4_I3_O)        0.124    27.884 r  CPU/MW_D_latch/loop1[4].d_flip_flop/q_i_1__96/O
                         net (fo=35, routed)          1.145    29.029    CPU/DX_RS1_latch/loop1[1].d_flip_flop/result_reg[4]
    SLICE_X46Y99         LUT5 (Prop_lut5_I1_O)        0.124    29.153 r  CPU/DX_RS1_latch/loop1[1].d_flip_flop/result[4]_i_2/O
                         net (fo=20, routed)          0.957    30.110    CPU/DX_RS1_latch/loop1[1].d_flip_flop/q_reg_13[1]
    SLICE_X57Y97         LUT4 (Prop_lut4_I0_O)        0.124    30.234 r  CPU/DX_RS1_latch/loop1[1].d_flip_flop/q_i_14__9/O
                         net (fo=1, routed)           0.000    30.234    CPU/DX_RS1_latch/loop1[1].d_flip_flop/q_i_14__9_n_0
    SLICE_X57Y97         CARRY4 (Prop_carry4_S[0]_CO[3])
                                                      0.532    30.766 r  CPU/DX_RS1_latch/loop1[1].d_flip_flop/q_reg_i_7/CO[3]
                         net (fo=1, routed)           0.000    30.766    CPU/DX_RS1_latch/loop1[1].d_flip_flop/q_reg_i_7_n_0
    SLICE_X57Y98         CARRY4 (Prop_carry4_CI_CO[3])
                                                      0.114    30.880 r  CPU/DX_RS1_latch/loop1[1].d_flip_flop/q_reg_i_7__0/CO[3]
                         net (fo=1, routed)           0.000    30.880    CPU/DX_RS1_latch/loop1[1].d_flip_flop/q_reg_i_7__0_n_0
    SLICE_X57Y99         CARRY4 (Prop_carry4_CI_CO[3])
                                                      0.114    30.994 r  CPU/DX_RS1_latch/loop1[1].d_flip_flop/q_reg_i_7__1/CO[3]
                         net (fo=1, routed)           0.001    30.995    CPU/DX_RS1_latch/loop1[1].d_flip_flop/q_reg_i_7__1_n_0
    SLICE_X57Y100        CARRY4 (Prop_carry4_CI_CO[3])
                                                      0.114    31.109 r  CPU/DX_RS1_latch/loop1[1].d_flip_flop/q_reg_i_7__2/CO[3]
                         net (fo=1, routed)           0.000    31.109    CPU/DX_RS1_latch/loop1[1].d_flip_flop/q_reg_i_7__2_n_0
    SLICE_X57Y101        CARRY4 (Prop_carry4_CI_CO[3])
                                                      0.114    31.223 r  CPU/DX_RS1_latch/loop1[1].d_flip_flop/q_reg_i_7__3/CO[3]
                         net (fo=1, routed)           0.000    31.223    CPU/DX_RS1_latch/loop1[1].d_flip_flop/q_reg_i_7__3_n_0
    SLICE_X57Y102        CARRY4 (Prop_carry4_CI_CO[3])
                                                      0.114    31.337 r  CPU/DX_RS1_latch/loop1[1].d_flip_flop/q_reg_i_7__4/CO[3]
                         net (fo=1, routed)           0.000    31.337    CPU/DX_RS1_latch/loop1[1].d_flip_flop/q_reg_i_7__4_n_0
    SLICE_X57Y103        CARRY4 (Prop_carry4_CI_O[3])
                                                      0.313    31.650 r  CPU/DX_RS1_latch/loop1[1].d_flip_flop/q_reg_i_7__5/O[3]
                         net (fo=3, routed)           0.844    32.494    CPU/DX_ALU_OP_latch/loop1[0].d_flip_flop/data0[0]
    SLICE_X58Y103        LUT5 (Prop_lut5_I0_O)        0.306    32.800 r  CPU/DX_ALU_OP_latch/loop1[0].d_flip_flop/q_i_24__5/O
                         net (fo=1, routed)           0.286    33.086    CPU/DX_ALU_OP_latch/loop1[3].d_flip_flop/q_i_7__4
    SLICE_X58Y103        LUT6 (Prop_lut6_I5_O)        0.124    33.210 r  CPU/DX_ALU_OP_latch/loop1[3].d_flip_flop/q_i_15__3/O
                         net (fo=1, routed)           0.595    33.805    CPU/DX_OP_latch/loop1[1].d_flip_flop/isLessThan
    SLICE_X58Y97         LUT6 (Prop_lut6_I5_O)        0.124    33.929 r  CPU/DX_OP_latch/loop1[1].d_flip_flop/q_i_7__4/O
                         net (fo=11, routed)          0.510    34.439    CPU/DX_OP_latch/loop1[3].d_flip_flop/dataOut_reg_3_18
    SLICE_X59Y97         LUT5 (Prop_lut5_I4_O)        0.124    34.563 r  CPU/DX_OP_latch/loop1[3].d_flip_flop/q_i_2__32/O
                         net (fo=65, routed)          0.807    35.369    CPU/DX_OP_latch/loop1[3].d_flip_flop/q_i_2__32_n_0
    SLICE_X67Y95         LUT5 (Prop_lut5_I4_O)        0.124    35.493 r  CPU/DX_OP_latch/loop1[3].d_flip_flop/dataOut_reg_0_i_6/O
                         net (fo=5, routed)           1.128    36.621    InstMem/ADDRARDADDR[6]
    RAMB36_X1Y20         RAMB36E1                                     r  InstMem/dataOut_reg_3/ADDRARDADDR[9]
  -------------------------------------------------------------------    -------------------

                         (clock clk_out1_clk_wiz_0 rise edge)
                                                     40.000    40.000 r  
    E3                   IBUF                         0.000    40.000 r  clk_100mhz_IBUF_inst/O
                         net (fo=4, routed)           1.181    41.181    pll/inst/clk_in1
    PLLE2_ADV_X1Y2       PLLE2_ADV (Prop_plle2_adv_CLKIN1_CLKOUT0)
                                                     -3.253    37.928 r  pll/inst/plle2_adv_inst/CLKOUT0
                         net (fo=1, routed)           1.634    39.562    pll/inst/clk_out1_clk_wiz_0
    BUFGCTRL_X0Y16       BUFG (Prop_bufg_I_O)         0.091    39.653 r  pll/inst/clkout1_buf/O
                         net (fo=2220, routed)        1.537    41.190    InstMem/clk_out1
    RAMB36_X1Y20         RAMB36E1                                     r  InstMem/dataOut_reg_3/CLKARDCLK
                         clock pessimism             -0.050    41.140    
                         clock uncertainty           -0.180    40.961    
    RAMB36_X1Y20         RAMB36E1 (Setup_ramb36e1_CLKARDCLK_ADDRARDADDR[9])
                                                     -0.566    40.395    InstMem/dataOut_reg_3
  -------------------------------------------------------------------
                         required time                         40.395    
                         arrival time                         -36.621    
  -------------------------------------------------------------------
                         slack                                  3.773    

Slack (MET) :             3.825ns  (required time - arrival time)
  Source:                 CPU/FD_IR_latch/loop1[29].d_flip_flop/q_reg/C
                            (rising edge-triggered cell FDCE clocked by clk_out1_clk_wiz_0'  {rise@0.000ns fall@20.000ns period=40.000ns})
  Destination:            InstMem/dataOut_reg_0/ADDRARDADDR[8]
                            (rising edge-triggered cell RAMB36E1 clocked by clk_out1_clk_wiz_0  {rise@0.000ns fall@20.000ns period=40.000ns})
  Path Group:             clk_out1_clk_wiz_0
  Path Type:              Setup (Max at Slow Process Corner)
  Requirement:            20.000ns  (clk_out1_clk_wiz_0 rise@40.000ns - clk_out1_clk_wiz_0 fall@20.000ns)
  Data Path Delay:        12.067ns  (logic 3.231ns (26.775%)  route 8.836ns (73.225%))
  Logic Levels:           16  (CARRY4=7 LUT4=2 LUT5=4 LUT6=3)
  Clock Path Skew:        -3.363ns (DCD - SCD + CPR)
    Destination Clock Delay (DCD):    1.207ns = ( 41.207 - 40.000 ) 
    Source Clock Delay      (SCD):    4.520ns = ( 24.520 - 20.000 ) 
    Clock Pessimism Removal (CPR):    -0.050ns
  Clock Uncertainty:      0.180ns  ((TSJ^2 + DJ^2)^1/2) / 2 + PE
    Total System Jitter     (TSJ):    0.071ns
    Discrete Jitter          (DJ):    0.352ns
    Phase Error              (PE):    0.000ns

    Location             Delay type                Incr(ns)  Path(ns)    Netlist Resource(s)
  -------------------------------------------------------------------    -------------------
                         (clock clk_out1_clk_wiz_0 fall edge)
                                                     20.000    20.000 f  
    E3                   IBUF                         0.000    20.000 f  clk_100mhz_IBUF_inst/O
                         net (fo=4, routed)           1.253    21.253    pll/inst/clk_in1
    PLLE2_ADV_X1Y2       PLLE2_ADV (Prop_plle2_adv_CLKIN1_CLKOUT0)
                                                     -3.459    17.794 f  pll/inst/plle2_adv_inst/CLKOUT0
                         net (fo=1, routed)           1.713    19.507    pll/inst/clk_out1_clk_wiz_0
    BUFGCTRL_X0Y16       BUFG (Prop_bufg_I_O)         0.096    19.603 f  pll/inst/clkout1_buf/O
                         net (fo=2220, routed)        2.287    21.890    clock
    SLICE_X51Y96         LUT1 (Prop_lut1_I0_O)        0.150    22.040 r  q_reg_i_10__0/O
                         net (fo=1, routed)           0.559    22.600    q_reg_i_10__0_n_0
    BUFGCTRL_X0Y0        BUFG (Prop_bufg_I_O)         0.304    22.904 r  q_reg_i_3__15/O
                         net (fo=370, routed)         1.616    24.520    CPU/FD_IR_latch/loop1[29].d_flip_flop/clock0
    SLICE_X58Y104        FDCE                                         r  CPU/FD_IR_latch/loop1[29].d_flip_flop/q_reg/C
  -------------------------------------------------------------------    -------------------
    SLICE_X58Y104        FDCE (Prop_fdce_C_Q)         0.518    25.038 f  CPU/FD_IR_latch/loop1[29].d_flip_flop/q_reg/Q
                         net (fo=24, routed)          1.235    26.273    CPU/FD_IR_latch/loop1[27].d_flip_flop/q_reg_4[3]
    SLICE_X56Y106        LUT6 (Prop_lut6_I3_O)        0.124    26.397 f  CPU/FD_IR_latch/loop1[27].d_flip_flop/q_i_4/O
                         net (fo=81, routed)          1.364    27.760    CPU/MW_D_latch/loop1[4].d_flip_flop/q_reg_2
    SLICE_X30Y93         LUT4 (Prop_lut4_I3_O)        0.124    27.884 r  CPU/MW_D_latch/loop1[4].d_flip_flop/q_i_1__96/O
                         net (fo=35, routed)          1.145    29.029    CPU/DX_RS1_latch/loop1[1].d_flip_flop/result_reg[4]
    SLICE_X46Y99         LUT5 (Prop_lut5_I1_O)        0.124    29.153 r  CPU/DX_RS1_latch/loop1[1].d_flip_flop/result[4]_i_2/O
                         net (fo=20, routed)          0.957    30.110    CPU/DX_RS1_latch/loop1[1].d_flip_flop/q_reg_13[1]
    SLICE_X57Y97         LUT4 (Prop_lut4_I0_O)        0.124    30.234 r  CPU/DX_RS1_latch/loop1[1].d_flip_flop/q_i_14__9/O
                         net (fo=1, routed)           0.000    30.234    CPU/DX_RS1_latch/loop1[1].d_flip_flop/q_i_14__9_n_0
    SLICE_X57Y97         CARRY4 (Prop_carry4_S[0]_CO[3])
                                                      0.532    30.766 r  CPU/DX_RS1_latch/loop1[1].d_flip_flop/q_reg_i_7/CO[3]
                         net (fo=1, routed)           0.000    30.766    CPU/DX_RS1_latch/loop1[1].d_flip_flop/q_reg_i_7_n_0
    SLICE_X57Y98         CARRY4 (Prop_carry4_CI_CO[3])
                                                      0.114    30.880 r  CPU/DX_RS1_latch/loop1[1].d_flip_flop/q_reg_i_7__0/CO[3]
                         net (fo=1, routed)           0.000    30.880    CPU/DX_RS1_latch/loop1[1].d_flip_flop/q_reg_i_7__0_n_0
    SLICE_X57Y99         CARRY4 (Prop_carry4_CI_CO[3])
                                                      0.114    30.994 r  CPU/DX_RS1_latch/loop1[1].d_flip_flop/q_reg_i_7__1/CO[3]
                         net (fo=1, routed)           0.001    30.995    CPU/DX_RS1_latch/loop1[1].d_flip_flop/q_reg_i_7__1_n_0
    SLICE_X57Y100        CARRY4 (Prop_carry4_CI_CO[3])
                                                      0.114    31.109 r  CPU/DX_RS1_latch/loop1[1].d_flip_flop/q_reg_i_7__2/CO[3]
                         net (fo=1, routed)           0.000    31.109    CPU/DX_RS1_latch/loop1[1].d_flip_flop/q_reg_i_7__2_n_0
    SLICE_X57Y101        CARRY4 (Prop_carry4_CI_CO[3])
                                                      0.114    31.223 r  CPU/DX_RS1_latch/loop1[1].d_flip_flop/q_reg_i_7__3/CO[3]
                         net (fo=1, routed)           0.000    31.223    CPU/DX_RS1_latch/loop1[1].d_flip_flop/q_reg_i_7__3_n_0
    SLICE_X57Y102        CARRY4 (Prop_carry4_CI_CO[3])
                                                      0.114    31.337 r  CPU/DX_RS1_latch/loop1[1].d_flip_flop/q_reg_i_7__4/CO[3]
                         net (fo=1, routed)           0.000    31.337    CPU/DX_RS1_latch/loop1[1].d_flip_flop/q_reg_i_7__4_n_0
    SLICE_X57Y103        CARRY4 (Prop_carry4_CI_O[3])
                                                      0.313    31.650 r  CPU/DX_RS1_latch/loop1[1].d_flip_flop/q_reg_i_7__5/O[3]
                         net (fo=3, routed)           0.844    32.494    CPU/DX_ALU_OP_latch/loop1[0].d_flip_flop/data0[0]
    SLICE_X58Y103        LUT5 (Prop_lut5_I0_O)        0.306    32.800 r  CPU/DX_ALU_OP_latch/loop1[0].d_flip_flop/q_i_24__5/O
                         net (fo=1, routed)           0.286    33.086    CPU/DX_ALU_OP_latch/loop1[3].d_flip_flop/q_i_7__4
    SLICE_X58Y103        LUT6 (Prop_lut6_I5_O)        0.124    33.210 r  CPU/DX_ALU_OP_latch/loop1[3].d_flip_flop/q_i_15__3/O
                         net (fo=1, routed)           0.595    33.805    CPU/DX_OP_latch/loop1[1].d_flip_flop/isLessThan
    SLICE_X58Y97         LUT6 (Prop_lut6_I5_O)        0.124    33.929 r  CPU/DX_OP_latch/loop1[1].d_flip_flop/q_i_7__4/O
                         net (fo=11, routed)          0.510    34.439    CPU/DX_OP_latch/loop1[3].d_flip_flop/dataOut_reg_3_18
    SLICE_X59Y97         LUT5 (Prop_lut5_I4_O)        0.124    34.563 r  CPU/DX_OP_latch/loop1[3].d_flip_flop/q_i_2__32/O
                         net (fo=65, routed)          0.895    35.458    CPU/DX_OP_latch/loop1[3].d_flip_flop/q_i_2__32_n_0
    SLICE_X64Y95         LUT5 (Prop_lut5_I1_O)        0.124    35.582 r  CPU/DX_OP_latch/loop1[3].d_flip_flop/dataOut_reg_0_i_7/O
                         net (fo=5, routed)           1.005    36.587    InstMem/ADDRARDADDR[5]
    RAMB36_X1Y18         RAMB36E1                                     r  InstMem/dataOut_reg_0/ADDRARDADDR[8]
  -------------------------------------------------------------------    -------------------

                         (clock clk_out1_clk_wiz_0 rise edge)
                                                     40.000    40.000 r  
    E3                   IBUF                         0.000    40.000 r  clk_100mhz_IBUF_inst/O
                         net (fo=4, routed)           1.181    41.181    pll/inst/clk_in1
    PLLE2_ADV_X1Y2       PLLE2_ADV (Prop_plle2_adv_CLKIN1_CLKOUT0)
                                                     -3.253    37.928 r  pll/inst/plle2_adv_inst/CLKOUT0
                         net (fo=1, routed)           1.634    39.562    pll/inst/clk_out1_clk_wiz_0
    BUFGCTRL_X0Y16       BUFG (Prop_bufg_I_O)         0.091    39.653 r  pll/inst/clkout1_buf/O
                         net (fo=2220, routed)        1.554    41.207    InstMem/clk_out1
    RAMB36_X1Y18         RAMB36E1                                     r  InstMem/dataOut_reg_0/CLKARDCLK
                         clock pessimism             -0.050    41.157    
                         clock uncertainty           -0.180    40.977    
    RAMB36_X1Y18         RAMB36E1 (Setup_ramb36e1_CLKARDCLK_ADDRARDADDR[8])
                                                     -0.566    40.411    InstMem/dataOut_reg_0
  -------------------------------------------------------------------
                         required time                         40.411    
                         arrival time                         -36.587    
  -------------------------------------------------------------------
                         slack                                  3.825    

Slack (MET) :             3.841ns  (required time - arrival time)
  Source:                 CPU/FD_IR_latch/loop1[29].d_flip_flop/q_reg/C
                            (rising edge-triggered cell FDCE clocked by clk_out1_clk_wiz_0'  {rise@0.000ns fall@20.000ns period=40.000ns})
  Destination:            InstMem/dataOut_reg_1/ADDRARDADDR[5]
                            (rising edge-triggered cell RAMB36E1 clocked by clk_out1_clk_wiz_0  {rise@0.000ns fall@20.000ns period=40.000ns})
  Path Group:             clk_out1_clk_wiz_0
  Path Type:              Setup (Max at Slow Process Corner)
  Requirement:            20.000ns  (clk_out1_clk_wiz_0 rise@40.000ns - clk_out1_clk_wiz_0 fall@20.000ns)
  Data Path Delay:        12.052ns  (logic 3.231ns (26.809%)  route 8.821ns (73.191%))
  Logic Levels:           16  (CARRY4=7 LUT4=2 LUT5=4 LUT6=3)
  Clock Path Skew:        -3.362ns (DCD - SCD + CPR)
    Destination Clock Delay (DCD):    1.208ns = ( 41.208 - 40.000 ) 
    Source Clock Delay      (SCD):    4.520ns = ( 24.520 - 20.000 ) 
    Clock Pessimism Removal (CPR):    -0.050ns
  Clock Uncertainty:      0.180ns  ((TSJ^2 + DJ^2)^1/2) / 2 + PE
    Total System Jitter     (TSJ):    0.071ns
    Discrete Jitter          (DJ):    0.352ns
    Phase Error              (PE):    0.000ns

    Location             Delay type                Incr(ns)  Path(ns)    Netlist Resource(s)
  -------------------------------------------------------------------    -------------------
                         (clock clk_out1_clk_wiz_0 fall edge)
                                                     20.000    20.000 f  
    E3                   IBUF                         0.000    20.000 f  clk_100mhz_IBUF_inst/O
                         net (fo=4, routed)           1.253    21.253    pll/inst/clk_in1
    PLLE2_ADV_X1Y2       PLLE2_ADV (Prop_plle2_adv_CLKIN1_CLKOUT0)
                                                     -3.459    17.794 f  pll/inst/plle2_adv_inst/CLKOUT0
                         net (fo=1, routed)           1.713    19.507    pll/inst/clk_out1_clk_wiz_0
    BUFGCTRL_X0Y16       BUFG (Prop_bufg_I_O)         0.096    19.603 f  pll/inst/clkout1_buf/O
                         net (fo=2220, routed)        2.287    21.890    clock
    SLICE_X51Y96         LUT1 (Prop_lut1_I0_O)        0.150    22.040 r  q_reg_i_10__0/O
                         net (fo=1, routed)           0.559    22.600    q_reg_i_10__0_n_0
    BUFGCTRL_X0Y0        BUFG (Prop_bufg_I_O)         0.304    22.904 r  q_reg_i_3__15/O
                         net (fo=370, routed)         1.616    24.520    CPU/FD_IR_latch/loop1[29].d_flip_flop/clock0
    SLICE_X58Y104        FDCE                                         r  CPU/FD_IR_latch/loop1[29].d_flip_flop/q_reg/C
  -------------------------------------------------------------------    -------------------
    SLICE_X58Y104        FDCE (Prop_fdce_C_Q)         0.518    25.038 f  CPU/FD_IR_latch/loop1[29].d_flip_flop/q_reg/Q
                         net (fo=24, routed)          1.235    26.273    CPU/FD_IR_latch/loop1[27].d_flip_flop/q_reg_4[3]
    SLICE_X56Y106        LUT6 (Prop_lut6_I3_O)        0.124    26.397 f  CPU/FD_IR_latch/loop1[27].d_flip_flop/q_i_4/O
                         net (fo=81, routed)          1.364    27.760    CPU/MW_D_latch/loop1[4].d_flip_flop/q_reg_2
    SLICE_X30Y93         LUT4 (Prop_lut4_I3_O)        0.124    27.884 r  CPU/MW_D_latch/loop1[4].d_flip_flop/q_i_1__96/O
                         net (fo=35, routed)          1.145    29.029    CPU/DX_RS1_latch/loop1[1].d_flip_flop/result_reg[4]
    SLICE_X46Y99         LUT5 (Prop_lut5_I1_O)        0.124    29.153 r  CPU/DX_RS1_latch/loop1[1].d_flip_flop/result[4]_i_2/O
                         net (fo=20, routed)          0.957    30.110    CPU/DX_RS1_latch/loop1[1].d_flip_flop/q_reg_13[1]
    SLICE_X57Y97         LUT4 (Prop_lut4_I0_O)        0.124    30.234 r  CPU/DX_RS1_latch/loop1[1].d_flip_flop/q_i_14__9/O
                         net (fo=1, routed)           0.000    30.234    CPU/DX_RS1_latch/loop1[1].d_flip_flop/q_i_14__9_n_0
    SLICE_X57Y97         CARRY4 (Prop_carry4_S[0]_CO[3])
                                                      0.532    30.766 r  CPU/DX_RS1_latch/loop1[1].d_flip_flop/q_reg_i_7/CO[3]
                         net (fo=1, routed)           0.000    30.766    CPU/DX_RS1_latch/loop1[1].d_flip_flop/q_reg_i_7_n_0
    SLICE_X57Y98         CARRY4 (Prop_carry4_CI_CO[3])
                                                      0.114    30.880 r  CPU/DX_RS1_latch/loop1[1].d_flip_flop/q_reg_i_7__0/CO[3]
                         net (fo=1, routed)           0.000    30.880    CPU/DX_RS1_latch/loop1[1].d_flip_flop/q_reg_i_7__0_n_0
    SLICE_X57Y99         CARRY4 (Prop_carry4_CI_CO[3])
                                                      0.114    30.994 r  CPU/DX_RS1_latch/loop1[1].d_flip_flop/q_reg_i_7__1/CO[3]
                         net (fo=1, routed)           0.001    30.995    CPU/DX_RS1_latch/loop1[1].d_flip_flop/q_reg_i_7__1_n_0
    SLICE_X57Y100        CARRY4 (Prop_carry4_CI_CO[3])
                                                      0.114    31.109 r  CPU/DX_RS1_latch/loop1[1].d_flip_flop/q_reg_i_7__2/CO[3]
                         net (fo=1, routed)           0.000    31.109    CPU/DX_RS1_latch/loop1[1].d_flip_flop/q_reg_i_7__2_n_0
    SLICE_X57Y101        CARRY4 (Prop_carry4_CI_CO[3])
                                                      0.114    31.223 r  CPU/DX_RS1_latch/loop1[1].d_flip_flop/q_reg_i_7__3/CO[3]
                         net (fo=1, routed)           0.000    31.223    CPU/DX_RS1_latch/loop1[1].d_flip_flop/q_reg_i_7__3_n_0
    SLICE_X57Y102        CARRY4 (Prop_carry4_CI_CO[3])
                                                      0.114    31.337 r  CPU/DX_RS1_latch/loop1[1].d_flip_flop/q_reg_i_7__4/CO[3]
                         net (fo=1, routed)           0.000    31.337    CPU/DX_RS1_latch/loop1[1].d_flip_flop/q_reg_i_7__4_n_0
    SLICE_X57Y103        CARRY4 (Prop_carry4_CI_O[3])
                                                      0.313    31.650 r  CPU/DX_RS1_latch/loop1[1].d_flip_flop/q_reg_i_7__5/O[3]
                         net (fo=3, routed)           0.844    32.494    CPU/DX_ALU_OP_latch/loop1[0].d_flip_flop/data0[0]
    SLICE_X58Y103        LUT5 (Prop_lut5_I0_O)        0.306    32.800 r  CPU/DX_ALU_OP_latch/loop1[0].d_flip_flop/q_i_24__5/O
                         net (fo=1, routed)           0.286    33.086    CPU/DX_ALU_OP_latch/loop1[3].d_flip_flop/q_i_7__4
    SLICE_X58Y103        LUT6 (Prop_lut6_I5_O)        0.124    33.210 r  CPU/DX_ALU_OP_latch/loop1[3].d_flip_flop/q_i_15__3/O
                         net (fo=1, routed)           0.595    33.805    CPU/DX_OP_latch/loop1[1].d_flip_flop/isLessThan
    SLICE_X58Y97         LUT6 (Prop_lut6_I5_O)        0.124    33.929 r  CPU/DX_OP_latch/loop1[1].d_flip_flop/q_i_7__4/O
                         net (fo=11, routed)          0.510    34.439    CPU/DX_OP_latch/loop1[3].d_flip_flop/dataOut_reg_3_18
    SLICE_X59Y97         LUT5 (Prop_lut5_I4_O)        0.124    34.563 r  CPU/DX_OP_latch/loop1[3].d_flip_flop/q_i_2__32/O
                         net (fo=65, routed)          0.985    35.548    CPU/DX_OP_latch/loop1[3].d_flip_flop/q_i_2__32_n_0
    SLICE_X64Y94         LUT5 (Prop_lut5_I3_O)        0.124    35.672 r  CPU/DX_OP_latch/loop1[3].d_flip_flop/dataOut_reg_0_i_10/O
                         net (fo=5, routed)           0.900    36.571    InstMem/ADDRARDADDR[2]
    RAMB36_X1Y19         RAMB36E1                                     r  InstMem/dataOut_reg_1/ADDRARDADDR[5]
  -------------------------------------------------------------------    -------------------

                         (clock clk_out1_clk_wiz_0 rise edge)
                                                     40.000    40.000 r  
    E3                   IBUF                         0.000    40.000 r  clk_100mhz_IBUF_inst/O
                         net (fo=4, routed)           1.181    41.181    pll/inst/clk_in1
    PLLE2_ADV_X1Y2       PLLE2_ADV (Prop_plle2_adv_CLKIN1_CLKOUT0)
                                                     -3.253    37.928 r  pll/inst/plle2_adv_inst/CLKOUT0
                         net (fo=1, routed)           1.634    39.562    pll/inst/clk_out1_clk_wiz_0
    BUFGCTRL_X0Y16       BUFG (Prop_bufg_I_O)         0.091    39.653 r  pll/inst/clkout1_buf/O
                         net (fo=2220, routed)        1.555    41.208    InstMem/clk_out1
    RAMB36_X1Y19         RAMB36E1                                     r  InstMem/dataOut_reg_1/CLKARDCLK
                         clock pessimism             -0.050    41.158    
                         clock uncertainty           -0.180    40.978    
    RAMB36_X1Y19         RAMB36E1 (Setup_ramb36e1_CLKARDCLK_ADDRARDADDR[5])
                                                     -0.566    40.412    InstMem/dataOut_reg_1
  -------------------------------------------------------------------
                         required time                         40.412    
                         arrival time                         -36.571    
  -------------------------------------------------------------------
                         slack                                  3.841    

Slack (MET) :             3.867ns  (required time - arrival time)
  Source:                 CPU/FD_IR_latch/loop1[29].d_flip_flop/q_reg/C
                            (rising edge-triggered cell FDCE clocked by clk_out1_clk_wiz_0'  {rise@0.000ns fall@20.000ns period=40.000ns})
  Destination:            InstMem/dataOut_reg_2/ADDRARDADDR[5]
                            (rising edge-triggered cell RAMB36E1 clocked by clk_out1_clk_wiz_0  {rise@0.000ns fall@20.000ns period=40.000ns})
  Path Group:             clk_out1_clk_wiz_0
  Path Type:              Setup (Max at Slow Process Corner)
  Requirement:            20.000ns  (clk_out1_clk_wiz_0 rise@40.000ns - clk_out1_clk_wiz_0 fall@20.000ns)
  Data Path Delay:        12.109ns  (logic 3.231ns (26.682%)  route 8.878ns (73.318%))
  Logic Levels:           16  (CARRY4=7 LUT4=2 LUT5=4 LUT6=3)
  Clock Path Skew:        -3.278ns (DCD - SCD + CPR)
    Destination Clock Delay (DCD):    1.292ns = ( 41.292 - 40.000 ) 
    Source Clock Delay      (SCD):    4.520ns = ( 24.520 - 20.000 ) 
    Clock Pessimism Removal (CPR):    -0.050ns
  Clock Uncertainty:      0.180ns  ((TSJ^2 + DJ^2)^1/2) / 2 + PE
    Total System Jitter     (TSJ):    0.071ns
    Discrete Jitter          (DJ):    0.352ns
    Phase Error              (PE):    0.000ns

    Location             Delay type                Incr(ns)  Path(ns)    Netlist Resource(s)
  -------------------------------------------------------------------    -------------------
                         (clock clk_out1_clk_wiz_0 fall edge)
                                                     20.000    20.000 f  
    E3                   IBUF                         0.000    20.000 f  clk_100mhz_IBUF_inst/O
                         net (fo=4, routed)           1.253    21.253    pll/inst/clk_in1
    PLLE2_ADV_X1Y2       PLLE2_ADV (Prop_plle2_adv_CLKIN1_CLKOUT0)
                                                     -3.459    17.794 f  pll/inst/plle2_adv_inst/CLKOUT0
                         net (fo=1, routed)           1.713    19.507    pll/inst/clk_out1_clk_wiz_0
    BUFGCTRL_X0Y16       BUFG (Prop_bufg_I_O)         0.096    19.603 f  pll/inst/clkout1_buf/O
                         net (fo=2220, routed)        2.287    21.890    clock
    SLICE_X51Y96         LUT1 (Prop_lut1_I0_O)        0.150    22.040 r  q_reg_i_10__0/O
                         net (fo=1, routed)           0.559    22.600    q_reg_i_10__0_n_0
    BUFGCTRL_X0Y0        BUFG (Prop_bufg_I_O)         0.304    22.904 r  q_reg_i_3__15/O
                         net (fo=370, routed)         1.616    24.520    CPU/FD_IR_latch/loop1[29].d_flip_flop/clock0
    SLICE_X58Y104        FDCE                                         r  CPU/FD_IR_latch/loop1[29].d_flip_flop/q_reg/C
  -------------------------------------------------------------------    -------------------
    SLICE_X58Y104        FDCE (Prop_fdce_C_Q)         0.518    25.038 f  CPU/FD_IR_latch/loop1[29].d_flip_flop/q_reg/Q
                         net (fo=24, routed)          1.235    26.273    CPU/FD_IR_latch/loop1[27].d_flip_flop/q_reg_4[3]
    SLICE_X56Y106        LUT6 (Prop_lut6_I3_O)        0.124    26.397 f  CPU/FD_IR_latch/loop1[27].d_flip_flop/q_i_4/O
                         net (fo=81, routed)          1.364    27.760    CPU/MW_D_latch/loop1[4].d_flip_flop/q_reg_2
    SLICE_X30Y93         LUT4 (Prop_lut4_I3_O)        0.124    27.884 r  CPU/MW_D_latch/loop1[4].d_flip_flop/q_i_1__96/O
                         net (fo=35, routed)          1.145    29.029    CPU/DX_RS1_latch/loop1[1].d_flip_flop/result_reg[4]
    SLICE_X46Y99         LUT5 (Prop_lut5_I1_O)        0.124    29.153 r  CPU/DX_RS1_latch/loop1[1].d_flip_flop/result[4]_i_2/O
                         net (fo=20, routed)          0.957    30.110    CPU/DX_RS1_latch/loop1[1].d_flip_flop/q_reg_13[1]
    SLICE_X57Y97         LUT4 (Prop_lut4_I0_O)        0.124    30.234 r  CPU/DX_RS1_latch/loop1[1].d_flip_flop/q_i_14__9/O
                         net (fo=1, routed)           0.000    30.234    CPU/DX_RS1_latch/loop1[1].d_flip_flop/q_i_14__9_n_0
    SLICE_X57Y97         CARRY4 (Prop_carry4_S[0]_CO[3])
                                                      0.532    30.766 r  CPU/DX_RS1_latch/loop1[1].d_flip_flop/q_reg_i_7/CO[3]
                         net (fo=1, routed)           0.000    30.766    CPU/DX_RS1_latch/loop1[1].d_flip_flop/q_reg_i_7_n_0
    SLICE_X57Y98         CARRY4 (Prop_carry4_CI_CO[3])
                                                      0.114    30.880 r  CPU/DX_RS1_latch/loop1[1].d_flip_flop/q_reg_i_7__0/CO[3]
                         net (fo=1, routed)           0.000    30.880    CPU/DX_RS1_latch/loop1[1].d_flip_flop/q_reg_i_7__0_n_0
    SLICE_X57Y99         CARRY4 (Prop_carry4_CI_CO[3])
                                                      0.114    30.994 r  CPU/DX_RS1_latch/loop1[1].d_flip_flop/q_reg_i_7__1/CO[3]
                         net (fo=1, routed)           0.001    30.995    CPU/DX_RS1_latch/loop1[1].d_flip_flop/q_reg_i_7__1_n_0
    SLICE_X57Y100        CARRY4 (Prop_carry4_CI_CO[3])
                                                      0.114    31.109 r  CPU/DX_RS1_latch/loop1[1].d_flip_flop/q_reg_i_7__2/CO[3]
                         net (fo=1, routed)           0.000    31.109    CPU/DX_RS1_latch/loop1[1].d_flip_flop/q_reg_i_7__2_n_0
    SLICE_X57Y101        CARRY4 (Prop_carry4_CI_CO[3])
                                                      0.114    31.223 r  CPU/DX_RS1_latch/loop1[1].d_flip_flop/q_reg_i_7__3/CO[3]
                         net (fo=1, routed)           0.000    31.223    CPU/DX_RS1_latch/loop1[1].d_flip_flop/q_reg_i_7__3_n_0
    SLICE_X57Y102        CARRY4 (Prop_carry4_CI_CO[3])
                                                      0.114    31.337 r  CPU/DX_RS1_latch/loop1[1].d_flip_flop/q_reg_i_7__4/CO[3]
                         net (fo=1, routed)           0.000    31.337    CPU/DX_RS1_latch/loop1[1].d_flip_flop/q_reg_i_7__4_n_0
    SLICE_X57Y103        CARRY4 (Prop_carry4_CI_O[3])
                                                      0.313    31.650 r  CPU/DX_RS1_latch/loop1[1].d_flip_flop/q_reg_i_7__5/O[3]
                         net (fo=3, routed)           0.844    32.494    CPU/DX_ALU_OP_latch/loop1[0].d_flip_flop/data0[0]
    SLICE_X58Y103        LUT5 (Prop_lut5_I0_O)        0.306    32.800 r  CPU/DX_ALU_OP_latch/loop1[0].d_flip_flop/q_i_24__5/O
                         net (fo=1, routed)           0.286    33.086    CPU/DX_ALU_OP_latch/loop1[3].d_flip_flop/q_i_7__4
    SLICE_X58Y103        LUT6 (Prop_lut6_I5_O)        0.124    33.210 r  CPU/DX_ALU_OP_latch/loop1[3].d_flip_flop/q_i_15__3/O
                         net (fo=1, routed)           0.595    33.805    CPU/DX_OP_latch/loop1[1].d_flip_flop/isLessThan
    SLICE_X58Y97         LUT6 (Prop_lut6_I5_O)        0.124    33.929 r  CPU/DX_OP_latch/loop1[1].d_flip_flop/q_i_7__4/O
                         net (fo=11, routed)          0.510    34.439    CPU/DX_OP_latch/loop1[3].d_flip_flop/dataOut_reg_3_18
    SLICE_X59Y97         LUT5 (Prop_lut5_I4_O)        0.124    34.563 r  CPU/DX_OP_latch/loop1[3].d_flip_flop/q_i_2__32/O
                         net (fo=65, routed)          0.985    35.548    CPU/DX_OP_latch/loop1[3].d_flip_flop/q_i_2__32_n_0
    SLICE_X64Y94         LUT5 (Prop_lut5_I3_O)        0.124    35.672 r  CPU/DX_OP_latch/loop1[3].d_flip_flop/dataOut_reg_0_i_10/O
                         net (fo=5, routed)           0.957    36.629    InstMem/ADDRARDADDR[2]
    RAMB36_X2Y19         RAMB36E1                                     r  InstMem/dataOut_reg_2/ADDRARDADDR[5]
  -------------------------------------------------------------------    -------------------

                         (clock clk_out1_clk_wiz_0 rise edge)
                                                     40.000    40.000 r  
    E3                   IBUF                         0.000    40.000 r  clk_100mhz_IBUF_inst/O
                         net (fo=4, routed)           1.181    41.181    pll/inst/clk_in1
    PLLE2_ADV_X1Y2       PLLE2_ADV (Prop_plle2_adv_CLKIN1_CLKOUT0)
                                                     -3.253    37.928 r  pll/inst/plle2_adv_inst/CLKOUT0
                         net (fo=1, routed)           1.634    39.562    pll/inst/clk_out1_clk_wiz_0
    BUFGCTRL_X0Y16       BUFG (Prop_bufg_I_O)         0.091    39.653 r  pll/inst/clkout1_buf/O
                         net (fo=2220, routed)        1.639    41.292    InstMem/clk_out1
    RAMB36_X2Y19         RAMB36E1                                     r  InstMem/dataOut_reg_2/CLKARDCLK
                         clock pessimism             -0.050    41.242    
                         clock uncertainty           -0.180    41.062    
    RAMB36_X2Y19         RAMB36E1 (Setup_ramb36e1_CLKARDCLK_ADDRARDADDR[5])
                                                     -0.566    40.496    InstMem/dataOut_reg_2
  -------------------------------------------------------------------
                         required time                         40.496    
                         arrival time                         -36.629    
  -------------------------------------------------------------------
                         slack                                  3.867    

Slack (MET) :             3.879ns  (required time - arrival time)
  Source:                 CPU/FD_IR_latch/loop1[29].d_flip_flop/q_reg/C
                            (rising edge-triggered cell FDCE clocked by clk_out1_clk_wiz_0'  {rise@0.000ns fall@20.000ns period=40.000ns})
  Destination:            InstMem/dataOut_reg_3/ADDRARDADDR[6]
                            (rising edge-triggered cell RAMB36E1 clocked by clk_out1_clk_wiz_0  {rise@0.000ns fall@20.000ns period=40.000ns})
  Path Group:             clk_out1_clk_wiz_0
  Path Type:              Setup (Max at Slow Process Corner)
  Requirement:            20.000ns  (clk_out1_clk_wiz_0 rise@40.000ns - clk_out1_clk_wiz_0 fall@20.000ns)
  Data Path Delay:        11.996ns  (logic 3.231ns (26.933%)  route 8.765ns (73.067%))
  Logic Levels:           16  (CARRY4=7 LUT4=2 LUT5=4 LUT6=3)
  Clock Path Skew:        -3.379ns (DCD - SCD + CPR)
    Destination Clock Delay (DCD):    1.190ns = ( 41.190 - 40.000 ) 
    Source Clock Delay      (SCD):    4.520ns = ( 24.520 - 20.000 ) 
    Clock Pessimism Removal (CPR):    -0.050ns
  Clock Uncertainty:      0.180ns  ((TSJ^2 + DJ^2)^1/2) / 2 + PE
    Total System Jitter     (TSJ):    0.071ns
    Discrete Jitter          (DJ):    0.352ns
    Phase Error              (PE):    0.000ns

    Location             Delay type                Incr(ns)  Path(ns)    Netlist Resource(s)
  -------------------------------------------------------------------    -------------------
                         (clock clk_out1_clk_wiz_0 fall edge)
                                                     20.000    20.000 f  
    E3                   IBUF                         0.000    20.000 f  clk_100mhz_IBUF_inst/O
                         net (fo=4, routed)           1.253    21.253    pll/inst/clk_in1
    PLLE2_ADV_X1Y2       PLLE2_ADV (Prop_plle2_adv_CLKIN1_CLKOUT0)
                                                     -3.459    17.794 f  pll/inst/plle2_adv_inst/CLKOUT0
                         net (fo=1, routed)           1.713    19.507    pll/inst/clk_out1_clk_wiz_0
    BUFGCTRL_X0Y16       BUFG (Prop_bufg_I_O)         0.096    19.603 f  pll/inst/clkout1_buf/O
                         net (fo=2220, routed)        2.287    21.890    clock
    SLICE_X51Y96         LUT1 (Prop_lut1_I0_O)        0.150    22.040 r  q_reg_i_10__0/O
                         net (fo=1, routed)           0.559    22.600    q_reg_i_10__0_n_0
    BUFGCTRL_X0Y0        BUFG (Prop_bufg_I_O)         0.304    22.904 r  q_reg_i_3__15/O
                         net (fo=370, routed)         1.616    24.520    CPU/FD_IR_latch/loop1[29].d_flip_flop/clock0
    SLICE_X58Y104        FDCE                                         r  CPU/FD_IR_latch/loop1[29].d_flip_flop/q_reg/C
  -------------------------------------------------------------------    -------------------
    SLICE_X58Y104        FDCE (Prop_fdce_C_Q)         0.518    25.038 f  CPU/FD_IR_latch/loop1[29].d_flip_flop/q_reg/Q
                         net (fo=24, routed)          1.235    26.273    CPU/FD_IR_latch/loop1[27].d_flip_flop/q_reg_4[3]
    SLICE_X56Y106        LUT6 (Prop_lut6_I3_O)        0.124    26.397 f  CPU/FD_IR_latch/loop1[27].d_flip_flop/q_i_4/O
                         net (fo=81, routed)          1.364    27.760    CPU/MW_D_latch/loop1[4].d_flip_flop/q_reg_2
    SLICE_X30Y93         LUT4 (Prop_lut4_I3_O)        0.124    27.884 r  CPU/MW_D_latch/loop1[4].d_flip_flop/q_i_1__96/O
                         net (fo=35, routed)          1.145    29.029    CPU/DX_RS1_latch/loop1[1].d_flip_flop/result_reg[4]
    SLICE_X46Y99         LUT5 (Prop_lut5_I1_O)        0.124    29.153 r  CPU/DX_RS1_latch/loop1[1].d_flip_flop/result[4]_i_2/O
                         net (fo=20, routed)          0.957    30.110    CPU/DX_RS1_latch/loop1[1].d_flip_flop/q_reg_13[1]
    SLICE_X57Y97         LUT4 (Prop_lut4_I0_O)        0.124    30.234 r  CPU/DX_RS1_latch/loop1[1].d_flip_flop/q_i_14__9/O
                         net (fo=1, routed)           0.000    30.234    CPU/DX_RS1_latch/loop1[1].d_flip_flop/q_i_14__9_n_0
    SLICE_X57Y97         CARRY4 (Prop_carry4_S[0]_CO[3])
                                                      0.532    30.766 r  CPU/DX_RS1_latch/loop1[1].d_flip_flop/q_reg_i_7/CO[3]
                         net (fo=1, routed)           0.000    30.766    CPU/DX_RS1_latch/loop1[1].d_flip_flop/q_reg_i_7_n_0
    SLICE_X57Y98         CARRY4 (Prop_carry4_CI_CO[3])
                                                      0.114    30.880 r  CPU/DX_RS1_latch/loop1[1].d_flip_flop/q_reg_i_7__0/CO[3]
                         net (fo=1, routed)           0.000    30.880    CPU/DX_RS1_latch/loop1[1].d_flip_flop/q_reg_i_7__0_n_0
    SLICE_X57Y99         CARRY4 (Prop_carry4_CI_CO[3])
                                                      0.114    30.994 r  CPU/DX_RS1_latch/loop1[1].d_flip_flop/q_reg_i_7__1/CO[3]
                         net (fo=1, routed)           0.001    30.995    CPU/DX_RS1_latch/loop1[1].d_flip_flop/q_reg_i_7__1_n_0
    SLICE_X57Y100        CARRY4 (Prop_carry4_CI_CO[3])
                                                      0.114    31.109 r  CPU/DX_RS1_latch/loop1[1].d_flip_flop/q_reg_i_7__2/CO[3]
                         net (fo=1, routed)           0.000    31.109    CPU/DX_RS1_latch/loop1[1].d_flip_flop/q_reg_i_7__2_n_0
    SLICE_X57Y101        CARRY4 (Prop_carry4_CI_CO[3])
                                                      0.114    31.223 r  CPU/DX_RS1_latch/loop1[1].d_flip_flop/q_reg_i_7__3/CO[3]
                         net (fo=1, routed)           0.000    31.223    CPU/DX_RS1_latch/loop1[1].d_flip_flop/q_reg_i_7__3_n_0
    SLICE_X57Y102        CARRY4 (Prop_carry4_CI_CO[3])
                                                      0.114    31.337 r  CPU/DX_RS1_latch/loop1[1].d_flip_flop/q_reg_i_7__4/CO[3]
                         net (fo=1, routed)           0.000    31.337    CPU/DX_RS1_latch/loop1[1].d_flip_flop/q_reg_i_7__4_n_0
    SLICE_X57Y103        CARRY4 (Prop_carry4_CI_O[3])
                                                      0.313    31.650 r  CPU/DX_RS1_latch/loop1[1].d_flip_flop/q_reg_i_7__5/O[3]
                         net (fo=3, routed)           0.844    32.494    CPU/DX_ALU_OP_latch/loop1[0].d_flip_flop/data0[0]
    SLICE_X58Y103        LUT5 (Prop_lut5_I0_O)        0.306    32.800 r  CPU/DX_ALU_OP_latch/loop1[0].d_flip_flop/q_i_24__5/O
                         net (fo=1, routed)           0.286    33.086    CPU/DX_ALU_OP_latch/loop1[3].d_flip_flop/q_i_7__4
    SLICE_X58Y103        LUT6 (Prop_lut6_I5_O)        0.124    33.210 r  CPU/DX_ALU_OP_latch/loop1[3].d_flip_flop/q_i_15__3/O
                         net (fo=1, routed)           0.595    33.805    CPU/DX_OP_latch/loop1[1].d_flip_flop/isLessThan
    SLICE_X58Y97         LUT6 (Prop_lut6_I5_O)        0.124    33.929 r  CPU/DX_OP_latch/loop1[1].d_flip_flop/q_i_7__4/O
                         net (fo=11, routed)          0.510    34.439    CPU/DX_OP_latch/loop1[3].d_flip_flop/dataOut_reg_3_18
    SLICE_X59Y97         LUT5 (Prop_lut5_I4_O)        0.124    34.563 r  CPU/DX_OP_latch/loop1[3].d_flip_flop/q_i_2__32/O
                         net (fo=65, routed)          0.845    35.408    CPU/DX_OP_latch/loop1[3].d_flip_flop/q_i_2__32_n_0
    SLICE_X66Y94         LUT5 (Prop_lut5_I4_O)        0.124    35.532 r  CPU/DX_OP_latch/loop1[3].d_flip_flop/dataOut_reg_0_i_9/O
                         net (fo=5, routed)           0.984    36.516    InstMem/ADDRARDADDR[3]
    RAMB36_X1Y20         RAMB36E1                                     r  InstMem/dataOut_reg_3/ADDRARDADDR[6]
  -------------------------------------------------------------------    -------------------

                         (clock clk_out1_clk_wiz_0 rise edge)
                                                     40.000    40.000 r  
    E3                   IBUF                         0.000    40.000 r  clk_100mhz_IBUF_inst/O
                         net (fo=4, routed)           1.181    41.181    pll/inst/clk_in1
    PLLE2_ADV_X1Y2       PLLE2_ADV (Prop_plle2_adv_CLKIN1_CLKOUT0)
                                                     -3.253    37.928 r  pll/inst/plle2_adv_inst/CLKOUT0
                         net (fo=1, routed)           1.634    39.562    pll/inst/clk_out1_clk_wiz_0
    BUFGCTRL_X0Y16       BUFG (Prop_bufg_I_O)         0.091    39.653 r  pll/inst/clkout1_buf/O
                         net (fo=2220, routed)        1.537    41.190    InstMem/clk_out1
    RAMB36_X1Y20         RAMB36E1                                     r  InstMem/dataOut_reg_3/CLKARDCLK
                         clock pessimism             -0.050    41.140    
                         clock uncertainty           -0.180    40.961    
    RAMB36_X1Y20         RAMB36E1 (Setup_ramb36e1_CLKARDCLK_ADDRARDADDR[6])
                                                     -0.566    40.395    InstMem/dataOut_reg_3
  -------------------------------------------------------------------
                         required time                         40.395    
                         arrival time                         -36.516    
  -------------------------------------------------------------------
                         slack                                  3.879    

Slack (MET) :             3.899ns  (required time - arrival time)
  Source:                 CPU/FD_IR_latch/loop1[29].d_flip_flop/q_reg/C
                            (rising edge-triggered cell FDCE clocked by clk_out1_clk_wiz_0'  {rise@0.000ns fall@20.000ns period=40.000ns})
  Destination:            InstMem/dataOut_reg_3/ADDRARDADDR[3]
                            (rising edge-triggered cell RAMB36E1 clocked by clk_out1_clk_wiz_0  {rise@0.000ns fall@20.000ns period=40.000ns})
  Path Group:             clk_out1_clk_wiz_0
  Path Type:              Setup (Max at Slow Process Corner)
  Requirement:            20.000ns  (clk_out1_clk_wiz_0 rise@40.000ns - clk_out1_clk_wiz_0 fall@20.000ns)
  Data Path Delay:        11.976ns  (logic 3.231ns (26.978%)  route 8.745ns (73.022%))
  Logic Levels:           16  (CARRY4=7 LUT4=2 LUT5=4 LUT6=3)
  Clock Path Skew:        -3.379ns (DCD - SCD + CPR)
    Destination Clock Delay (DCD):    1.190ns = ( 41.190 - 40.000 ) 
    Source Clock Delay      (SCD):    4.520ns = ( 24.520 - 20.000 ) 
    Clock Pessimism Removal (CPR):    -0.050ns
  Clock Uncertainty:      0.180ns  ((TSJ^2 + DJ^2)^1/2) / 2 + PE
    Total System Jitter     (TSJ):    0.071ns
    Discrete Jitter          (DJ):    0.352ns
    Phase Error              (PE):    0.000ns

    Location             Delay type                Incr(ns)  Path(ns)    Netlist Resource(s)
  -------------------------------------------------------------------    -------------------
                         (clock clk_out1_clk_wiz_0 fall edge)
                                                     20.000    20.000 f  
    E3                   IBUF                         0.000    20.000 f  clk_100mhz_IBUF_inst/O
                         net (fo=4, routed)           1.253    21.253    pll/inst/clk_in1
    PLLE2_ADV_X1Y2       PLLE2_ADV (Prop_plle2_adv_CLKIN1_CLKOUT0)
                                                     -3.459    17.794 f  pll/inst/plle2_adv_inst/CLKOUT0
                         net (fo=1, routed)           1.713    19.507    pll/inst/clk_out1_clk_wiz_0
    BUFGCTRL_X0Y16       BUFG (Prop_bufg_I_O)         0.096    19.603 f  pll/inst/clkout1_buf/O
                         net (fo=2220, routed)        2.287    21.890    clock
    SLICE_X51Y96         LUT1 (Prop_lut1_I0_O)        0.150    22.040 r  q_reg_i_10__0/O
                         net (fo=1, routed)           0.559    22.600    q_reg_i_10__0_n_0
    BUFGCTRL_X0Y0        BUFG (Prop_bufg_I_O)         0.304    22.904 r  q_reg_i_3__15/O
                         net (fo=370, routed)         1.616    24.520    CPU/FD_IR_latch/loop1[29].d_flip_flop/clock0
    SLICE_X58Y104        FDCE                                         r  CPU/FD_IR_latch/loop1[29].d_flip_flop/q_reg/C
  -------------------------------------------------------------------    -------------------
    SLICE_X58Y104        FDCE (Prop_fdce_C_Q)         0.518    25.038 f  CPU/FD_IR_latch/loop1[29].d_flip_flop/q_reg/Q
                         net (fo=24, routed)          1.235    26.273    CPU/FD_IR_latch/loop1[27].d_flip_flop/q_reg_4[3]
    SLICE_X56Y106        LUT6 (Prop_lut6_I3_O)        0.124    26.397 f  CPU/FD_IR_latch/loop1[27].d_flip_flop/q_i_4/O
                         net (fo=81, routed)          1.364    27.760    CPU/MW_D_latch/loop1[4].d_flip_flop/q_reg_2
    SLICE_X30Y93         LUT4 (Prop_lut4_I3_O)        0.124    27.884 r  CPU/MW_D_latch/loop1[4].d_flip_flop/q_i_1__96/O
                         net (fo=35, routed)          1.145    29.029    CPU/DX_RS1_latch/loop1[1].d_flip_flop/result_reg[4]
    SLICE_X46Y99         LUT5 (Prop_lut5_I1_O)        0.124    29.153 r  CPU/DX_RS1_latch/loop1[1].d_flip_flop/result[4]_i_2/O
                         net (fo=20, routed)          0.957    30.110    CPU/DX_RS1_latch/loop1[1].d_flip_flop/q_reg_13[1]
    SLICE_X57Y97         LUT4 (Prop_lut4_I0_O)        0.124    30.234 r  CPU/DX_RS1_latch/loop1[1].d_flip_flop/q_i_14__9/O
                         net (fo=1, routed)           0.000    30.234    CPU/DX_RS1_latch/loop1[1].d_flip_flop/q_i_14__9_n_0
    SLICE_X57Y97         CARRY4 (Prop_carry4_S[0]_CO[3])
                                                      0.532    30.766 r  CPU/DX_RS1_latch/loop1[1].d_flip_flop/q_reg_i_7/CO[3]
                         net (fo=1, routed)           0.000    30.766    CPU/DX_RS1_latch/loop1[1].d_flip_flop/q_reg_i_7_n_0
    SLICE_X57Y98         CARRY4 (Prop_carry4_CI_CO[3])
                                                      0.114    30.880 r  CPU/DX_RS1_latch/loop1[1].d_flip_flop/q_reg_i_7__0/CO[3]
                         net (fo=1, routed)           0.000    30.880    CPU/DX_RS1_latch/loop1[1].d_flip_flop/q_reg_i_7__0_n_0
    SLICE_X57Y99         CARRY4 (Prop_carry4_CI_CO[3])
                                                      0.114    30.994 r  CPU/DX_RS1_latch/loop1[1].d_flip_flop/q_reg_i_7__1/CO[3]
                         net (fo=1, routed)           0.001    30.995    CPU/DX_RS1_latch/loop1[1].d_flip_flop/q_reg_i_7__1_n_0
    SLICE_X57Y100        CARRY4 (Prop_carry4_CI_CO[3])
                                                      0.114    31.109 r  CPU/DX_RS1_latch/loop1[1].d_flip_flop/q_reg_i_7__2/CO[3]
                         net (fo=1, routed)           0.000    31.109    CPU/DX_RS1_latch/loop1[1].d_flip_flop/q_reg_i_7__2_n_0
    SLICE_X57Y101        CARRY4 (Prop_carry4_CI_CO[3])
                                                      0.114    31.223 r  CPU/DX_RS1_latch/loop1[1].d_flip_flop/q_reg_i_7__3/CO[3]
                         net (fo=1, routed)           0.000    31.223    CPU/DX_RS1_latch/loop1[1].d_flip_flop/q_reg_i_7__3_n_0
    SLICE_X57Y102        CARRY4 (Prop_carry4_CI_CO[3])
                                                      0.114    31.337 r  CPU/DX_RS1_latch/loop1[1].d_flip_flop/q_reg_i_7__4/CO[3]
                         net (fo=1, routed)           0.000    31.337    CPU/DX_RS1_latch/loop1[1].d_flip_flop/q_reg_i_7__4_n_0
    SLICE_X57Y103        CARRY4 (Prop_carry4_CI_O[3])
                                                      0.313    31.650 r  CPU/DX_RS1_latch/loop1[1].d_flip_flop/q_reg_i_7__5/O[3]
                         net (fo=3, routed)           0.844    32.494    CPU/DX_ALU_OP_latch/loop1[0].d_flip_flop/data0[0]
    SLICE_X58Y103        LUT5 (Prop_lut5_I0_O)        0.306    32.800 r  CPU/DX_ALU_OP_latch/loop1[0].d_flip_flop/q_i_24__5/O
                         net (fo=1, routed)           0.286    33.086    CPU/DX_ALU_OP_latch/loop1[3].d_flip_flop/q_i_7__4
    SLICE_X58Y103        LUT6 (Prop_lut6_I5_O)        0.124    33.210 r  CPU/DX_ALU_OP_latch/loop1[3].d_flip_flop/q_i_15__3/O
                         net (fo=1, routed)           0.595    33.805    CPU/DX_OP_latch/loop1[1].d_flip_flop/isLessThan
    SLICE_X58Y97         LUT6 (Prop_lut6_I5_O)        0.124    33.929 r  CPU/DX_OP_latch/loop1[1].d_flip_flop/q_i_7__4/O
                         net (fo=11, routed)          0.510    34.439    CPU/DX_OP_latch/loop1[3].d_flip_flop/dataOut_reg_3_18
    SLICE_X59Y97         LUT5 (Prop_lut5_I4_O)        0.124    34.563 r  CPU/DX_OP_latch/loop1[3].d_flip_flop/q_i_2__32/O
                         net (fo=65, routed)          0.848    35.410    CPU/DX_OP_latch/loop1[3].d_flip_flop/q_i_2__32_n_0
    SLICE_X62Y95         LUT5 (Prop_lut5_I3_O)        0.124    35.534 r  CPU/DX_OP_latch/loop1[3].d_flip_flop/dataOut_reg_0_i_12/O
                         net (fo=5, routed)           0.961    36.496    InstMem/ADDRARDADDR[0]
    RAMB36_X1Y20         RAMB36E1                                     r  InstMem/dataOut_reg_3/ADDRARDADDR[3]
  -------------------------------------------------------------------    -------------------

                         (clock clk_out1_clk_wiz_0 rise edge)
                                                     40.000    40.000 r  
    E3                   IBUF                         0.000    40.000 r  clk_100mhz_IBUF_inst/O
                         net (fo=4, routed)           1.181    41.181    pll/inst/clk_in1
    PLLE2_ADV_X1Y2       PLLE2_ADV (Prop_plle2_adv_CLKIN1_CLKOUT0)
                                                     -3.253    37.928 r  pll/inst/plle2_adv_inst/CLKOUT0
                         net (fo=1, routed)           1.634    39.562    pll/inst/clk_out1_clk_wiz_0
    BUFGCTRL_X0Y16       BUFG (Prop_bufg_I_O)         0.091    39.653 r  pll/inst/clkout1_buf/O
                         net (fo=2220, routed)        1.537    41.190    InstMem/clk_out1
    RAMB36_X1Y20         RAMB36E1                                     r  InstMem/dataOut_reg_3/CLKARDCLK
                         clock pessimism             -0.050    41.140    
                         clock uncertainty           -0.180    40.961    
    RAMB36_X1Y20         RAMB36E1 (Setup_ramb36e1_CLKARDCLK_ADDRARDADDR[3])
                                                     -0.566    40.395    InstMem/dataOut_reg_3
  -------------------------------------------------------------------
                         required time                         40.395    
                         arrival time                         -36.496    
  -------------------------------------------------------------------
                         slack                                  3.899    





Min Delay Paths
--------------------------------------------------------------------------------------
Slack (MET) :             0.034ns  (arrival time - required time)
  Source:                 CPU/eval_inst/eval5_unit/rank_count_next_reg[10][2]/C
                            (rising edge-triggered cell FDRE clocked by clk_out1_clk_wiz_0  {rise@0.000ns fall@20.000ns period=40.000ns})
  Destination:            CPU/eval_inst/eval5_unit/base_rank_count_reg[10][2]/D
                            (rising edge-triggered cell FDCE clocked by clk_out1_clk_wiz_0  {rise@0.000ns fall@20.000ns period=40.000ns})
  Path Group:             clk_out1_clk_wiz_0
  Path Type:              Hold (Min at Fast Process Corner)
  Requirement:            0.000ns  (clk_out1_clk_wiz_0 rise@0.000ns - clk_out1_clk_wiz_0 rise@0.000ns)
  Data Path Delay:        0.431ns  (logic 0.209ns (48.436%)  route 0.222ns (51.564%))
  Logic Levels:           1  (LUT2=1)
  Clock Path Skew:        0.278ns (DCD - SCD - CPR)
    Destination Clock Delay (DCD):    0.495ns
    Source Clock Delay      (SCD):    0.445ns
    Clock Pessimism Removal (CPR):    -0.228ns

    Location             Delay type                Incr(ns)  Path(ns)    Netlist Resource(s)
  -------------------------------------------------------------------    -------------------
                         (clock clk_out1_clk_wiz_0 rise edge)
                                                      0.000     0.000 r  
    E3                   IBUF                         0.000     0.000 r  clk_100mhz_IBUF_inst/O
                         net (fo=4, routed)           0.440     0.440    pll/inst/clk_in1
    PLLE2_ADV_X1Y2       PLLE2_ADV (Prop_plle2_adv_CLKIN1_CLKOUT0)
                                                     -1.100    -0.659 r  pll/inst/plle2_adv_inst/CLKOUT0
                         net (fo=1, routed)           0.514    -0.146    pll/inst/clk_out1_clk_wiz_0
    BUFGCTRL_X0Y16       BUFG (Prop_bufg_I_O)         0.026    -0.120 r  pll/inst/clkout1_buf/O
                         net (fo=2220, routed)        0.565     0.445    CPU/eval_inst/eval5_unit/clk_out1
    SLICE_X34Y100        FDRE                                         r  CPU/eval_inst/eval5_unit/rank_count_next_reg[10][2]/C
  -------------------------------------------------------------------    -------------------
    SLICE_X34Y100        FDRE (Prop_fdre_C_Q)         0.164     0.609 r  CPU/eval_inst/eval5_unit/rank_count_next_reg[10][2]/Q
                         net (fo=1, routed)           0.222     0.832    CPU/eval_inst/eval5_unit/rank_count_next_reg_n_0_[10][2]
    SLICE_X30Y97         LUT2 (Prop_lut2_I0_O)        0.045     0.877 r  CPU/eval_inst/eval5_unit/base_rank_count[10][2]_i_1/O
                         net (fo=1, routed)           0.000     0.877    CPU/eval_inst/eval5_unit/base_rank_count[10][2]_i_1_n_0
    SLICE_X30Y97         FDCE                                         r  CPU/eval_inst/eval5_unit/base_rank_count_reg[10][2]/D
  -------------------------------------------------------------------    -------------------

                         (clock clk_out1_clk_wiz_0 rise edge)
                                                      0.000     0.000 r  
    E3                   IBUF                         0.000     0.000 r  clk_100mhz_IBUF_inst/O
                         net (fo=4, routed)           0.481     0.481    pll/inst/clk_in1
    PLLE2_ADV_X1Y2       PLLE2_ADV (Prop_plle2_adv_CLKIN1_CLKOUT0)
                                                     -1.417    -0.936 r  pll/inst/plle2_adv_inst/CLKOUT0
                         net (fo=1, routed)           0.560    -0.376    pll/inst/clk_out1_clk_wiz_0
    BUFGCTRL_X0Y16       BUFG (Prop_bufg_I_O)         0.029    -0.347 r  pll/inst/clkout1_buf/O
                         net (fo=2220, routed)        0.843     0.495    CPU/eval_inst/eval5_unit/clk_out1
    SLICE_X30Y97         FDCE                                         r  CPU/eval_inst/eval5_unit/base_rank_count_reg[10][2]/C
                         clock pessimism              0.228     0.723    
    SLICE_X30Y97         FDCE (Hold_fdce_C_D)         0.120     0.843    CPU/eval_inst/eval5_unit/base_rank_count_reg[10][2]
  -------------------------------------------------------------------
                         required time                         -0.843    
                         arrival time                           0.877    
  -------------------------------------------------------------------
                         slack                                  0.034    

Slack (MET) :             0.040ns  (arrival time - required time)
  Source:                 CPU/eval_inst/eval5_unit/rank_count_next_reg[5][1]/C
                            (rising edge-triggered cell FDRE clocked by clk_out1_clk_wiz_0  {rise@0.000ns fall@20.000ns period=40.000ns})
  Destination:            CPU/eval_inst/eval5_unit/base_rank_count_reg[5][1]/D
                            (rising edge-triggered cell FDCE clocked by clk_out1_clk_wiz_0  {rise@0.000ns fall@20.000ns period=40.000ns})
  Path Group:             clk_out1_clk_wiz_0
  Path Type:              Hold (Min at Fast Process Corner)
  Requirement:            0.000ns  (clk_out1_clk_wiz_0 rise@0.000ns - clk_out1_clk_wiz_0 rise@0.000ns)
  Data Path Delay:        0.407ns  (logic 0.186ns (45.649%)  route 0.221ns (54.351%))
  Logic Levels:           1  (LUT2=1)
  Clock Path Skew:        0.276ns (DCD - SCD - CPR)
    Destination Clock Delay (DCD):    0.494ns
    Source Clock Delay      (SCD):    0.446ns
    Clock Pessimism Removal (CPR):    -0.228ns

    Location             Delay type                Incr(ns)  Path(ns)    Netlist Resource(s)
  -------------------------------------------------------------------    -------------------
                         (clock clk_out1_clk_wiz_0 rise edge)
                                                      0.000     0.000 r  
    E3                   IBUF                         0.000     0.000 r  clk_100mhz_IBUF_inst/O
                         net (fo=4, routed)           0.440     0.440    pll/inst/clk_in1
    PLLE2_ADV_X1Y2       PLLE2_ADV (Prop_plle2_adv_CLKIN1_CLKOUT0)
                                                     -1.100    -0.659 r  pll/inst/plle2_adv_inst/CLKOUT0
                         net (fo=1, routed)           0.514    -0.146    pll/inst/clk_out1_clk_wiz_0
    BUFGCTRL_X0Y16       BUFG (Prop_bufg_I_O)         0.026    -0.120 r  pll/inst/clkout1_buf/O
                         net (fo=2220, routed)        0.566     0.446    CPU/eval_inst/eval5_unit/clk_out1
    SLICE_X33Y101        FDRE                                         r  CPU/eval_inst/eval5_unit/rank_count_next_reg[5][1]/C
  -------------------------------------------------------------------    -------------------
    SLICE_X33Y101        FDRE (Prop_fdre_C_Q)         0.141     0.587 r  CPU/eval_inst/eval5_unit/rank_count_next_reg[5][1]/Q
                         net (fo=1, routed)           0.221     0.809    CPU/eval_inst/eval5_unit/rank_count_next_reg_n_0_[5][1]
    SLICE_X31Y96         LUT2 (Prop_lut2_I0_O)        0.045     0.854 r  CPU/eval_inst/eval5_unit/base_rank_count[5][1]_i_1/O
                         net (fo=1, routed)           0.000     0.854    CPU/eval_inst/eval5_unit/base_rank_count[5][1]_i_1_n_0
    SLICE_X31Y96         FDCE                                         r  CPU/eval_inst/eval5_unit/base_rank_count_reg[5][1]/D
  -------------------------------------------------------------------    -------------------

                         (clock clk_out1_clk_wiz_0 rise edge)
                                                      0.000     0.000 r  
    E3                   IBUF                         0.000     0.000 r  clk_100mhz_IBUF_inst/O
                         net (fo=4, routed)           0.481     0.481    pll/inst/clk_in1
    PLLE2_ADV_X1Y2       PLLE2_ADV (Prop_plle2_adv_CLKIN1_CLKOUT0)
                                                     -1.417    -0.936 r  pll/inst/plle2_adv_inst/CLKOUT0
                         net (fo=1, routed)           0.560    -0.376    pll/inst/clk_out1_clk_wiz_0
    BUFGCTRL_X0Y16       BUFG (Prop_bufg_I_O)         0.029    -0.347 r  pll/inst/clkout1_buf/O
                         net (fo=2220, routed)        0.842     0.494    CPU/eval_inst/eval5_unit/clk_out1
    SLICE_X31Y96         FDCE                                         r  CPU/eval_inst/eval5_unit/base_rank_count_reg[5][1]/C
                         clock pessimism              0.228     0.722    
    SLICE_X31Y96         FDCE (Hold_fdce_C_D)         0.092     0.814    CPU/eval_inst/eval5_unit/base_rank_count_reg[5][1]
  -------------------------------------------------------------------
                         required time                         -0.814    
                         arrival time                           0.854    
  -------------------------------------------------------------------
                         slack                                  0.040    

Slack (MET) :             0.053ns  (arrival time - required time)
  Source:                 CPU/eval_inst/eval5_unit/rank_count_next_reg[2][0]/C
                            (rising edge-triggered cell FDRE clocked by clk_out1_clk_wiz_0  {rise@0.000ns fall@20.000ns period=40.000ns})
  Destination:            CPU/eval_inst/eval5_unit/base_rank_count_reg[2][0]/D
                            (rising edge-triggered cell FDCE clocked by clk_out1_clk_wiz_0  {rise@0.000ns fall@20.000ns period=40.000ns})
  Path Group:             clk_out1_clk_wiz_0
  Path Type:              Hold (Min at Fast Process Corner)
  Requirement:            0.000ns  (clk_out1_clk_wiz_0 rise@0.000ns - clk_out1_clk_wiz_0 rise@0.000ns)
  Data Path Delay:        0.423ns  (logic 0.186ns (43.988%)  route 0.237ns (56.012%))
  Logic Levels:           1  (LUT2=1)
  Clock Path Skew:        0.278ns (DCD - SCD - CPR)
    Destination Clock Delay (DCD):    0.495ns
    Source Clock Delay      (SCD):    0.445ns
    Clock Pessimism Removal (CPR):    -0.228ns

    Location             Delay type                Incr(ns)  Path(ns)    Netlist Resource(s)
  -------------------------------------------------------------------    -------------------
                         (clock clk_out1_clk_wiz_0 rise edge)
                                                      0.000     0.000 r  
    E3                   IBUF                         0.000     0.000 r  clk_100mhz_IBUF_inst/O
                         net (fo=4, routed)           0.440     0.440    pll/inst/clk_in1
    PLLE2_ADV_X1Y2       PLLE2_ADV (Prop_plle2_adv_CLKIN1_CLKOUT0)
                                                     -1.100    -0.659 r  pll/inst/plle2_adv_inst/CLKOUT0
                         net (fo=1, routed)           0.514    -0.146    pll/inst/clk_out1_clk_wiz_0
    BUFGCTRL_X0Y16       BUFG (Prop_bufg_I_O)         0.026    -0.120 r  pll/inst/clkout1_buf/O
                         net (fo=2220, routed)        0.565     0.445    CPU/eval_inst/eval5_unit/clk_out1
    SLICE_X36Y101        FDRE                                         r  CPU/eval_inst/eval5_unit/rank_count_next_reg[2][0]/C
  -------------------------------------------------------------------    -------------------
    SLICE_X36Y101        FDRE (Prop_fdre_C_Q)         0.141     0.586 r  CPU/eval_inst/eval5_unit/rank_count_next_reg[2][0]/Q
                         net (fo=1, routed)           0.237     0.823    CPU/eval_inst/eval5_unit/rank_count_next_reg_n_0_[2][0]
    SLICE_X32Y98         LUT2 (Prop_lut2_I0_O)        0.045     0.868 r  CPU/eval_inst/eval5_unit/base_rank_count[2][0]_i_1/O
                         net (fo=1, routed)           0.000     0.868    CPU/eval_inst/eval5_unit/base_rank_count[2][0]_i_1_n_0
    SLICE_X32Y98         FDCE                                         r  CPU/eval_inst/eval5_unit/base_rank_count_reg[2][0]/D
  -------------------------------------------------------------------    -------------------

                         (clock clk_out1_clk_wiz_0 rise edge)
                                                      0.000     0.000 r  
    E3                   IBUF                         0.000     0.000 r  clk_100mhz_IBUF_inst/O
                         net (fo=4, routed)           0.481     0.481    pll/inst/clk_in1
    PLLE2_ADV_X1Y2       PLLE2_ADV (Prop_plle2_adv_CLKIN1_CLKOUT0)
                                                     -1.417    -0.936 r  pll/inst/plle2_adv_inst/CLKOUT0
                         net (fo=1, routed)           0.560    -0.376    pll/inst/clk_out1_clk_wiz_0
    BUFGCTRL_X0Y16       BUFG (Prop_bufg_I_O)         0.029    -0.347 r  pll/inst/clkout1_buf/O
                         net (fo=2220, routed)        0.843     0.495    CPU/eval_inst/eval5_unit/clk_out1
    SLICE_X32Y98         FDCE                                         r  CPU/eval_inst/eval5_unit/base_rank_count_reg[2][0]/C
                         clock pessimism              0.228     0.723    
    SLICE_X32Y98         FDCE (Hold_fdce_C_D)         0.092     0.815    CPU/eval_inst/eval5_unit/base_rank_count_reg[2][0]
  -------------------------------------------------------------------
                         required time                         -0.815    
                         arrival time                           0.868    
  -------------------------------------------------------------------
                         slack                                  0.053    

Slack (MET) :             0.057ns  (arrival time - required time)
  Source:                 CPU/XM_O_latch/loop1[22].d_flip_flop/q_reg/C
                            (rising edge-triggered cell FDCE clocked by clk_out1_clk_wiz_0'  {rise@0.000ns fall@20.000ns period=40.000ns})
  Destination:            CPU/MW_O_latch/loop1[22].d_flip_flop/q_reg/D
                            (rising edge-triggered cell FDCE clocked by clk_out1_clk_wiz_0'  {rise@0.000ns fall@20.000ns period=40.000ns})
  Path Group:             clk_out1_clk_wiz_0
  Path Type:              Hold (Min at Fast Process Corner)
  Requirement:            0.000ns  (clk_out1_clk_wiz_0 fall@20.000ns - clk_out1_clk_wiz_0 fall@20.000ns)
  Data Path Delay:        0.384ns  (logic 0.141ns (36.766%)  route 0.243ns (63.234%))
  Logic Levels:           0  
  Clock Path Skew:        0.268ns (DCD - SCD - CPR)
    Destination Clock Delay (DCD):    1.995ns = ( 21.995 - 20.000 ) 
    Source Clock Delay      (SCD):    1.574ns = ( 21.574 - 20.000 ) 
    Clock Pessimism Removal (CPR):    0.153ns

    Location             Delay type                Incr(ns)  Path(ns)    Netlist Resource(s)
  -------------------------------------------------------------------    -------------------
                         (clock clk_out1_clk_wiz_0 fall edge)
                                                     20.000    20.000 f  
    E3                   IBUF                         0.000    20.000 f  clk_100mhz_IBUF_inst/O
                         net (fo=4, routed)           0.440    20.440    pll/inst/clk_in1
    PLLE2_ADV_X1Y2       PLLE2_ADV (Prop_plle2_adv_CLKIN1_CLKOUT0)
                                                     -1.100    19.341 f  pll/inst/plle2_adv_inst/CLKOUT0
                         net (fo=1, routed)           0.514    19.855    pll/inst/clk_out1_clk_wiz_0
    BUFGCTRL_X0Y16       BUFG (Prop_bufg_I_O)         0.026    19.881 f  pll/inst/clkout1_buf/O
                         net (fo=2220, routed)        0.787    20.668    clock
    SLICE_X51Y96         LUT1 (Prop_lut1_I0_O)        0.043    20.711 r  q_reg_i_10__0/O
                         net (fo=1, routed)           0.209    20.920    q_reg_i_10__0_n_0
    BUFGCTRL_X0Y0        BUFG (Prop_bufg_I_O)         0.093    21.013 r  q_reg_i_3__15/O
                         net (fo=370, routed)         0.561    21.574    CPU/XM_O_latch/loop1[22].d_flip_flop/clock0
    SLICE_X52Y101        FDCE                                         r  CPU/XM_O_latch/loop1[22].d_flip_flop/q_reg/C
  -------------------------------------------------------------------    -------------------
    SLICE_X52Y101        FDCE (Prop_fdce_C_Q)         0.141    21.715 r  CPU/XM_O_latch/loop1[22].d_flip_flop/q_reg/Q
                         net (fo=5, routed)           0.243    21.957    CPU/MW_O_latch/loop1[22].d_flip_flop/memAddr[0]
    SLICE_X46Y102        FDCE                                         r  CPU/MW_O_latch/loop1[22].d_flip_flop/q_reg/D
  -------------------------------------------------------------------    -------------------

                         (clock clk_out1_clk_wiz_0 fall edge)
                                                     20.000    20.000 f  
    E3                   IBUF                         0.000    20.000 f  clk_100mhz_IBUF_inst/O
                         net (fo=4, routed)           0.481    20.481    pll/inst/clk_in1
    PLLE2_ADV_X1Y2       PLLE2_ADV (Prop_plle2_adv_CLKIN1_CLKOUT0)
                                                     -1.417    19.064 f  pll/inst/plle2_adv_inst/CLKOUT0
                         net (fo=1, routed)           0.560    19.624    pll/inst/clk_out1_clk_wiz_0
    BUFGCTRL_X0Y16       BUFG (Prop_bufg_I_O)         0.029    19.653 f  pll/inst/clkout1_buf/O
                         net (fo=2220, routed)        1.108    20.761    clock
    SLICE_X51Y96         LUT1 (Prop_lut1_I0_O)        0.054    20.815 r  q_reg_i_10__0/O
                         net (fo=1, routed)           0.233    21.048    q_reg_i_10__0_n_0
    BUFGCTRL_X0Y0        BUFG (Prop_bufg_I_O)         0.113    21.161 r  q_reg_i_3__15/O
                         net (fo=370, routed)         0.833    21.995    CPU/MW_O_latch/loop1[22].d_flip_flop/clock0
    SLICE_X46Y102        FDCE                                         r  CPU/MW_O_latch/loop1[22].d_flip_flop/q_reg/C
                         clock pessimism             -0.153    21.842    
    SLICE_X46Y102        FDCE (Hold_fdce_C_D)         0.059    21.901    CPU/MW_O_latch/loop1[22].d_flip_flop/q_reg
  -------------------------------------------------------------------
                         required time                        -21.901    
                         arrival time                          21.957    
  -------------------------------------------------------------------
                         slack                                  0.057    

Slack (MET) :             0.091ns  (arrival time - required time)
  Source:                 CPU/DX_BRANCH_TARGET_latch/loop1[21].d_flip_flop/q_reg/C
                            (rising edge-triggered cell FDCE clocked by clk_out1_clk_wiz_0'  {rise@0.000ns fall@20.000ns period=40.000ns})
  Destination:            CPU/FD_PC_latch/loop1[21].d_flip_flop/q_reg/D
                            (rising edge-triggered cell FDCE clocked by clk_out1_clk_wiz_0'  {rise@0.000ns fall@20.000ns period=40.000ns})
  Path Group:             clk_out1_clk_wiz_0
  Path Type:              Hold (Min at Fast Process Corner)
  Requirement:            0.000ns  (clk_out1_clk_wiz_0 fall@20.000ns - clk_out1_clk_wiz_0 fall@20.000ns)
  Data Path Delay:        0.470ns  (logic 0.279ns (59.420%)  route 0.191ns (40.580%))
  Logic Levels:           2  (CARRY4=1 LUT5=1)
  Clock Path Skew:        0.274ns (DCD - SCD - CPR)
    Destination Clock Delay (DCD):    2.000ns = ( 22.000 - 20.000 ) 
    Source Clock Delay      (SCD):    1.578ns = ( 21.578 - 20.000 ) 
    Clock Pessimism Removal (CPR):    0.148ns

    Location             Delay type                Incr(ns)  Path(ns)    Netlist Resource(s)
  -------------------------------------------------------------------    -------------------
                         (clock clk_out1_clk_wiz_0 fall edge)
                                                     20.000    20.000 f  
    E3                   IBUF                         0.000    20.000 f  clk_100mhz_IBUF_inst/O
                         net (fo=4, routed)           0.440    20.440    pll/inst/clk_in1
    PLLE2_ADV_X1Y2       PLLE2_ADV (Prop_plle2_adv_CLKIN1_CLKOUT0)
                                                     -1.100    19.341 f  pll/inst/plle2_adv_inst/CLKOUT0
                         net (fo=1, routed)           0.514    19.855    pll/inst/clk_out1_clk_wiz_0
    BUFGCTRL_X0Y16       BUFG (Prop_bufg_I_O)         0.026    19.881 f  pll/inst/clkout1_buf/O
                         net (fo=2220, routed)        0.787    20.668    clock
    SLICE_X51Y96         LUT1 (Prop_lut1_I0_O)        0.043    20.711 r  q_reg_i_10__0/O
                         net (fo=1, routed)           0.209    20.920    q_reg_i_10__0_n_0
    BUFGCTRL_X0Y0        BUFG (Prop_bufg_I_O)         0.093    21.013 r  q_reg_i_3__15/O
                         net (fo=370, routed)         0.565    21.578    CPU/DX_BRANCH_TARGET_latch/loop1[21].d_flip_flop/clock0
    SLICE_X66Y100        FDCE                                         r  CPU/DX_BRANCH_TARGET_latch/loop1[21].d_flip_flop/q_reg/C
  -------------------------------------------------------------------    -------------------
    SLICE_X66Y100        FDCE (Prop_fdce_C_Q)         0.164    21.742 r  CPU/DX_BRANCH_TARGET_latch/loop1[21].d_flip_flop/q_reg/Q
                         net (fo=2, routed)           0.191    21.932    CPU/DX_OP_latch/loop1[3].d_flip_flop/q_reg_47
    SLICE_X65Y99         LUT5 (Prop_lut5_I3_O)        0.045    21.977 r  CPU/DX_OP_latch/loop1[3].d_flip_flop/q_i_5__40/O
                         net (fo=1, routed)           0.000    21.977    CPU/DX_OP_latch/loop1[3].d_flip_flop/q_i_5__40_n_0
    SLICE_X65Y99         CARRY4 (Prop_carry4_S[0]_O[0])
                                                      0.070    22.047 r  CPU/DX_OP_latch/loop1[3].d_flip_flop/q_reg_i_1__4/O[0]
                         net (fo=1, routed)           0.000    22.047    CPU/FD_PC_latch/loop1[21].d_flip_flop/q_reg_1[0]
    SLICE_X65Y99         FDCE                                         r  CPU/FD_PC_latch/loop1[21].d_flip_flop/q_reg/D
  -------------------------------------------------------------------    -------------------

                         (clock clk_out1_clk_wiz_0 fall edge)
                                                     20.000    20.000 f  
    E3                   IBUF                         0.000    20.000 f  clk_100mhz_IBUF_inst/O
                         net (fo=4, routed)           0.481    20.481    pll/inst/clk_in1
    PLLE2_ADV_X1Y2       PLLE2_ADV (Prop_plle2_adv_CLKIN1_CLKOUT0)
                                                     -1.417    19.064 f  pll/inst/plle2_adv_inst/CLKOUT0
                         net (fo=1, routed)           0.560    19.624    pll/inst/clk_out1_clk_wiz_0
    BUFGCTRL_X0Y16       BUFG (Prop_bufg_I_O)         0.029    19.653 f  pll/inst/clkout1_buf/O
                         net (fo=2220, routed)        1.108    20.761    clock
    SLICE_X51Y96         LUT1 (Prop_lut1_I0_O)        0.054    20.815 r  q_reg_i_10__0/O
                         net (fo=1, routed)           0.233    21.048    q_reg_i_10__0_n_0
    BUFGCTRL_X0Y0        BUFG (Prop_bufg_I_O)         0.113    21.161 r  q_reg_i_3__15/O
                         net (fo=370, routed)         0.839    22.000    CPU/FD_PC_latch/loop1[21].d_flip_flop/clock0
    SLICE_X65Y99         FDCE                                         r  CPU/FD_PC_latch/loop1[21].d_flip_flop/q_reg/C
                         clock pessimism             -0.148    21.852    
    SLICE_X65Y99         FDCE (Hold_fdce_C_D)         0.105    21.957    CPU/FD_PC_latch/loop1[21].d_flip_flop/q_reg
  -------------------------------------------------------------------
                         required time                        -21.957    
                         arrival time                          22.047    
  -------------------------------------------------------------------
                         slack                                  0.091    

Slack (MET) :             0.096ns  (arrival time - required time)
  Source:                 CPU/XM_O_latch/loop1[20].d_flip_flop/q_reg/C
                            (rising edge-triggered cell FDCE clocked by clk_out1_clk_wiz_0'  {rise@0.000ns fall@20.000ns period=40.000ns})
  Destination:            CPU/MW_O_latch/loop1[20].d_flip_flop/q_reg/D
                            (rising edge-triggered cell FDCE clocked by clk_out1_clk_wiz_0'  {rise@0.000ns fall@20.000ns period=40.000ns})
  Path Group:             clk_out1_clk_wiz_0
  Path Type:              Hold (Min at Fast Process Corner)
  Requirement:            0.000ns  (clk_out1_clk_wiz_0 fall@20.000ns - clk_out1_clk_wiz_0 fall@20.000ns)
  Data Path Delay:        0.444ns  (logic 0.141ns (31.741%)  route 0.303ns (68.259%))
  Logic Levels:           0  
  Clock Path Skew:        0.278ns (DCD - SCD - CPR)
    Destination Clock Delay (DCD):    2.000ns = ( 22.000 - 20.000 ) 
    Source Clock Delay      (SCD):    1.574ns = ( 21.574 - 20.000 ) 
    Clock Pessimism Removal (CPR):    0.148ns

    Location             Delay type                Incr(ns)  Path(ns)    Netlist Resource(s)
  -------------------------------------------------------------------    -------------------
                         (clock clk_out1_clk_wiz_0 fall edge)
                                                     20.000    20.000 f  
    E3                   IBUF                         0.000    20.000 f  clk_100mhz_IBUF_inst/O
                         net (fo=4, routed)           0.440    20.440    pll/inst/clk_in1
    PLLE2_ADV_X1Y2       PLLE2_ADV (Prop_plle2_adv_CLKIN1_CLKOUT0)
                                                     -1.100    19.341 f  pll/inst/plle2_adv_inst/CLKOUT0
                         net (fo=1, routed)           0.514    19.855    pll/inst/clk_out1_clk_wiz_0
    BUFGCTRL_X0Y16       BUFG (Prop_bufg_I_O)         0.026    19.881 f  pll/inst/clkout1_buf/O
                         net (fo=2220, routed)        0.787    20.668    clock
    SLICE_X51Y96         LUT1 (Prop_lut1_I0_O)        0.043    20.711 r  q_reg_i_10__0/O
                         net (fo=1, routed)           0.209    20.920    q_reg_i_10__0_n_0
    BUFGCTRL_X0Y0        BUFG (Prop_bufg_I_O)         0.093    21.013 r  q_reg_i_3__15/O
                         net (fo=370, routed)         0.561    21.574    CPU/XM_O_latch/loop1[20].d_flip_flop/clock0
    SLICE_X52Y101        FDCE                                         r  CPU/XM_O_latch/loop1[20].d_flip_flop/q_reg/C
  -------------------------------------------------------------------    -------------------
    SLICE_X52Y101        FDCE (Prop_fdce_C_Q)         0.141    21.715 r  CPU/XM_O_latch/loop1[20].d_flip_flop/q_reg/Q
                         net (fo=5, routed)           0.303    22.018    CPU/MW_O_latch/loop1[20].d_flip_flop/memAddr[0]
    SLICE_X40Y97         FDCE                                         r  CPU/MW_O_latch/loop1[20].d_flip_flop/q_reg/D
  -------------------------------------------------------------------    -------------------

                         (clock clk_out1_clk_wiz_0 fall edge)
                                                     20.000    20.000 f  
    E3                   IBUF                         0.000    20.000 f  clk_100mhz_IBUF_inst/O
                         net (fo=4, routed)           0.481    20.481    pll/inst/clk_in1
    PLLE2_ADV_X1Y2       PLLE2_ADV (Prop_plle2_adv_CLKIN1_CLKOUT0)
                                                     -1.417    19.064 f  pll/inst/plle2_adv_inst/CLKOUT0
                         net (fo=1, routed)           0.560    19.624    pll/inst/clk_out1_clk_wiz_0
    BUFGCTRL_X0Y16       BUFG (Prop_bufg_I_O)         0.029    19.653 f  pll/inst/clkout1_buf/O
                         net (fo=2220, routed)        1.108    20.761    clock
    SLICE_X51Y96         LUT1 (Prop_lut1_I0_O)        0.054    20.815 r  q_reg_i_10__0/O
                         net (fo=1, routed)           0.233    21.048    q_reg_i_10__0_n_0
    BUFGCTRL_X0Y0        BUFG (Prop_bufg_I_O)         0.113    21.161 r  q_reg_i_3__15/O
                         net (fo=370, routed)         0.839    22.000    CPU/MW_O_latch/loop1[20].d_flip_flop/clock0
    SLICE_X40Y97         FDCE                                         r  CPU/MW_O_latch/loop1[20].d_flip_flop/q_reg/C
                         clock pessimism             -0.148    21.852    
    SLICE_X40Y97         FDCE (Hold_fdce_C_D)         0.070    21.922    CPU/MW_O_latch/loop1[20].d_flip_flop/q_reg
  -------------------------------------------------------------------
                         required time                        -21.922    
                         arrival time                          22.018    
  -------------------------------------------------------------------
                         slack                                  0.096    

Slack (MET) :             0.097ns  (arrival time - required time)
  Source:                 CPU/eval_inst/eval5_unit/rank_count_next_reg[7][0]/C
                            (rising edge-triggered cell FDRE clocked by clk_out1_clk_wiz_0  {rise@0.000ns fall@20.000ns period=40.000ns})
  Destination:            CPU/eval_inst/eval5_unit/base_rank_count_reg[7][0]/D
                            (rising edge-triggered cell FDCE clocked by clk_out1_clk_wiz_0  {rise@0.000ns fall@20.000ns period=40.000ns})
  Path Group:             clk_out1_clk_wiz_0
  Path Type:              Hold (Min at Fast Process Corner)
  Requirement:            0.000ns  (clk_out1_clk_wiz_0 rise@0.000ns - clk_out1_clk_wiz_0 rise@0.000ns)
  Data Path Delay:        0.465ns  (logic 0.186ns (39.981%)  route 0.279ns (60.019%))
  Logic Levels:           1  (LUT2=1)
  Clock Path Skew:        0.276ns (DCD - SCD - CPR)
    Destination Clock Delay (DCD):    0.494ns
    Source Clock Delay      (SCD):    0.446ns
    Clock Pessimism Removal (CPR):    -0.228ns

    Location             Delay type                Incr(ns)  Path(ns)    Netlist Resource(s)
  -------------------------------------------------------------------    -------------------
                         (clock clk_out1_clk_wiz_0 rise edge)
                                                      0.000     0.000 r  
    E3                   IBUF                         0.000     0.000 r  clk_100mhz_IBUF_inst/O
                         net (fo=4, routed)           0.440     0.440    pll/inst/clk_in1
    PLLE2_ADV_X1Y2       PLLE2_ADV (Prop_plle2_adv_CLKIN1_CLKOUT0)
                                                     -1.100    -0.659 r  pll/inst/plle2_adv_inst/CLKOUT0
                         net (fo=1, routed)           0.514    -0.146    pll/inst/clk_out1_clk_wiz_0
    BUFGCTRL_X0Y16       BUFG (Prop_bufg_I_O)         0.026    -0.120 r  pll/inst/clkout1_buf/O
                         net (fo=2220, routed)        0.566     0.446    CPU/eval_inst/eval5_unit/clk_out1
    SLICE_X33Y100        FDRE                                         r  CPU/eval_inst/eval5_unit/rank_count_next_reg[7][0]/C
  -------------------------------------------------------------------    -------------------
    SLICE_X33Y100        FDRE (Prop_fdre_C_Q)         0.141     0.587 r  CPU/eval_inst/eval5_unit/rank_count_next_reg[7][0]/Q
                         net (fo=1, routed)           0.279     0.866    CPU/eval_inst/eval5_unit/rank_count_next_reg_n_0_[7][0]
    SLICE_X31Y96         LUT2 (Prop_lut2_I0_O)        0.045     0.911 r  CPU/eval_inst/eval5_unit/base_rank_count[7][0]_i_1/O
                         net (fo=1, routed)           0.000     0.911    CPU/eval_inst/eval5_unit/base_rank_count[7][0]_i_1_n_0
    SLICE_X31Y96         FDCE                                         r  CPU/eval_inst/eval5_unit/base_rank_count_reg[7][0]/D
  -------------------------------------------------------------------    -------------------

                         (clock clk_out1_clk_wiz_0 rise edge)
                                                      0.000     0.000 r  
    E3                   IBUF                         0.000     0.000 r  clk_100mhz_IBUF_inst/O
                         net (fo=4, routed)           0.481     0.481    pll/inst/clk_in1
    PLLE2_ADV_X1Y2       PLLE2_ADV (Prop_plle2_adv_CLKIN1_CLKOUT0)
                                                     -1.417    -0.936 r  pll/inst/plle2_adv_inst/CLKOUT0
                         net (fo=1, routed)           0.560    -0.376    pll/inst/clk_out1_clk_wiz_0
    BUFGCTRL_X0Y16       BUFG (Prop_bufg_I_O)         0.029    -0.347 r  pll/inst/clkout1_buf/O
                         net (fo=2220, routed)        0.842     0.494    CPU/eval_inst/eval5_unit/clk_out1
    SLICE_X31Y96         FDCE                                         r  CPU/eval_inst/eval5_unit/base_rank_count_reg[7][0]/C
                         clock pessimism              0.228     0.722    
    SLICE_X31Y96         FDCE (Hold_fdce_C_D)         0.092     0.814    CPU/eval_inst/eval5_unit/base_rank_count_reg[7][0]
  -------------------------------------------------------------------
                         required time                         -0.814    
                         arrival time                           0.911    
  -------------------------------------------------------------------
                         slack                                  0.097    

Slack (MET) :             0.104ns  (arrival time - required time)
  Source:                 CPU/eval_inst/eval5_unit/rank_count_next_reg[4][0]/C
                            (rising edge-triggered cell FDRE clocked by clk_out1_clk_wiz_0  {rise@0.000ns fall@20.000ns period=40.000ns})
  Destination:            CPU/eval_inst/eval5_unit/base_rank_count_reg[4][0]/D
                            (rising edge-triggered cell FDCE clocked by clk_out1_clk_wiz_0  {rise@0.000ns fall@20.000ns period=40.000ns})
  Path Group:             clk_out1_clk_wiz_0
  Path Type:              Hold (Min at Fast Process Corner)
  Requirement:            0.000ns  (clk_out1_clk_wiz_0 rise@0.000ns - clk_out1_clk_wiz_0 rise@0.000ns)
  Data Path Delay:        0.473ns  (logic 0.186ns (39.296%)  route 0.287ns (60.704%))
  Logic Levels:           1  (LUT2=1)
  Clock Path Skew:        0.277ns (DCD - SCD - CPR)
    Destination Clock Delay (DCD):    0.495ns
    Source Clock Delay      (SCD):    0.446ns
    Clock Pessimism Removal (CPR):    -0.228ns

    Location             Delay type                Incr(ns)  Path(ns)    Netlist Resource(s)
  -------------------------------------------------------------------    -------------------
                         (clock clk_out1_clk_wiz_0 rise edge)
                                                      0.000     0.000 r  
    E3                   IBUF                         0.000     0.000 r  clk_100mhz_IBUF_inst/O
                         net (fo=4, routed)           0.440     0.440    pll/inst/clk_in1
    PLLE2_ADV_X1Y2       PLLE2_ADV (Prop_plle2_adv_CLKIN1_CLKOUT0)
                                                     -1.100    -0.659 r  pll/inst/plle2_adv_inst/CLKOUT0
                         net (fo=1, routed)           0.514    -0.146    pll/inst/clk_out1_clk_wiz_0
    BUFGCTRL_X0Y16       BUFG (Prop_bufg_I_O)         0.026    -0.120 r  pll/inst/clkout1_buf/O
                         net (fo=2220, routed)        0.566     0.446    CPU/eval_inst/eval5_unit/clk_out1
    SLICE_X33Y100        FDRE                                         r  CPU/eval_inst/eval5_unit/rank_count_next_reg[4][0]/C
  -------------------------------------------------------------------    -------------------
    SLICE_X33Y100        FDRE (Prop_fdre_C_Q)         0.141     0.587 r  CPU/eval_inst/eval5_unit/rank_count_next_reg[4][0]/Q
                         net (fo=1, routed)           0.287     0.875    CPU/eval_inst/eval5_unit/rank_count_next_reg_n_0_[4][0]
    SLICE_X32Y98         LUT2 (Prop_lut2_I0_O)        0.045     0.920 r  CPU/eval_inst/eval5_unit/base_rank_count[4][0]_i_1/O
                         net (fo=1, routed)           0.000     0.920    CPU/eval_inst/eval5_unit/base_rank_count[4][0]_i_1_n_0
    SLICE_X32Y98         FDCE                                         r  CPU/eval_inst/eval5_unit/base_rank_count_reg[4][0]/D
  -------------------------------------------------------------------    -------------------

                         (clock clk_out1_clk_wiz_0 rise edge)
                                                      0.000     0.000 r  
    E3                   IBUF                         0.000     0.000 r  clk_100mhz_IBUF_inst/O
                         net (fo=4, routed)           0.481     0.481    pll/inst/clk_in1
    PLLE2_ADV_X1Y2       PLLE2_ADV (Prop_plle2_adv_CLKIN1_CLKOUT0)
                                                     -1.417    -0.936 r  pll/inst/plle2_adv_inst/CLKOUT0
                         net (fo=1, routed)           0.560    -0.376    pll/inst/clk_out1_clk_wiz_0
    BUFGCTRL_X0Y16       BUFG (Prop_bufg_I_O)         0.029    -0.347 r  pll/inst/clkout1_buf/O
                         net (fo=2220, routed)        0.843     0.495    CPU/eval_inst/eval5_unit/clk_out1
    SLICE_X32Y98         FDCE                                         r  CPU/eval_inst/eval5_unit/base_rank_count_reg[4][0]/C
                         clock pessimism              0.228     0.723    
    SLICE_X32Y98         FDCE (Hold_fdce_C_D)         0.092     0.815    CPU/eval_inst/eval5_unit/base_rank_count_reg[4][0]
  -------------------------------------------------------------------
                         required time                         -0.815    
                         arrival time                           0.920    
  -------------------------------------------------------------------
                         slack                                  0.104    

Slack (MET) :             0.110ns  (arrival time - required time)
  Source:                 CPU/eval_inst/eval5_unit/rank_count_next_reg[9][1]/C
                            (rising edge-triggered cell FDRE clocked by clk_out1_clk_wiz_0  {rise@0.000ns fall@20.000ns period=40.000ns})
  Destination:            CPU/eval_inst/eval5_unit/base_rank_count_reg[9][1]/D
                            (rising edge-triggered cell FDCE clocked by clk_out1_clk_wiz_0  {rise@0.000ns fall@20.000ns period=40.000ns})
  Path Group:             clk_out1_clk_wiz_0
  Path Type:              Hold (Min at Fast Process Corner)
  Requirement:            0.000ns  (clk_out1_clk_wiz_0 rise@0.000ns - clk_out1_clk_wiz_0 rise@0.000ns)
  Data Path Delay:        0.507ns  (logic 0.186ns (36.668%)  route 0.321ns (63.332%))
  Logic Levels:           1  (LUT2=1)
  Clock Path Skew:        0.276ns (DCD - SCD - CPR)
    Destination Clock Delay (DCD):    0.495ns
    Source Clock Delay      (SCD):    0.447ns
    Clock Pessimism Removal (CPR):    -0.228ns

    Location             Delay type                Incr(ns)  Path(ns)    Netlist Resource(s)
  -------------------------------------------------------------------    -------------------
                         (clock clk_out1_clk_wiz_0 rise edge)
                                                      0.000     0.000 r  
    E3                   IBUF                         0.000     0.000 r  clk_100mhz_IBUF_inst/O
                         net (fo=4, routed)           0.440     0.440    pll/inst/clk_in1
    PLLE2_ADV_X1Y2       PLLE2_ADV (Prop_plle2_adv_CLKIN1_CLKOUT0)
                                                     -1.100    -0.659 r  pll/inst/plle2_adv_inst/CLKOUT0
                         net (fo=1, routed)           0.514    -0.146    pll/inst/clk_out1_clk_wiz_0
    BUFGCTRL_X0Y16       BUFG (Prop_bufg_I_O)         0.026    -0.120 r  pll/inst/clkout1_buf/O
                         net (fo=2220, routed)        0.567     0.447    CPU/eval_inst/eval5_unit/clk_out1
    SLICE_X29Y100        FDRE                                         r  CPU/eval_inst/eval5_unit/rank_count_next_reg[9][1]/C
  -------------------------------------------------------------------    -------------------
    SLICE_X29Y100        FDRE (Prop_fdre_C_Q)         0.141     0.588 r  CPU/eval_inst/eval5_unit/rank_count_next_reg[9][1]/Q
                         net (fo=1, routed)           0.321     0.909    CPU/eval_inst/eval5_unit/rank_count_next_reg_n_0_[9][1]
    SLICE_X30Y97         LUT2 (Prop_lut2_I0_O)        0.045     0.954 r  CPU/eval_inst/eval5_unit/base_rank_count[9][1]_i_1/O
                         net (fo=1, routed)           0.000     0.954    CPU/eval_inst/eval5_unit/base_rank_count[9][1]_i_1_n_0
    SLICE_X30Y97         FDCE                                         r  CPU/eval_inst/eval5_unit/base_rank_count_reg[9][1]/D
  -------------------------------------------------------------------    -------------------

                         (clock clk_out1_clk_wiz_0 rise edge)
                                                      0.000     0.000 r  
    E3                   IBUF                         0.000     0.000 r  clk_100mhz_IBUF_inst/O
                         net (fo=4, routed)           0.481     0.481    pll/inst/clk_in1
    PLLE2_ADV_X1Y2       PLLE2_ADV (Prop_plle2_adv_CLKIN1_CLKOUT0)
                                                     -1.417    -0.936 r  pll/inst/plle2_adv_inst/CLKOUT0
                         net (fo=1, routed)           0.560    -0.376    pll/inst/clk_out1_clk_wiz_0
    BUFGCTRL_X0Y16       BUFG (Prop_bufg_I_O)         0.029    -0.347 r  pll/inst/clkout1_buf/O
                         net (fo=2220, routed)        0.843     0.495    CPU/eval_inst/eval5_unit/clk_out1
    SLICE_X30Y97         FDCE                                         r  CPU/eval_inst/eval5_unit/base_rank_count_reg[9][1]/C
                         clock pessimism              0.228     0.723    
    SLICE_X30Y97         FDCE (Hold_fdce_C_D)         0.121     0.844    CPU/eval_inst/eval5_unit/base_rank_count_reg[9][1]
  -------------------------------------------------------------------
                         required time                         -0.844    
                         arrival time                           0.954    
  -------------------------------------------------------------------
                         slack                                  0.110    

Slack (MET) :             0.114ns  (arrival time - required time)
  Source:                 CPU/multdiv_module/mult_module/result_reg[16]/C
                            (rising edge-triggered cell FDRE clocked by clk_out1_clk_wiz_0  {rise@0.000ns fall@20.000ns period=40.000ns})
  Destination:            CPU/multdiv_module/mult_module/result_reg[14]/D
                            (rising edge-triggered cell FDRE clocked by clk_out1_clk_wiz_0  {rise@0.000ns fall@20.000ns period=40.000ns})
  Path Group:             clk_out1_clk_wiz_0
  Path Type:              Hold (Min at Fast Process Corner)
  Requirement:            0.000ns  (clk_out1_clk_wiz_0 rise@0.000ns - clk_out1_clk_wiz_0 rise@0.000ns)
  Data Path Delay:        0.482ns  (logic 0.186ns (38.587%)  route 0.296ns (61.413%))
  Logic Levels:           1  (LUT3=1)
  Clock Path Skew:        0.276ns (DCD - SCD - CPR)
    Destination Clock Delay (DCD):    0.488ns
    Source Clock Delay      (SCD):    0.440ns
    Clock Pessimism Removal (CPR):    -0.228ns

    Location             Delay type                Incr(ns)  Path(ns)    Netlist Resource(s)
  -------------------------------------------------------------------    -------------------
                         (clock clk_out1_clk_wiz_0 rise edge)
                                                      0.000     0.000 r  
    E3                   IBUF                         0.000     0.000 r  clk_100mhz_IBUF_inst/O
                         net (fo=4, routed)           0.440     0.440    pll/inst/clk_in1
    PLLE2_ADV_X1Y2       PLLE2_ADV (Prop_plle2_adv_CLKIN1_CLKOUT0)
                                                     -1.100    -0.659 r  pll/inst/plle2_adv_inst/CLKOUT0
                         net (fo=1, routed)           0.514    -0.146    pll/inst/clk_out1_clk_wiz_0
    BUFGCTRL_X0Y16       BUFG (Prop_bufg_I_O)         0.026    -0.120 r  pll/inst/clkout1_buf/O
                         net (fo=2220, routed)        0.560     0.440    CPU/multdiv_module/mult_module/clk_out1
    SLICE_X51Y101        FDRE                                         r  CPU/multdiv_module/mult_module/result_reg[16]/C
  -------------------------------------------------------------------    -------------------
    SLICE_X51Y101        FDRE (Prop_fdre_C_Q)         0.141     0.581 r  CPU/multdiv_module/mult_module/result_reg[16]/Q
                         net (fo=2, routed)           0.296     0.877    CPU/XM_O_latch/loop1[15].d_flip_flop/Q[0]
    SLICE_X51Y97         LUT3 (Prop_lut3_I2_O)        0.045     0.922 r  CPU/XM_O_latch/loop1[15].d_flip_flop/result[14]_i_1__0/O
                         net (fo=1, routed)           0.000     0.922    CPU/multdiv_module/mult_module/D[14]
    SLICE_X51Y97         FDRE                                         r  CPU/multdiv_module/mult_module/result_reg[14]/D
  -------------------------------------------------------------------    -------------------

                         (clock clk_out1_clk_wiz_0 rise edge)
                                                      0.000     0.000 r  
    E3                   IBUF                         0.000     0.000 r  clk_100mhz_IBUF_inst/O
                         net (fo=4, routed)           0.481     0.481    pll/inst/clk_in1
    PLLE2_ADV_X1Y2       PLLE2_ADV (Prop_plle2_adv_CLKIN1_CLKOUT0)
                                                     -1.417    -0.936 r  pll/inst/plle2_adv_inst/CLKOUT0
                         net (fo=1, routed)           0.560    -0.376    pll/inst/clk_out1_clk_wiz_0
    BUFGCTRL_X0Y16       BUFG (Prop_bufg_I_O)         0.029    -0.347 r  pll/inst/clkout1_buf/O
                         net (fo=2220, routed)        0.836     0.488    CPU/multdiv_module/mult_module/clk_out1
    SLICE_X51Y97         FDRE                                         r  CPU/multdiv_module/mult_module/result_reg[14]/C
                         clock pessimism              0.228     0.716    
    SLICE_X51Y97         FDRE (Hold_fdre_C_D)         0.092     0.808    CPU/multdiv_module/mult_module/result_reg[14]
  -------------------------------------------------------------------
                         required time                         -0.808    
                         arrival time                           0.922    
  -------------------------------------------------------------------
                         slack                                  0.114    





Pulse Width Checks
--------------------------------------------------------------------------------------
Clock Name:         clk_out1_clk_wiz_0
Waveform(ns):       { 0.000 20.000 }
Period(ns):         40.000
Sources:            { pll/inst/plle2_adv_inst/CLKOUT0 }

Check Type        Corner  Lib Pin             Reference Pin  Required(ns)  Actual(ns)  Slack(ns)  Location        Pin
Min Period        n/a     RAMB36E1/CLKARDCLK  n/a            2.892         40.000      37.108     RAMB36_X2Y10    u_chart_rom/q_reg_0_0/CLKARDCLK
Min Period        n/a     RAMB36E1/CLKARDCLK  n/a            2.892         40.000      37.108     RAMB36_X2Y16    u_chart_rom/q_reg_0_1/CLKARDCLK
Min Period        n/a     RAMB36E1/CLKARDCLK  n/a            2.892         40.000      37.108     RAMB36_X1Y3     u_chart_rom/q_reg_0_10/CLKARDCLK
Min Period        n/a     RAMB36E1/CLKARDCLK  n/a            2.892         40.000      37.108     RAMB36_X1Y7     u_chart_rom/q_reg_0_11/CLKARDCLK
Min Period        n/a     RAMB36E1/CLKARDCLK  n/a            2.892         40.000      37.108     RAMB36_X0Y20    u_chart_rom/q_reg_0_12/CLKARDCLK
Min Period        n/a     RAMB36E1/CLKARDCLK  n/a            2.892         40.000      37.108     RAMB36_X0Y13    u_chart_rom/q_reg_0_13/CLKARDCLK
Min Period        n/a     RAMB36E1/CLKARDCLK  n/a            2.892         40.000      37.108     RAMB36_X3Y16    u_chart_rom/q_reg_0_14/CLKARDCLK
Min Period        n/a     RAMB36E1/CLKARDCLK  n/a            2.892         40.000      37.108     RAMB36_X2Y20    u_chart_rom/q_reg_0_15/CLKARDCLK
Min Period        n/a     RAMB36E1/CLKARDCLK  n/a            2.892         40.000      37.108     RAMB36_X1Y11    u_chart_rom/q_reg_0_16/CLKARDCLK
Min Period        n/a     RAMB36E1/CLKARDCLK  n/a            2.892         40.000      37.108     RAMB36_X2Y8     u_chart_rom/q_reg_0_17/CLKARDCLK
Max Period        n/a     PLLE2_ADV/CLKOUT0   n/a            160.000       40.000      120.000    PLLE2_ADV_X1Y2  pll/inst/plle2_adv_inst/CLKOUT0
Low Pulse Width   Slow    FDRE/C              n/a            0.500         20.000      19.500     SLICE_X48Y83    SW_M_reg[0]/C
Low Pulse Width   Fast    FDRE/C              n/a            0.500         20.000      19.500     SLICE_X48Y83    SW_M_reg[0]/C
Low Pulse Width   Slow    FDRE/C              n/a            0.500         20.000      19.500     SLICE_X28Y89    SW_M_reg[10]/C
Low Pulse Width   Fast    FDRE/C              n/a            0.500         20.000      19.500     SLICE_X28Y89    SW_M_reg[10]/C
Low Pulse Width   Slow    FDRE/C              n/a            0.500         20.000      19.500     SLICE_X28Y89    SW_M_reg[11]/C
Low Pulse Width   Fast    FDRE/C              n/a            0.500         20.000      19.500     SLICE_X28Y89    SW_M_reg[11]/C
Low Pulse Width   Slow    FDRE/C              n/a            0.500         20.000      19.500     SLICE_X31Y93    SW_M_reg[12]/C
Low Pulse Width   Fast    FDRE/C              n/a            0.500         20.000      19.500     SLICE_X31Y93    SW_M_reg[12]/C
Low Pulse Width   Slow    FDRE/C              n/a            0.500         20.000      19.500     SLICE_X36Y60    SW_M_reg[13]/C
Low Pulse Width   Fast    FDRE/C              n/a            0.500         20.000      19.500     SLICE_X36Y60    SW_M_reg[13]/C
High Pulse Width  Slow    FDRE/C              n/a            0.500         20.000      19.500     SLICE_X48Y83    SW_M_reg[0]/C
High Pulse Width  Fast    FDRE/C              n/a            0.500         20.000      19.500     SLICE_X48Y83    SW_M_reg[0]/C
High Pulse Width  Slow    FDRE/C              n/a            0.500         20.000      19.500     SLICE_X28Y89    SW_M_reg[10]/C
High Pulse Width  Fast    FDRE/C              n/a            0.500         20.000      19.500     SLICE_X28Y89    SW_M_reg[10]/C
High Pulse Width  Slow    FDRE/C              n/a            0.500         20.000      19.500     SLICE_X28Y89    SW_M_reg[11]/C
High Pulse Width  Fast    FDRE/C              n/a            0.500         20.000      19.500     SLICE_X28Y89    SW_M_reg[11]/C
High Pulse Width  Slow    FDRE/C              n/a            0.500         20.000      19.500     SLICE_X31Y93    SW_M_reg[12]/C
High Pulse Width  Fast    FDRE/C              n/a            0.500         20.000      19.500     SLICE_X31Y93    SW_M_reg[12]/C
High Pulse Width  Slow    FDRE/C              n/a            0.500         20.000      19.500     SLICE_X36Y60    SW_M_reg[13]/C
High Pulse Width  Fast    FDRE/C              n/a            0.500         20.000      19.500     SLICE_X36Y60    SW_M_reg[13]/C



---------------------------------------------------------------------------------------------------
From Clock:  clkfbout_clk_wiz_0
  To Clock:  clkfbout_clk_wiz_0

Setup :           NA  Failing Endpoints,  Worst Slack           NA  ,  Total Violation           NA
Hold  :           NA  Failing Endpoints,  Worst Slack           NA  ,  Total Violation           NA
PW    :            0  Failing Endpoints,  Worst Slack       12.633ns,  Total Violation        0.000ns
---------------------------------------------------------------------------------------------------


Pulse Width Checks
--------------------------------------------------------------------------------------
Clock Name:         clkfbout_clk_wiz_0
Waveform(ns):       { 0.000 20.000 }
Period(ns):         40.000
Sources:            { pll/inst/plle2_adv_inst/CLKFBOUT }

Check Type  Corner  Lib Pin             Reference Pin  Required(ns)  Actual(ns)  Slack(ns)  Location        Pin
Min Period  n/a     BUFG/I              n/a            2.155         40.000      37.845     BUFGCTRL_X0Y17  pll/inst/clkf_buf/I
Min Period  n/a     PLLE2_ADV/CLKFBOUT  n/a            1.249         40.000      38.751     PLLE2_ADV_X1Y2  pll/inst/plle2_adv_inst/CLKFBOUT
Min Period  n/a     PLLE2_ADV/CLKFBIN   n/a            1.249         40.000      38.751     PLLE2_ADV_X1Y2  pll/inst/plle2_adv_inst/CLKFBIN
Max Period  n/a     PLLE2_ADV/CLKFBIN   n/a            52.633        40.000      12.633     PLLE2_ADV_X1Y2  pll/inst/plle2_adv_inst/CLKFBIN
Max Period  n/a     PLLE2_ADV/CLKFBOUT  n/a            160.000       40.000      120.000    PLLE2_ADV_X1Y2  pll/inst/plle2_adv_inst/CLKFBOUT



---------------------------------------------------------------------------------------------------
From Clock:  sys_clk_pin
  To Clock:  sys_clk_pin

Setup :            0  Failing Endpoints,  Worst Slack        8.739ns,  Total Violation        0.000ns
Hold  :            0  Failing Endpoints,  Worst Slack        0.264ns,  Total Violation        0.000ns
PW    :            0  Failing Endpoints,  Worst Slack        4.500ns,  Total Violation        0.000ns
---------------------------------------------------------------------------------------------------


Max Delay Paths
--------------------------------------------------------------------------------------
Slack (MET) :             8.739ns  (required time - arrival time)
  Source:                 locked_sync_reg/C
                            (rising edge-triggered cell FDCE clocked by sys_clk_pin  {rise@0.000ns fall@5.000ns period=10.000ns})
  Destination:            pll_lock_seen_reg/D
                            (rising edge-triggered cell FDCE clocked by sys_clk_pin  {rise@0.000ns fall@5.000ns period=10.000ns})
  Path Group:             sys_clk_pin
  Path Type:              Setup (Max at Slow Process Corner)
  Requirement:            10.000ns  (sys_clk_pin rise@10.000ns - sys_clk_pin rise@0.000ns)
  Data Path Delay:        1.303ns  (logic 0.642ns (49.267%)  route 0.661ns (50.733%))
  Logic Levels:           1  (LUT2=1)
  Clock Path Skew:        0.000ns (DCD - SCD + CPR)
    Destination Clock Delay (DCD):    2.902ns = ( 12.902 - 10.000 ) 
    Source Clock Delay      (SCD):    3.196ns
    Clock Pessimism Removal (CPR):    0.294ns
  Clock Uncertainty:      0.035ns  ((TSJ^2 + TIJ^2)^1/2 + DJ) / 2 + PE
    Total System Jitter     (TSJ):    0.071ns
    Total Input Jitter      (TIJ):    0.000ns
    Discrete Jitter          (DJ):    0.000ns
    Phase Error              (PE):    0.000ns

    Location             Delay type                Incr(ns)  Path(ns)    Netlist Resource(s)
  -------------------------------------------------------------------    -------------------
                         (clock sys_clk_pin rise edge)
                                                      0.000     0.000 r  
    E3                                                0.000     0.000 r  clk_100mhz (IN)
                         net (fo=0)                   0.000     0.000    clk_100mhz
    E3                   IBUF (Prop_ibuf_I_O)         1.482     1.482 r  clk_100mhz_IBUF_inst/O
                         net (fo=4, routed)           1.714     3.196    clk_100mhz_IBUF
    SLICE_X66Y127        FDCE                                         r  locked_sync_reg/C
  -------------------------------------------------------------------    -------------------
    SLICE_X66Y127        FDCE (Prop_fdce_C_Q)         0.518     3.714 r  locked_sync_reg/Q
                         net (fo=1, routed)           0.661     4.375    locked_sync
    SLICE_X66Y127        LUT2 (Prop_lut2_I0_O)        0.124     4.499 r  pll_lock_seen_i_1/O
                         net (fo=1, routed)           0.000     4.499    pll_lock_seen_i_1_n_0
    SLICE_X66Y127        FDCE                                         r  pll_lock_seen_reg/D
  -------------------------------------------------------------------    -------------------

                         (clock sys_clk_pin rise edge)
                                                     10.000    10.000 r  
    E3                                                0.000    10.000 r  clk_100mhz (IN)
                         net (fo=0)                   0.000    10.000    clk_100mhz
    E3                   IBUF (Prop_ibuf_I_O)         1.411    11.411 r  clk_100mhz_IBUF_inst/O
                         net (fo=4, routed)           1.491    12.902    clk_100mhz_IBUF
    SLICE_X66Y127        FDCE                                         r  pll_lock_seen_reg/C
                         clock pessimism              0.294    13.196    
                         clock uncertainty           -0.035    13.160    
    SLICE_X66Y127        FDCE (Setup_fdce_C_D)        0.077    13.237    pll_lock_seen_reg
  -------------------------------------------------------------------
                         required time                         13.237    
                         arrival time                          -4.499    
  -------------------------------------------------------------------
                         slack                                  8.739    

Slack (MET) :             8.888ns  (required time - arrival time)
  Source:                 locked_meta_reg/C
                            (rising edge-triggered cell FDCE clocked by sys_clk_pin  {rise@0.000ns fall@5.000ns period=10.000ns})
  Destination:            locked_sync_reg/D
                            (rising edge-triggered cell FDCE clocked by sys_clk_pin  {rise@0.000ns fall@5.000ns period=10.000ns})
  Path Group:             sys_clk_pin
  Path Type:              Setup (Max at Slow Process Corner)
  Requirement:            10.000ns  (sys_clk_pin rise@10.000ns - sys_clk_pin rise@0.000ns)
  Data Path Delay:        0.860ns  (logic 0.478ns (55.565%)  route 0.382ns (44.435%))
  Logic Levels:           0  
  Clock Path Skew:        0.000ns (DCD - SCD + CPR)
    Destination Clock Delay (DCD):    2.902ns = ( 12.902 - 10.000 ) 
    Source Clock Delay      (SCD):    3.196ns
    Clock Pessimism Removal (CPR):    0.294ns
  Clock Uncertainty:      0.035ns  ((TSJ^2 + TIJ^2)^1/2 + DJ) / 2 + PE
    Total System Jitter     (TSJ):    0.071ns
    Total Input Jitter      (TIJ):    0.000ns
    Discrete Jitter          (DJ):    0.000ns
    Phase Error              (PE):    0.000ns

    Location             Delay type                Incr(ns)  Path(ns)    Netlist Resource(s)
  -------------------------------------------------------------------    -------------------
                         (clock sys_clk_pin rise edge)
                                                      0.000     0.000 r  
    E3                                                0.000     0.000 r  clk_100mhz (IN)
                         net (fo=0)                   0.000     0.000    clk_100mhz
    E3                   IBUF (Prop_ibuf_I_O)         1.482     1.482 r  clk_100mhz_IBUF_inst/O
                         net (fo=4, routed)           1.714     3.196    clk_100mhz_IBUF
    SLICE_X66Y127        FDCE                                         r  locked_meta_reg/C
  -------------------------------------------------------------------    -------------------
    SLICE_X66Y127        FDCE (Prop_fdce_C_Q)         0.478     3.674 r  locked_meta_reg/Q
                         net (fo=1, routed)           0.382     4.056    locked_meta
    SLICE_X66Y127        FDCE                                         r  locked_sync_reg/D
  -------------------------------------------------------------------    -------------------

                         (clock sys_clk_pin rise edge)
                                                     10.000    10.000 r  
    E3                                                0.000    10.000 r  clk_100mhz (IN)
                         net (fo=0)                   0.000    10.000    clk_100mhz
    E3                   IBUF (Prop_ibuf_I_O)         1.411    11.411 r  clk_100mhz_IBUF_inst/O
                         net (fo=4, routed)           1.491    12.902    clk_100mhz_IBUF
    SLICE_X66Y127        FDCE                                         r  locked_sync_reg/C
                         clock pessimism              0.294    13.196    
                         clock uncertainty           -0.035    13.160    
    SLICE_X66Y127        FDCE (Setup_fdce_C_D)       -0.216    12.944    locked_sync_reg
  -------------------------------------------------------------------
                         required time                         12.944    
                         arrival time                          -4.056    
  -------------------------------------------------------------------
                         slack                                  8.888    





Min Delay Paths
--------------------------------------------------------------------------------------
Slack (MET) :             0.264ns  (arrival time - required time)
  Source:                 pll_lock_seen_reg/C
                            (rising edge-triggered cell FDCE clocked by sys_clk_pin  {rise@0.000ns fall@5.000ns period=10.000ns})
  Destination:            pll_lock_seen_reg/D
                            (rising edge-triggered cell FDCE clocked by sys_clk_pin  {rise@0.000ns fall@5.000ns period=10.000ns})
  Path Group:             sys_clk_pin
  Path Type:              Hold (Min at Fast Process Corner)
  Requirement:            0.000ns  (sys_clk_pin rise@0.000ns - sys_clk_pin rise@0.000ns)
  Data Path Delay:        0.384ns  (logic 0.209ns (54.384%)  route 0.175ns (45.616%))
  Logic Levels:           1  (LUT2=1)
  Clock Path Skew:        0.000ns (DCD - SCD - CPR)
    Destination Clock Delay (DCD):    1.320ns
    Source Clock Delay      (SCD):    1.026ns
    Clock Pessimism Removal (CPR):    0.294ns

    Location             Delay type                Incr(ns)  Path(ns)    Netlist Resource(s)
  -------------------------------------------------------------------    -------------------
                         (clock sys_clk_pin rise edge)
                                                      0.000     0.000 r  
    E3                                                0.000     0.000 r  clk_100mhz (IN)
                         net (fo=0)                   0.000     0.000    clk_100mhz
    E3                   IBUF (Prop_ibuf_I_O)         0.250     0.250 r  clk_100mhz_IBUF_inst/O
                         net (fo=4, routed)           0.777     1.026    clk_100mhz_IBUF
    SLICE_X66Y127        FDCE                                         r  pll_lock_seen_reg/C
  -------------------------------------------------------------------    -------------------
    SLICE_X66Y127        FDCE (Prop_fdce_C_Q)         0.164     1.190 r  pll_lock_seen_reg/Q
                         net (fo=2, routed)           0.175     1.366    pll_lock_seen
    SLICE_X66Y127        LUT2 (Prop_lut2_I1_O)        0.045     1.411 r  pll_lock_seen_i_1/O
                         net (fo=1, routed)           0.000     1.411    pll_lock_seen_i_1_n_0
    SLICE_X66Y127        FDCE                                         r  pll_lock_seen_reg/D
  -------------------------------------------------------------------    -------------------

                         (clock sys_clk_pin rise edge)
                                                      0.000     0.000 r  
    E3                                                0.000     0.000 r  clk_100mhz (IN)
                         net (fo=0)                   0.000     0.000    clk_100mhz
    E3                   IBUF (Prop_ibuf_I_O)         0.438     0.438 r  clk_100mhz_IBUF_inst/O
                         net (fo=4, routed)           0.883     1.320    clk_100mhz_IBUF
    SLICE_X66Y127        FDCE                                         r  pll_lock_seen_reg/C
                         clock pessimism             -0.294     1.026    
    SLICE_X66Y127        FDCE (Hold_fdce_C_D)         0.120     1.146    pll_lock_seen_reg
  -------------------------------------------------------------------
                         required time                         -1.146    
                         arrival time                           1.411    
  -------------------------------------------------------------------
                         slack                                  0.264    

Slack (MET) :             0.268ns  (arrival time - required time)
  Source:                 locked_meta_reg/C
                            (rising edge-triggered cell FDCE clocked by sys_clk_pin  {rise@0.000ns fall@5.000ns period=10.000ns})
  Destination:            locked_sync_reg/D
                            (rising edge-triggered cell FDCE clocked by sys_clk_pin  {rise@0.000ns fall@5.000ns period=10.000ns})
  Path Group:             sys_clk_pin
  Path Type:              Hold (Min at Fast Process Corner)
  Requirement:            0.000ns  (sys_clk_pin rise@0.000ns - sys_clk_pin rise@0.000ns)
  Data Path Delay:        0.267ns  (logic 0.148ns (55.377%)  route 0.119ns (44.623%))
  Logic Levels:           0  
  Clock Path Skew:        0.000ns (DCD - SCD - CPR)
    Destination Clock Delay (DCD):    1.320ns
    Source Clock Delay      (SCD):    1.026ns
    Clock Pessimism Removal (CPR):    0.294ns

    Location             Delay type                Incr(ns)  Path(ns)    Netlist Resource(s)
  -------------------------------------------------------------------    -------------------
                         (clock sys_clk_pin rise edge)
                                                      0.000     0.000 r  
    E3                                                0.000     0.000 r  clk_100mhz (IN)
                         net (fo=0)                   0.000     0.000    clk_100mhz
    E3                   IBUF (Prop_ibuf_I_O)         0.250     0.250 r  clk_100mhz_IBUF_inst/O
                         net (fo=4, routed)           0.777     1.026    clk_100mhz_IBUF
    SLICE_X66Y127        FDCE                                         r  locked_meta_reg/C
  -------------------------------------------------------------------    -------------------
    SLICE_X66Y127        FDCE (Prop_fdce_C_Q)         0.148     1.174 r  locked_meta_reg/Q
                         net (fo=1, routed)           0.119     1.294    locked_meta
    SLICE_X66Y127        FDCE                                         r  locked_sync_reg/D
  -------------------------------------------------------------------    -------------------

                         (clock sys_clk_pin rise edge)
                                                      0.000     0.000 r  
    E3                                                0.000     0.000 r  clk_100mhz (IN)
                         net (fo=0)                   0.000     0.000    clk_100mhz
    E3                   IBUF (Prop_ibuf_I_O)         0.438     0.438 r  clk_100mhz_IBUF_inst/O
                         net (fo=4, routed)           0.883     1.320    clk_100mhz_IBUF
    SLICE_X66Y127        FDCE                                         r  locked_sync_reg/C
                         clock pessimism             -0.294     1.026    
    SLICE_X66Y127        FDCE (Hold_fdce_C_D)        -0.001     1.025    locked_sync_reg
  -------------------------------------------------------------------
                         required time                         -1.025    
                         arrival time                           1.294    
  -------------------------------------------------------------------
                         slack                                  0.268    





Pulse Width Checks
--------------------------------------------------------------------------------------
Clock Name:         sys_clk_pin
Waveform(ns):       { 0.000 5.000 }
Period(ns):         10.000
Sources:            { clk_100mhz }

Check Type        Corner  Lib Pin  Reference Pin  Required(ns)  Actual(ns)  Slack(ns)  Location       Pin
Min Period        n/a     FDCE/C   n/a            1.000         10.000      9.000      SLICE_X66Y127  locked_meta_reg/C
Min Period        n/a     FDCE/C   n/a            1.000         10.000      9.000      SLICE_X66Y127  locked_sync_reg/C
Min Period        n/a     FDCE/C   n/a            1.000         10.000      9.000      SLICE_X66Y127  pll_lock_seen_reg/C
Low Pulse Width   Slow    FDCE/C   n/a            0.500         5.000       4.500      SLICE_X66Y127  locked_meta_reg/C
Low Pulse Width   Fast    FDCE/C   n/a            0.500         5.000       4.500      SLICE_X66Y127  locked_meta_reg/C
Low Pulse Width   Slow    FDCE/C   n/a            0.500         5.000       4.500      SLICE_X66Y127  locked_sync_reg/C
Low Pulse Width   Fast    FDCE/C   n/a            0.500         5.000       4.500      SLICE_X66Y127  locked_sync_reg/C
Low Pulse Width   Slow    FDCE/C   n/a            0.500         5.000       4.500      SLICE_X66Y127  pll_lock_seen_reg/C
Low Pulse Width   Fast    FDCE/C   n/a            0.500         5.000       4.500      SLICE_X66Y127  pll_lock_seen_reg/C
High Pulse Width  Slow    FDCE/C   n/a            0.500         5.000       4.500      SLICE_X66Y127  locked_meta_reg/C
High Pulse Width  Fast    FDCE/C   n/a            0.500         5.000       4.500      SLICE_X66Y127  locked_meta_reg/C
High Pulse Width  Slow    FDCE/C   n/a            0.500         5.000       4.500      SLICE_X66Y127  locked_sync_reg/C
High Pulse Width  Fast    FDCE/C   n/a            0.500         5.000       4.500      SLICE_X66Y127  locked_sync_reg/C
High Pulse Width  Slow    FDCE/C   n/a            0.500         5.000       4.500      SLICE_X66Y127  pll_lock_seen_reg/C
High Pulse Width  Fast    FDCE/C   n/a            0.500         5.000       4.500      SLICE_X66Y127  pll_lock_seen_reg/C



---------------------------------------------------------------------------------------------------
From Clock:  sys_clk_pin
  To Clock:  clk_out1_clk_wiz_0

Setup :            0  Failing Endpoints,  Worst Slack        1.319ns,  Total Violation        0.000ns
Hold  :            0  Failing Endpoints,  Worst Slack        1.997ns,  Total Violation        0.000ns
---------------------------------------------------------------------------------------------------


Max Delay Paths
--------------------------------------------------------------------------------------
Slack (MET) :             1.319ns  (required time - arrival time)
  Source:                 pll_lock_seen_reg/C
                            (rising edge-triggered cell FDCE clocked by sys_clk_pin  {rise@0.000ns fall@5.000ns period=10.000ns})
  Destination:            CPU/eval_inst/eval5_unit/next_regA_reg[0]/CE
                            (rising edge-triggered cell FDRE clocked by clk_out1_clk_wiz_0  {rise@0.000ns fall@20.000ns period=40.000ns})
  Path Group:             clk_out1_clk_wiz_0
  Path Type:              Setup (Max at Slow Process Corner)
  Requirement:            10.000ns  (clk_out1_clk_wiz_0 rise@40.000ns - sys_clk_pin rise@30.000ns)
  Data Path Delay:        5.784ns  (logic 0.795ns (13.745%)  route 4.989ns (86.255%))
  Logic Levels:           2  (LUT2=1 LUT5=1)
  Clock Path Skew:        -2.044ns (DCD - SCD + CPR)
    Destination Clock Delay (DCD):    1.152ns = ( 41.152 - 40.000 ) 
    Source Clock Delay      (SCD):    3.196ns = ( 33.196 - 30.000 ) 
    Clock Pessimism Removal (CPR):    0.000ns
  Clock Uncertainty:      0.441ns  ((TSJ^2 + DJ^2)^1/2) / 2 + PE
    Total System Jitter     (TSJ):    0.071ns
    Discrete Jitter          (DJ):    0.352ns
    Phase Error              (PE):    0.262ns
  Clock Domain Crossing:  Inter clock paths are considered valid unless explicitly excluded by timing constraints such as set_clock_groups or set_false_path.

    Location             Delay type                Incr(ns)  Path(ns)    Netlist Resource(s)
  -------------------------------------------------------------------    -------------------
                         (clock sys_clk_pin rise edge)
                                                     30.000    30.000 r  
    E3                                                0.000    30.000 r  clk_100mhz (IN)
                         net (fo=0)                   0.000    30.000    clk_100mhz
    E3                   IBUF (Prop_ibuf_I_O)         1.482    31.482 r  clk_100mhz_IBUF_inst/O
                         net (fo=4, routed)           1.714    33.196    clk_100mhz_IBUF
    SLICE_X66Y127        FDCE                                         r  pll_lock_seen_reg/C
  -------------------------------------------------------------------    -------------------
    SLICE_X66Y127        FDCE (Prop_fdce_C_Q)         0.518    33.714 r  pll_lock_seen_reg/Q
                         net (fo=2, routed)           0.722    34.436    RegisterFile/loop1[31].reg32/loop1[31].d_flip_flop/pll_lock_seen
    SLICE_X66Y127        LUT2 (Prop_lut2_I1_O)        0.124    34.560 f  RegisterFile/loop1[31].reg32/loop1[31].d_flip_flop/hPos[9]_i_2/O
                         net (fo=2229, routed)        3.727    38.287    CPU/eval_inst/eval5_unit/sys_reset
    SLICE_X42Y105        LUT5 (Prop_lut5_I0_O)        0.153    38.440 r  CPU/eval_inst/eval5_unit/next_regA[2]_i_1/O
                         net (fo=5, routed)           0.539    38.980    CPU/eval_inst/eval5_unit/next_regA[2]_i_1_n_0
    SLICE_X43Y105        FDRE                                         r  CPU/eval_inst/eval5_unit/next_regA_reg[0]/CE
  -------------------------------------------------------------------    -------------------

                         (clock clk_out1_clk_wiz_0 rise edge)
                                                     40.000    40.000 r  
    E3                   IBUF                         0.000    40.000 r  clk_100mhz_IBUF_inst/O
                         net (fo=4, routed)           1.181    41.181    pll/inst/clk_in1
    PLLE2_ADV_X1Y2       PLLE2_ADV (Prop_plle2_adv_CLKIN1_CLKOUT0)
                                                     -3.253    37.928 r  pll/inst/plle2_adv_inst/CLKOUT0
                         net (fo=1, routed)           1.634    39.562    pll/inst/clk_out1_clk_wiz_0
    BUFGCTRL_X0Y16       BUFG (Prop_bufg_I_O)         0.091    39.653 r  pll/inst/clkout1_buf/O
                         net (fo=2220, routed)        1.499    41.152    CPU/eval_inst/eval5_unit/clk_out1
    SLICE_X43Y105        FDRE                                         r  CPU/eval_inst/eval5_unit/next_regA_reg[0]/C
                         clock pessimism              0.000    41.152    
                         clock uncertainty           -0.441    40.710    
    SLICE_X43Y105        FDRE (Setup_fdre_C_CE)      -0.412    40.298    CPU/eval_inst/eval5_unit/next_regA_reg[0]
  -------------------------------------------------------------------
                         required time                         40.298    
                         arrival time                         -38.980    
  -------------------------------------------------------------------
                         slack                                  1.319    

Slack (MET) :             1.351ns  (required time - arrival time)
  Source:                 pll_lock_seen_reg/C
                            (rising edge-triggered cell FDCE clocked by sys_clk_pin  {rise@0.000ns fall@5.000ns period=10.000ns})
  Destination:            CPU/eval_inst/eval5_unit/cards_reg[2][4]/CE
                            (rising edge-triggered cell FDRE clocked by clk_out1_clk_wiz_0  {rise@0.000ns fall@20.000ns period=40.000ns})
  Path Group:             clk_out1_clk_wiz_0
  Path Type:              Setup (Max at Slow Process Corner)
  Requirement:            10.000ns  (clk_out1_clk_wiz_0 rise@40.000ns - sys_clk_pin rise@30.000ns)
  Data Path Delay:        5.963ns  (logic 0.766ns (12.847%)  route 5.197ns (87.153%))
  Logic Levels:           2  (LUT2=1 LUT6=1)
  Clock Path Skew:        -2.040ns (DCD - SCD + CPR)
    Destination Clock Delay (DCD):    1.156ns = ( 41.156 - 40.000 ) 
    Source Clock Delay      (SCD):    3.196ns = ( 33.196 - 30.000 ) 
    Clock Pessimism Removal (CPR):    0.000ns
  Clock Uncertainty:      0.441ns  ((TSJ^2 + DJ^2)^1/2) / 2 + PE
    Total System Jitter     (TSJ):    0.071ns
    Discrete Jitter          (DJ):    0.352ns
    Phase Error              (PE):    0.262ns
  Clock Domain Crossing:  Inter clock paths are considered valid unless explicitly excluded by timing constraints such as set_clock_groups or set_false_path.

    Location             Delay type                Incr(ns)  Path(ns)    Netlist Resource(s)
  -------------------------------------------------------------------    -------------------
                         (clock sys_clk_pin rise edge)
                                                     30.000    30.000 r  
    E3                                                0.000    30.000 r  clk_100mhz (IN)
                         net (fo=0)                   0.000    30.000    clk_100mhz
    E3                   IBUF (Prop_ibuf_I_O)         1.482    31.482 r  clk_100mhz_IBUF_inst/O
                         net (fo=4, routed)           1.714    33.196    clk_100mhz_IBUF
    SLICE_X66Y127        FDCE                                         r  pll_lock_seen_reg/C
  -------------------------------------------------------------------    -------------------
    SLICE_X66Y127        FDCE (Prop_fdce_C_Q)         0.518    33.714 r  pll_lock_seen_reg/Q
                         net (fo=2, routed)           0.722    34.436    RegisterFile/loop1[31].reg32/loop1[31].d_flip_flop/pll_lock_seen
    SLICE_X66Y127        LUT2 (Prop_lut2_I1_O)        0.124    34.560 f  RegisterFile/loop1[31].reg32/loop1[31].d_flip_flop/hPos[9]_i_2/O
                         net (fo=2229, routed)        3.676    38.236    CPU/eval_inst/eval5_unit/sys_reset
    SLICE_X42Y105        LUT6 (Prop_lut6_I0_O)        0.124    38.360 r  CPU/eval_inst/eval5_unit/cards[3][5]_i_1/O
                         net (fo=12, routed)          0.798    39.158    CPU/eval_inst/eval5_unit/cards[3][5]_i_1_n_0
    SLICE_X35Y105        FDRE                                         r  CPU/eval_inst/eval5_unit/cards_reg[2][4]/CE
  -------------------------------------------------------------------    -------------------

                         (clock clk_out1_clk_wiz_0 rise edge)
                                                     40.000    40.000 r  
    E3                   IBUF                         0.000    40.000 r  clk_100mhz_IBUF_inst/O
                         net (fo=4, routed)           1.181    41.181    pll/inst/clk_in1
    PLLE2_ADV_X1Y2       PLLE2_ADV (Prop_plle2_adv_CLKIN1_CLKOUT0)
                                                     -3.253    37.928 r  pll/inst/plle2_adv_inst/CLKOUT0
                         net (fo=1, routed)           1.634    39.562    pll/inst/clk_out1_clk_wiz_0
    BUFGCTRL_X0Y16       BUFG (Prop_bufg_I_O)         0.091    39.653 r  pll/inst/clkout1_buf/O
                         net (fo=2220, routed)        1.503    41.156    CPU/eval_inst/eval5_unit/clk_out1
    SLICE_X35Y105        FDRE                                         r  CPU/eval_inst/eval5_unit/cards_reg[2][4]/C
                         clock pessimism              0.000    41.156    
                         clock uncertainty           -0.441    40.714    
    SLICE_X35Y105        FDRE (Setup_fdre_C_CE)      -0.205    40.509    CPU/eval_inst/eval5_unit/cards_reg[2][4]
  -------------------------------------------------------------------
                         required time                         40.509    
                         arrival time                         -39.158    
  -------------------------------------------------------------------
                         slack                                  1.351    

Slack (MET) :             1.351ns  (required time - arrival time)
  Source:                 pll_lock_seen_reg/C
                            (rising edge-triggered cell FDCE clocked by sys_clk_pin  {rise@0.000ns fall@5.000ns period=10.000ns})
  Destination:            CPU/eval_inst/eval5_unit/cards_reg[2][5]/CE
                            (rising edge-triggered cell FDRE clocked by clk_out1_clk_wiz_0  {rise@0.000ns fall@20.000ns period=40.000ns})
  Path Group:             clk_out1_clk_wiz_0
  Path Type:              Setup (Max at Slow Process Corner)
  Requirement:            10.000ns  (clk_out1_clk_wiz_0 rise@40.000ns - sys_clk_pin rise@30.000ns)
  Data Path Delay:        5.963ns  (logic 0.766ns (12.847%)  route 5.197ns (87.153%))
  Logic Levels:           2  (LUT2=1 LUT6=1)
  Clock Path Skew:        -2.040ns (DCD - SCD + CPR)
    Destination Clock Delay (DCD):    1.156ns = ( 41.156 - 40.000 ) 
    Source Clock Delay      (SCD):    3.196ns = ( 33.196 - 30.000 ) 
    Clock Pessimism Removal (CPR):    0.000ns
  Clock Uncertainty:      0.441ns  ((TSJ^2 + DJ^2)^1/2) / 2 + PE
    Total System Jitter     (TSJ):    0.071ns
    Discrete Jitter          (DJ):    0.352ns
    Phase Error              (PE):    0.262ns
  Clock Domain Crossing:  Inter clock paths are considered valid unless explicitly excluded by timing constraints such as set_clock_groups or set_false_path.

    Location             Delay type                Incr(ns)  Path(ns)    Netlist Resource(s)
  -------------------------------------------------------------------    -------------------
                         (clock sys_clk_pin rise edge)
                                                     30.000    30.000 r  
    E3                                                0.000    30.000 r  clk_100mhz (IN)
                         net (fo=0)                   0.000    30.000    clk_100mhz
    E3                   IBUF (Prop_ibuf_I_O)         1.482    31.482 r  clk_100mhz_IBUF_inst/O
                         net (fo=4, routed)           1.714    33.196    clk_100mhz_IBUF
    SLICE_X66Y127        FDCE                                         r  pll_lock_seen_reg/C
  -------------------------------------------------------------------    -------------------
    SLICE_X66Y127        FDCE (Prop_fdce_C_Q)         0.518    33.714 r  pll_lock_seen_reg/Q
                         net (fo=2, routed)           0.722    34.436    RegisterFile/loop1[31].reg32/loop1[31].d_flip_flop/pll_lock_seen
    SLICE_X66Y127        LUT2 (Prop_lut2_I1_O)        0.124    34.560 f  RegisterFile/loop1[31].reg32/loop1[31].d_flip_flop/hPos[9]_i_2/O
                         net (fo=2229, routed)        3.676    38.236    CPU/eval_inst/eval5_unit/sys_reset
    SLICE_X42Y105        LUT6 (Prop_lut6_I0_O)        0.124    38.360 r  CPU/eval_inst/eval5_unit/cards[3][5]_i_1/O
                         net (fo=12, routed)          0.798    39.158    CPU/eval_inst/eval5_unit/cards[3][5]_i_1_n_0
    SLICE_X35Y105        FDRE                                         r  CPU/eval_inst/eval5_unit/cards_reg[2][5]/CE
  -------------------------------------------------------------------    -------------------

                         (clock clk_out1_clk_wiz_0 rise edge)
                                                     40.000    40.000 r  
    E3                   IBUF                         0.000    40.000 r  clk_100mhz_IBUF_inst/O
                         net (fo=4, routed)           1.181    41.181    pll/inst/clk_in1
    PLLE2_ADV_X1Y2       PLLE2_ADV (Prop_plle2_adv_CLKIN1_CLKOUT0)
                                                     -3.253    37.928 r  pll/inst/plle2_adv_inst/CLKOUT0
                         net (fo=1, routed)           1.634    39.562    pll/inst/clk_out1_clk_wiz_0
    BUFGCTRL_X0Y16       BUFG (Prop_bufg_I_O)         0.091    39.653 r  pll/inst/clkout1_buf/O
                         net (fo=2220, routed)        1.503    41.156    CPU/eval_inst/eval5_unit/clk_out1
    SLICE_X35Y105        FDRE                                         r  CPU/eval_inst/eval5_unit/cards_reg[2][5]/C
                         clock pessimism              0.000    41.156    
                         clock uncertainty           -0.441    40.714    
    SLICE_X35Y105        FDRE (Setup_fdre_C_CE)      -0.205    40.509    CPU/eval_inst/eval5_unit/cards_reg[2][5]
  -------------------------------------------------------------------
                         required time                         40.509    
                         arrival time                         -39.158    
  -------------------------------------------------------------------
                         slack                                  1.351    

Slack (MET) :             1.351ns  (required time - arrival time)
  Source:                 pll_lock_seen_reg/C
                            (rising edge-triggered cell FDCE clocked by sys_clk_pin  {rise@0.000ns fall@5.000ns period=10.000ns})
  Destination:            CPU/eval_inst/eval5_unit/cards_reg[3][0]/CE
                            (rising edge-triggered cell FDRE clocked by clk_out1_clk_wiz_0  {rise@0.000ns fall@20.000ns period=40.000ns})
  Path Group:             clk_out1_clk_wiz_0
  Path Type:              Setup (Max at Slow Process Corner)
  Requirement:            10.000ns  (clk_out1_clk_wiz_0 rise@40.000ns - sys_clk_pin rise@30.000ns)
  Data Path Delay:        5.963ns  (logic 0.766ns (12.847%)  route 5.197ns (87.153%))
  Logic Levels:           2  (LUT2=1 LUT6=1)
  Clock Path Skew:        -2.040ns (DCD - SCD + CPR)
    Destination Clock Delay (DCD):    1.156ns = ( 41.156 - 40.000 ) 
    Source Clock Delay      (SCD):    3.196ns = ( 33.196 - 30.000 ) 
    Clock Pessimism Removal (CPR):    0.000ns
  Clock Uncertainty:      0.441ns  ((TSJ^2 + DJ^2)^1/2) / 2 + PE
    Total System Jitter     (TSJ):    0.071ns
    Discrete Jitter          (DJ):    0.352ns
    Phase Error              (PE):    0.262ns
  Clock Domain Crossing:  Inter clock paths are considered valid unless explicitly excluded by timing constraints such as set_clock_groups or set_false_path.

    Location             Delay type                Incr(ns)  Path(ns)    Netlist Resource(s)
  -------------------------------------------------------------------    -------------------
                         (clock sys_clk_pin rise edge)
                                                     30.000    30.000 r  
    E3                                                0.000    30.000 r  clk_100mhz (IN)
                         net (fo=0)                   0.000    30.000    clk_100mhz
    E3                   IBUF (Prop_ibuf_I_O)         1.482    31.482 r  clk_100mhz_IBUF_inst/O
                         net (fo=4, routed)           1.714    33.196    clk_100mhz_IBUF
    SLICE_X66Y127        FDCE                                         r  pll_lock_seen_reg/C
  -------------------------------------------------------------------    -------------------
    SLICE_X66Y127        FDCE (Prop_fdce_C_Q)         0.518    33.714 r  pll_lock_seen_reg/Q
                         net (fo=2, routed)           0.722    34.436    RegisterFile/loop1[31].reg32/loop1[31].d_flip_flop/pll_lock_seen
    SLICE_X66Y127        LUT2 (Prop_lut2_I1_O)        0.124    34.560 f  RegisterFile/loop1[31].reg32/loop1[31].d_flip_flop/hPos[9]_i_2/O
                         net (fo=2229, routed)        3.676    38.236    CPU/eval_inst/eval5_unit/sys_reset
    SLICE_X42Y105        LUT6 (Prop_lut6_I0_O)        0.124    38.360 r  CPU/eval_inst/eval5_unit/cards[3][5]_i_1/O
                         net (fo=12, routed)          0.798    39.158    CPU/eval_inst/eval5_unit/cards[3][5]_i_1_n_0
    SLICE_X35Y105        FDRE                                         r  CPU/eval_inst/eval5_unit/cards_reg[3][0]/CE
  -------------------------------------------------------------------    -------------------

                         (clock clk_out1_clk_wiz_0 rise edge)
                                                     40.000    40.000 r  
    E3                   IBUF                         0.000    40.000 r  clk_100mhz_IBUF_inst/O
                         net (fo=4, routed)           1.181    41.181    pll/inst/clk_in1
    PLLE2_ADV_X1Y2       PLLE2_ADV (Prop_plle2_adv_CLKIN1_CLKOUT0)
                                                     -3.253    37.928 r  pll/inst/plle2_adv_inst/CLKOUT0
                         net (fo=1, routed)           1.634    39.562    pll/inst/clk_out1_clk_wiz_0
    BUFGCTRL_X0Y16       BUFG (Prop_bufg_I_O)         0.091    39.653 r  pll/inst/clkout1_buf/O
                         net (fo=2220, routed)        1.503    41.156    CPU/eval_inst/eval5_unit/clk_out1
    SLICE_X35Y105        FDRE                                         r  CPU/eval_inst/eval5_unit/cards_reg[3][0]/C
                         clock pessimism              0.000    41.156    
                         clock uncertainty           -0.441    40.714    
    SLICE_X35Y105        FDRE (Setup_fdre_C_CE)      -0.205    40.509    CPU/eval_inst/eval5_unit/cards_reg[3][0]
  -------------------------------------------------------------------
                         required time                         40.509    
                         arrival time                         -39.158    
  -------------------------------------------------------------------
                         slack                                  1.351    

Slack (MET) :             1.351ns  (required time - arrival time)
  Source:                 pll_lock_seen_reg/C
                            (rising edge-triggered cell FDCE clocked by sys_clk_pin  {rise@0.000ns fall@5.000ns period=10.000ns})
  Destination:            CPU/eval_inst/eval5_unit/cards_reg[3][2]/CE
                            (rising edge-triggered cell FDRE clocked by clk_out1_clk_wiz_0  {rise@0.000ns fall@20.000ns period=40.000ns})
  Path Group:             clk_out1_clk_wiz_0
  Path Type:              Setup (Max at Slow Process Corner)
  Requirement:            10.000ns  (clk_out1_clk_wiz_0 rise@40.000ns - sys_clk_pin rise@30.000ns)
  Data Path Delay:        5.963ns  (logic 0.766ns (12.847%)  route 5.197ns (87.153%))
  Logic Levels:           2  (LUT2=1 LUT6=1)
  Clock Path Skew:        -2.040ns (DCD - SCD + CPR)
    Destination Clock Delay (DCD):    1.156ns = ( 41.156 - 40.000 ) 
    Source Clock Delay      (SCD):    3.196ns = ( 33.196 - 30.000 ) 
    Clock Pessimism Removal (CPR):    0.000ns
  Clock Uncertainty:      0.441ns  ((TSJ^2 + DJ^2)^1/2) / 2 + PE
    Total System Jitter     (TSJ):    0.071ns
    Discrete Jitter          (DJ):    0.352ns
    Phase Error              (PE):    0.262ns
  Clock Domain Crossing:  Inter clock paths are considered valid unless explicitly excluded by timing constraints such as set_clock_groups or set_false_path.

    Location             Delay type                Incr(ns)  Path(ns)    Netlist Resource(s)
  -------------------------------------------------------------------    -------------------
                         (clock sys_clk_pin rise edge)
                                                     30.000    30.000 r  
    E3                                                0.000    30.000 r  clk_100mhz (IN)
                         net (fo=0)                   0.000    30.000    clk_100mhz
    E3                   IBUF (Prop_ibuf_I_O)         1.482    31.482 r  clk_100mhz_IBUF_inst/O
                         net (fo=4, routed)           1.714    33.196    clk_100mhz_IBUF
    SLICE_X66Y127        FDCE                                         r  pll_lock_seen_reg/C
  -------------------------------------------------------------------    -------------------
    SLICE_X66Y127        FDCE (Prop_fdce_C_Q)         0.518    33.714 r  pll_lock_seen_reg/Q
                         net (fo=2, routed)           0.722    34.436    RegisterFile/loop1[31].reg32/loop1[31].d_flip_flop/pll_lock_seen
    SLICE_X66Y127        LUT2 (Prop_lut2_I1_O)        0.124    34.560 f  RegisterFile/loop1[31].reg32/loop1[31].d_flip_flop/hPos[9]_i_2/O
                         net (fo=2229, routed)        3.676    38.236    CPU/eval_inst/eval5_unit/sys_reset
    SLICE_X42Y105        LUT6 (Prop_lut6_I0_O)        0.124    38.360 r  CPU/eval_inst/eval5_unit/cards[3][5]_i_1/O
                         net (fo=12, routed)          0.798    39.158    CPU/eval_inst/eval5_unit/cards[3][5]_i_1_n_0
    SLICE_X35Y105        FDRE                                         r  CPU/eval_inst/eval5_unit/cards_reg[3][2]/CE
  -------------------------------------------------------------------    -------------------

                         (clock clk_out1_clk_wiz_0 rise edge)
                                                     40.000    40.000 r  
    E3                   IBUF                         0.000    40.000 r  clk_100mhz_IBUF_inst/O
                         net (fo=4, routed)           1.181    41.181    pll/inst/clk_in1
    PLLE2_ADV_X1Y2       PLLE2_ADV (Prop_plle2_adv_CLKIN1_CLKOUT0)
                                                     -3.253    37.928 r  pll/inst/plle2_adv_inst/CLKOUT0
                         net (fo=1, routed)           1.634    39.562    pll/inst/clk_out1_clk_wiz_0
    BUFGCTRL_X0Y16       BUFG (Prop_bufg_I_O)         0.091    39.653 r  pll/inst/clkout1_buf/O
                         net (fo=2220, routed)        1.503    41.156    CPU/eval_inst/eval5_unit/clk_out1
    SLICE_X35Y105        FDRE                                         r  CPU/eval_inst/eval5_unit/cards_reg[3][2]/C
                         clock pessimism              0.000    41.156    
                         clock uncertainty           -0.441    40.714    
    SLICE_X35Y105        FDRE (Setup_fdre_C_CE)      -0.205    40.509    CPU/eval_inst/eval5_unit/cards_reg[3][2]
  -------------------------------------------------------------------
                         required time                         40.509    
                         arrival time                         -39.158    
  -------------------------------------------------------------------
                         slack                                  1.351    

Slack (MET) :             1.387ns  (required time - arrival time)
  Source:                 pll_lock_seen_reg/C
                            (rising edge-triggered cell FDCE clocked by sys_clk_pin  {rise@0.000ns fall@5.000ns period=10.000ns})
  Destination:            CPU/eval_inst/eval5_unit/cards_reg[2][2]/CE
                            (rising edge-triggered cell FDRE clocked by clk_out1_clk_wiz_0  {rise@0.000ns fall@20.000ns period=40.000ns})
  Path Group:             clk_out1_clk_wiz_0
  Path Type:              Setup (Max at Slow Process Corner)
  Requirement:            10.000ns  (clk_out1_clk_wiz_0 rise@40.000ns - sys_clk_pin rise@30.000ns)
  Data Path Delay:        5.963ns  (logic 0.766ns (12.847%)  route 5.197ns (87.153%))
  Logic Levels:           2  (LUT2=1 LUT6=1)
  Clock Path Skew:        -2.040ns (DCD - SCD + CPR)
    Destination Clock Delay (DCD):    1.156ns = ( 41.156 - 40.000 ) 
    Source Clock Delay      (SCD):    3.196ns = ( 33.196 - 30.000 ) 
    Clock Pessimism Removal (CPR):    0.000ns
  Clock Uncertainty:      0.441ns  ((TSJ^2 + DJ^2)^1/2) / 2 + PE
    Total System Jitter     (TSJ):    0.071ns
    Discrete Jitter          (DJ):    0.352ns
    Phase Error              (PE):    0.262ns
  Clock Domain Crossing:  Inter clock paths are considered valid unless explicitly excluded by timing constraints such as set_clock_groups or set_false_path.

    Location             Delay type                Incr(ns)  Path(ns)    Netlist Resource(s)
  -------------------------------------------------------------------    -------------------
                         (clock sys_clk_pin rise edge)
                                                     30.000    30.000 r  
    E3                                                0.000    30.000 r  clk_100mhz (IN)
                         net (fo=0)                   0.000    30.000    clk_100mhz
    E3                   IBUF (Prop_ibuf_I_O)         1.482    31.482 r  clk_100mhz_IBUF_inst/O
                         net (fo=4, routed)           1.714    33.196    clk_100mhz_IBUF
    SLICE_X66Y127        FDCE                                         r  pll_lock_seen_reg/C
  -------------------------------------------------------------------    -------------------
    SLICE_X66Y127        FDCE (Prop_fdce_C_Q)         0.518    33.714 r  pll_lock_seen_reg/Q
                         net (fo=2, routed)           0.722    34.436    RegisterFile/loop1[31].reg32/loop1[31].d_flip_flop/pll_lock_seen
    SLICE_X66Y127        LUT2 (Prop_lut2_I1_O)        0.124    34.560 f  RegisterFile/loop1[31].reg32/loop1[31].d_flip_flop/hPos[9]_i_2/O
                         net (fo=2229, routed)        3.676    38.236    CPU/eval_inst/eval5_unit/sys_reset
    SLICE_X42Y105        LUT6 (Prop_lut6_I0_O)        0.124    38.360 r  CPU/eval_inst/eval5_unit/cards[3][5]_i_1/O
                         net (fo=12, routed)          0.798    39.158    CPU/eval_inst/eval5_unit/cards[3][5]_i_1_n_0
    SLICE_X34Y105        FDRE                                         r  CPU/eval_inst/eval5_unit/cards_reg[2][2]/CE
  -------------------------------------------------------------------    -------------------

                         (clock clk_out1_clk_wiz_0 rise edge)
                                                     40.000    40.000 r  
    E3                   IBUF                         0.000    40.000 r  clk_100mhz_IBUF_inst/O
                         net (fo=4, routed)           1.181    41.181    pll/inst/clk_in1
    PLLE2_ADV_X1Y2       PLLE2_ADV (Prop_plle2_adv_CLKIN1_CLKOUT0)
                                                     -3.253    37.928 r  pll/inst/plle2_adv_inst/CLKOUT0
                         net (fo=1, routed)           1.634    39.562    pll/inst/clk_out1_clk_wiz_0
    BUFGCTRL_X0Y16       BUFG (Prop_bufg_I_O)         0.091    39.653 r  pll/inst/clkout1_buf/O
                         net (fo=2220, routed)        1.503    41.156    CPU/eval_inst/eval5_unit/clk_out1
    SLICE_X34Y105        FDRE                                         r  CPU/eval_inst/eval5_unit/cards_reg[2][2]/C
                         clock pessimism              0.000    41.156    
                         clock uncertainty           -0.441    40.714    
    SLICE_X34Y105        FDRE (Setup_fdre_C_CE)      -0.169    40.545    CPU/eval_inst/eval5_unit/cards_reg[2][2]
  -------------------------------------------------------------------
                         required time                         40.545    
                         arrival time                         -39.158    
  -------------------------------------------------------------------
                         slack                                  1.387    

Slack (MET) :             1.387ns  (required time - arrival time)
  Source:                 pll_lock_seen_reg/C
                            (rising edge-triggered cell FDCE clocked by sys_clk_pin  {rise@0.000ns fall@5.000ns period=10.000ns})
  Destination:            CPU/eval_inst/eval5_unit/cards_reg[2][3]/CE
                            (rising edge-triggered cell FDRE clocked by clk_out1_clk_wiz_0  {rise@0.000ns fall@20.000ns period=40.000ns})
  Path Group:             clk_out1_clk_wiz_0
  Path Type:              Setup (Max at Slow Process Corner)
  Requirement:            10.000ns  (clk_out1_clk_wiz_0 rise@40.000ns - sys_clk_pin rise@30.000ns)
  Data Path Delay:        5.963ns  (logic 0.766ns (12.847%)  route 5.197ns (87.153%))
  Logic Levels:           2  (LUT2=1 LUT6=1)
  Clock Path Skew:        -2.040ns (DCD - SCD + CPR)
    Destination Clock Delay (DCD):    1.156ns = ( 41.156 - 40.000 ) 
    Source Clock Delay      (SCD):    3.196ns = ( 33.196 - 30.000 ) 
    Clock Pessimism Removal (CPR):    0.000ns
  Clock Uncertainty:      0.441ns  ((TSJ^2 + DJ^2)^1/2) / 2 + PE
    Total System Jitter     (TSJ):    0.071ns
    Discrete Jitter          (DJ):    0.352ns
    Phase Error              (PE):    0.262ns
  Clock Domain Crossing:  Inter clock paths are considered valid unless explicitly excluded by timing constraints such as set_clock_groups or set_false_path.

    Location             Delay type                Incr(ns)  Path(ns)    Netlist Resource(s)
  -------------------------------------------------------------------    -------------------
                         (clock sys_clk_pin rise edge)
                                                     30.000    30.000 r  
    E3                                                0.000    30.000 r  clk_100mhz (IN)
                         net (fo=0)                   0.000    30.000    clk_100mhz
    E3                   IBUF (Prop_ibuf_I_O)         1.482    31.482 r  clk_100mhz_IBUF_inst/O
                         net (fo=4, routed)           1.714    33.196    clk_100mhz_IBUF
    SLICE_X66Y127        FDCE                                         r  pll_lock_seen_reg/C
  -------------------------------------------------------------------    -------------------
    SLICE_X66Y127        FDCE (Prop_fdce_C_Q)         0.518    33.714 r  pll_lock_seen_reg/Q
                         net (fo=2, routed)           0.722    34.436    RegisterFile/loop1[31].reg32/loop1[31].d_flip_flop/pll_lock_seen
    SLICE_X66Y127        LUT2 (Prop_lut2_I1_O)        0.124    34.560 f  RegisterFile/loop1[31].reg32/loop1[31].d_flip_flop/hPos[9]_i_2/O
                         net (fo=2229, routed)        3.676    38.236    CPU/eval_inst/eval5_unit/sys_reset
    SLICE_X42Y105        LUT6 (Prop_lut6_I0_O)        0.124    38.360 r  CPU/eval_inst/eval5_unit/cards[3][5]_i_1/O
                         net (fo=12, routed)          0.798    39.158    CPU/eval_inst/eval5_unit/cards[3][5]_i_1_n_0
    SLICE_X34Y105        FDRE                                         r  CPU/eval_inst/eval5_unit/cards_reg[2][3]/CE
  -------------------------------------------------------------------    -------------------

                         (clock clk_out1_clk_wiz_0 rise edge)
                                                     40.000    40.000 r  
    E3                   IBUF                         0.000    40.000 r  clk_100mhz_IBUF_inst/O
                         net (fo=4, routed)           1.181    41.181    pll/inst/clk_in1
    PLLE2_ADV_X1Y2       PLLE2_ADV (Prop_plle2_adv_CLKIN1_CLKOUT0)
                                                     -3.253    37.928 r  pll/inst/plle2_adv_inst/CLKOUT0
                         net (fo=1, routed)           1.634    39.562    pll/inst/clk_out1_clk_wiz_0
    BUFGCTRL_X0Y16       BUFG (Prop_bufg_I_O)         0.091    39.653 r  pll/inst/clkout1_buf/O
                         net (fo=2220, routed)        1.503    41.156    CPU/eval_inst/eval5_unit/clk_out1
    SLICE_X34Y105        FDRE                                         r  CPU/eval_inst/eval5_unit/cards_reg[2][3]/C
                         clock pessimism              0.000    41.156    
                         clock uncertainty           -0.441    40.714    
    SLICE_X34Y105        FDRE (Setup_fdre_C_CE)      -0.169    40.545    CPU/eval_inst/eval5_unit/cards_reg[2][3]
  -------------------------------------------------------------------
                         required time                         40.545    
                         arrival time                         -39.158    
  -------------------------------------------------------------------
                         slack                                  1.387    

Slack (MET) :             1.515ns  (required time - arrival time)
  Source:                 pll_lock_seen_reg/C
                            (rising edge-triggered cell FDCE clocked by sys_clk_pin  {rise@0.000ns fall@5.000ns period=10.000ns})
  Destination:            CPU/eval_inst/eval5_unit/next_regA_reg[2]/CE
                            (rising edge-triggered cell FDRE clocked by clk_out1_clk_wiz_0  {rise@0.000ns fall@20.000ns period=40.000ns})
  Path Group:             clk_out1_clk_wiz_0
  Path Type:              Setup (Max at Slow Process Corner)
  Requirement:            10.000ns  (clk_out1_clk_wiz_0 rise@40.000ns - sys_clk_pin rise@30.000ns)
  Data Path Delay:        5.588ns  (logic 0.795ns (14.228%)  route 4.793ns (85.772%))
  Logic Levels:           2  (LUT2=1 LUT5=1)
  Clock Path Skew:        -2.044ns (DCD - SCD + CPR)
    Destination Clock Delay (DCD):    1.152ns = ( 41.152 - 40.000 ) 
    Source Clock Delay      (SCD):    3.196ns = ( 33.196 - 30.000 ) 
    Clock Pessimism Removal (CPR):    0.000ns
  Clock Uncertainty:      0.441ns  ((TSJ^2 + DJ^2)^1/2) / 2 + PE
    Total System Jitter     (TSJ):    0.071ns
    Discrete Jitter          (DJ):    0.352ns
    Phase Error              (PE):    0.262ns
  Clock Domain Crossing:  Inter clock paths are considered valid unless explicitly excluded by timing constraints such as set_clock_groups or set_false_path.

    Location             Delay type                Incr(ns)  Path(ns)    Netlist Resource(s)
  -------------------------------------------------------------------    -------------------
                         (clock sys_clk_pin rise edge)
                                                     30.000    30.000 r  
    E3                                                0.000    30.000 r  clk_100mhz (IN)
                         net (fo=0)                   0.000    30.000    clk_100mhz
    E3                   IBUF (Prop_ibuf_I_O)         1.482    31.482 r  clk_100mhz_IBUF_inst/O
                         net (fo=4, routed)           1.714    33.196    clk_100mhz_IBUF
    SLICE_X66Y127        FDCE                                         r  pll_lock_seen_reg/C
  -------------------------------------------------------------------    -------------------
    SLICE_X66Y127        FDCE (Prop_fdce_C_Q)         0.518    33.714 r  pll_lock_seen_reg/Q
                         net (fo=2, routed)           0.722    34.436    RegisterFile/loop1[31].reg32/loop1[31].d_flip_flop/pll_lock_seen
    SLICE_X66Y127        LUT2 (Prop_lut2_I1_O)        0.124    34.560 f  RegisterFile/loop1[31].reg32/loop1[31].d_flip_flop/hPos[9]_i_2/O
                         net (fo=2229, routed)        3.727    38.287    CPU/eval_inst/eval5_unit/sys_reset
    SLICE_X42Y105        LUT5 (Prop_lut5_I0_O)        0.153    38.440 r  CPU/eval_inst/eval5_unit/next_regA[2]_i_1/O
                         net (fo=5, routed)           0.343    38.783    CPU/eval_inst/eval5_unit/next_regA[2]_i_1_n_0
    SLICE_X44Y105        FDRE                                         r  CPU/eval_inst/eval5_unit/next_regA_reg[2]/CE
  -------------------------------------------------------------------    -------------------

                         (clock clk_out1_clk_wiz_0 rise edge)
                                                     40.000    40.000 r  
    E3                   IBUF                         0.000    40.000 r  clk_100mhz_IBUF_inst/O
                         net (fo=4, routed)           1.181    41.181    pll/inst/clk_in1
    PLLE2_ADV_X1Y2       PLLE2_ADV (Prop_plle2_adv_CLKIN1_CLKOUT0)
                                                     -3.253    37.928 r  pll/inst/plle2_adv_inst/CLKOUT0
                         net (fo=1, routed)           1.634    39.562    pll/inst/clk_out1_clk_wiz_0
    BUFGCTRL_X0Y16       BUFG (Prop_bufg_I_O)         0.091    39.653 r  pll/inst/clkout1_buf/O
                         net (fo=2220, routed)        1.499    41.152    CPU/eval_inst/eval5_unit/clk_out1
    SLICE_X44Y105        FDRE                                         r  CPU/eval_inst/eval5_unit/next_regA_reg[2]/C
                         clock pessimism              0.000    41.152    
                         clock uncertainty           -0.441    40.710    
    SLICE_X44Y105        FDRE (Setup_fdre_C_CE)      -0.412    40.298    CPU/eval_inst/eval5_unit/next_regA_reg[2]
  -------------------------------------------------------------------
                         required time                         40.298    
                         arrival time                         -38.783    
  -------------------------------------------------------------------
                         slack                                  1.515    

Slack (MET) :             1.515ns  (required time - arrival time)
  Source:                 pll_lock_seen_reg/C
                            (rising edge-triggered cell FDCE clocked by sys_clk_pin  {rise@0.000ns fall@5.000ns period=10.000ns})
  Destination:            CPU/eval_inst/eval5_unit/next_regB_reg[0]/CE
                            (rising edge-triggered cell FDRE clocked by clk_out1_clk_wiz_0  {rise@0.000ns fall@20.000ns period=40.000ns})
  Path Group:             clk_out1_clk_wiz_0
  Path Type:              Setup (Max at Slow Process Corner)
  Requirement:            10.000ns  (clk_out1_clk_wiz_0 rise@40.000ns - sys_clk_pin rise@30.000ns)
  Data Path Delay:        5.588ns  (logic 0.795ns (14.228%)  route 4.793ns (85.772%))
  Logic Levels:           2  (LUT2=1 LUT5=1)
  Clock Path Skew:        -2.044ns (DCD - SCD + CPR)
    Destination Clock Delay (DCD):    1.152ns = ( 41.152 - 40.000 ) 
    Source Clock Delay      (SCD):    3.196ns = ( 33.196 - 30.000 ) 
    Clock Pessimism Removal (CPR):    0.000ns
  Clock Uncertainty:      0.441ns  ((TSJ^2 + DJ^2)^1/2) / 2 + PE
    Total System Jitter     (TSJ):    0.071ns
    Discrete Jitter          (DJ):    0.352ns
    Phase Error              (PE):    0.262ns
  Clock Domain Crossing:  Inter clock paths are considered valid unless explicitly excluded by timing constraints such as set_clock_groups or set_false_path.

    Location             Delay type                Incr(ns)  Path(ns)    Netlist Resource(s)
  -------------------------------------------------------------------    -------------------
                         (clock sys_clk_pin rise edge)
                                                     30.000    30.000 r  
    E3                                                0.000    30.000 r  clk_100mhz (IN)
                         net (fo=0)                   0.000    30.000    clk_100mhz
    E3                   IBUF (Prop_ibuf_I_O)         1.482    31.482 r  clk_100mhz_IBUF_inst/O
                         net (fo=4, routed)           1.714    33.196    clk_100mhz_IBUF
    SLICE_X66Y127        FDCE                                         r  pll_lock_seen_reg/C
  -------------------------------------------------------------------    -------------------
    SLICE_X66Y127        FDCE (Prop_fdce_C_Q)         0.518    33.714 r  pll_lock_seen_reg/Q
                         net (fo=2, routed)           0.722    34.436    RegisterFile/loop1[31].reg32/loop1[31].d_flip_flop/pll_lock_seen
    SLICE_X66Y127        LUT2 (Prop_lut2_I1_O)        0.124    34.560 f  RegisterFile/loop1[31].reg32/loop1[31].d_flip_flop/hPos[9]_i_2/O
                         net (fo=2229, routed)        3.727    38.287    CPU/eval_inst/eval5_unit/sys_reset
    SLICE_X42Y105        LUT5 (Prop_lut5_I0_O)        0.153    38.440 r  CPU/eval_inst/eval5_unit/next_regA[2]_i_1/O
                         net (fo=5, routed)           0.343    38.783    CPU/eval_inst/eval5_unit/next_regA[2]_i_1_n_0
    SLICE_X44Y105        FDRE                                         r  CPU/eval_inst/eval5_unit/next_regB_reg[0]/CE
  -------------------------------------------------------------------    -------------------

                         (clock clk_out1_clk_wiz_0 rise edge)
                                                     40.000    40.000 r  
    E3                   IBUF                         0.000    40.000 r  clk_100mhz_IBUF_inst/O
                         net (fo=4, routed)           1.181    41.181    pll/inst/clk_in1
    PLLE2_ADV_X1Y2       PLLE2_ADV (Prop_plle2_adv_CLKIN1_CLKOUT0)
                                                     -3.253    37.928 r  pll/inst/plle2_adv_inst/CLKOUT0
                         net (fo=1, routed)           1.634    39.562    pll/inst/clk_out1_clk_wiz_0
    BUFGCTRL_X0Y16       BUFG (Prop_bufg_I_O)         0.091    39.653 r  pll/inst/clkout1_buf/O
                         net (fo=2220, routed)        1.499    41.152    CPU/eval_inst/eval5_unit/clk_out1
    SLICE_X44Y105        FDRE                                         r  CPU/eval_inst/eval5_unit/next_regB_reg[0]/C
                         clock pessimism              0.000    41.152    
                         clock uncertainty           -0.441    40.710    
    SLICE_X44Y105        FDRE (Setup_fdre_C_CE)      -0.412    40.298    CPU/eval_inst/eval5_unit/next_regB_reg[0]
  -------------------------------------------------------------------
                         required time                         40.298    
                         arrival time                         -38.783    
  -------------------------------------------------------------------
                         slack                                  1.515    

Slack (MET) :             1.515ns  (required time - arrival time)
  Source:                 pll_lock_seen_reg/C
                            (rising edge-triggered cell FDCE clocked by sys_clk_pin  {rise@0.000ns fall@5.000ns period=10.000ns})
  Destination:            CPU/eval_inst/eval5_unit/next_regB_reg[1]/CE
                            (rising edge-triggered cell FDRE clocked by clk_out1_clk_wiz_0  {rise@0.000ns fall@20.000ns period=40.000ns})
  Path Group:             clk_out1_clk_wiz_0
  Path Type:              Setup (Max at Slow Process Corner)
  Requirement:            10.000ns  (clk_out1_clk_wiz_0 rise@40.000ns - sys_clk_pin rise@30.000ns)
  Data Path Delay:        5.588ns  (logic 0.795ns (14.228%)  route 4.793ns (85.772%))
  Logic Levels:           2  (LUT2=1 LUT5=1)
  Clock Path Skew:        -2.044ns (DCD - SCD + CPR)
    Destination Clock Delay (DCD):    1.152ns = ( 41.152 - 40.000 ) 
    Source Clock Delay      (SCD):    3.196ns = ( 33.196 - 30.000 ) 
    Clock Pessimism Removal (CPR):    0.000ns
  Clock Uncertainty:      0.441ns  ((TSJ^2 + DJ^2)^1/2) / 2 + PE
    Total System Jitter     (TSJ):    0.071ns
    Discrete Jitter          (DJ):    0.352ns
    Phase Error              (PE):    0.262ns
  Clock Domain Crossing:  Inter clock paths are considered valid unless explicitly excluded by timing constraints such as set_clock_groups or set_false_path.

    Location             Delay type                Incr(ns)  Path(ns)    Netlist Resource(s)
  -------------------------------------------------------------------    -------------------
                         (clock sys_clk_pin rise edge)
                                                     30.000    30.000 r  
    E3                                                0.000    30.000 r  clk_100mhz (IN)
                         net (fo=0)                   0.000    30.000    clk_100mhz
    E3                   IBUF (Prop_ibuf_I_O)         1.482    31.482 r  clk_100mhz_IBUF_inst/O
                         net (fo=4, routed)           1.714    33.196    clk_100mhz_IBUF
    SLICE_X66Y127        FDCE                                         r  pll_lock_seen_reg/C
  -------------------------------------------------------------------    -------------------
    SLICE_X66Y127        FDCE (Prop_fdce_C_Q)         0.518    33.714 r  pll_lock_seen_reg/Q
                         net (fo=2, routed)           0.722    34.436    RegisterFile/loop1[31].reg32/loop1[31].d_flip_flop/pll_lock_seen
    SLICE_X66Y127        LUT2 (Prop_lut2_I1_O)        0.124    34.560 f  RegisterFile/loop1[31].reg32/loop1[31].d_flip_flop/hPos[9]_i_2/O
                         net (fo=2229, routed)        3.727    38.287    CPU/eval_inst/eval5_unit/sys_reset
    SLICE_X42Y105        LUT5 (Prop_lut5_I0_O)        0.153    38.440 r  CPU/eval_inst/eval5_unit/next_regA[2]_i_1/O
                         net (fo=5, routed)           0.343    38.783    CPU/eval_inst/eval5_unit/next_regA[2]_i_1_n_0
    SLICE_X44Y105        FDRE                                         r  CPU/eval_inst/eval5_unit/next_regB_reg[1]/CE
  -------------------------------------------------------------------    -------------------

                         (clock clk_out1_clk_wiz_0 rise edge)
                                                     40.000    40.000 r  
    E3                   IBUF                         0.000    40.000 r  clk_100mhz_IBUF_inst/O
                         net (fo=4, routed)           1.181    41.181    pll/inst/clk_in1
    PLLE2_ADV_X1Y2       PLLE2_ADV (Prop_plle2_adv_CLKIN1_CLKOUT0)
                                                     -3.253    37.928 r  pll/inst/plle2_adv_inst/CLKOUT0
                         net (fo=1, routed)           1.634    39.562    pll/inst/clk_out1_clk_wiz_0
    BUFGCTRL_X0Y16       BUFG (Prop_bufg_I_O)         0.091    39.653 r  pll/inst/clkout1_buf/O
                         net (fo=2220, routed)        1.499    41.152    CPU/eval_inst/eval5_unit/clk_out1
    SLICE_X44Y105        FDRE                                         r  CPU/eval_inst/eval5_unit/next_regB_reg[1]/C
                         clock pessimism              0.000    41.152    
                         clock uncertainty           -0.441    40.710    
    SLICE_X44Y105        FDRE (Setup_fdre_C_CE)      -0.412    40.298    CPU/eval_inst/eval5_unit/next_regB_reg[1]
  -------------------------------------------------------------------
                         required time                         40.298    
                         arrival time                         -38.783    
  -------------------------------------------------------------------
                         slack                                  1.515    





Min Delay Paths
--------------------------------------------------------------------------------------
Slack (MET) :             1.997ns  (arrival time - required time)
  Source:                 pll_lock_seen_reg/C
                            (rising edge-triggered cell FDCE clocked by sys_clk_pin  {rise@0.000ns fall@5.000ns period=10.000ns})
  Destination:            CPU/eval_inst/eval5_unit/cards_reg[0][0]/CE
                            (rising edge-triggered cell FDRE clocked by clk_out1_clk_wiz_0  {rise@0.000ns fall@20.000ns period=40.000ns})
  Path Group:             clk_out1_clk_wiz_0
  Path Type:              Hold (Min at Fast Process Corner)
  Requirement:            0.000ns  (clk_out1_clk_wiz_0 rise@0.000ns - sys_clk_pin rise@0.000ns)
  Data Path Delay:        1.860ns  (logic 0.254ns (13.653%)  route 1.606ns (86.347%))
  Logic Levels:           2  (LUT2=1 LUT6=1)
  Clock Path Skew:        -0.539ns (DCD - SCD - CPR)
    Destination Clock Delay (DCD):    0.487ns
    Source Clock Delay      (SCD):    1.026ns
    Clock Pessimism Removal (CPR):    -0.000ns
  Clock Uncertainty:      0.441ns  ((TSJ^2 + DJ^2)^1/2) / 2 + PE
    Total System Jitter     (TSJ):    0.071ns
    Discrete Jitter          (DJ):    0.352ns
    Phase Error              (PE):    0.262ns
  Clock Domain Crossing:  Inter clock paths are considered valid unless explicitly excluded by timing constraints such as set_clock_groups or set_false_path.

    Location             Delay type                Incr(ns)  Path(ns)    Netlist Resource(s)
  -------------------------------------------------------------------    -------------------
                         (clock sys_clk_pin rise edge)
                                                      0.000     0.000 r  
    E3                                                0.000     0.000 r  clk_100mhz (IN)
                         net (fo=0)                   0.000     0.000    clk_100mhz
    E3                   IBUF (Prop_ibuf_I_O)         0.250     0.250 r  clk_100mhz_IBUF_inst/O
                         net (fo=4, routed)           0.777     1.026    clk_100mhz_IBUF
    SLICE_X66Y127        FDCE                                         r  pll_lock_seen_reg/C
  -------------------------------------------------------------------    -------------------
    SLICE_X66Y127        FDCE (Prop_fdce_C_Q)         0.164     1.190 r  pll_lock_seen_reg/Q
                         net (fo=2, routed)           0.272     1.463    RegisterFile/loop1[31].reg32/loop1[31].d_flip_flop/pll_lock_seen
    SLICE_X66Y127        LUT2 (Prop_lut2_I1_O)        0.045     1.508 f  RegisterFile/loop1[31].reg32/loop1[31].d_flip_flop/hPos[9]_i_2/O
                         net (fo=2229, routed)        1.148     2.656    CPU/eval_inst/eval5_unit/sys_reset
    SLICE_X40Y105        LUT6 (Prop_lut6_I2_O)        0.045     2.701 r  CPU/eval_inst/eval5_unit/cards[1][5]_i_1/O
                         net (fo=12, routed)          0.186     2.887    CPU/eval_inst/eval5_unit/cards[1][5]_i_1_n_0
    SLICE_X36Y104        FDRE                                         r  CPU/eval_inst/eval5_unit/cards_reg[0][0]/CE
  -------------------------------------------------------------------    -------------------

                         (clock clk_out1_clk_wiz_0 rise edge)
                                                      0.000     0.000 r  
    E3                   IBUF                         0.000     0.000 r  clk_100mhz_IBUF_inst/O
                         net (fo=4, routed)           0.481     0.481    pll/inst/clk_in1
    PLLE2_ADV_X1Y2       PLLE2_ADV (Prop_plle2_adv_CLKIN1_CLKOUT0)
                                                     -1.417    -0.936 r  pll/inst/plle2_adv_inst/CLKOUT0
                         net (fo=1, routed)           0.560    -0.376    pll/inst/clk_out1_clk_wiz_0
    BUFGCTRL_X0Y16       BUFG (Prop_bufg_I_O)         0.029    -0.347 r  pll/inst/clkout1_buf/O
                         net (fo=2220, routed)        0.835     0.487    CPU/eval_inst/eval5_unit/clk_out1
    SLICE_X36Y104        FDRE                                         r  CPU/eval_inst/eval5_unit/cards_reg[0][0]/C
                         clock pessimism              0.000     0.487    
                         clock uncertainty            0.441     0.929    
    SLICE_X36Y104        FDRE (Hold_fdre_C_CE)       -0.039     0.890    CPU/eval_inst/eval5_unit/cards_reg[0][0]
  -------------------------------------------------------------------
                         required time                         -0.890    
                         arrival time                           2.887    
  -------------------------------------------------------------------
                         slack                                  1.997    

Slack (MET) :             1.997ns  (arrival time - required time)
  Source:                 pll_lock_seen_reg/C
                            (rising edge-triggered cell FDCE clocked by sys_clk_pin  {rise@0.000ns fall@5.000ns period=10.000ns})
  Destination:            CPU/eval_inst/eval5_unit/cards_reg[0][1]/CE
                            (rising edge-triggered cell FDRE clocked by clk_out1_clk_wiz_0  {rise@0.000ns fall@20.000ns period=40.000ns})
  Path Group:             clk_out1_clk_wiz_0
  Path Type:              Hold (Min at Fast Process Corner)
  Requirement:            0.000ns  (clk_out1_clk_wiz_0 rise@0.000ns - sys_clk_pin rise@0.000ns)
  Data Path Delay:        1.860ns  (logic 0.254ns (13.653%)  route 1.606ns (86.347%))
  Logic Levels:           2  (LUT2=1 LUT6=1)
  Clock Path Skew:        -0.539ns (DCD - SCD - CPR)
    Destination Clock Delay (DCD):    0.487ns
    Source Clock Delay      (SCD):    1.026ns
    Clock Pessimism Removal (CPR):    -0.000ns
  Clock Uncertainty:      0.441ns  ((TSJ^2 + DJ^2)^1/2) / 2 + PE
    Total System Jitter     (TSJ):    0.071ns
    Discrete Jitter          (DJ):    0.352ns
    Phase Error              (PE):    0.262ns
  Clock Domain Crossing:  Inter clock paths are considered valid unless explicitly excluded by timing constraints such as set_clock_groups or set_false_path.

    Location             Delay type                Incr(ns)  Path(ns)    Netlist Resource(s)
  -------------------------------------------------------------------    -------------------
                         (clock sys_clk_pin rise edge)
                                                      0.000     0.000 r  
    E3                                                0.000     0.000 r  clk_100mhz (IN)
                         net (fo=0)                   0.000     0.000    clk_100mhz
    E3                   IBUF (Prop_ibuf_I_O)         0.250     0.250 r  clk_100mhz_IBUF_inst/O
                         net (fo=4, routed)           0.777     1.026    clk_100mhz_IBUF
    SLICE_X66Y127        FDCE                                         r  pll_lock_seen_reg/C
  -------------------------------------------------------------------    -------------------
    SLICE_X66Y127        FDCE (Prop_fdce_C_Q)         0.164     1.190 r  pll_lock_seen_reg/Q
                         net (fo=2, routed)           0.272     1.463    RegisterFile/loop1[31].reg32/loop1[31].d_flip_flop/pll_lock_seen
    SLICE_X66Y127        LUT2 (Prop_lut2_I1_O)        0.045     1.508 f  RegisterFile/loop1[31].reg32/loop1[31].d_flip_flop/hPos[9]_i_2/O
                         net (fo=2229, routed)        1.148     2.656    CPU/eval_inst/eval5_unit/sys_reset
    SLICE_X40Y105        LUT6 (Prop_lut6_I2_O)        0.045     2.701 r  CPU/eval_inst/eval5_unit/cards[1][5]_i_1/O
                         net (fo=12, routed)          0.186     2.887    CPU/eval_inst/eval5_unit/cards[1][5]_i_1_n_0
    SLICE_X36Y104        FDRE                                         r  CPU/eval_inst/eval5_unit/cards_reg[0][1]/CE
  -------------------------------------------------------------------    -------------------

                         (clock clk_out1_clk_wiz_0 rise edge)
                                                      0.000     0.000 r  
    E3                   IBUF                         0.000     0.000 r  clk_100mhz_IBUF_inst/O
                         net (fo=4, routed)           0.481     0.481    pll/inst/clk_in1
    PLLE2_ADV_X1Y2       PLLE2_ADV (Prop_plle2_adv_CLKIN1_CLKOUT0)
                                                     -1.417    -0.936 r  pll/inst/plle2_adv_inst/CLKOUT0
                         net (fo=1, routed)           0.560    -0.376    pll/inst/clk_out1_clk_wiz_0
    BUFGCTRL_X0Y16       BUFG (Prop_bufg_I_O)         0.029    -0.347 r  pll/inst/clkout1_buf/O
                         net (fo=2220, routed)        0.835     0.487    CPU/eval_inst/eval5_unit/clk_out1
    SLICE_X36Y104        FDRE                                         r  CPU/eval_inst/eval5_unit/cards_reg[0][1]/C
                         clock pessimism              0.000     0.487    
                         clock uncertainty            0.441     0.929    
    SLICE_X36Y104        FDRE (Hold_fdre_C_CE)       -0.039     0.890    CPU/eval_inst/eval5_unit/cards_reg[0][1]
  -------------------------------------------------------------------
                         required time                         -0.890    
                         arrival time                           2.887    
  -------------------------------------------------------------------
                         slack                                  1.997    

Slack (MET) :             1.997ns  (arrival time - required time)
  Source:                 pll_lock_seen_reg/C
                            (rising edge-triggered cell FDCE clocked by sys_clk_pin  {rise@0.000ns fall@5.000ns period=10.000ns})
  Destination:            CPU/eval_inst/eval5_unit/cards_reg[1][1]/CE
                            (rising edge-triggered cell FDRE clocked by clk_out1_clk_wiz_0  {rise@0.000ns fall@20.000ns period=40.000ns})
  Path Group:             clk_out1_clk_wiz_0
  Path Type:              Hold (Min at Fast Process Corner)
  Requirement:            0.000ns  (clk_out1_clk_wiz_0 rise@0.000ns - sys_clk_pin rise@0.000ns)
  Data Path Delay:        1.860ns  (logic 0.254ns (13.653%)  route 1.606ns (86.347%))
  Logic Levels:           2  (LUT2=1 LUT6=1)
  Clock Path Skew:        -0.539ns (DCD - SCD - CPR)
    Destination Clock Delay (DCD):    0.487ns
    Source Clock Delay      (SCD):    1.026ns
    Clock Pessimism Removal (CPR):    -0.000ns
  Clock Uncertainty:      0.441ns  ((TSJ^2 + DJ^2)^1/2) / 2 + PE
    Total System Jitter     (TSJ):    0.071ns
    Discrete Jitter          (DJ):    0.352ns
    Phase Error              (PE):    0.262ns
  Clock Domain Crossing:  Inter clock paths are considered valid unless explicitly excluded by timing constraints such as set_clock_groups or set_false_path.

    Location             Delay type                Incr(ns)  Path(ns)    Netlist Resource(s)
  -------------------------------------------------------------------    -------------------
                         (clock sys_clk_pin rise edge)
                                                      0.000     0.000 r  
    E3                                                0.000     0.000 r  clk_100mhz (IN)
                         net (fo=0)                   0.000     0.000    clk_100mhz
    E3                   IBUF (Prop_ibuf_I_O)         0.250     0.250 r  clk_100mhz_IBUF_inst/O
                         net (fo=4, routed)           0.777     1.026    clk_100mhz_IBUF
    SLICE_X66Y127        FDCE                                         r  pll_lock_seen_reg/C
  -------------------------------------------------------------------    -------------------
    SLICE_X66Y127        FDCE (Prop_fdce_C_Q)         0.164     1.190 r  pll_lock_seen_reg/Q
                         net (fo=2, routed)           0.272     1.463    RegisterFile/loop1[31].reg32/loop1[31].d_flip_flop/pll_lock_seen
    SLICE_X66Y127        LUT2 (Prop_lut2_I1_O)        0.045     1.508 f  RegisterFile/loop1[31].reg32/loop1[31].d_flip_flop/hPos[9]_i_2/O
                         net (fo=2229, routed)        1.148     2.656    CPU/eval_inst/eval5_unit/sys_reset
    SLICE_X40Y105        LUT6 (Prop_lut6_I2_O)        0.045     2.701 r  CPU/eval_inst/eval5_unit/cards[1][5]_i_1/O
                         net (fo=12, routed)          0.186     2.887    CPU/eval_inst/eval5_unit/cards[1][5]_i_1_n_0
    SLICE_X36Y104        FDRE                                         r  CPU/eval_inst/eval5_unit/cards_reg[1][1]/CE
  -------------------------------------------------------------------    -------------------

                         (clock clk_out1_clk_wiz_0 rise edge)
                                                      0.000     0.000 r  
    E3                   IBUF                         0.000     0.000 r  clk_100mhz_IBUF_inst/O
                         net (fo=4, routed)           0.481     0.481    pll/inst/clk_in1
    PLLE2_ADV_X1Y2       PLLE2_ADV (Prop_plle2_adv_CLKIN1_CLKOUT0)
                                                     -1.417    -0.936 r  pll/inst/plle2_adv_inst/CLKOUT0
                         net (fo=1, routed)           0.560    -0.376    pll/inst/clk_out1_clk_wiz_0
    BUFGCTRL_X0Y16       BUFG (Prop_bufg_I_O)         0.029    -0.347 r  pll/inst/clkout1_buf/O
                         net (fo=2220, routed)        0.835     0.487    CPU/eval_inst/eval5_unit/clk_out1
    SLICE_X36Y104        FDRE                                         r  CPU/eval_inst/eval5_unit/cards_reg[1][1]/C
                         clock pessimism              0.000     0.487    
                         clock uncertainty            0.441     0.929    
    SLICE_X36Y104        FDRE (Hold_fdre_C_CE)       -0.039     0.890    CPU/eval_inst/eval5_unit/cards_reg[1][1]
  -------------------------------------------------------------------
                         required time                         -0.890    
                         arrival time                           2.887    
  -------------------------------------------------------------------
                         slack                                  1.997    

Slack (MET) :             1.997ns  (arrival time - required time)
  Source:                 pll_lock_seen_reg/C
                            (rising edge-triggered cell FDCE clocked by sys_clk_pin  {rise@0.000ns fall@5.000ns period=10.000ns})
  Destination:            CPU/eval_inst/eval5_unit/cards_reg[1][4]/CE
                            (rising edge-triggered cell FDRE clocked by clk_out1_clk_wiz_0  {rise@0.000ns fall@20.000ns period=40.000ns})
  Path Group:             clk_out1_clk_wiz_0
  Path Type:              Hold (Min at Fast Process Corner)
  Requirement:            0.000ns  (clk_out1_clk_wiz_0 rise@0.000ns - sys_clk_pin rise@0.000ns)
  Data Path Delay:        1.860ns  (logic 0.254ns (13.653%)  route 1.606ns (86.347%))
  Logic Levels:           2  (LUT2=1 LUT6=1)
  Clock Path Skew:        -0.539ns (DCD - SCD - CPR)
    Destination Clock Delay (DCD):    0.487ns
    Source Clock Delay      (SCD):    1.026ns
    Clock Pessimism Removal (CPR):    -0.000ns
  Clock Uncertainty:      0.441ns  ((TSJ^2 + DJ^2)^1/2) / 2 + PE
    Total System Jitter     (TSJ):    0.071ns
    Discrete Jitter          (DJ):    0.352ns
    Phase Error              (PE):    0.262ns
  Clock Domain Crossing:  Inter clock paths are considered valid unless explicitly excluded by timing constraints such as set_clock_groups or set_false_path.

    Location             Delay type                Incr(ns)  Path(ns)    Netlist Resource(s)
  -------------------------------------------------------------------    -------------------
                         (clock sys_clk_pin rise edge)
                                                      0.000     0.000 r  
    E3                                                0.000     0.000 r  clk_100mhz (IN)
                         net (fo=0)                   0.000     0.000    clk_100mhz
    E3                   IBUF (Prop_ibuf_I_O)         0.250     0.250 r  clk_100mhz_IBUF_inst/O
                         net (fo=4, routed)           0.777     1.026    clk_100mhz_IBUF
    SLICE_X66Y127        FDCE                                         r  pll_lock_seen_reg/C
  -------------------------------------------------------------------    -------------------
    SLICE_X66Y127        FDCE (Prop_fdce_C_Q)         0.164     1.190 r  pll_lock_seen_reg/Q
                         net (fo=2, routed)           0.272     1.463    RegisterFile/loop1[31].reg32/loop1[31].d_flip_flop/pll_lock_seen
    SLICE_X66Y127        LUT2 (Prop_lut2_I1_O)        0.045     1.508 f  RegisterFile/loop1[31].reg32/loop1[31].d_flip_flop/hPos[9]_i_2/O
                         net (fo=2229, routed)        1.148     2.656    CPU/eval_inst/eval5_unit/sys_reset
    SLICE_X40Y105        LUT6 (Prop_lut6_I2_O)        0.045     2.701 r  CPU/eval_inst/eval5_unit/cards[1][5]_i_1/O
                         net (fo=12, routed)          0.186     2.887    CPU/eval_inst/eval5_unit/cards[1][5]_i_1_n_0
    SLICE_X36Y104        FDRE                                         r  CPU/eval_inst/eval5_unit/cards_reg[1][4]/CE
  -------------------------------------------------------------------    -------------------

                         (clock clk_out1_clk_wiz_0 rise edge)
                                                      0.000     0.000 r  
    E3                   IBUF                         0.000     0.000 r  clk_100mhz_IBUF_inst/O
                         net (fo=4, routed)           0.481     0.481    pll/inst/clk_in1
    PLLE2_ADV_X1Y2       PLLE2_ADV (Prop_plle2_adv_CLKIN1_CLKOUT0)
                                                     -1.417    -0.936 r  pll/inst/plle2_adv_inst/CLKOUT0
                         net (fo=1, routed)           0.560    -0.376    pll/inst/clk_out1_clk_wiz_0
    BUFGCTRL_X0Y16       BUFG (Prop_bufg_I_O)         0.029    -0.347 r  pll/inst/clkout1_buf/O
                         net (fo=2220, routed)        0.835     0.487    CPU/eval_inst/eval5_unit/clk_out1
    SLICE_X36Y104        FDRE                                         r  CPU/eval_inst/eval5_unit/cards_reg[1][4]/C
                         clock pessimism              0.000     0.487    
                         clock uncertainty            0.441     0.929    
    SLICE_X36Y104        FDRE (Hold_fdre_C_CE)       -0.039     0.890    CPU/eval_inst/eval5_unit/cards_reg[1][4]
  -------------------------------------------------------------------
                         required time                         -0.890    
                         arrival time                           2.887    
  -------------------------------------------------------------------
                         slack                                  1.997    

Slack (MET) :             1.999ns  (arrival time - required time)
  Source:                 pll_lock_seen_reg/C
                            (rising edge-triggered cell FDCE clocked by sys_clk_pin  {rise@0.000ns fall@5.000ns period=10.000ns})
  Destination:            CPU/eval_inst/eval5_unit/cards_reg[1][0]/CE
                            (rising edge-triggered cell FDRE clocked by clk_out1_clk_wiz_0  {rise@0.000ns fall@20.000ns period=40.000ns})
  Path Group:             clk_out1_clk_wiz_0
  Path Type:              Hold (Min at Fast Process Corner)
  Requirement:            0.000ns  (clk_out1_clk_wiz_0 rise@0.000ns - sys_clk_pin rise@0.000ns)
  Data Path Delay:        1.862ns  (logic 0.254ns (13.641%)  route 1.608ns (86.359%))
  Logic Levels:           2  (LUT2=1 LUT6=1)
  Clock Path Skew:        -0.539ns (DCD - SCD - CPR)
    Destination Clock Delay (DCD):    0.487ns
    Source Clock Delay      (SCD):    1.026ns
    Clock Pessimism Removal (CPR):    -0.000ns
  Clock Uncertainty:      0.441ns  ((TSJ^2 + DJ^2)^1/2) / 2 + PE
    Total System Jitter     (TSJ):    0.071ns
    Discrete Jitter          (DJ):    0.352ns
    Phase Error              (PE):    0.262ns
  Clock Domain Crossing:  Inter clock paths are considered valid unless explicitly excluded by timing constraints such as set_clock_groups or set_false_path.

    Location             Delay type                Incr(ns)  Path(ns)    Netlist Resource(s)
  -------------------------------------------------------------------    -------------------
                         (clock sys_clk_pin rise edge)
                                                      0.000     0.000 r  
    E3                                                0.000     0.000 r  clk_100mhz (IN)
                         net (fo=0)                   0.000     0.000    clk_100mhz
    E3                   IBUF (Prop_ibuf_I_O)         0.250     0.250 r  clk_100mhz_IBUF_inst/O
                         net (fo=4, routed)           0.777     1.026    clk_100mhz_IBUF
    SLICE_X66Y127        FDCE                                         r  pll_lock_seen_reg/C
  -------------------------------------------------------------------    -------------------
    SLICE_X66Y127        FDCE (Prop_fdce_C_Q)         0.164     1.190 r  pll_lock_seen_reg/Q
                         net (fo=2, routed)           0.272     1.463    RegisterFile/loop1[31].reg32/loop1[31].d_flip_flop/pll_lock_seen
    SLICE_X66Y127        LUT2 (Prop_lut2_I1_O)        0.045     1.508 f  RegisterFile/loop1[31].reg32/loop1[31].d_flip_flop/hPos[9]_i_2/O
                         net (fo=2229, routed)        1.148     2.656    CPU/eval_inst/eval5_unit/sys_reset
    SLICE_X40Y105        LUT6 (Prop_lut6_I2_O)        0.045     2.701 r  CPU/eval_inst/eval5_unit/cards[1][5]_i_1/O
                         net (fo=12, routed)          0.187     2.889    CPU/eval_inst/eval5_unit/cards[1][5]_i_1_n_0
    SLICE_X36Y105        FDRE                                         r  CPU/eval_inst/eval5_unit/cards_reg[1][0]/CE
  -------------------------------------------------------------------    -------------------

                         (clock clk_out1_clk_wiz_0 rise edge)
                                                      0.000     0.000 r  
    E3                   IBUF                         0.000     0.000 r  clk_100mhz_IBUF_inst/O
                         net (fo=4, routed)           0.481     0.481    pll/inst/clk_in1
    PLLE2_ADV_X1Y2       PLLE2_ADV (Prop_plle2_adv_CLKIN1_CLKOUT0)
                                                     -1.417    -0.936 r  pll/inst/plle2_adv_inst/CLKOUT0
                         net (fo=1, routed)           0.560    -0.376    pll/inst/clk_out1_clk_wiz_0
    BUFGCTRL_X0Y16       BUFG (Prop_bufg_I_O)         0.029    -0.347 r  pll/inst/clkout1_buf/O
                         net (fo=2220, routed)        0.835     0.487    CPU/eval_inst/eval5_unit/clk_out1
    SLICE_X36Y105        FDRE                                         r  CPU/eval_inst/eval5_unit/cards_reg[1][0]/C
                         clock pessimism              0.000     0.487    
                         clock uncertainty            0.441     0.929    
    SLICE_X36Y105        FDRE (Hold_fdre_C_CE)       -0.039     0.890    CPU/eval_inst/eval5_unit/cards_reg[1][0]
  -------------------------------------------------------------------
                         required time                         -0.890    
                         arrival time                           2.889    
  -------------------------------------------------------------------
                         slack                                  1.999    

Slack (MET) :             1.999ns  (arrival time - required time)
  Source:                 pll_lock_seen_reg/C
                            (rising edge-triggered cell FDCE clocked by sys_clk_pin  {rise@0.000ns fall@5.000ns period=10.000ns})
  Destination:            CPU/eval_inst/eval5_unit/cards_reg[1][2]/CE
                            (rising edge-triggered cell FDRE clocked by clk_out1_clk_wiz_0  {rise@0.000ns fall@20.000ns period=40.000ns})
  Path Group:             clk_out1_clk_wiz_0
  Path Type:              Hold (Min at Fast Process Corner)
  Requirement:            0.000ns  (clk_out1_clk_wiz_0 rise@0.000ns - sys_clk_pin rise@0.000ns)
  Data Path Delay:        1.862ns  (logic 0.254ns (13.641%)  route 1.608ns (86.359%))
  Logic Levels:           2  (LUT2=1 LUT6=1)
  Clock Path Skew:        -0.539ns (DCD - SCD - CPR)
    Destination Clock Delay (DCD):    0.487ns
    Source Clock Delay      (SCD):    1.026ns
    Clock Pessimism Removal (CPR):    -0.000ns
  Clock Uncertainty:      0.441ns  ((TSJ^2 + DJ^2)^1/2) / 2 + PE
    Total System Jitter     (TSJ):    0.071ns
    Discrete Jitter          (DJ):    0.352ns
    Phase Error              (PE):    0.262ns
  Clock Domain Crossing:  Inter clock paths are considered valid unless explicitly excluded by timing constraints such as set_clock_groups or set_false_path.

    Location             Delay type                Incr(ns)  Path(ns)    Netlist Resource(s)
  -------------------------------------------------------------------    -------------------
                         (clock sys_clk_pin rise edge)
                                                      0.000     0.000 r  
    E3                                                0.000     0.000 r  clk_100mhz (IN)
                         net (fo=0)                   0.000     0.000    clk_100mhz
    E3                   IBUF (Prop_ibuf_I_O)         0.250     0.250 r  clk_100mhz_IBUF_inst/O
                         net (fo=4, routed)           0.777     1.026    clk_100mhz_IBUF
    SLICE_X66Y127        FDCE                                         r  pll_lock_seen_reg/C
  -------------------------------------------------------------------    -------------------
    SLICE_X66Y127        FDCE (Prop_fdce_C_Q)         0.164     1.190 r  pll_lock_seen_reg/Q
                         net (fo=2, routed)           0.272     1.463    RegisterFile/loop1[31].reg32/loop1[31].d_flip_flop/pll_lock_seen
    SLICE_X66Y127        LUT2 (Prop_lut2_I1_O)        0.045     1.508 f  RegisterFile/loop1[31].reg32/loop1[31].d_flip_flop/hPos[9]_i_2/O
                         net (fo=2229, routed)        1.148     2.656    CPU/eval_inst/eval5_unit/sys_reset
    SLICE_X40Y105        LUT6 (Prop_lut6_I2_O)        0.045     2.701 r  CPU/eval_inst/eval5_unit/cards[1][5]_i_1/O
                         net (fo=12, routed)          0.187     2.889    CPU/eval_inst/eval5_unit/cards[1][5]_i_1_n_0
    SLICE_X36Y105        FDRE                                         r  CPU/eval_inst/eval5_unit/cards_reg[1][2]/CE
  -------------------------------------------------------------------    -------------------

                         (clock clk_out1_clk_wiz_0 rise edge)
                                                      0.000     0.000 r  
    E3                   IBUF                         0.000     0.000 r  clk_100mhz_IBUF_inst/O
                         net (fo=4, routed)           0.481     0.481    pll/inst/clk_in1
    PLLE2_ADV_X1Y2       PLLE2_ADV (Prop_plle2_adv_CLKIN1_CLKOUT0)
                                                     -1.417    -0.936 r  pll/inst/plle2_adv_inst/CLKOUT0
                         net (fo=1, routed)           0.560    -0.376    pll/inst/clk_out1_clk_wiz_0
    BUFGCTRL_X0Y16       BUFG (Prop_bufg_I_O)         0.029    -0.347 r  pll/inst/clkout1_buf/O
                         net (fo=2220, routed)        0.835     0.487    CPU/eval_inst/eval5_unit/clk_out1
    SLICE_X36Y105        FDRE                                         r  CPU/eval_inst/eval5_unit/cards_reg[1][2]/C
                         clock pessimism              0.000     0.487    
                         clock uncertainty            0.441     0.929    
    SLICE_X36Y105        FDRE (Hold_fdre_C_CE)       -0.039     0.890    CPU/eval_inst/eval5_unit/cards_reg[1][2]
  -------------------------------------------------------------------
                         required time                         -0.890    
                         arrival time                           2.889    
  -------------------------------------------------------------------
                         slack                                  1.999    

Slack (MET) :             1.999ns  (arrival time - required time)
  Source:                 pll_lock_seen_reg/C
                            (rising edge-triggered cell FDCE clocked by sys_clk_pin  {rise@0.000ns fall@5.000ns period=10.000ns})
  Destination:            CPU/eval_inst/eval5_unit/cards_reg[1][3]/CE
                            (rising edge-triggered cell FDRE clocked by clk_out1_clk_wiz_0  {rise@0.000ns fall@20.000ns period=40.000ns})
  Path Group:             clk_out1_clk_wiz_0
  Path Type:              Hold (Min at Fast Process Corner)
  Requirement:            0.000ns  (clk_out1_clk_wiz_0 rise@0.000ns - sys_clk_pin rise@0.000ns)
  Data Path Delay:        1.862ns  (logic 0.254ns (13.641%)  route 1.608ns (86.359%))
  Logic Levels:           2  (LUT2=1 LUT6=1)
  Clock Path Skew:        -0.539ns (DCD - SCD - CPR)
    Destination Clock Delay (DCD):    0.487ns
    Source Clock Delay      (SCD):    1.026ns
    Clock Pessimism Removal (CPR):    -0.000ns
  Clock Uncertainty:      0.441ns  ((TSJ^2 + DJ^2)^1/2) / 2 + PE
    Total System Jitter     (TSJ):    0.071ns
    Discrete Jitter          (DJ):    0.352ns
    Phase Error              (PE):    0.262ns
  Clock Domain Crossing:  Inter clock paths are considered valid unless explicitly excluded by timing constraints such as set_clock_groups or set_false_path.

    Location             Delay type                Incr(ns)  Path(ns)    Netlist Resource(s)
  -------------------------------------------------------------------    -------------------
                         (clock sys_clk_pin rise edge)
                                                      0.000     0.000 r  
    E3                                                0.000     0.000 r  clk_100mhz (IN)
                         net (fo=0)                   0.000     0.000    clk_100mhz
    E3                   IBUF (Prop_ibuf_I_O)         0.250     0.250 r  clk_100mhz_IBUF_inst/O
                         net (fo=4, routed)           0.777     1.026    clk_100mhz_IBUF
    SLICE_X66Y127        FDCE                                         r  pll_lock_seen_reg/C
  -------------------------------------------------------------------    -------------------
    SLICE_X66Y127        FDCE (Prop_fdce_C_Q)         0.164     1.190 r  pll_lock_seen_reg/Q
                         net (fo=2, routed)           0.272     1.463    RegisterFile/loop1[31].reg32/loop1[31].d_flip_flop/pll_lock_seen
    SLICE_X66Y127        LUT2 (Prop_lut2_I1_O)        0.045     1.508 f  RegisterFile/loop1[31].reg32/loop1[31].d_flip_flop/hPos[9]_i_2/O
                         net (fo=2229, routed)        1.148     2.656    CPU/eval_inst/eval5_unit/sys_reset
    SLICE_X40Y105        LUT6 (Prop_lut6_I2_O)        0.045     2.701 r  CPU/eval_inst/eval5_unit/cards[1][5]_i_1/O
                         net (fo=12, routed)          0.187     2.889    CPU/eval_inst/eval5_unit/cards[1][5]_i_1_n_0
    SLICE_X36Y105        FDRE                                         r  CPU/eval_inst/eval5_unit/cards_reg[1][3]/CE
  -------------------------------------------------------------------    -------------------

                         (clock clk_out1_clk_wiz_0 rise edge)
                                                      0.000     0.000 r  
    E3                   IBUF                         0.000     0.000 r  clk_100mhz_IBUF_inst/O
                         net (fo=4, routed)           0.481     0.481    pll/inst/clk_in1
    PLLE2_ADV_X1Y2       PLLE2_ADV (Prop_plle2_adv_CLKIN1_CLKOUT0)
                                                     -1.417    -0.936 r  pll/inst/plle2_adv_inst/CLKOUT0
                         net (fo=1, routed)           0.560    -0.376    pll/inst/clk_out1_clk_wiz_0
    BUFGCTRL_X0Y16       BUFG (Prop_bufg_I_O)         0.029    -0.347 r  pll/inst/clkout1_buf/O
                         net (fo=2220, routed)        0.835     0.487    CPU/eval_inst/eval5_unit/clk_out1
    SLICE_X36Y105        FDRE                                         r  CPU/eval_inst/eval5_unit/cards_reg[1][3]/C
                         clock pessimism              0.000     0.487    
                         clock uncertainty            0.441     0.929    
    SLICE_X36Y105        FDRE (Hold_fdre_C_CE)       -0.039     0.890    CPU/eval_inst/eval5_unit/cards_reg[1][3]
  -------------------------------------------------------------------
                         required time                         -0.890    
                         arrival time                           2.889    
  -------------------------------------------------------------------
                         slack                                  1.999    

Slack (MET) :             1.999ns  (arrival time - required time)
  Source:                 pll_lock_seen_reg/C
                            (rising edge-triggered cell FDCE clocked by sys_clk_pin  {rise@0.000ns fall@5.000ns period=10.000ns})
  Destination:            CPU/eval_inst/eval5_unit/cards_reg[1][5]/CE
                            (rising edge-triggered cell FDRE clocked by clk_out1_clk_wiz_0  {rise@0.000ns fall@20.000ns period=40.000ns})
  Path Group:             clk_out1_clk_wiz_0
  Path Type:              Hold (Min at Fast Process Corner)
  Requirement:            0.000ns  (clk_out1_clk_wiz_0 rise@0.000ns - sys_clk_pin rise@0.000ns)
  Data Path Delay:        1.862ns  (logic 0.254ns (13.641%)  route 1.608ns (86.359%))
  Logic Levels:           2  (LUT2=1 LUT6=1)
  Clock Path Skew:        -0.539ns (DCD - SCD - CPR)
    Destination Clock Delay (DCD):    0.487ns
    Source Clock Delay      (SCD):    1.026ns
    Clock Pessimism Removal (CPR):    -0.000ns
  Clock Uncertainty:      0.441ns  ((TSJ^2 + DJ^2)^1/2) / 2 + PE
    Total System Jitter     (TSJ):    0.071ns
    Discrete Jitter          (DJ):    0.352ns
    Phase Error              (PE):    0.262ns
  Clock Domain Crossing:  Inter clock paths are considered valid unless explicitly excluded by timing constraints such as set_clock_groups or set_false_path.

    Location             Delay type                Incr(ns)  Path(ns)    Netlist Resource(s)
  -------------------------------------------------------------------    -------------------
                         (clock sys_clk_pin rise edge)
                                                      0.000     0.000 r  
    E3                                                0.000     0.000 r  clk_100mhz (IN)
                         net (fo=0)                   0.000     0.000    clk_100mhz
    E3                   IBUF (Prop_ibuf_I_O)         0.250     0.250 r  clk_100mhz_IBUF_inst/O
                         net (fo=4, routed)           0.777     1.026    clk_100mhz_IBUF
    SLICE_X66Y127        FDCE                                         r  pll_lock_seen_reg/C
  -------------------------------------------------------------------    -------------------
    SLICE_X66Y127        FDCE (Prop_fdce_C_Q)         0.164     1.190 r  pll_lock_seen_reg/Q
                         net (fo=2, routed)           0.272     1.463    RegisterFile/loop1[31].reg32/loop1[31].d_flip_flop/pll_lock_seen
    SLICE_X66Y127        LUT2 (Prop_lut2_I1_O)        0.045     1.508 f  RegisterFile/loop1[31].reg32/loop1[31].d_flip_flop/hPos[9]_i_2/O
                         net (fo=2229, routed)        1.148     2.656    CPU/eval_inst/eval5_unit/sys_reset
    SLICE_X40Y105        LUT6 (Prop_lut6_I2_O)        0.045     2.701 r  CPU/eval_inst/eval5_unit/cards[1][5]_i_1/O
                         net (fo=12, routed)          0.187     2.889    CPU/eval_inst/eval5_unit/cards[1][5]_i_1_n_0
    SLICE_X36Y105        FDRE                                         r  CPU/eval_inst/eval5_unit/cards_reg[1][5]/CE
  -------------------------------------------------------------------    -------------------

                         (clock clk_out1_clk_wiz_0 rise edge)
                                                      0.000     0.000 r  
    E3                   IBUF                         0.000     0.000 r  clk_100mhz_IBUF_inst/O
                         net (fo=4, routed)           0.481     0.481    pll/inst/clk_in1
    PLLE2_ADV_X1Y2       PLLE2_ADV (Prop_plle2_adv_CLKIN1_CLKOUT0)
                                                     -1.417    -0.936 r  pll/inst/plle2_adv_inst/CLKOUT0
                         net (fo=1, routed)           0.560    -0.376    pll/inst/clk_out1_clk_wiz_0
    BUFGCTRL_X0Y16       BUFG (Prop_bufg_I_O)         0.029    -0.347 r  pll/inst/clkout1_buf/O
                         net (fo=2220, routed)        0.835     0.487    CPU/eval_inst/eval5_unit/clk_out1
    SLICE_X36Y105        FDRE                                         r  CPU/eval_inst/eval5_unit/cards_reg[1][5]/C
                         clock pessimism              0.000     0.487    
                         clock uncertainty            0.441     0.929    
    SLICE_X36Y105        FDRE (Hold_fdre_C_CE)       -0.039     0.890    CPU/eval_inst/eval5_unit/cards_reg[1][5]
  -------------------------------------------------------------------
                         required time                         -0.890    
                         arrival time                           2.889    
  -------------------------------------------------------------------
                         slack                                  1.999    

Slack (MET) :             2.053ns  (arrival time - required time)
  Source:                 pll_lock_seen_reg/C
                            (rising edge-triggered cell FDCE clocked by sys_clk_pin  {rise@0.000ns fall@5.000ns period=10.000ns})
  Destination:            CPU/eval_inst/eval5_unit/cards_reg[0][2]/CE
                            (rising edge-triggered cell FDRE clocked by clk_out1_clk_wiz_0  {rise@0.000ns fall@20.000ns period=40.000ns})
  Path Group:             clk_out1_clk_wiz_0
  Path Type:              Hold (Min at Fast Process Corner)
  Requirement:            0.000ns  (clk_out1_clk_wiz_0 rise@0.000ns - sys_clk_pin rise@0.000ns)
  Data Path Delay:        1.916ns  (logic 0.254ns (13.258%)  route 1.662ns (86.742%))
  Logic Levels:           2  (LUT2=1 LUT6=1)
  Clock Path Skew:        -0.539ns (DCD - SCD - CPR)
    Destination Clock Delay (DCD):    0.487ns
    Source Clock Delay      (SCD):    1.026ns
    Clock Pessimism Removal (CPR):    -0.000ns
  Clock Uncertainty:      0.441ns  ((TSJ^2 + DJ^2)^1/2) / 2 + PE
    Total System Jitter     (TSJ):    0.071ns
    Discrete Jitter          (DJ):    0.352ns
    Phase Error              (PE):    0.262ns
  Clock Domain Crossing:  Inter clock paths are considered valid unless explicitly excluded by timing constraints such as set_clock_groups or set_false_path.

    Location             Delay type                Incr(ns)  Path(ns)    Netlist Resource(s)
  -------------------------------------------------------------------    -------------------
                         (clock sys_clk_pin rise edge)
                                                      0.000     0.000 r  
    E3                                                0.000     0.000 r  clk_100mhz (IN)
                         net (fo=0)                   0.000     0.000    clk_100mhz
    E3                   IBUF (Prop_ibuf_I_O)         0.250     0.250 r  clk_100mhz_IBUF_inst/O
                         net (fo=4, routed)           0.777     1.026    clk_100mhz_IBUF
    SLICE_X66Y127        FDCE                                         r  pll_lock_seen_reg/C
  -------------------------------------------------------------------    -------------------
    SLICE_X66Y127        FDCE (Prop_fdce_C_Q)         0.164     1.190 r  pll_lock_seen_reg/Q
                         net (fo=2, routed)           0.272     1.463    RegisterFile/loop1[31].reg32/loop1[31].d_flip_flop/pll_lock_seen
    SLICE_X66Y127        LUT2 (Prop_lut2_I1_O)        0.045     1.508 f  RegisterFile/loop1[31].reg32/loop1[31].d_flip_flop/hPos[9]_i_2/O
                         net (fo=2229, routed)        1.148     2.656    CPU/eval_inst/eval5_unit/sys_reset
    SLICE_X40Y105        LUT6 (Prop_lut6_I2_O)        0.045     2.701 r  CPU/eval_inst/eval5_unit/cards[1][5]_i_1/O
                         net (fo=12, routed)          0.241     2.942    CPU/eval_inst/eval5_unit/cards[1][5]_i_1_n_0
    SLICE_X36Y103        FDRE                                         r  CPU/eval_inst/eval5_unit/cards_reg[0][2]/CE
  -------------------------------------------------------------------    -------------------

                         (clock clk_out1_clk_wiz_0 rise edge)
                                                      0.000     0.000 r  
    E3                   IBUF                         0.000     0.000 r  clk_100mhz_IBUF_inst/O
                         net (fo=4, routed)           0.481     0.481    pll/inst/clk_in1
    PLLE2_ADV_X1Y2       PLLE2_ADV (Prop_plle2_adv_CLKIN1_CLKOUT0)
                                                     -1.417    -0.936 r  pll/inst/plle2_adv_inst/CLKOUT0
                         net (fo=1, routed)           0.560    -0.376    pll/inst/clk_out1_clk_wiz_0
    BUFGCTRL_X0Y16       BUFG (Prop_bufg_I_O)         0.029    -0.347 r  pll/inst/clkout1_buf/O
                         net (fo=2220, routed)        0.835     0.487    CPU/eval_inst/eval5_unit/clk_out1
    SLICE_X36Y103        FDRE                                         r  CPU/eval_inst/eval5_unit/cards_reg[0][2]/C
                         clock pessimism              0.000     0.487    
                         clock uncertainty            0.441     0.929    
    SLICE_X36Y103        FDRE (Hold_fdre_C_CE)       -0.039     0.890    CPU/eval_inst/eval5_unit/cards_reg[0][2]
  -------------------------------------------------------------------
                         required time                         -0.890    
                         arrival time                           2.942    
  -------------------------------------------------------------------
                         slack                                  2.053    

Slack (MET) :             2.053ns  (arrival time - required time)
  Source:                 pll_lock_seen_reg/C
                            (rising edge-triggered cell FDCE clocked by sys_clk_pin  {rise@0.000ns fall@5.000ns period=10.000ns})
  Destination:            CPU/eval_inst/eval5_unit/cards_reg[0][3]/CE
                            (rising edge-triggered cell FDRE clocked by clk_out1_clk_wiz_0  {rise@0.000ns fall@20.000ns period=40.000ns})
  Path Group:             clk_out1_clk_wiz_0
  Path Type:              Hold (Min at Fast Process Corner)
  Requirement:            0.000ns  (clk_out1_clk_wiz_0 rise@0.000ns - sys_clk_pin rise@0.000ns)
  Data Path Delay:        1.916ns  (logic 0.254ns (13.258%)  route 1.662ns (86.742%))
  Logic Levels:           2  (LUT2=1 LUT6=1)
  Clock Path Skew:        -0.539ns (DCD - SCD - CPR)
    Destination Clock Delay (DCD):    0.487ns
    Source Clock Delay      (SCD):    1.026ns
    Clock Pessimism Removal (CPR):    -0.000ns
  Clock Uncertainty:      0.441ns  ((TSJ^2 + DJ^2)^1/2) / 2 + PE
    Total System Jitter     (TSJ):    0.071ns
    Discrete Jitter          (DJ):    0.352ns
    Phase Error              (PE):    0.262ns
  Clock Domain Crossing:  Inter clock paths are considered valid unless explicitly excluded by timing constraints such as set_clock_groups or set_false_path.

    Location             Delay type                Incr(ns)  Path(ns)    Netlist Resource(s)
  -------------------------------------------------------------------    -------------------
                         (clock sys_clk_pin rise edge)
                                                      0.000     0.000 r  
    E3                                                0.000     0.000 r  clk_100mhz (IN)
                         net (fo=0)                   0.000     0.000    clk_100mhz
    E3                   IBUF (Prop_ibuf_I_O)         0.250     0.250 r  clk_100mhz_IBUF_inst/O
                         net (fo=4, routed)           0.777     1.026    clk_100mhz_IBUF
    SLICE_X66Y127        FDCE                                         r  pll_lock_seen_reg/C
  -------------------------------------------------------------------    -------------------
    SLICE_X66Y127        FDCE (Prop_fdce_C_Q)         0.164     1.190 r  pll_lock_seen_reg/Q
                         net (fo=2, routed)           0.272     1.463    RegisterFile/loop1[31].reg32/loop1[31].d_flip_flop/pll_lock_seen
    SLICE_X66Y127        LUT2 (Prop_lut2_I1_O)        0.045     1.508 f  RegisterFile/loop1[31].reg32/loop1[31].d_flip_flop/hPos[9]_i_2/O
                         net (fo=2229, routed)        1.148     2.656    CPU/eval_inst/eval5_unit/sys_reset
    SLICE_X40Y105        LUT6 (Prop_lut6_I2_O)        0.045     2.701 r  CPU/eval_inst/eval5_unit/cards[1][5]_i_1/O
                         net (fo=12, routed)          0.241     2.942    CPU/eval_inst/eval5_unit/cards[1][5]_i_1_n_0
    SLICE_X36Y103        FDRE                                         r  CPU/eval_inst/eval5_unit/cards_reg[0][3]/CE
  -------------------------------------------------------------------    -------------------

                         (clock clk_out1_clk_wiz_0 rise edge)
                                                      0.000     0.000 r  
    E3                   IBUF                         0.000     0.000 r  clk_100mhz_IBUF_inst/O
                         net (fo=4, routed)           0.481     0.481    pll/inst/clk_in1
    PLLE2_ADV_X1Y2       PLLE2_ADV (Prop_plle2_adv_CLKIN1_CLKOUT0)
                                                     -1.417    -0.936 r  pll/inst/plle2_adv_inst/CLKOUT0
                         net (fo=1, routed)           0.560    -0.376    pll/inst/clk_out1_clk_wiz_0
    BUFGCTRL_X0Y16       BUFG (Prop_bufg_I_O)         0.029    -0.347 r  pll/inst/clkout1_buf/O
                         net (fo=2220, routed)        0.835     0.487    CPU/eval_inst/eval5_unit/clk_out1
    SLICE_X36Y103        FDRE                                         r  CPU/eval_inst/eval5_unit/cards_reg[0][3]/C
                         clock pessimism              0.000     0.487    
                         clock uncertainty            0.441     0.929    
    SLICE_X36Y103        FDRE (Hold_fdre_C_CE)       -0.039     0.890    CPU/eval_inst/eval5_unit/cards_reg[0][3]
  -------------------------------------------------------------------
                         required time                         -0.890    
                         arrival time                           2.942    
  -------------------------------------------------------------------
                         slack                                  2.053    





---------------------------------------------------------------------------------------------------
Path Group:  **async_default**
From Clock:  sys_clk_pin
  To Clock:  clk_out1_clk_wiz_0

Setup :            0  Failing Endpoints,  Worst Slack        0.582ns,  Total Violation        0.000ns
Hold  :            0  Failing Endpoints,  Worst Slack        0.251ns,  Total Violation        0.000ns
---------------------------------------------------------------------------------------------------


Max Delay Paths
--------------------------------------------------------------------------------------
Slack (MET) :             0.582ns  (required time - arrival time)
  Source:                 pll_lock_seen_reg/C
                            (rising edge-triggered cell FDCE clocked by sys_clk_pin  {rise@0.000ns fall@5.000ns period=10.000ns})
  Destination:            vga_display_value_reg[8][0]/CLR
                            (recovery check against rising-edge clock clk_out1_clk_wiz_0  {rise@0.000ns fall@20.000ns period=40.000ns})
  Path Group:             **async_default**
  Path Type:              Recovery (Max at Slow Process Corner)
  Requirement:            10.000ns  (clk_out1_clk_wiz_0 rise@40.000ns - sys_clk_pin rise@30.000ns)
  Data Path Delay:        6.532ns  (logic 0.642ns (9.828%)  route 5.890ns (90.172%))
  Logic Levels:           1  (LUT2=1)
  Clock Path Skew:        -2.039ns (DCD - SCD + CPR)
    Destination Clock Delay (DCD):    1.157ns = ( 41.157 - 40.000 ) 
    Source Clock Delay      (SCD):    3.196ns = ( 33.196 - 30.000 ) 
    Clock Pessimism Removal (CPR):    0.000ns
  Clock Uncertainty:      0.441ns  ((TSJ^2 + DJ^2)^1/2) / 2 + PE
    Total System Jitter     (TSJ):    0.071ns
    Discrete Jitter          (DJ):    0.352ns
    Phase Error              (PE):    0.262ns
  Clock Domain Crossing:  Inter clock paths are considered valid unless explicitly excluded by timing constraints such as set_clock_groups or set_false_path.

    Location             Delay type                Incr(ns)  Path(ns)    Netlist Resource(s)
  -------------------------------------------------------------------    -------------------
                         (clock sys_clk_pin rise edge)
                                                     30.000    30.000 r  
    E3                                                0.000    30.000 r  clk_100mhz (IN)
                         net (fo=0)                   0.000    30.000    clk_100mhz
    E3                   IBUF (Prop_ibuf_I_O)         1.482    31.482 r  clk_100mhz_IBUF_inst/O
                         net (fo=4, routed)           1.714    33.196    clk_100mhz_IBUF
    SLICE_X66Y127        FDCE                                         r  pll_lock_seen_reg/C
  -------------------------------------------------------------------    -------------------
    SLICE_X66Y127        FDCE (Prop_fdce_C_Q)         0.518    33.714 r  pll_lock_seen_reg/Q
                         net (fo=2, routed)           0.722    34.436    RegisterFile/loop1[31].reg32/loop1[31].d_flip_flop/pll_lock_seen
    SLICE_X66Y127        LUT2 (Prop_lut2_I1_O)        0.124    34.560 f  RegisterFile/loop1[31].reg32/loop1[31].d_flip_flop/hPos[9]_i_2/O
                         net (fo=2229, routed)        5.168    39.728    sys_reset
    SLICE_X47Y81         FDCE                                         f  vga_display_value_reg[8][0]/CLR
  -------------------------------------------------------------------    -------------------

                         (clock clk_out1_clk_wiz_0 rise edge)
                                                     40.000    40.000 r  
    E3                   IBUF                         0.000    40.000 r  clk_100mhz_IBUF_inst/O
                         net (fo=4, routed)           1.181    41.181    pll/inst/clk_in1
    PLLE2_ADV_X1Y2       PLLE2_ADV (Prop_plle2_adv_CLKIN1_CLKOUT0)
                                                     -3.253    37.928 r  pll/inst/plle2_adv_inst/CLKOUT0
                         net (fo=1, routed)           1.634    39.562    pll/inst/clk_out1_clk_wiz_0
    BUFGCTRL_X0Y16       BUFG (Prop_bufg_I_O)         0.091    39.653 r  pll/inst/clkout1_buf/O
                         net (fo=2220, routed)        1.503    41.157    clock
    SLICE_X47Y81         FDCE                                         r  vga_display_value_reg[8][0]/C
                         clock pessimism              0.000    41.157    
                         clock uncertainty           -0.441    40.715    
    SLICE_X47Y81         FDCE (Recov_fdce_C_CLR)     -0.405    40.310    vga_display_value_reg[8][0]
  -------------------------------------------------------------------
                         required time                         40.310    
                         arrival time                         -39.728    
  -------------------------------------------------------------------
                         slack                                  0.582    

Slack (MET) :             0.582ns  (required time - arrival time)
  Source:                 pll_lock_seen_reg/C
                            (rising edge-triggered cell FDCE clocked by sys_clk_pin  {rise@0.000ns fall@5.000ns period=10.000ns})
  Destination:            vga_display_value_reg[8][1]/CLR
                            (recovery check against rising-edge clock clk_out1_clk_wiz_0  {rise@0.000ns fall@20.000ns period=40.000ns})
  Path Group:             **async_default**
  Path Type:              Recovery (Max at Slow Process Corner)
  Requirement:            10.000ns  (clk_out1_clk_wiz_0 rise@40.000ns - sys_clk_pin rise@30.000ns)
  Data Path Delay:        6.532ns  (logic 0.642ns (9.828%)  route 5.890ns (90.172%))
  Logic Levels:           1  (LUT2=1)
  Clock Path Skew:        -2.039ns (DCD - SCD + CPR)
    Destination Clock Delay (DCD):    1.157ns = ( 41.157 - 40.000 ) 
    Source Clock Delay      (SCD):    3.196ns = ( 33.196 - 30.000 ) 
    Clock Pessimism Removal (CPR):    0.000ns
  Clock Uncertainty:      0.441ns  ((TSJ^2 + DJ^2)^1/2) / 2 + PE
    Total System Jitter     (TSJ):    0.071ns
    Discrete Jitter          (DJ):    0.352ns
    Phase Error              (PE):    0.262ns
  Clock Domain Crossing:  Inter clock paths are considered valid unless explicitly excluded by timing constraints such as set_clock_groups or set_false_path.

    Location             Delay type                Incr(ns)  Path(ns)    Netlist Resource(s)
  -------------------------------------------------------------------    -------------------
                         (clock sys_clk_pin rise edge)
                                                     30.000    30.000 r  
    E3                                                0.000    30.000 r  clk_100mhz (IN)
                         net (fo=0)                   0.000    30.000    clk_100mhz
    E3                   IBUF (Prop_ibuf_I_O)         1.482    31.482 r  clk_100mhz_IBUF_inst/O
                         net (fo=4, routed)           1.714    33.196    clk_100mhz_IBUF
    SLICE_X66Y127        FDCE                                         r  pll_lock_seen_reg/C
  -------------------------------------------------------------------    -------------------
    SLICE_X66Y127        FDCE (Prop_fdce_C_Q)         0.518    33.714 r  pll_lock_seen_reg/Q
                         net (fo=2, routed)           0.722    34.436    RegisterFile/loop1[31].reg32/loop1[31].d_flip_flop/pll_lock_seen
    SLICE_X66Y127        LUT2 (Prop_lut2_I1_O)        0.124    34.560 f  RegisterFile/loop1[31].reg32/loop1[31].d_flip_flop/hPos[9]_i_2/O
                         net (fo=2229, routed)        5.168    39.728    sys_reset
    SLICE_X47Y81         FDCE                                         f  vga_display_value_reg[8][1]/CLR
  -------------------------------------------------------------------    -------------------

                         (clock clk_out1_clk_wiz_0 rise edge)
                                                     40.000    40.000 r  
    E3                   IBUF                         0.000    40.000 r  clk_100mhz_IBUF_inst/O
                         net (fo=4, routed)           1.181    41.181    pll/inst/clk_in1
    PLLE2_ADV_X1Y2       PLLE2_ADV (Prop_plle2_adv_CLKIN1_CLKOUT0)
                                                     -3.253    37.928 r  pll/inst/plle2_adv_inst/CLKOUT0
                         net (fo=1, routed)           1.634    39.562    pll/inst/clk_out1_clk_wiz_0
    BUFGCTRL_X0Y16       BUFG (Prop_bufg_I_O)         0.091    39.653 r  pll/inst/clkout1_buf/O
                         net (fo=2220, routed)        1.503    41.157    clock
    SLICE_X47Y81         FDCE                                         r  vga_display_value_reg[8][1]/C
                         clock pessimism              0.000    41.157    
                         clock uncertainty           -0.441    40.715    
    SLICE_X47Y81         FDCE (Recov_fdce_C_CLR)     -0.405    40.310    vga_display_value_reg[8][1]
  -------------------------------------------------------------------
                         required time                         40.310    
                         arrival time                         -39.728    
  -------------------------------------------------------------------
                         slack                                  0.582    

Slack (MET) :             0.582ns  (required time - arrival time)
  Source:                 pll_lock_seen_reg/C
                            (rising edge-triggered cell FDCE clocked by sys_clk_pin  {rise@0.000ns fall@5.000ns period=10.000ns})
  Destination:            vga_display_value_reg[8][2]/CLR
                            (recovery check against rising-edge clock clk_out1_clk_wiz_0  {rise@0.000ns fall@20.000ns period=40.000ns})
  Path Group:             **async_default**
  Path Type:              Recovery (Max at Slow Process Corner)
  Requirement:            10.000ns  (clk_out1_clk_wiz_0 rise@40.000ns - sys_clk_pin rise@30.000ns)
  Data Path Delay:        6.532ns  (logic 0.642ns (9.828%)  route 5.890ns (90.172%))
  Logic Levels:           1  (LUT2=1)
  Clock Path Skew:        -2.039ns (DCD - SCD + CPR)
    Destination Clock Delay (DCD):    1.157ns = ( 41.157 - 40.000 ) 
    Source Clock Delay      (SCD):    3.196ns = ( 33.196 - 30.000 ) 
    Clock Pessimism Removal (CPR):    0.000ns
  Clock Uncertainty:      0.441ns  ((TSJ^2 + DJ^2)^1/2) / 2 + PE
    Total System Jitter     (TSJ):    0.071ns
    Discrete Jitter          (DJ):    0.352ns
    Phase Error              (PE):    0.262ns
  Clock Domain Crossing:  Inter clock paths are considered valid unless explicitly excluded by timing constraints such as set_clock_groups or set_false_path.

    Location             Delay type                Incr(ns)  Path(ns)    Netlist Resource(s)
  -------------------------------------------------------------------    -------------------
                         (clock sys_clk_pin rise edge)
                                                     30.000    30.000 r  
    E3                                                0.000    30.000 r  clk_100mhz (IN)
                         net (fo=0)                   0.000    30.000    clk_100mhz
    E3                   IBUF (Prop_ibuf_I_O)         1.482    31.482 r  clk_100mhz_IBUF_inst/O
                         net (fo=4, routed)           1.714    33.196    clk_100mhz_IBUF
    SLICE_X66Y127        FDCE                                         r  pll_lock_seen_reg/C
  -------------------------------------------------------------------    -------------------
    SLICE_X66Y127        FDCE (Prop_fdce_C_Q)         0.518    33.714 r  pll_lock_seen_reg/Q
                         net (fo=2, routed)           0.722    34.436    RegisterFile/loop1[31].reg32/loop1[31].d_flip_flop/pll_lock_seen
    SLICE_X66Y127        LUT2 (Prop_lut2_I1_O)        0.124    34.560 f  RegisterFile/loop1[31].reg32/loop1[31].d_flip_flop/hPos[9]_i_2/O
                         net (fo=2229, routed)        5.168    39.728    sys_reset
    SLICE_X47Y81         FDCE                                         f  vga_display_value_reg[8][2]/CLR
  -------------------------------------------------------------------    -------------------

                         (clock clk_out1_clk_wiz_0 rise edge)
                                                     40.000    40.000 r  
    E3                   IBUF                         0.000    40.000 r  clk_100mhz_IBUF_inst/O
                         net (fo=4, routed)           1.181    41.181    pll/inst/clk_in1
    PLLE2_ADV_X1Y2       PLLE2_ADV (Prop_plle2_adv_CLKIN1_CLKOUT0)
                                                     -3.253    37.928 r  pll/inst/plle2_adv_inst/CLKOUT0
                         net (fo=1, routed)           1.634    39.562    pll/inst/clk_out1_clk_wiz_0
    BUFGCTRL_X0Y16       BUFG (Prop_bufg_I_O)         0.091    39.653 r  pll/inst/clkout1_buf/O
                         net (fo=2220, routed)        1.503    41.157    clock
    SLICE_X47Y81         FDCE                                         r  vga_display_value_reg[8][2]/C
                         clock pessimism              0.000    41.157    
                         clock uncertainty           -0.441    40.715    
    SLICE_X47Y81         FDCE (Recov_fdce_C_CLR)     -0.405    40.310    vga_display_value_reg[8][2]
  -------------------------------------------------------------------
                         required time                         40.310    
                         arrival time                         -39.728    
  -------------------------------------------------------------------
                         slack                                  0.582    

Slack (MET) :             0.582ns  (required time - arrival time)
  Source:                 pll_lock_seen_reg/C
                            (rising edge-triggered cell FDCE clocked by sys_clk_pin  {rise@0.000ns fall@5.000ns period=10.000ns})
  Destination:            vga_display_value_reg[8][31]/CLR
                            (recovery check against rising-edge clock clk_out1_clk_wiz_0  {rise@0.000ns fall@20.000ns period=40.000ns})
  Path Group:             **async_default**
  Path Type:              Recovery (Max at Slow Process Corner)
  Requirement:            10.000ns  (clk_out1_clk_wiz_0 rise@40.000ns - sys_clk_pin rise@30.000ns)
  Data Path Delay:        6.532ns  (logic 0.642ns (9.828%)  route 5.890ns (90.172%))
  Logic Levels:           1  (LUT2=1)
  Clock Path Skew:        -2.039ns (DCD - SCD + CPR)
    Destination Clock Delay (DCD):    1.157ns = ( 41.157 - 40.000 ) 
    Source Clock Delay      (SCD):    3.196ns = ( 33.196 - 30.000 ) 
    Clock Pessimism Removal (CPR):    0.000ns
  Clock Uncertainty:      0.441ns  ((TSJ^2 + DJ^2)^1/2) / 2 + PE
    Total System Jitter     (TSJ):    0.071ns
    Discrete Jitter          (DJ):    0.352ns
    Phase Error              (PE):    0.262ns
  Clock Domain Crossing:  Inter clock paths are considered valid unless explicitly excluded by timing constraints such as set_clock_groups or set_false_path.

    Location             Delay type                Incr(ns)  Path(ns)    Netlist Resource(s)
  -------------------------------------------------------------------    -------------------
                         (clock sys_clk_pin rise edge)
                                                     30.000    30.000 r  
    E3                                                0.000    30.000 r  clk_100mhz (IN)
                         net (fo=0)                   0.000    30.000    clk_100mhz
    E3                   IBUF (Prop_ibuf_I_O)         1.482    31.482 r  clk_100mhz_IBUF_inst/O
                         net (fo=4, routed)           1.714    33.196    clk_100mhz_IBUF
    SLICE_X66Y127        FDCE                                         r  pll_lock_seen_reg/C
  -------------------------------------------------------------------    -------------------
    SLICE_X66Y127        FDCE (Prop_fdce_C_Q)         0.518    33.714 r  pll_lock_seen_reg/Q
                         net (fo=2, routed)           0.722    34.436    RegisterFile/loop1[31].reg32/loop1[31].d_flip_flop/pll_lock_seen
    SLICE_X66Y127        LUT2 (Prop_lut2_I1_O)        0.124    34.560 f  RegisterFile/loop1[31].reg32/loop1[31].d_flip_flop/hPos[9]_i_2/O
                         net (fo=2229, routed)        5.168    39.728    sys_reset
    SLICE_X47Y81         FDCE                                         f  vga_display_value_reg[8][31]/CLR
  -------------------------------------------------------------------    -------------------

                         (clock clk_out1_clk_wiz_0 rise edge)
                                                     40.000    40.000 r  
    E3                   IBUF                         0.000    40.000 r  clk_100mhz_IBUF_inst/O
                         net (fo=4, routed)           1.181    41.181    pll/inst/clk_in1
    PLLE2_ADV_X1Y2       PLLE2_ADV (Prop_plle2_adv_CLKIN1_CLKOUT0)
                                                     -3.253    37.928 r  pll/inst/plle2_adv_inst/CLKOUT0
                         net (fo=1, routed)           1.634    39.562    pll/inst/clk_out1_clk_wiz_0
    BUFGCTRL_X0Y16       BUFG (Prop_bufg_I_O)         0.091    39.653 r  pll/inst/clkout1_buf/O
                         net (fo=2220, routed)        1.503    41.157    clock
    SLICE_X47Y81         FDCE                                         r  vga_display_value_reg[8][31]/C
                         clock pessimism              0.000    41.157    
                         clock uncertainty           -0.441    40.715    
    SLICE_X47Y81         FDCE (Recov_fdce_C_CLR)     -0.405    40.310    vga_display_value_reg[8][31]
  -------------------------------------------------------------------
                         required time                         40.310    
                         arrival time                         -39.728    
  -------------------------------------------------------------------
                         slack                                  0.582    

Slack (MET) :             0.582ns  (required time - arrival time)
  Source:                 pll_lock_seen_reg/C
                            (rising edge-triggered cell FDCE clocked by sys_clk_pin  {rise@0.000ns fall@5.000ns period=10.000ns})
  Destination:            vga_display_value_reg[8][3]/CLR
                            (recovery check against rising-edge clock clk_out1_clk_wiz_0  {rise@0.000ns fall@20.000ns period=40.000ns})
  Path Group:             **async_default**
  Path Type:              Recovery (Max at Slow Process Corner)
  Requirement:            10.000ns  (clk_out1_clk_wiz_0 rise@40.000ns - sys_clk_pin rise@30.000ns)
  Data Path Delay:        6.532ns  (logic 0.642ns (9.828%)  route 5.890ns (90.172%))
  Logic Levels:           1  (LUT2=1)
  Clock Path Skew:        -2.039ns (DCD - SCD + CPR)
    Destination Clock Delay (DCD):    1.157ns = ( 41.157 - 40.000 ) 
    Source Clock Delay      (SCD):    3.196ns = ( 33.196 - 30.000 ) 
    Clock Pessimism Removal (CPR):    0.000ns
  Clock Uncertainty:      0.441ns  ((TSJ^2 + DJ^2)^1/2) / 2 + PE
    Total System Jitter     (TSJ):    0.071ns
    Discrete Jitter          (DJ):    0.352ns
    Phase Error              (PE):    0.262ns
  Clock Domain Crossing:  Inter clock paths are considered valid unless explicitly excluded by timing constraints such as set_clock_groups or set_false_path.

    Location             Delay type                Incr(ns)  Path(ns)    Netlist Resource(s)
  -------------------------------------------------------------------    -------------------
                         (clock sys_clk_pin rise edge)
                                                     30.000    30.000 r  
    E3                                                0.000    30.000 r  clk_100mhz (IN)
                         net (fo=0)                   0.000    30.000    clk_100mhz
    E3                   IBUF (Prop_ibuf_I_O)         1.482    31.482 r  clk_100mhz_IBUF_inst/O
                         net (fo=4, routed)           1.714    33.196    clk_100mhz_IBUF
    SLICE_X66Y127        FDCE                                         r  pll_lock_seen_reg/C
  -------------------------------------------------------------------    -------------------
    SLICE_X66Y127        FDCE (Prop_fdce_C_Q)         0.518    33.714 r  pll_lock_seen_reg/Q
                         net (fo=2, routed)           0.722    34.436    RegisterFile/loop1[31].reg32/loop1[31].d_flip_flop/pll_lock_seen
    SLICE_X66Y127        LUT2 (Prop_lut2_I1_O)        0.124    34.560 f  RegisterFile/loop1[31].reg32/loop1[31].d_flip_flop/hPos[9]_i_2/O
                         net (fo=2229, routed)        5.168    39.728    sys_reset
    SLICE_X47Y81         FDCE                                         f  vga_display_value_reg[8][3]/CLR
  -------------------------------------------------------------------    -------------------

                         (clock clk_out1_clk_wiz_0 rise edge)
                                                     40.000    40.000 r  
    E3                   IBUF                         0.000    40.000 r  clk_100mhz_IBUF_inst/O
                         net (fo=4, routed)           1.181    41.181    pll/inst/clk_in1
    PLLE2_ADV_X1Y2       PLLE2_ADV (Prop_plle2_adv_CLKIN1_CLKOUT0)
                                                     -3.253    37.928 r  pll/inst/plle2_adv_inst/CLKOUT0
                         net (fo=1, routed)           1.634    39.562    pll/inst/clk_out1_clk_wiz_0
    BUFGCTRL_X0Y16       BUFG (Prop_bufg_I_O)         0.091    39.653 r  pll/inst/clkout1_buf/O
                         net (fo=2220, routed)        1.503    41.157    clock
    SLICE_X47Y81         FDCE                                         r  vga_display_value_reg[8][3]/C
                         clock pessimism              0.000    41.157    
                         clock uncertainty           -0.441    40.715    
    SLICE_X47Y81         FDCE (Recov_fdce_C_CLR)     -0.405    40.310    vga_display_value_reg[8][3]
  -------------------------------------------------------------------
                         required time                         40.310    
                         arrival time                         -39.728    
  -------------------------------------------------------------------
                         slack                                  0.582    

Slack (MET) :             0.582ns  (required time - arrival time)
  Source:                 pll_lock_seen_reg/C
                            (rising edge-triggered cell FDCE clocked by sys_clk_pin  {rise@0.000ns fall@5.000ns period=10.000ns})
  Destination:            vga_display_value_reg[8][4]/CLR
                            (recovery check against rising-edge clock clk_out1_clk_wiz_0  {rise@0.000ns fall@20.000ns period=40.000ns})
  Path Group:             **async_default**
  Path Type:              Recovery (Max at Slow Process Corner)
  Requirement:            10.000ns  (clk_out1_clk_wiz_0 rise@40.000ns - sys_clk_pin rise@30.000ns)
  Data Path Delay:        6.532ns  (logic 0.642ns (9.828%)  route 5.890ns (90.172%))
  Logic Levels:           1  (LUT2=1)
  Clock Path Skew:        -2.039ns (DCD - SCD + CPR)
    Destination Clock Delay (DCD):    1.157ns = ( 41.157 - 40.000 ) 
    Source Clock Delay      (SCD):    3.196ns = ( 33.196 - 30.000 ) 
    Clock Pessimism Removal (CPR):    0.000ns
  Clock Uncertainty:      0.441ns  ((TSJ^2 + DJ^2)^1/2) / 2 + PE
    Total System Jitter     (TSJ):    0.071ns
    Discrete Jitter          (DJ):    0.352ns
    Phase Error              (PE):    0.262ns
  Clock Domain Crossing:  Inter clock paths are considered valid unless explicitly excluded by timing constraints such as set_clock_groups or set_false_path.

    Location             Delay type                Incr(ns)  Path(ns)    Netlist Resource(s)
  -------------------------------------------------------------------    -------------------
                         (clock sys_clk_pin rise edge)
                                                     30.000    30.000 r  
    E3                                                0.000    30.000 r  clk_100mhz (IN)
                         net (fo=0)                   0.000    30.000    clk_100mhz
    E3                   IBUF (Prop_ibuf_I_O)         1.482    31.482 r  clk_100mhz_IBUF_inst/O
                         net (fo=4, routed)           1.714    33.196    clk_100mhz_IBUF
    SLICE_X66Y127        FDCE                                         r  pll_lock_seen_reg/C
  -------------------------------------------------------------------    -------------------
    SLICE_X66Y127        FDCE (Prop_fdce_C_Q)         0.518    33.714 r  pll_lock_seen_reg/Q
                         net (fo=2, routed)           0.722    34.436    RegisterFile/loop1[31].reg32/loop1[31].d_flip_flop/pll_lock_seen
    SLICE_X66Y127        LUT2 (Prop_lut2_I1_O)        0.124    34.560 f  RegisterFile/loop1[31].reg32/loop1[31].d_flip_flop/hPos[9]_i_2/O
                         net (fo=2229, routed)        5.168    39.728    sys_reset
    SLICE_X47Y81         FDCE                                         f  vga_display_value_reg[8][4]/CLR
  -------------------------------------------------------------------    -------------------

                         (clock clk_out1_clk_wiz_0 rise edge)
                                                     40.000    40.000 r  
    E3                   IBUF                         0.000    40.000 r  clk_100mhz_IBUF_inst/O
                         net (fo=4, routed)           1.181    41.181    pll/inst/clk_in1
    PLLE2_ADV_X1Y2       PLLE2_ADV (Prop_plle2_adv_CLKIN1_CLKOUT0)
                                                     -3.253    37.928 r  pll/inst/plle2_adv_inst/CLKOUT0
                         net (fo=1, routed)           1.634    39.562    pll/inst/clk_out1_clk_wiz_0
    BUFGCTRL_X0Y16       BUFG (Prop_bufg_I_O)         0.091    39.653 r  pll/inst/clkout1_buf/O
                         net (fo=2220, routed)        1.503    41.157    clock
    SLICE_X47Y81         FDCE                                         r  vga_display_value_reg[8][4]/C
                         clock pessimism              0.000    41.157    
                         clock uncertainty           -0.441    40.715    
    SLICE_X47Y81         FDCE (Recov_fdce_C_CLR)     -0.405    40.310    vga_display_value_reg[8][4]
  -------------------------------------------------------------------
                         required time                         40.310    
                         arrival time                         -39.728    
  -------------------------------------------------------------------
                         slack                                  0.582    

Slack (MET) :             0.582ns  (required time - arrival time)
  Source:                 pll_lock_seen_reg/C
                            (rising edge-triggered cell FDCE clocked by sys_clk_pin  {rise@0.000ns fall@5.000ns period=10.000ns})
  Destination:            vga_display_value_reg[8][5]/CLR
                            (recovery check against rising-edge clock clk_out1_clk_wiz_0  {rise@0.000ns fall@20.000ns period=40.000ns})
  Path Group:             **async_default**
  Path Type:              Recovery (Max at Slow Process Corner)
  Requirement:            10.000ns  (clk_out1_clk_wiz_0 rise@40.000ns - sys_clk_pin rise@30.000ns)
  Data Path Delay:        6.532ns  (logic 0.642ns (9.828%)  route 5.890ns (90.172%))
  Logic Levels:           1  (LUT2=1)
  Clock Path Skew:        -2.039ns (DCD - SCD + CPR)
    Destination Clock Delay (DCD):    1.157ns = ( 41.157 - 40.000 ) 
    Source Clock Delay      (SCD):    3.196ns = ( 33.196 - 30.000 ) 
    Clock Pessimism Removal (CPR):    0.000ns
  Clock Uncertainty:      0.441ns  ((TSJ^2 + DJ^2)^1/2) / 2 + PE
    Total System Jitter     (TSJ):    0.071ns
    Discrete Jitter          (DJ):    0.352ns
    Phase Error              (PE):    0.262ns
  Clock Domain Crossing:  Inter clock paths are considered valid unless explicitly excluded by timing constraints such as set_clock_groups or set_false_path.

    Location             Delay type                Incr(ns)  Path(ns)    Netlist Resource(s)
  -------------------------------------------------------------------    -------------------
                         (clock sys_clk_pin rise edge)
                                                     30.000    30.000 r  
    E3                                                0.000    30.000 r  clk_100mhz (IN)
                         net (fo=0)                   0.000    30.000    clk_100mhz
    E3                   IBUF (Prop_ibuf_I_O)         1.482    31.482 r  clk_100mhz_IBUF_inst/O
                         net (fo=4, routed)           1.714    33.196    clk_100mhz_IBUF
    SLICE_X66Y127        FDCE                                         r  pll_lock_seen_reg/C
  -------------------------------------------------------------------    -------------------
    SLICE_X66Y127        FDCE (Prop_fdce_C_Q)         0.518    33.714 r  pll_lock_seen_reg/Q
                         net (fo=2, routed)           0.722    34.436    RegisterFile/loop1[31].reg32/loop1[31].d_flip_flop/pll_lock_seen
    SLICE_X66Y127        LUT2 (Prop_lut2_I1_O)        0.124    34.560 f  RegisterFile/loop1[31].reg32/loop1[31].d_flip_flop/hPos[9]_i_2/O
                         net (fo=2229, routed)        5.168    39.728    sys_reset
    SLICE_X47Y81         FDCE                                         f  vga_display_value_reg[8][5]/CLR
  -------------------------------------------------------------------    -------------------

                         (clock clk_out1_clk_wiz_0 rise edge)
                                                     40.000    40.000 r  
    E3                   IBUF                         0.000    40.000 r  clk_100mhz_IBUF_inst/O
                         net (fo=4, routed)           1.181    41.181    pll/inst/clk_in1
    PLLE2_ADV_X1Y2       PLLE2_ADV (Prop_plle2_adv_CLKIN1_CLKOUT0)
                                                     -3.253    37.928 r  pll/inst/plle2_adv_inst/CLKOUT0
                         net (fo=1, routed)           1.634    39.562    pll/inst/clk_out1_clk_wiz_0
    BUFGCTRL_X0Y16       BUFG (Prop_bufg_I_O)         0.091    39.653 r  pll/inst/clkout1_buf/O
                         net (fo=2220, routed)        1.503    41.157    clock
    SLICE_X47Y81         FDCE                                         r  vga_display_value_reg[8][5]/C
                         clock pessimism              0.000    41.157    
                         clock uncertainty           -0.441    40.715    
    SLICE_X47Y81         FDCE (Recov_fdce_C_CLR)     -0.405    40.310    vga_display_value_reg[8][5]
  -------------------------------------------------------------------
                         required time                         40.310    
                         arrival time                         -39.728    
  -------------------------------------------------------------------
                         slack                                  0.582    

Slack (MET) :             0.588ns  (required time - arrival time)
  Source:                 pll_lock_seen_reg/C
                            (rising edge-triggered cell FDCE clocked by sys_clk_pin  {rise@0.000ns fall@5.000ns period=10.000ns})
  Destination:            vga_display_value_reg[3][6]/CLR
                            (recovery check against rising-edge clock clk_out1_clk_wiz_0  {rise@0.000ns fall@20.000ns period=40.000ns})
  Path Group:             **async_default**
  Path Type:              Recovery (Max at Slow Process Corner)
  Requirement:            10.000ns  (clk_out1_clk_wiz_0 rise@40.000ns - sys_clk_pin rise@30.000ns)
  Data Path Delay:        6.534ns  (logic 0.642ns (9.825%)  route 5.892ns (90.175%))
  Logic Levels:           1  (LUT2=1)
  Clock Path Skew:        -2.031ns (DCD - SCD + CPR)
    Destination Clock Delay (DCD):    1.165ns = ( 41.165 - 40.000 ) 
    Source Clock Delay      (SCD):    3.196ns = ( 33.196 - 30.000 ) 
    Clock Pessimism Removal (CPR):    0.000ns
  Clock Uncertainty:      0.441ns  ((TSJ^2 + DJ^2)^1/2) / 2 + PE
    Total System Jitter     (TSJ):    0.071ns
    Discrete Jitter          (DJ):    0.352ns
    Phase Error              (PE):    0.262ns
  Clock Domain Crossing:  Inter clock paths are considered valid unless explicitly excluded by timing constraints such as set_clock_groups or set_false_path.

    Location             Delay type                Incr(ns)  Path(ns)    Netlist Resource(s)
  -------------------------------------------------------------------    -------------------
                         (clock sys_clk_pin rise edge)
                                                     30.000    30.000 r  
    E3                                                0.000    30.000 r  clk_100mhz (IN)
                         net (fo=0)                   0.000    30.000    clk_100mhz
    E3                   IBUF (Prop_ibuf_I_O)         1.482    31.482 r  clk_100mhz_IBUF_inst/O
                         net (fo=4, routed)           1.714    33.196    clk_100mhz_IBUF
    SLICE_X66Y127        FDCE                                         r  pll_lock_seen_reg/C
  -------------------------------------------------------------------    -------------------
    SLICE_X66Y127        FDCE (Prop_fdce_C_Q)         0.518    33.714 r  pll_lock_seen_reg/Q
                         net (fo=2, routed)           0.722    34.436    RegisterFile/loop1[31].reg32/loop1[31].d_flip_flop/pll_lock_seen
    SLICE_X66Y127        LUT2 (Prop_lut2_I1_O)        0.124    34.560 f  RegisterFile/loop1[31].reg32/loop1[31].d_flip_flop/hPos[9]_i_2/O
                         net (fo=2229, routed)        5.170    39.730    sys_reset
    SLICE_X35Y82         FDCE                                         f  vga_display_value_reg[3][6]/CLR
  -------------------------------------------------------------------    -------------------

                         (clock clk_out1_clk_wiz_0 rise edge)
                                                     40.000    40.000 r  
    E3                   IBUF                         0.000    40.000 r  clk_100mhz_IBUF_inst/O
                         net (fo=4, routed)           1.181    41.181    pll/inst/clk_in1
    PLLE2_ADV_X1Y2       PLLE2_ADV (Prop_plle2_adv_CLKIN1_CLKOUT0)
                                                     -3.253    37.928 r  pll/inst/plle2_adv_inst/CLKOUT0
                         net (fo=1, routed)           1.634    39.562    pll/inst/clk_out1_clk_wiz_0
    BUFGCTRL_X0Y16       BUFG (Prop_bufg_I_O)         0.091    39.653 r  pll/inst/clkout1_buf/O
                         net (fo=2220, routed)        1.511    41.165    clock
    SLICE_X35Y82         FDCE                                         r  vga_display_value_reg[3][6]/C
                         clock pessimism              0.000    41.165    
                         clock uncertainty           -0.441    40.723    
    SLICE_X35Y82         FDCE (Recov_fdce_C_CLR)     -0.405    40.318    vga_display_value_reg[3][6]
  -------------------------------------------------------------------
                         required time                         40.318    
                         arrival time                         -39.730    
  -------------------------------------------------------------------
                         slack                                  0.588    

Slack (MET) :             0.588ns  (required time - arrival time)
  Source:                 pll_lock_seen_reg/C
                            (rising edge-triggered cell FDCE clocked by sys_clk_pin  {rise@0.000ns fall@5.000ns period=10.000ns})
  Destination:            vga_display_value_reg[12][5]/CLR
                            (recovery check against rising-edge clock clk_out1_clk_wiz_0  {rise@0.000ns fall@20.000ns period=40.000ns})
  Path Group:             **async_default**
  Path Type:              Recovery (Max at Slow Process Corner)
  Requirement:            10.000ns  (clk_out1_clk_wiz_0 rise@40.000ns - sys_clk_pin rise@30.000ns)
  Data Path Delay:        6.527ns  (logic 0.642ns (9.836%)  route 5.885ns (90.164%))
  Logic Levels:           1  (LUT2=1)
  Clock Path Skew:        -2.038ns (DCD - SCD + CPR)
    Destination Clock Delay (DCD):    1.158ns = ( 41.158 - 40.000 ) 
    Source Clock Delay      (SCD):    3.196ns = ( 33.196 - 30.000 ) 
    Clock Pessimism Removal (CPR):    0.000ns
  Clock Uncertainty:      0.441ns  ((TSJ^2 + DJ^2)^1/2) / 2 + PE
    Total System Jitter     (TSJ):    0.071ns
    Discrete Jitter          (DJ):    0.352ns
    Phase Error              (PE):    0.262ns
  Clock Domain Crossing:  Inter clock paths are considered valid unless explicitly excluded by timing constraints such as set_clock_groups or set_false_path.

    Location             Delay type                Incr(ns)  Path(ns)    Netlist Resource(s)
  -------------------------------------------------------------------    -------------------
                         (clock sys_clk_pin rise edge)
                                                     30.000    30.000 r  
    E3                                                0.000    30.000 r  clk_100mhz (IN)
                         net (fo=0)                   0.000    30.000    clk_100mhz
    E3                   IBUF (Prop_ibuf_I_O)         1.482    31.482 r  clk_100mhz_IBUF_inst/O
                         net (fo=4, routed)           1.714    33.196    clk_100mhz_IBUF
    SLICE_X66Y127        FDCE                                         r  pll_lock_seen_reg/C
  -------------------------------------------------------------------    -------------------
    SLICE_X66Y127        FDCE (Prop_fdce_C_Q)         0.518    33.714 r  pll_lock_seen_reg/Q
                         net (fo=2, routed)           0.722    34.436    RegisterFile/loop1[31].reg32/loop1[31].d_flip_flop/pll_lock_seen
    SLICE_X66Y127        LUT2 (Prop_lut2_I1_O)        0.124    34.560 f  RegisterFile/loop1[31].reg32/loop1[31].d_flip_flop/hPos[9]_i_2/O
                         net (fo=2229, routed)        5.163    39.723    sys_reset
    SLICE_X43Y80         FDCE                                         f  vga_display_value_reg[12][5]/CLR
  -------------------------------------------------------------------    -------------------

                         (clock clk_out1_clk_wiz_0 rise edge)
                                                     40.000    40.000 r  
    E3                   IBUF                         0.000    40.000 r  clk_100mhz_IBUF_inst/O
                         net (fo=4, routed)           1.181    41.181    pll/inst/clk_in1
    PLLE2_ADV_X1Y2       PLLE2_ADV (Prop_plle2_adv_CLKIN1_CLKOUT0)
                                                     -3.253    37.928 r  pll/inst/plle2_adv_inst/CLKOUT0
                         net (fo=1, routed)           1.634    39.562    pll/inst/clk_out1_clk_wiz_0
    BUFGCTRL_X0Y16       BUFG (Prop_bufg_I_O)         0.091    39.653 r  pll/inst/clkout1_buf/O
                         net (fo=2220, routed)        1.504    41.158    clock
    SLICE_X43Y80         FDCE                                         r  vga_display_value_reg[12][5]/C
                         clock pessimism              0.000    41.158    
                         clock uncertainty           -0.441    40.716    
    SLICE_X43Y80         FDCE (Recov_fdce_C_CLR)     -0.405    40.311    vga_display_value_reg[12][5]
  -------------------------------------------------------------------
                         required time                         40.311    
                         arrival time                         -39.723    
  -------------------------------------------------------------------
                         slack                                  0.588    

Slack (MET) :             0.607ns  (required time - arrival time)
  Source:                 pll_lock_seen_reg/C
                            (rising edge-triggered cell FDCE clocked by sys_clk_pin  {rise@0.000ns fall@5.000ns period=10.000ns})
  Destination:            vga_display_valid_reg[4]/CLR
                            (recovery check against rising-edge clock clk_out1_clk_wiz_0  {rise@0.000ns fall@20.000ns period=40.000ns})
  Path Group:             **async_default**
  Path Type:              Recovery (Max at Slow Process Corner)
  Requirement:            10.000ns  (clk_out1_clk_wiz_0 rise@40.000ns - sys_clk_pin rise@30.000ns)
  Data Path Delay:        6.506ns  (logic 0.642ns (9.868%)  route 5.864ns (90.132%))
  Logic Levels:           1  (LUT2=1)
  Clock Path Skew:        -2.040ns (DCD - SCD + CPR)
    Destination Clock Delay (DCD):    1.156ns = ( 41.156 - 40.000 ) 
    Source Clock Delay      (SCD):    3.196ns = ( 33.196 - 30.000 ) 
    Clock Pessimism Removal (CPR):    0.000ns
  Clock Uncertainty:      0.441ns  ((TSJ^2 + DJ^2)^1/2) / 2 + PE
    Total System Jitter     (TSJ):    0.071ns
    Discrete Jitter          (DJ):    0.352ns
    Phase Error              (PE):    0.262ns
  Clock Domain Crossing:  Inter clock paths are considered valid unless explicitly excluded by timing constraints such as set_clock_groups or set_false_path.

    Location             Delay type                Incr(ns)  Path(ns)    Netlist Resource(s)
  -------------------------------------------------------------------    -------------------
                         (clock sys_clk_pin rise edge)
                                                     30.000    30.000 r  
    E3                                                0.000    30.000 r  clk_100mhz (IN)
                         net (fo=0)                   0.000    30.000    clk_100mhz
    E3                   IBUF (Prop_ibuf_I_O)         1.482    31.482 r  clk_100mhz_IBUF_inst/O
                         net (fo=4, routed)           1.714    33.196    clk_100mhz_IBUF
    SLICE_X66Y127        FDCE                                         r  pll_lock_seen_reg/C
  -------------------------------------------------------------------    -------------------
    SLICE_X66Y127        FDCE (Prop_fdce_C_Q)         0.518    33.714 r  pll_lock_seen_reg/Q
                         net (fo=2, routed)           0.722    34.436    RegisterFile/loop1[31].reg32/loop1[31].d_flip_flop/pll_lock_seen
    SLICE_X66Y127        LUT2 (Prop_lut2_I1_O)        0.124    34.560 f  RegisterFile/loop1[31].reg32/loop1[31].d_flip_flop/hPos[9]_i_2/O
                         net (fo=2229, routed)        5.142    39.702    sys_reset
    SLICE_X47Y80         FDCE                                         f  vga_display_valid_reg[4]/CLR
  -------------------------------------------------------------------    -------------------

                         (clock clk_out1_clk_wiz_0 rise edge)
                                                     40.000    40.000 r  
    E3                   IBUF                         0.000    40.000 r  clk_100mhz_IBUF_inst/O
                         net (fo=4, routed)           1.181    41.181    pll/inst/clk_in1
    PLLE2_ADV_X1Y2       PLLE2_ADV (Prop_plle2_adv_CLKIN1_CLKOUT0)
                                                     -3.253    37.928 r  pll/inst/plle2_adv_inst/CLKOUT0
                         net (fo=1, routed)           1.634    39.562    pll/inst/clk_out1_clk_wiz_0
    BUFGCTRL_X0Y16       BUFG (Prop_bufg_I_O)         0.091    39.653 r  pll/inst/clkout1_buf/O
                         net (fo=2220, routed)        1.502    41.156    clock
    SLICE_X47Y80         FDCE                                         r  vga_display_valid_reg[4]/C
                         clock pessimism              0.000    41.156    
                         clock uncertainty           -0.441    40.714    
    SLICE_X47Y80         FDCE (Recov_fdce_C_CLR)     -0.405    40.309    vga_display_valid_reg[4]
  -------------------------------------------------------------------
                         required time                         40.309    
                         arrival time                         -39.702    
  -------------------------------------------------------------------
                         slack                                  0.607    





Min Delay Paths
--------------------------------------------------------------------------------------
Slack (MET) :             0.251ns  (arrival time - required time)
  Source:                 pll_lock_seen_reg/C
                            (rising edge-triggered cell FDCE clocked by sys_clk_pin  {rise@0.000ns fall@5.000ns period=10.000ns})
  Destination:            CPU/DX_OP_latch/loop1[0].d_flip_flop/q_reg/CLR
                            (removal check against rising-edge clock clk_out1_clk_wiz_0'  {rise@0.000ns fall@20.000ns period=40.000ns})
  Path Group:             **async_default**
  Path Type:              Removal (Min at Fast Process Corner)
  Requirement:            0.000ns  (clk_out1_clk_wiz_0 fall@20.000ns - sys_clk_pin rise@20.000ns)
  Data Path Delay:        1.596ns  (logic 0.209ns (13.092%)  route 1.387ns (86.908%))
  Logic Levels:           1  (LUT2=1)
  Clock Path Skew:        0.970ns (DCD - SCD - CPR)
    Destination Clock Delay (DCD):    1.997ns = ( 21.997 - 20.000 ) 
    Source Clock Delay      (SCD):    1.026ns = ( 21.026 - 20.000 ) 
    Clock Pessimism Removal (CPR):    -0.000ns
  Clock Uncertainty:      0.441ns  ((TSJ^2 + DJ^2)^1/2) / 2 + PE
    Total System Jitter     (TSJ):    0.071ns
    Discrete Jitter          (DJ):    0.352ns
    Phase Error              (PE):    0.262ns
  Clock Domain Crossing:  Inter clock paths are considered valid unless explicitly excluded by timing constraints such as set_clock_groups or set_false_path.

    Location             Delay type                Incr(ns)  Path(ns)    Netlist Resource(s)
  -------------------------------------------------------------------    -------------------
                         (clock sys_clk_pin rise edge)
                                                     20.000    20.000 r  
    E3                                                0.000    20.000 r  clk_100mhz (IN)
                         net (fo=0)                   0.000    20.000    clk_100mhz
    E3                   IBUF (Prop_ibuf_I_O)         0.250    20.250 r  clk_100mhz_IBUF_inst/O
                         net (fo=4, routed)           0.777    21.026    clk_100mhz_IBUF
    SLICE_X66Y127        FDCE                                         r  pll_lock_seen_reg/C
  -------------------------------------------------------------------    -------------------
    SLICE_X66Y127        FDCE (Prop_fdce_C_Q)         0.164    21.190 r  pll_lock_seen_reg/Q
                         net (fo=2, routed)           0.272    21.463    RegisterFile/loop1[31].reg32/loop1[31].d_flip_flop/pll_lock_seen
    SLICE_X66Y127        LUT2 (Prop_lut2_I1_O)        0.045    21.508 f  RegisterFile/loop1[31].reg32/loop1[31].d_flip_flop/hPos[9]_i_2/O
                         net (fo=2229, routed)        1.115    22.623    CPU/DX_OP_latch/loop1[0].d_flip_flop/sys_reset
    SLICE_X58Y97         FDCE                                         f  CPU/DX_OP_latch/loop1[0].d_flip_flop/q_reg/CLR
  -------------------------------------------------------------------    -------------------

                         (clock clk_out1_clk_wiz_0 fall edge)
                                                     20.000    20.000 f  
    E3                   IBUF                         0.000    20.000 f  clk_100mhz_IBUF_inst/O
                         net (fo=4, routed)           0.481    20.481    pll/inst/clk_in1
    PLLE2_ADV_X1Y2       PLLE2_ADV (Prop_plle2_adv_CLKIN1_CLKOUT0)
                                                     -1.417    19.064 f  pll/inst/plle2_adv_inst/CLKOUT0
                         net (fo=1, routed)           0.560    19.624    pll/inst/clk_out1_clk_wiz_0
    BUFGCTRL_X0Y16       BUFG (Prop_bufg_I_O)         0.029    19.653 f  pll/inst/clkout1_buf/O
                         net (fo=2220, routed)        1.108    20.761    clock
    SLICE_X51Y96         LUT1 (Prop_lut1_I0_O)        0.054    20.815 r  q_reg_i_10__0/O
                         net (fo=1, routed)           0.233    21.048    q_reg_i_10__0_n_0
    BUFGCTRL_X0Y0        BUFG (Prop_bufg_I_O)         0.113    21.161 r  q_reg_i_3__15/O
                         net (fo=370, routed)         0.836    21.997    CPU/DX_OP_latch/loop1[0].d_flip_flop/clock0
    SLICE_X58Y97         FDCE                                         r  CPU/DX_OP_latch/loop1[0].d_flip_flop/q_reg/C
                         clock pessimism              0.000    21.997    
                         clock uncertainty            0.441    22.438    
    SLICE_X58Y97         FDCE (Remov_fdce_C_CLR)     -0.067    22.371    CPU/DX_OP_latch/loop1[0].d_flip_flop/q_reg
  -------------------------------------------------------------------
                         required time                        -22.371    
                         arrival time                          22.623    
  -------------------------------------------------------------------
                         slack                                  0.251    

Slack (MET) :             0.276ns  (arrival time - required time)
  Source:                 pll_lock_seen_reg/C
                            (rising edge-triggered cell FDCE clocked by sys_clk_pin  {rise@0.000ns fall@5.000ns period=10.000ns})
  Destination:            CPU/DX_OP_latch/loop1[3].d_flip_flop/q_reg/CLR
                            (removal check against rising-edge clock clk_out1_clk_wiz_0'  {rise@0.000ns fall@20.000ns period=40.000ns})
  Path Group:             **async_default**
  Path Type:              Removal (Min at Fast Process Corner)
  Requirement:            0.000ns  (clk_out1_clk_wiz_0 fall@20.000ns - sys_clk_pin rise@20.000ns)
  Data Path Delay:        1.596ns  (logic 0.209ns (13.092%)  route 1.387ns (86.908%))
  Logic Levels:           1  (LUT2=1)
  Clock Path Skew:        0.970ns (DCD - SCD - CPR)
    Destination Clock Delay (DCD):    1.997ns = ( 21.997 - 20.000 ) 
    Source Clock Delay      (SCD):    1.026ns = ( 21.026 - 20.000 ) 
    Clock Pessimism Removal (CPR):    -0.000ns
  Clock Uncertainty:      0.441ns  ((TSJ^2 + DJ^2)^1/2) / 2 + PE
    Total System Jitter     (TSJ):    0.071ns
    Discrete Jitter          (DJ):    0.352ns
    Phase Error              (PE):    0.262ns
  Clock Domain Crossing:  Inter clock paths are considered valid unless explicitly excluded by timing constraints such as set_clock_groups or set_false_path.

    Location             Delay type                Incr(ns)  Path(ns)    Netlist Resource(s)
  -------------------------------------------------------------------    -------------------
                         (clock sys_clk_pin rise edge)
                                                     20.000    20.000 r  
    E3                                                0.000    20.000 r  clk_100mhz (IN)
                         net (fo=0)                   0.000    20.000    clk_100mhz
    E3                   IBUF (Prop_ibuf_I_O)         0.250    20.250 r  clk_100mhz_IBUF_inst/O
                         net (fo=4, routed)           0.777    21.026    clk_100mhz_IBUF
    SLICE_X66Y127        FDCE                                         r  pll_lock_seen_reg/C
  -------------------------------------------------------------------    -------------------
    SLICE_X66Y127        FDCE (Prop_fdce_C_Q)         0.164    21.190 r  pll_lock_seen_reg/Q
                         net (fo=2, routed)           0.272    21.463    RegisterFile/loop1[31].reg32/loop1[31].d_flip_flop/pll_lock_seen
    SLICE_X66Y127        LUT2 (Prop_lut2_I1_O)        0.045    21.508 f  RegisterFile/loop1[31].reg32/loop1[31].d_flip_flop/hPos[9]_i_2/O
                         net (fo=2229, routed)        1.115    22.623    CPU/DX_OP_latch/loop1[3].d_flip_flop/sys_reset
    SLICE_X59Y97         FDCE                                         f  CPU/DX_OP_latch/loop1[3].d_flip_flop/q_reg/CLR
  -------------------------------------------------------------------    -------------------

                         (clock clk_out1_clk_wiz_0 fall edge)
                                                     20.000    20.000 f  
    E3                   IBUF                         0.000    20.000 f  clk_100mhz_IBUF_inst/O
                         net (fo=4, routed)           0.481    20.481    pll/inst/clk_in1
    PLLE2_ADV_X1Y2       PLLE2_ADV (Prop_plle2_adv_CLKIN1_CLKOUT0)
                                                     -1.417    19.064 f  pll/inst/plle2_adv_inst/CLKOUT0
                         net (fo=1, routed)           0.560    19.624    pll/inst/clk_out1_clk_wiz_0
    BUFGCTRL_X0Y16       BUFG (Prop_bufg_I_O)         0.029    19.653 f  pll/inst/clkout1_buf/O
                         net (fo=2220, routed)        1.108    20.761    clock
    SLICE_X51Y96         LUT1 (Prop_lut1_I0_O)        0.054    20.815 r  q_reg_i_10__0/O
                         net (fo=1, routed)           0.233    21.048    q_reg_i_10__0_n_0
    BUFGCTRL_X0Y0        BUFG (Prop_bufg_I_O)         0.113    21.161 r  q_reg_i_3__15/O
                         net (fo=370, routed)         0.836    21.997    CPU/DX_OP_latch/loop1[3].d_flip_flop/clock0
    SLICE_X59Y97         FDCE                                         r  CPU/DX_OP_latch/loop1[3].d_flip_flop/q_reg/C
                         clock pessimism              0.000    21.997    
                         clock uncertainty            0.441    22.438    
    SLICE_X59Y97         FDCE (Remov_fdce_C_CLR)     -0.092    22.346    CPU/DX_OP_latch/loop1[3].d_flip_flop/q_reg
  -------------------------------------------------------------------
                         required time                        -22.346    
                         arrival time                          22.623    
  -------------------------------------------------------------------
                         slack                                  0.276    

Slack (MET) :             0.276ns  (arrival time - required time)
  Source:                 pll_lock_seen_reg/C
                            (rising edge-triggered cell FDCE clocked by sys_clk_pin  {rise@0.000ns fall@5.000ns period=10.000ns})
  Destination:            CPU/DX_OP_latch/loop1[4].d_flip_flop/q_reg/CLR
                            (removal check against rising-edge clock clk_out1_clk_wiz_0'  {rise@0.000ns fall@20.000ns period=40.000ns})
  Path Group:             **async_default**
  Path Type:              Removal (Min at Fast Process Corner)
  Requirement:            0.000ns  (clk_out1_clk_wiz_0 fall@20.000ns - sys_clk_pin rise@20.000ns)
  Data Path Delay:        1.596ns  (logic 0.209ns (13.092%)  route 1.387ns (86.908%))
  Logic Levels:           1  (LUT2=1)
  Clock Path Skew:        0.970ns (DCD - SCD - CPR)
    Destination Clock Delay (DCD):    1.997ns = ( 21.997 - 20.000 ) 
    Source Clock Delay      (SCD):    1.026ns = ( 21.026 - 20.000 ) 
    Clock Pessimism Removal (CPR):    -0.000ns
  Clock Uncertainty:      0.441ns  ((TSJ^2 + DJ^2)^1/2) / 2 + PE
    Total System Jitter     (TSJ):    0.071ns
    Discrete Jitter          (DJ):    0.352ns
    Phase Error              (PE):    0.262ns
  Clock Domain Crossing:  Inter clock paths are considered valid unless explicitly excluded by timing constraints such as set_clock_groups or set_false_path.

    Location             Delay type                Incr(ns)  Path(ns)    Netlist Resource(s)
  -------------------------------------------------------------------    -------------------
                         (clock sys_clk_pin rise edge)
                                                     20.000    20.000 r  
    E3                                                0.000    20.000 r  clk_100mhz (IN)
                         net (fo=0)                   0.000    20.000    clk_100mhz
    E3                   IBUF (Prop_ibuf_I_O)         0.250    20.250 r  clk_100mhz_IBUF_inst/O
                         net (fo=4, routed)           0.777    21.026    clk_100mhz_IBUF
    SLICE_X66Y127        FDCE                                         r  pll_lock_seen_reg/C
  -------------------------------------------------------------------    -------------------
    SLICE_X66Y127        FDCE (Prop_fdce_C_Q)         0.164    21.190 r  pll_lock_seen_reg/Q
                         net (fo=2, routed)           0.272    21.463    RegisterFile/loop1[31].reg32/loop1[31].d_flip_flop/pll_lock_seen
    SLICE_X66Y127        LUT2 (Prop_lut2_I1_O)        0.045    21.508 f  RegisterFile/loop1[31].reg32/loop1[31].d_flip_flop/hPos[9]_i_2/O
                         net (fo=2229, routed)        1.115    22.623    CPU/DX_OP_latch/loop1[4].d_flip_flop/sys_reset
    SLICE_X59Y97         FDCE                                         f  CPU/DX_OP_latch/loop1[4].d_flip_flop/q_reg/CLR
  -------------------------------------------------------------------    -------------------

                         (clock clk_out1_clk_wiz_0 fall edge)
                                                     20.000    20.000 f  
    E3                   IBUF                         0.000    20.000 f  clk_100mhz_IBUF_inst/O
                         net (fo=4, routed)           0.481    20.481    pll/inst/clk_in1
    PLLE2_ADV_X1Y2       PLLE2_ADV (Prop_plle2_adv_CLKIN1_CLKOUT0)
                                                     -1.417    19.064 f  pll/inst/plle2_adv_inst/CLKOUT0
                         net (fo=1, routed)           0.560    19.624    pll/inst/clk_out1_clk_wiz_0
    BUFGCTRL_X0Y16       BUFG (Prop_bufg_I_O)         0.029    19.653 f  pll/inst/clkout1_buf/O
                         net (fo=2220, routed)        1.108    20.761    clock
    SLICE_X51Y96         LUT1 (Prop_lut1_I0_O)        0.054    20.815 r  q_reg_i_10__0/O
                         net (fo=1, routed)           0.233    21.048    q_reg_i_10__0_n_0
    BUFGCTRL_X0Y0        BUFG (Prop_bufg_I_O)         0.113    21.161 r  q_reg_i_3__15/O
                         net (fo=370, routed)         0.836    21.997    CPU/DX_OP_latch/loop1[4].d_flip_flop/clock0
    SLICE_X59Y97         FDCE                                         r  CPU/DX_OP_latch/loop1[4].d_flip_flop/q_reg/C
                         clock pessimism              0.000    21.997    
                         clock uncertainty            0.441    22.438    
    SLICE_X59Y97         FDCE (Remov_fdce_C_CLR)     -0.092    22.346    CPU/DX_OP_latch/loop1[4].d_flip_flop/q_reg
  -------------------------------------------------------------------
                         required time                        -22.346    
                         arrival time                          22.623    
  -------------------------------------------------------------------
                         slack                                  0.276    

Slack (MET) :             0.344ns  (arrival time - required time)
  Source:                 pll_lock_seen_reg/C
                            (rising edge-triggered cell FDCE clocked by sys_clk_pin  {rise@0.000ns fall@5.000ns period=10.000ns})
  Destination:            CPU/DX_ALU_OP_latch/loop1[1].d_flip_flop/q_reg/CLR
                            (removal check against rising-edge clock clk_out1_clk_wiz_0'  {rise@0.000ns fall@20.000ns period=40.000ns})
  Path Group:             **async_default**
  Path Type:              Removal (Min at Fast Process Corner)
  Requirement:            0.000ns  (clk_out1_clk_wiz_0 fall@20.000ns - sys_clk_pin rise@20.000ns)
  Data Path Delay:        1.663ns  (logic 0.209ns (12.565%)  route 1.454ns (87.435%))
  Logic Levels:           1  (LUT2=1)
  Clock Path Skew:        0.969ns (DCD - SCD - CPR)
    Destination Clock Delay (DCD):    1.996ns = ( 21.996 - 20.000 ) 
    Source Clock Delay      (SCD):    1.026ns = ( 21.026 - 20.000 ) 
    Clock Pessimism Removal (CPR):    -0.000ns
  Clock Uncertainty:      0.441ns  ((TSJ^2 + DJ^2)^1/2) / 2 + PE
    Total System Jitter     (TSJ):    0.071ns
    Discrete Jitter          (DJ):    0.352ns
    Phase Error              (PE):    0.262ns
  Clock Domain Crossing:  Inter clock paths are considered valid unless explicitly excluded by timing constraints such as set_clock_groups or set_false_path.

    Location             Delay type                Incr(ns)  Path(ns)    Netlist Resource(s)
  -------------------------------------------------------------------    -------------------
                         (clock sys_clk_pin rise edge)
                                                     20.000    20.000 r  
    E3                                                0.000    20.000 r  clk_100mhz (IN)
                         net (fo=0)                   0.000    20.000    clk_100mhz
    E3                   IBUF (Prop_ibuf_I_O)         0.250    20.250 r  clk_100mhz_IBUF_inst/O
                         net (fo=4, routed)           0.777    21.026    clk_100mhz_IBUF
    SLICE_X66Y127        FDCE                                         r  pll_lock_seen_reg/C
  -------------------------------------------------------------------    -------------------
    SLICE_X66Y127        FDCE (Prop_fdce_C_Q)         0.164    21.190 r  pll_lock_seen_reg/Q
                         net (fo=2, routed)           0.272    21.463    RegisterFile/loop1[31].reg32/loop1[31].d_flip_flop/pll_lock_seen
    SLICE_X66Y127        LUT2 (Prop_lut2_I1_O)        0.045    21.508 f  RegisterFile/loop1[31].reg32/loop1[31].d_flip_flop/hPos[9]_i_2/O
                         net (fo=2229, routed)        1.182    22.690    CPU/DX_ALU_OP_latch/loop1[1].d_flip_flop/sys_reset
    SLICE_X61Y96         FDCE                                         f  CPU/DX_ALU_OP_latch/loop1[1].d_flip_flop/q_reg/CLR
  -------------------------------------------------------------------    -------------------

                         (clock clk_out1_clk_wiz_0 fall edge)
                                                     20.000    20.000 f  
    E3                   IBUF                         0.000    20.000 f  clk_100mhz_IBUF_inst/O
                         net (fo=4, routed)           0.481    20.481    pll/inst/clk_in1
    PLLE2_ADV_X1Y2       PLLE2_ADV (Prop_plle2_adv_CLKIN1_CLKOUT0)
                                                     -1.417    19.064 f  pll/inst/plle2_adv_inst/CLKOUT0
                         net (fo=1, routed)           0.560    19.624    pll/inst/clk_out1_clk_wiz_0
    BUFGCTRL_X0Y16       BUFG (Prop_bufg_I_O)         0.029    19.653 f  pll/inst/clkout1_buf/O
                         net (fo=2220, routed)        1.108    20.761    clock
    SLICE_X51Y96         LUT1 (Prop_lut1_I0_O)        0.054    20.815 r  q_reg_i_10__0/O
                         net (fo=1, routed)           0.233    21.048    q_reg_i_10__0_n_0
    BUFGCTRL_X0Y0        BUFG (Prop_bufg_I_O)         0.113    21.161 r  q_reg_i_3__15/O
                         net (fo=370, routed)         0.835    21.996    CPU/DX_ALU_OP_latch/loop1[1].d_flip_flop/clock0
    SLICE_X61Y96         FDCE                                         r  CPU/DX_ALU_OP_latch/loop1[1].d_flip_flop/q_reg/C
                         clock pessimism              0.000    21.996    
                         clock uncertainty            0.441    22.437    
    SLICE_X61Y96         FDCE (Remov_fdce_C_CLR)     -0.092    22.345    CPU/DX_ALU_OP_latch/loop1[1].d_flip_flop/q_reg
  -------------------------------------------------------------------
                         required time                        -22.345    
                         arrival time                          22.690    
  -------------------------------------------------------------------
                         slack                                  0.344    

Slack (MET) :             0.344ns  (arrival time - required time)
  Source:                 pll_lock_seen_reg/C
                            (rising edge-triggered cell FDCE clocked by sys_clk_pin  {rise@0.000ns fall@5.000ns period=10.000ns})
  Destination:            CPU/DX_ALU_OP_latch/loop1[2].d_flip_flop/q_reg/CLR
                            (removal check against rising-edge clock clk_out1_clk_wiz_0'  {rise@0.000ns fall@20.000ns period=40.000ns})
  Path Group:             **async_default**
  Path Type:              Removal (Min at Fast Process Corner)
  Requirement:            0.000ns  (clk_out1_clk_wiz_0 fall@20.000ns - sys_clk_pin rise@20.000ns)
  Data Path Delay:        1.663ns  (logic 0.209ns (12.565%)  route 1.454ns (87.435%))
  Logic Levels:           1  (LUT2=1)
  Clock Path Skew:        0.969ns (DCD - SCD - CPR)
    Destination Clock Delay (DCD):    1.996ns = ( 21.996 - 20.000 ) 
    Source Clock Delay      (SCD):    1.026ns = ( 21.026 - 20.000 ) 
    Clock Pessimism Removal (CPR):    -0.000ns
  Clock Uncertainty:      0.441ns  ((TSJ^2 + DJ^2)^1/2) / 2 + PE
    Total System Jitter     (TSJ):    0.071ns
    Discrete Jitter          (DJ):    0.352ns
    Phase Error              (PE):    0.262ns
  Clock Domain Crossing:  Inter clock paths are considered valid unless explicitly excluded by timing constraints such as set_clock_groups or set_false_path.

    Location             Delay type                Incr(ns)  Path(ns)    Netlist Resource(s)
  -------------------------------------------------------------------    -------------------
                         (clock sys_clk_pin rise edge)
                                                     20.000    20.000 r  
    E3                                                0.000    20.000 r  clk_100mhz (IN)
                         net (fo=0)                   0.000    20.000    clk_100mhz
    E3                   IBUF (Prop_ibuf_I_O)         0.250    20.250 r  clk_100mhz_IBUF_inst/O
                         net (fo=4, routed)           0.777    21.026    clk_100mhz_IBUF
    SLICE_X66Y127        FDCE                                         r  pll_lock_seen_reg/C
  -------------------------------------------------------------------    -------------------
    SLICE_X66Y127        FDCE (Prop_fdce_C_Q)         0.164    21.190 r  pll_lock_seen_reg/Q
                         net (fo=2, routed)           0.272    21.463    RegisterFile/loop1[31].reg32/loop1[31].d_flip_flop/pll_lock_seen
    SLICE_X66Y127        LUT2 (Prop_lut2_I1_O)        0.045    21.508 f  RegisterFile/loop1[31].reg32/loop1[31].d_flip_flop/hPos[9]_i_2/O
                         net (fo=2229, routed)        1.182    22.690    CPU/DX_ALU_OP_latch/loop1[2].d_flip_flop/sys_reset
    SLICE_X61Y96         FDCE                                         f  CPU/DX_ALU_OP_latch/loop1[2].d_flip_flop/q_reg/CLR
  -------------------------------------------------------------------    -------------------

                         (clock clk_out1_clk_wiz_0 fall edge)
                                                     20.000    20.000 f  
    E3                   IBUF                         0.000    20.000 f  clk_100mhz_IBUF_inst/O
                         net (fo=4, routed)           0.481    20.481    pll/inst/clk_in1
    PLLE2_ADV_X1Y2       PLLE2_ADV (Prop_plle2_adv_CLKIN1_CLKOUT0)
                                                     -1.417    19.064 f  pll/inst/plle2_adv_inst/CLKOUT0
                         net (fo=1, routed)           0.560    19.624    pll/inst/clk_out1_clk_wiz_0
    BUFGCTRL_X0Y16       BUFG (Prop_bufg_I_O)         0.029    19.653 f  pll/inst/clkout1_buf/O
                         net (fo=2220, routed)        1.108    20.761    clock
    SLICE_X51Y96         LUT1 (Prop_lut1_I0_O)        0.054    20.815 r  q_reg_i_10__0/O
                         net (fo=1, routed)           0.233    21.048    q_reg_i_10__0_n_0
    BUFGCTRL_X0Y0        BUFG (Prop_bufg_I_O)         0.113    21.161 r  q_reg_i_3__15/O
                         net (fo=370, routed)         0.835    21.996    CPU/DX_ALU_OP_latch/loop1[2].d_flip_flop/clock0
    SLICE_X61Y96         FDCE                                         r  CPU/DX_ALU_OP_latch/loop1[2].d_flip_flop/q_reg/C
                         clock pessimism              0.000    21.996    
                         clock uncertainty            0.441    22.437    
    SLICE_X61Y96         FDCE (Remov_fdce_C_CLR)     -0.092    22.345    CPU/DX_ALU_OP_latch/loop1[2].d_flip_flop/q_reg
  -------------------------------------------------------------------
                         required time                        -22.345    
                         arrival time                          22.690    
  -------------------------------------------------------------------
                         slack                                  0.344    

Slack (MET) :             0.344ns  (arrival time - required time)
  Source:                 pll_lock_seen_reg/C
                            (rising edge-triggered cell FDCE clocked by sys_clk_pin  {rise@0.000ns fall@5.000ns period=10.000ns})
  Destination:            CPU/DX_ALU_OP_latch/loop1[3].d_flip_flop/q_reg/CLR
                            (removal check against rising-edge clock clk_out1_clk_wiz_0'  {rise@0.000ns fall@20.000ns period=40.000ns})
  Path Group:             **async_default**
  Path Type:              Removal (Min at Fast Process Corner)
  Requirement:            0.000ns  (clk_out1_clk_wiz_0 fall@20.000ns - sys_clk_pin rise@20.000ns)
  Data Path Delay:        1.663ns  (logic 0.209ns (12.565%)  route 1.454ns (87.435%))
  Logic Levels:           1  (LUT2=1)
  Clock Path Skew:        0.969ns (DCD - SCD - CPR)
    Destination Clock Delay (DCD):    1.996ns = ( 21.996 - 20.000 ) 
    Source Clock Delay      (SCD):    1.026ns = ( 21.026 - 20.000 ) 
    Clock Pessimism Removal (CPR):    -0.000ns
  Clock Uncertainty:      0.441ns  ((TSJ^2 + DJ^2)^1/2) / 2 + PE
    Total System Jitter     (TSJ):    0.071ns
    Discrete Jitter          (DJ):    0.352ns
    Phase Error              (PE):    0.262ns
  Clock Domain Crossing:  Inter clock paths are considered valid unless explicitly excluded by timing constraints such as set_clock_groups or set_false_path.

    Location             Delay type                Incr(ns)  Path(ns)    Netlist Resource(s)
  -------------------------------------------------------------------    -------------------
                         (clock sys_clk_pin rise edge)
                                                     20.000    20.000 r  
    E3                                                0.000    20.000 r  clk_100mhz (IN)
                         net (fo=0)                   0.000    20.000    clk_100mhz
    E3                   IBUF (Prop_ibuf_I_O)         0.250    20.250 r  clk_100mhz_IBUF_inst/O
                         net (fo=4, routed)           0.777    21.026    clk_100mhz_IBUF
    SLICE_X66Y127        FDCE                                         r  pll_lock_seen_reg/C
  -------------------------------------------------------------------    -------------------
    SLICE_X66Y127        FDCE (Prop_fdce_C_Q)         0.164    21.190 r  pll_lock_seen_reg/Q
                         net (fo=2, routed)           0.272    21.463    RegisterFile/loop1[31].reg32/loop1[31].d_flip_flop/pll_lock_seen
    SLICE_X66Y127        LUT2 (Prop_lut2_I1_O)        0.045    21.508 f  RegisterFile/loop1[31].reg32/loop1[31].d_flip_flop/hPos[9]_i_2/O
                         net (fo=2229, routed)        1.182    22.690    CPU/DX_ALU_OP_latch/loop1[3].d_flip_flop/sys_reset
    SLICE_X61Y96         FDCE                                         f  CPU/DX_ALU_OP_latch/loop1[3].d_flip_flop/q_reg/CLR
  -------------------------------------------------------------------    -------------------

                         (clock clk_out1_clk_wiz_0 fall edge)
                                                     20.000    20.000 f  
    E3                   IBUF                         0.000    20.000 f  clk_100mhz_IBUF_inst/O
                         net (fo=4, routed)           0.481    20.481    pll/inst/clk_in1
    PLLE2_ADV_X1Y2       PLLE2_ADV (Prop_plle2_adv_CLKIN1_CLKOUT0)
                                                     -1.417    19.064 f  pll/inst/plle2_adv_inst/CLKOUT0
                         net (fo=1, routed)           0.560    19.624    pll/inst/clk_out1_clk_wiz_0
    BUFGCTRL_X0Y16       BUFG (Prop_bufg_I_O)         0.029    19.653 f  pll/inst/clkout1_buf/O
                         net (fo=2220, routed)        1.108    20.761    clock
    SLICE_X51Y96         LUT1 (Prop_lut1_I0_O)        0.054    20.815 r  q_reg_i_10__0/O
                         net (fo=1, routed)           0.233    21.048    q_reg_i_10__0_n_0
    BUFGCTRL_X0Y0        BUFG (Prop_bufg_I_O)         0.113    21.161 r  q_reg_i_3__15/O
                         net (fo=370, routed)         0.835    21.996    CPU/DX_ALU_OP_latch/loop1[3].d_flip_flop/clock0
    SLICE_X61Y96         FDCE                                         r  CPU/DX_ALU_OP_latch/loop1[3].d_flip_flop/q_reg/C
                         clock pessimism              0.000    21.996    
                         clock uncertainty            0.441    22.437    
    SLICE_X61Y96         FDCE (Remov_fdce_C_CLR)     -0.092    22.345    CPU/DX_ALU_OP_latch/loop1[3].d_flip_flop/q_reg
  -------------------------------------------------------------------
                         required time                        -22.345    
                         arrival time                          22.690    
  -------------------------------------------------------------------
                         slack                                  0.344    

Slack (MET) :             0.344ns  (arrival time - required time)
  Source:                 pll_lock_seen_reg/C
                            (rising edge-triggered cell FDCE clocked by sys_clk_pin  {rise@0.000ns fall@5.000ns period=10.000ns})
  Destination:            CPU/DX_ALU_OP_latch/loop1[4].d_flip_flop/q_reg/CLR
                            (removal check against rising-edge clock clk_out1_clk_wiz_0'  {rise@0.000ns fall@20.000ns period=40.000ns})
  Path Group:             **async_default**
  Path Type:              Removal (Min at Fast Process Corner)
  Requirement:            0.000ns  (clk_out1_clk_wiz_0 fall@20.000ns - sys_clk_pin rise@20.000ns)
  Data Path Delay:        1.663ns  (logic 0.209ns (12.565%)  route 1.454ns (87.435%))
  Logic Levels:           1  (LUT2=1)
  Clock Path Skew:        0.969ns (DCD - SCD - CPR)
    Destination Clock Delay (DCD):    1.996ns = ( 21.996 - 20.000 ) 
    Source Clock Delay      (SCD):    1.026ns = ( 21.026 - 20.000 ) 
    Clock Pessimism Removal (CPR):    -0.000ns
  Clock Uncertainty:      0.441ns  ((TSJ^2 + DJ^2)^1/2) / 2 + PE
    Total System Jitter     (TSJ):    0.071ns
    Discrete Jitter          (DJ):    0.352ns
    Phase Error              (PE):    0.262ns
  Clock Domain Crossing:  Inter clock paths are considered valid unless explicitly excluded by timing constraints such as set_clock_groups or set_false_path.

    Location             Delay type                Incr(ns)  Path(ns)    Netlist Resource(s)
  -------------------------------------------------------------------    -------------------
                         (clock sys_clk_pin rise edge)
                                                     20.000    20.000 r  
    E3                                                0.000    20.000 r  clk_100mhz (IN)
                         net (fo=0)                   0.000    20.000    clk_100mhz
    E3                   IBUF (Prop_ibuf_I_O)         0.250    20.250 r  clk_100mhz_IBUF_inst/O
                         net (fo=4, routed)           0.777    21.026    clk_100mhz_IBUF
    SLICE_X66Y127        FDCE                                         r  pll_lock_seen_reg/C
  -------------------------------------------------------------------    -------------------
    SLICE_X66Y127        FDCE (Prop_fdce_C_Q)         0.164    21.190 r  pll_lock_seen_reg/Q
                         net (fo=2, routed)           0.272    21.463    RegisterFile/loop1[31].reg32/loop1[31].d_flip_flop/pll_lock_seen
    SLICE_X66Y127        LUT2 (Prop_lut2_I1_O)        0.045    21.508 f  RegisterFile/loop1[31].reg32/loop1[31].d_flip_flop/hPos[9]_i_2/O
                         net (fo=2229, routed)        1.182    22.690    CPU/DX_ALU_OP_latch/loop1[4].d_flip_flop/sys_reset
    SLICE_X61Y96         FDCE                                         f  CPU/DX_ALU_OP_latch/loop1[4].d_flip_flop/q_reg/CLR
  -------------------------------------------------------------------    -------------------

                         (clock clk_out1_clk_wiz_0 fall edge)
                                                     20.000    20.000 f  
    E3                   IBUF                         0.000    20.000 f  clk_100mhz_IBUF_inst/O
                         net (fo=4, routed)           0.481    20.481    pll/inst/clk_in1
    PLLE2_ADV_X1Y2       PLLE2_ADV (Prop_plle2_adv_CLKIN1_CLKOUT0)
                                                     -1.417    19.064 f  pll/inst/plle2_adv_inst/CLKOUT0
                         net (fo=1, routed)           0.560    19.624    pll/inst/clk_out1_clk_wiz_0
    BUFGCTRL_X0Y16       BUFG (Prop_bufg_I_O)         0.029    19.653 f  pll/inst/clkout1_buf/O
                         net (fo=2220, routed)        1.108    20.761    clock
    SLICE_X51Y96         LUT1 (Prop_lut1_I0_O)        0.054    20.815 r  q_reg_i_10__0/O
                         net (fo=1, routed)           0.233    21.048    q_reg_i_10__0_n_0
    BUFGCTRL_X0Y0        BUFG (Prop_bufg_I_O)         0.113    21.161 r  q_reg_i_3__15/O
                         net (fo=370, routed)         0.835    21.996    CPU/DX_ALU_OP_latch/loop1[4].d_flip_flop/clock0
    SLICE_X61Y96         FDCE                                         r  CPU/DX_ALU_OP_latch/loop1[4].d_flip_flop/q_reg/C
                         clock pessimism              0.000    21.996    
                         clock uncertainty            0.441    22.437    
    SLICE_X61Y96         FDCE (Remov_fdce_C_CLR)     -0.092    22.345    CPU/DX_ALU_OP_latch/loop1[4].d_flip_flop/q_reg
  -------------------------------------------------------------------
                         required time                        -22.345    
                         arrival time                          22.690    
  -------------------------------------------------------------------
                         slack                                  0.344    

Slack (MET) :             0.406ns  (arrival time - required time)
  Source:                 pll_lock_seen_reg/C
                            (rising edge-triggered cell FDCE clocked by sys_clk_pin  {rise@0.000ns fall@5.000ns period=10.000ns})
  Destination:            CPU/DX_OP_latch/loop1[2].d_flip_flop/q_reg/CLR
                            (removal check against rising-edge clock clk_out1_clk_wiz_0'  {rise@0.000ns fall@20.000ns period=40.000ns})
  Path Group:             **async_default**
  Path Type:              Removal (Min at Fast Process Corner)
  Requirement:            0.000ns  (clk_out1_clk_wiz_0 fall@20.000ns - sys_clk_pin rise@20.000ns)
  Data Path Delay:        1.726ns  (logic 0.209ns (12.112%)  route 1.517ns (87.888%))
  Logic Levels:           1  (LUT2=1)
  Clock Path Skew:        0.970ns (DCD - SCD - CPR)
    Destination Clock Delay (DCD):    1.997ns = ( 21.997 - 20.000 ) 
    Source Clock Delay      (SCD):    1.026ns = ( 21.026 - 20.000 ) 
    Clock Pessimism Removal (CPR):    -0.000ns
  Clock Uncertainty:      0.441ns  ((TSJ^2 + DJ^2)^1/2) / 2 + PE
    Total System Jitter     (TSJ):    0.071ns
    Discrete Jitter          (DJ):    0.352ns
    Phase Error              (PE):    0.262ns
  Clock Domain Crossing:  Inter clock paths are considered valid unless explicitly excluded by timing constraints such as set_clock_groups or set_false_path.

    Location             Delay type                Incr(ns)  Path(ns)    Netlist Resource(s)
  -------------------------------------------------------------------    -------------------
                         (clock sys_clk_pin rise edge)
                                                     20.000    20.000 r  
    E3                                                0.000    20.000 r  clk_100mhz (IN)
                         net (fo=0)                   0.000    20.000    clk_100mhz
    E3                   IBUF (Prop_ibuf_I_O)         0.250    20.250 r  clk_100mhz_IBUF_inst/O
                         net (fo=4, routed)           0.777    21.026    clk_100mhz_IBUF
    SLICE_X66Y127        FDCE                                         r  pll_lock_seen_reg/C
  -------------------------------------------------------------------    -------------------
    SLICE_X66Y127        FDCE (Prop_fdce_C_Q)         0.164    21.190 r  pll_lock_seen_reg/Q
                         net (fo=2, routed)           0.272    21.463    RegisterFile/loop1[31].reg32/loop1[31].d_flip_flop/pll_lock_seen
    SLICE_X66Y127        LUT2 (Prop_lut2_I1_O)        0.045    21.508 f  RegisterFile/loop1[31].reg32/loop1[31].d_flip_flop/hPos[9]_i_2/O
                         net (fo=2229, routed)        1.244    22.752    CPU/DX_OP_latch/loop1[2].d_flip_flop/sys_reset
    SLICE_X59Y99         FDCE                                         f  CPU/DX_OP_latch/loop1[2].d_flip_flop/q_reg/CLR
  -------------------------------------------------------------------    -------------------

                         (clock clk_out1_clk_wiz_0 fall edge)
                                                     20.000    20.000 f  
    E3                   IBUF                         0.000    20.000 f  clk_100mhz_IBUF_inst/O
                         net (fo=4, routed)           0.481    20.481    pll/inst/clk_in1
    PLLE2_ADV_X1Y2       PLLE2_ADV (Prop_plle2_adv_CLKIN1_CLKOUT0)
                                                     -1.417    19.064 f  pll/inst/plle2_adv_inst/CLKOUT0
                         net (fo=1, routed)           0.560    19.624    pll/inst/clk_out1_clk_wiz_0
    BUFGCTRL_X0Y16       BUFG (Prop_bufg_I_O)         0.029    19.653 f  pll/inst/clkout1_buf/O
                         net (fo=2220, routed)        1.108    20.761    clock
    SLICE_X51Y96         LUT1 (Prop_lut1_I0_O)        0.054    20.815 r  q_reg_i_10__0/O
                         net (fo=1, routed)           0.233    21.048    q_reg_i_10__0_n_0
    BUFGCTRL_X0Y0        BUFG (Prop_bufg_I_O)         0.113    21.161 r  q_reg_i_3__15/O
                         net (fo=370, routed)         0.836    21.997    CPU/DX_OP_latch/loop1[2].d_flip_flop/clock0
    SLICE_X59Y99         FDCE                                         r  CPU/DX_OP_latch/loop1[2].d_flip_flop/q_reg/C
                         clock pessimism              0.000    21.997    
                         clock uncertainty            0.441    22.438    
    SLICE_X59Y99         FDCE (Remov_fdce_C_CLR)     -0.092    22.346    CPU/DX_OP_latch/loop1[2].d_flip_flop/q_reg
  -------------------------------------------------------------------
                         required time                        -22.346    
                         arrival time                          22.752    
  -------------------------------------------------------------------
                         slack                                  0.406    

Slack (MET) :             0.417ns  (arrival time - required time)
  Source:                 pll_lock_seen_reg/C
                            (rising edge-triggered cell FDCE clocked by sys_clk_pin  {rise@0.000ns fall@5.000ns period=10.000ns})
  Destination:            CPU/FD_IR_latch/loop1[17].d_flip_flop/q_reg/CLR
                            (removal check against rising-edge clock clk_out1_clk_wiz_0'  {rise@0.000ns fall@20.000ns period=40.000ns})
  Path Group:             **async_default**
  Path Type:              Removal (Min at Fast Process Corner)
  Requirement:            0.000ns  (clk_out1_clk_wiz_0 fall@20.000ns - sys_clk_pin rise@20.000ns)
  Data Path Delay:        1.737ns  (logic 0.209ns (12.035%)  route 1.528ns (87.965%))
  Logic Levels:           1  (LUT2=1)
  Clock Path Skew:        0.970ns (DCD - SCD - CPR)
    Destination Clock Delay (DCD):    1.997ns = ( 21.997 - 20.000 ) 
    Source Clock Delay      (SCD):    1.026ns = ( 21.026 - 20.000 ) 
    Clock Pessimism Removal (CPR):    -0.000ns
  Clock Uncertainty:      0.441ns  ((TSJ^2 + DJ^2)^1/2) / 2 + PE
    Total System Jitter     (TSJ):    0.071ns
    Discrete Jitter          (DJ):    0.352ns
    Phase Error              (PE):    0.262ns
  Clock Domain Crossing:  Inter clock paths are considered valid unless explicitly excluded by timing constraints such as set_clock_groups or set_false_path.

    Location             Delay type                Incr(ns)  Path(ns)    Netlist Resource(s)
  -------------------------------------------------------------------    -------------------
                         (clock sys_clk_pin rise edge)
                                                     20.000    20.000 r  
    E3                                                0.000    20.000 r  clk_100mhz (IN)
                         net (fo=0)                   0.000    20.000    clk_100mhz
    E3                   IBUF (Prop_ibuf_I_O)         0.250    20.250 r  clk_100mhz_IBUF_inst/O
                         net (fo=4, routed)           0.777    21.026    clk_100mhz_IBUF
    SLICE_X66Y127        FDCE                                         r  pll_lock_seen_reg/C
  -------------------------------------------------------------------    -------------------
    SLICE_X66Y127        FDCE (Prop_fdce_C_Q)         0.164    21.190 r  pll_lock_seen_reg/Q
                         net (fo=2, routed)           0.272    21.463    RegisterFile/loop1[31].reg32/loop1[31].d_flip_flop/pll_lock_seen
    SLICE_X66Y127        LUT2 (Prop_lut2_I1_O)        0.045    21.508 f  RegisterFile/loop1[31].reg32/loop1[31].d_flip_flop/hPos[9]_i_2/O
                         net (fo=2229, routed)        1.255    22.763    CPU/FD_IR_latch/loop1[17].d_flip_flop/sys_reset
    SLICE_X61Y97         FDCE                                         f  CPU/FD_IR_latch/loop1[17].d_flip_flop/q_reg/CLR
  -------------------------------------------------------------------    -------------------

                         (clock clk_out1_clk_wiz_0 fall edge)
                                                     20.000    20.000 f  
    E3                   IBUF                         0.000    20.000 f  clk_100mhz_IBUF_inst/O
                         net (fo=4, routed)           0.481    20.481    pll/inst/clk_in1
    PLLE2_ADV_X1Y2       PLLE2_ADV (Prop_plle2_adv_CLKIN1_CLKOUT0)
                                                     -1.417    19.064 f  pll/inst/plle2_adv_inst/CLKOUT0
                         net (fo=1, routed)           0.560    19.624    pll/inst/clk_out1_clk_wiz_0
    BUFGCTRL_X0Y16       BUFG (Prop_bufg_I_O)         0.029    19.653 f  pll/inst/clkout1_buf/O
                         net (fo=2220, routed)        1.108    20.761    clock
    SLICE_X51Y96         LUT1 (Prop_lut1_I0_O)        0.054    20.815 r  q_reg_i_10__0/O
                         net (fo=1, routed)           0.233    21.048    q_reg_i_10__0_n_0
    BUFGCTRL_X0Y0        BUFG (Prop_bufg_I_O)         0.113    21.161 r  q_reg_i_3__15/O
                         net (fo=370, routed)         0.836    21.997    CPU/FD_IR_latch/loop1[17].d_flip_flop/clock0
    SLICE_X61Y97         FDCE                                         r  CPU/FD_IR_latch/loop1[17].d_flip_flop/q_reg/C
                         clock pessimism              0.000    21.997    
                         clock uncertainty            0.441    22.438    
    SLICE_X61Y97         FDCE (Remov_fdce_C_CLR)     -0.092    22.346    CPU/FD_IR_latch/loop1[17].d_flip_flop/q_reg
  -------------------------------------------------------------------
                         required time                        -22.346    
                         arrival time                          22.763    
  -------------------------------------------------------------------
                         slack                                  0.417    

Slack (MET) :             0.422ns  (arrival time - required time)
  Source:                 pll_lock_seen_reg/C
                            (rising edge-triggered cell FDCE clocked by sys_clk_pin  {rise@0.000ns fall@5.000ns period=10.000ns})
  Destination:            CPU/DX_BRANCH_TARGET_latch/loop1[21].d_flip_flop/q_reg/CLR
                            (removal check against rising-edge clock clk_out1_clk_wiz_0'  {rise@0.000ns fall@20.000ns period=40.000ns})
  Path Group:             **async_default**
  Path Type:              Removal (Min at Fast Process Corner)
  Requirement:            0.000ns  (clk_out1_clk_wiz_0 fall@20.000ns - sys_clk_pin rise@20.000ns)
  Data Path Delay:        1.768ns  (logic 0.209ns (11.820%)  route 1.559ns (88.180%))
  Logic Levels:           1  (LUT2=1)
  Clock Path Skew:        0.971ns (DCD - SCD - CPR)
    Destination Clock Delay (DCD):    1.998ns = ( 21.998 - 20.000 ) 
    Source Clock Delay      (SCD):    1.026ns = ( 21.026 - 20.000 ) 
    Clock Pessimism Removal (CPR):    -0.000ns
  Clock Uncertainty:      0.441ns  ((TSJ^2 + DJ^2)^1/2) / 2 + PE
    Total System Jitter     (TSJ):    0.071ns
    Discrete Jitter          (DJ):    0.352ns
    Phase Error              (PE):    0.262ns
  Clock Domain Crossing:  Inter clock paths are considered valid unless explicitly excluded by timing constraints such as set_clock_groups or set_false_path.

    Location             Delay type                Incr(ns)  Path(ns)    Netlist Resource(s)
  -------------------------------------------------------------------    -------------------
                         (clock sys_clk_pin rise edge)
                                                     20.000    20.000 r  
    E3                                                0.000    20.000 r  clk_100mhz (IN)
                         net (fo=0)                   0.000    20.000    clk_100mhz
    E3                   IBUF (Prop_ibuf_I_O)         0.250    20.250 r  clk_100mhz_IBUF_inst/O
                         net (fo=4, routed)           0.777    21.026    clk_100mhz_IBUF
    SLICE_X66Y127        FDCE                                         r  pll_lock_seen_reg/C
  -------------------------------------------------------------------    -------------------
    SLICE_X66Y127        FDCE (Prop_fdce_C_Q)         0.164    21.190 r  pll_lock_seen_reg/Q
                         net (fo=2, routed)           0.272    21.463    RegisterFile/loop1[31].reg32/loop1[31].d_flip_flop/pll_lock_seen
    SLICE_X66Y127        LUT2 (Prop_lut2_I1_O)        0.045    21.508 f  RegisterFile/loop1[31].reg32/loop1[31].d_flip_flop/hPos[9]_i_2/O
                         net (fo=2229, routed)        1.287    22.795    CPU/DX_BRANCH_TARGET_latch/loop1[21].d_flip_flop/sys_reset
    SLICE_X66Y100        FDCE                                         f  CPU/DX_BRANCH_TARGET_latch/loop1[21].d_flip_flop/q_reg/CLR
  -------------------------------------------------------------------    -------------------

                         (clock clk_out1_clk_wiz_0 fall edge)
                                                     20.000    20.000 f  
    E3                   IBUF                         0.000    20.000 f  clk_100mhz_IBUF_inst/O
                         net (fo=4, routed)           0.481    20.481    pll/inst/clk_in1
    PLLE2_ADV_X1Y2       PLLE2_ADV (Prop_plle2_adv_CLKIN1_CLKOUT0)
                                                     -1.417    19.064 f  pll/inst/plle2_adv_inst/CLKOUT0
                         net (fo=1, routed)           0.560    19.624    pll/inst/clk_out1_clk_wiz_0
    BUFGCTRL_X0Y16       BUFG (Prop_bufg_I_O)         0.029    19.653 f  pll/inst/clkout1_buf/O
                         net (fo=2220, routed)        1.108    20.761    clock
    SLICE_X51Y96         LUT1 (Prop_lut1_I0_O)        0.054    20.815 r  q_reg_i_10__0/O
                         net (fo=1, routed)           0.233    21.048    q_reg_i_10__0_n_0
    BUFGCTRL_X0Y0        BUFG (Prop_bufg_I_O)         0.113    21.161 r  q_reg_i_3__15/O
                         net (fo=370, routed)         0.837    21.998    CPU/DX_BRANCH_TARGET_latch/loop1[21].d_flip_flop/clock0
    SLICE_X66Y100        FDCE                                         r  CPU/DX_BRANCH_TARGET_latch/loop1[21].d_flip_flop/q_reg/C
                         clock pessimism              0.000    21.998    
                         clock uncertainty            0.441    22.439    
    SLICE_X66Y100        FDCE (Remov_fdce_C_CLR)     -0.067    22.372    CPU/DX_BRANCH_TARGET_latch/loop1[21].d_flip_flop/q_reg
  -------------------------------------------------------------------
                         required time                        -22.372    
                         arrival time                          22.795    
  -------------------------------------------------------------------
                         slack                                  0.422    





