stack_mode,position,villain_position,facing_action,hand_class,fold_freq,call_freq,raise_freq,raise_size,valid
100BB,UTG,UTG,UNOPENED,AA,0,0,100,2.2,1
100BB,UTG,UTG,UNOPENED,KK,0,0,100,2.2,1
100BB,UTG,UTG,UNOPENED,QQ,0,0,100,2.2,1
100BB,UTG,UTG,UNOPENED,JJ,0,0,100,2.2,1
100BB,UTG,UTG,UNOPENED,TT,0,0,100,2.2,1
100BB,UTG,UTG,UNOPENED,99,0,0,100,2.2,1
100BB,UTG,UTG,UNOPENED,88,0,0,100,2.2,1
100BB,UTG,UTG,UNOPENED,77,0,0,100,2.2,1
100BB,UTG,UTG,UNOPENED,66,0,0,100,2.2,1
100BB,UTG,UTG,UNOPENED,55,0,0,100,2.2,1
100BB,UTG,UTG,UNOPENED,44,0,0,100,2.2,1
100BB,UTG,UTG,UNOPENED,33,0,0,100,2.2,1
100BB,UTG,UTG,UNOPENED,22,43,0,57,2.2,1
100BB,UTG,UTG,UNOPENED,AKs,0,0,100,2.2,1
100BB,UTG,UTG,UNOPENED,AQs,0,0,100,2.2,1
100BB,UTG,UTG,UNOPENED,AJs,0,0,100,2.2,1
100BB,UTG,UTG,UNOPENED,ATs,0,0,100,2.2,1
100BB,UTG,UTG,UNOPENED,A9s,0,0,100,2.2,1
100BB,UTG,UTG,UNOPENED,A8s,0,0,100,2.2,1
100BB,UTG,UTG,UNOPENED,A7s,0,0,100,2.2,1
100BB,UTG,UTG,UNOPENED,A6s,0,0,100,2.2,1
100BB,UTG,UTG,UNOPENED,A5s,0,0,100,2.2,1
100BB,UTG,UTG,UNOPENED,A4s,0,0,100,2.2,1
100BB,UTG,UTG,UNOPENED,A3s,0,0,100,2.2,1
100BB,UTG,UTG,UNOPENED,A2s,0,0,100,2.2,1
100BB,UTG,UTG,UNOPENED,KQs,0,0,100,2.2,1
100BB,UTG,UTG,UNOPENED,KJs,0,0,100,2.2,1
100BB,UTG,UTG,UNOPENED,KTs,0,0,100,2.2,1
100BB,UTG,UTG,UNOPENED,K9s,0,0,100,2.2,1
100BB,UTG,UTG,UNOPENED,K8s,0,0,100,2.2,1
100BB,UTG,UTG,UNOPENED,K7s,0,0,100,2.2,1
100BB,UTG,UTG,UNOPENED,K6s,0,0,100,2.2,1
100BB,UTG,UTG,UNOPENED,K5s,0,0,100,2.2,1
100BB,UTG,UTG,UNOPENED,K4s,100,0,0,NONE,1
100BB,UTG,UTG,UNOPENED,K3s,100,0,0,NONE,1
100BB,UTG,UTG,UNOPENED,K2s,100,0,0,NONE,1
100BB,UTG,UTG,UNOPENED,QJs,0,0,100,2.2,1
100BB,UTG,UTG,UNOPENED,QTs,0,0,100,2.2,1
100BB,UTG,UTG,UNOPENED,Q9s,0,0,100,2.2,1
100BB,UTG,UTG,UNOPENED,Q8s,0,0,100,2.2,1
100BB,UTG,UTG,UNOPENED,Q7s,100,0,0,NONE,1
100BB,UTG,UTG,UNOPENED,Q6s,100,0,0,NONE,1
100BB,UTG,UTG,UNOPENED,Q5s,100,0,0,NONE,1
100BB,UTG,UTG,UNOPENED,Q4s,100,0,0,NONE,1
100BB,UTG,UTG,UNOPENED,Q3s,100,0,0,NONE,1
100BB,UTG,UTG,UNOPENED,Q2s,100,0,0,NONE,1
100BB,UTG,UTG,UNOPENED,JTs,0,0,100,2.2,1
100BB,UTG,UTG,UNOPENED,J9s,0,0,100,2.2,1
100BB,UTG,UTG,UNOPENED,J8s,0,0,100,2.2,1
100BB,UTG,UTG,UNOPENED,J7s,100,0,0,NONE,1
100BB,UTG,UTG,UNOPENED,J6s,100,0,0,NONE,1
100BB,UTG,UTG,UNOPENED,J5s,100,0,0,NONE,1
100BB,UTG,UTG,UNOPENED,J4s,100,0,0,NONE,1
100BB,UTG,UTG,UNOPENED,J3s,100,0,0,NONE,1
100BB,UTG,UTG,UNOPENED,J2s,100,0,0,NONE,1
100BB,UTG,UTG,UNOPENED,T9s,0,0,100,2.2,1
100BB,UTG,UTG,UNOPENED,T8s,0,0,100,2.2,1
100BB,UTG,UTG,UNOPENED,T7s,100,0,0,NONE,1
100BB,UTG,UTG,UNOPENED,T6s,100,0,0,NONE,1
100BB,UTG,UTG,UNOPENED,T5s,100,0,0,NONE,1
100BB,UTG,UTG,UNOPENED,T4s,100,0,0,NONE,1
100BB,UTG,UTG,UNOPENED,T3s,100,0,0,NONE,1
100BB,UTG,UTG,UNOPENED,T2s,100,0,0,NONE,1
100BB,UTG,UTG,UNOPENED,98s,0,0,100,2.2,1
100BB,UTG,UTG,UNOPENED,97s,28,0,72,2.2,1
100BB,UTG,UTG,UNOPENED,96s,100,0,0,NONE,1
100BB,UTG,UTG,UNOPENED,95s,100,0,0,NONE,1
100BB,UTG,UTG,UNOPENED,94s,100,0,0,NONE,1
100BB,UTG,UTG,UNOPENED,93s,100,0,0,NONE,1
100BB,UTG,UTG,UNOPENED,92s,100,0,0,NONE,1
100BB,UTG,UTG,UNOPENED,87s,29,0,71,2.2,1
100BB,UTG,UTG,UNOPENED,86s,100,0,0,NONE,1
100BB,UTG,UTG,UNOPENED,85s,100,0,0,NONE,1
100BB,UTG,UTG,UNOPENED,84s,100,0,0,NONE,1
100BB,UTG,UTG,UNOPENED,83s,100,0,0,NONE,1
100BB,UTG,UTG,UNOPENED,82s,100,0,0,NONE,1
100BB,UTG,UTG,UNOPENED,76s,20,0,80,2.2,1
100BB,UTG,UTG,UNOPENED,75s,100,0,0,NONE,1
100BB,UTG,UTG,UNOPENED,74s,100,0,0,NONE,1
100BB,UTG,UTG,UNOPENED,73s,100,0,0,NONE,1
100BB,UTG,UTG,UNOPENED,72s,100,0,0,NONE,1
100BB,UTG,UTG,UNOPENED,65s,0,0,100,2.2,1
100BB,UTG,UTG,UNOPENED,64s,100,0,0,NONE,1
100BB,UTG,UTG,UNOPENED,63s,100,0,0,NONE,1
100BB,UTG,UTG,UNOPENED,62s,100,0,0,NONE,1
100BB,UTG,UTG,UNOPENED,54s,22,0,78,2.2,1
100BB,UTG,UTG,UNOPENED,53s,100,0,0,NONE,1
100BB,UTG,UTG,UNOPENED,52s,100,0,0,NONE,1
100BB,UTG,UTG,UNOPENED,43s,100,0,0,NONE,1
100BB,UTG,UTG,UNOPENED,42s,100,0,0,NONE,1
100BB,UTG,UTG,UNOPENED,32s,100,0,0,NONE,1
100BB,UTG,UTG,UNOPENED,AKo,0,0,100,2.2,1
100BB,UTG,UTG,UNOPENED,AQo,0,0,100,2.2,1
100BB,UTG,UTG,UNOPENED,AJo,0,0,100,2.2,1
100BB,UTG,UTG,UNOPENED,ATo,0,0,100,2.2,1
100BB,UTG,UTG,UNOPENED,A9o,100,0,0,NONE,1
100BB,UTG,UTG,UNOPENED,A8o,100,0,0,NONE,1
100BB,UTG,UTG,UNOPENED,A7o,100,0,0,NONE,1
100BB,UTG,UTG,UNOPENED,A6o,100,0,0,NONE,1
100BB,UTG,UTG,UNOPENED,A5o,100,0,0,NONE,1
100BB,UTG,UTG,UNOPENED,A4o,100,0,0,NONE,1
100BB,UTG,UTG,UNOPENED,A3o,100,0,0,NONE,1
100BB,UTG,UTG,UNOPENED,A2o,100,0,0,NONE,1
100BB,UTG,UTG,UNOPENED,KQo,0,0,100,2.2,1
100BB,UTG,UTG,UNOPENED,KJo,0,0,100,2.2,1
100BB,UTG,UTG,UNOPENED,KTo,45,0,55,2.2,1
100BB,UTG,UTG,UNOPENED,K9o,100,0,0,NONE,1
100BB,UTG,UTG,UNOPENED,K8o,100,0,0,NONE,1
100BB,UTG,UTG,UNOPENED,K7o,100,0,0,NONE,1
100BB,UTG,UTG,UNOPENED,K6o,100,0,0,NONE,1
100BB,UTG,UTG,UNOPENED,K5o,100,0,0,NONE,1
100BB,UTG,UTG,UNOPENED,K4o,100,0,0,NONE,1
100BB,UTG,UTG,UNOPENED,K3o,100,0,0,NONE,1
100BB,UTG,UTG,UNOPENED,K2o,100,0,0,NONE,1
100BB,UTG,UTG,UNOPENED,QJo,25,0,75,2.2,1
100BB,UTG,UTG,UNOPENED,QTo,81,0,19,2.2,1
100BB,UTG,UTG,UNOPENED,Q9o,100,0,0,NONE,1
100BB,UTG,UTG,UNOPENED,Q8o,100,0,0,NONE,1
100BB,UTG,UTG,UNOPENED,Q7o,100,0,0,NONE,1
100BB,UTG,UTG,UNOPENED,Q6o,100,0,0,NONE,1
100BB,UTG,UTG,UNOPENED,Q5o,100,0,0,NONE,1
100BB,UTG,UTG,UNOPENED,Q4o,100,0,0,NONE,1
100BB,UTG,UTG,UNOPENED,Q3o,100,0,0,NONE,1
100BB,UTG,UTG,UNOPENED,Q2o,100,0,0,NONE,1
100BB,UTG,UTG,UNOPENED,JTo,46,0,54,2.2,1
100BB,UTG,UTG,UNOPENED,J9o,100,0,0,NONE,1
100BB,UTG,UTG,UNOPENED,J8o,100,0,0,NONE,1
100BB,UTG,UTG,UNOPENED,J7o,100,0,0,NONE,1
100BB,UTG,UTG,UNOPENED,J6o,100,0,0,NONE,1
100BB,UTG,UTG,UNOPENED,J5o,100,0,0,NONE,1
100BB,UTG,UTG,UNOPENED,J4o,100,0,0,NONE,1
100BB,UTG,UTG,UNOPENED,J3o,100,0,0,NONE,1
100BB,UTG,UTG,UNOPENED,J2o,100,0,0,NONE,1
100BB,UTG,UTG,UNOPENED,T9o,100,0,0,NONE,1
100BB,UTG,UTG,UNOPENED,T8o,100,0,0,NONE,1
100BB,UTG,UTG,UNOPENED,T7o,100,0,0,NONE,1
100BB,UTG,UTG,UNOPENED,T6o,100,0,0,NONE,1
100BB,UTG,UTG,UNOPENED,T5o,100,0,0,NONE,1
100BB,UTG,UTG,UNOPENED,T4o,100,0,0,NONE,1
100BB,UTG,UTG,UNOPENED,T3o,100,0,0,NONE,1
100BB,UTG,UTG,UNOPENED,T2o,100,0,0,NONE,1
100BB,UTG,UTG,UNOPENED,98o,100,0,0,NONE,1
100BB,UTG,UTG,UNOPENED,97o,100,0,0,NONE,1
100BB,UTG,UTG,UNOPENED,96o,100,0,0,NONE,1
100BB,UTG,UTG,UNOPENED,95o,100,0,0,NONE,1
100BB,UTG,UTG,UNOPENED,94o,100,0,0,NONE,1
100BB,UTG,UTG,UNOPENED,93o,100,0,0,NONE,1
100BB,UTG,UTG,UNOPENED,92o,100,0,0,NONE,1
100BB,UTG,UTG,UNOPENED,87o,100,0,0,NONE,1
100BB,UTG,UTG,UNOPENED,86o,100,0,0,NONE,1
100BB,UTG,UTG,UNOPENED,85o,100,0,0,NONE,1
100BB,UTG,UTG,UNOPENED,84o,100,0,0,NONE,1
100BB,UTG,UTG,UNOPENED,83o,100,0,0,NONE,1
100BB,UTG,UTG,UNOPENED,82o,100,0,0,NONE,1
100BB,UTG,UTG,UNOPENED,76o,100,0,0,NONE,1
100BB,UTG,UTG,UNOPENED,75o,100,0,0,NONE,1
100BB,UTG,UTG,UNOPENED,74o,100,0,0,NONE,1
100BB,UTG,UTG,UNOPENED,73o,100,0,0,NONE,1
100BB,UTG,UTG,UNOPENED,72o,100,0,0,NONE,1
100BB,UTG,UTG,UNOPENED,65o,100,0,0,NONE,1
100BB,UTG,UTG,UNOPENED,64o,100,0,0,NONE,1
100BB,UTG,UTG,UNOPENED,63o,100,0,0,NONE,1
100BB,UTG,UTG,UNOPENED,62o,100,0,0,NONE,1
100BB,UTG,UTG,UNOPENED,54o,100,0,0,NONE,1
100BB,UTG,UTG,UNOPENED,53o,100,0,0,NONE,1
100BB,UTG,UTG,UNOPENED,52o,100,0,0,NONE,1
100BB,UTG,UTG,UNOPENED,43o,100,0,0,NONE,1
100BB,UTG,UTG,UNOPENED,42o,100,0,0,NONE,1
100BB,UTG,UTG,UNOPENED,32o,100,0,0,NONE,1
100BB,UTG,UTG,ONE_RAISE,AA,0,0,0,NONE,0
100BB,UTG,UTG,ONE_RAISE,KK,0,0,0,NONE,0
100BB,UTG,UTG,ONE_RAISE,QQ,0,0,0,NONE,0
100BB,UTG,UTG,ONE_RAISE,JJ,0,0,0,NONE,0
100BB,UTG,UTG,ONE_RAISE,TT,0,0,0,NONE,0
100BB,UTG,UTG,ONE_RAISE,99,0,0,0,NONE,0
100BB,UTG,UTG,ONE_RAISE,88,0,0,0,NONE,0
100BB,UTG,UTG,ONE_RAISE,77,0,0,0,NONE,0
100BB,UTG,UTG,ONE_RAISE,66,0,0,0,NONE,0
100BB,UTG,UTG,ONE_RAISE,55,0,0,0,NONE,0
100BB,UTG,UTG,ONE_RAISE,44,0,0,0,NONE,0
100BB,UTG,UTG,ONE_RAISE,33,0,0,0,NONE,0
100BB,UTG,UTG,ONE_RAISE,22,0,0,0,NONE,0
100BB,UTG,UTG,ONE_RAISE,AKs,0,0,0,NONE,0
100BB,UTG,UTG,ONE_RAISE,AQs,0,0,0,NONE,0
100BB,UTG,UTG,ONE_RAISE,AJs,0,0,0,NONE,0
100BB,UTG,UTG,ONE_RAISE,ATs,0,0,0,NONE,0
100BB,UTG,UTG,ONE_RAISE,A9s,0,0,0,NONE,0
100BB,UTG,UTG,ONE_RAISE,A8s,0,0,0,NONE,0
100BB,UTG,UTG,ONE_RAISE,A7s,0,0,0,NONE,0
100BB,UTG,UTG,ONE_RAISE,A6s,0,0,0,NONE,0
100BB,UTG,UTG,ONE_RAISE,A5s,0,0,0,NONE,0
100BB,UTG,UTG,ONE_RAISE,A4s,0,0,0,NONE,0
100BB,UTG,UTG,ONE_RAISE,A3s,0,0,0,NONE,0
100BB,UTG,UTG,ONE_RAISE,A2s,0,0,0,NONE,0
100BB,UTG,UTG,ONE_RAISE,KQs,0,0,0,NONE,0
100BB,UTG,UTG,ONE_RAISE,KJs,0,0,0,NONE,0
100BB,UTG,UTG,ONE_RAISE,KTs,0,0,0,NONE,0
100BB,UTG,UTG,ONE_RAISE,K9s,0,0,0,NONE,0
100BB,UTG,UTG,ONE_RAISE,K8s,0,0,0,NONE,0
100BB,UTG,UTG,ONE_RAISE,K7s,0,0,0,NONE,0
100BB,UTG,UTG,ONE_RAISE,K6s,0,0,0,NONE,0
100BB,UTG,UTG,ONE_RAISE,K5s,0,0,0,NONE,0
100BB,UTG,UTG,ONE_RAISE,K4s,0,0,0,NONE,0
100BB,UTG,UTG,ONE_RAISE,K3s,0,0,0,NONE,0
100BB,UTG,UTG,ONE_RAISE,K2s,0,0,0,NONE,0
100BB,UTG,UTG,ONE_RAISE,QJs,0,0,0,NONE,0
100BB,UTG,UTG,ONE_RAISE,QTs,0,0,0,NONE,0
100BB,UTG,UTG,ONE_RAISE,Q9s,0,0,0,NONE,0
100BB,UTG,UTG,ONE_RAISE,Q8s,0,0,0,NONE,0
100BB,UTG,UTG,ONE_RAISE,Q7s,0,0,0,NONE,0
100BB,UTG,UTG,ONE_RAISE,Q6s,0,0,0,NONE,0
100BB,UTG,UTG,ONE_RAISE,Q5s,0,0,0,NONE,0
100BB,UTG,UTG,ONE_RAISE,Q4s,0,0,0,NONE,0
100BB,UTG,UTG,ONE_RAISE,Q3s,0,0,0,NONE,0
100BB,UTG,UTG,ONE_RAISE,Q2s,0,0,0,NONE,0
100BB,UTG,UTG,ONE_RAISE,JTs,0,0,0,NONE,0
100BB,UTG,UTG,ONE_RAISE,J9s,0,0,0,NONE,0
100BB,UTG,UTG,ONE_RAISE,J8s,0,0,0,NONE,0
100BB,UTG,UTG,ONE_RAISE,J7s,0,0,0,NONE,0
100BB,UTG,UTG,ONE_RAISE,J6s,0,0,0,NONE,0
100BB,UTG,UTG,ONE_RAISE,J5s,0,0,0,NONE,0
100BB,UTG,UTG,ONE_RAISE,J4s,0,0,0,NONE,0
100BB,UTG,UTG,ONE_RAISE,J3s,0,0,0,NONE,0
100BB,UTG,UTG,ONE_RAISE,J2s,0,0,0,NONE,0
100BB,UTG,UTG,ONE_RAISE,T9s,0,0,0,NONE,0
100BB,UTG,UTG,ONE_RAISE,T8s,0,0,0,NONE,0
100BB,UTG,UTG,ONE_RAISE,T7s,0,0,0,NONE,0
100BB,UTG,UTG,ONE_RAISE,T6s,0,0,0,NONE,0
100BB,UTG,UTG,ONE_RAISE,T5s,0,0,0,NONE,0
100BB,UTG,UTG,ONE_RAISE,T4s,0,0,0,NONE,0
100BB,UTG,UTG,ONE_RAISE,T3s,0,0,0,NONE,0
100BB,UTG,UTG,ONE_RAISE,T2s,0,0,0,NONE,0
100BB,UTG,UTG,ONE_RAISE,98s,0,0,0,NONE,0
100BB,UTG,UTG,ONE_RAISE,97s,0,0,0,NONE,0
100BB,UTG,UTG,ONE_RAISE,96s,0,0,0,NONE,0
100BB,UTG,UTG,ONE_RAISE,95s,0,0,0,NONE,0
100BB,UTG,UTG,ONE_RAISE,94s,0,0,0,NONE,0
100BB,UTG,UTG,ONE_RAISE,93s,0,0,0,NONE,0
100BB,UTG,UTG,ONE_RAISE,92s,0,0,0,NONE,0
100BB,UTG,UTG,ONE_RAISE,87s,0,0,0,NONE,0
100BB,UTG,UTG,ONE_RAISE,86s,0,0,0,NONE,0
100BB,UTG,UTG,ONE_RAISE,85s,0,0,0,NONE,0
100BB,UTG,UTG,ONE_RAISE,84s,0,0,0,NONE,0
100BB,UTG,UTG,ONE_RAISE,83s,0,0,0,NONE,0
100BB,UTG,UTG,ONE_RAISE,82s,0,0,0,NONE,0
100BB,UTG,UTG,ONE_RAISE,76s,0,0,0,NONE,0
100BB,UTG,UTG,ONE_RAISE,75s,0,0,0,NONE,0
100BB,UTG,UTG,ONE_RAISE,74s,0,0,0,NONE,0
100BB,UTG,UTG,ONE_RAISE,73s,0,0,0,NONE,0
100BB,UTG,UTG,ONE_RAISE,72s,0,0,0,NONE,0
100BB,UTG,UTG,ONE_RAISE,65s,0,0,0,NONE,0
100BB,UTG,UTG,ONE_RAISE,64s,0,0,0,NONE,0
100BB,UTG,UTG,ONE_RAISE,63s,0,0,0,NONE,0
100BB,UTG,UTG,ONE_RAISE,62s,0,0,0,NONE,0
100BB,UTG,UTG,ONE_RAISE,54s,0,0,0,NONE,0
100BB,UTG,UTG,ONE_RAISE,53s,0,0,0,NONE,0
100BB,UTG,UTG,ONE_RAISE,52s,0,0,0,NONE,0
100BB,UTG,UTG,ONE_RAISE,43s,0,0,0,NONE,0
100BB,UTG,UTG,ONE_RAISE,42s,0,0,0,NONE,0
100BB,UTG,UTG,ONE_RAISE,32s,0,0,0,NONE,0
100BB,UTG,UTG,ONE_RAISE,AKo,0,0,0,NONE,0
100BB,UTG,UTG,ONE_RAISE,AQo,0,0,0,NONE,0
100BB,UTG,UTG,ONE_RAISE,AJo,0,0,0,NONE,0
100BB,UTG,UTG,ONE_RAISE,ATo,0,0,0,NONE,0
100BB,UTG,UTG,ONE_RAISE,A9o,0,0,0,NONE,0
100BB,UTG,UTG,ONE_RAISE,A8o,0,0,0,NONE,0
100BB,UTG,UTG,ONE_RAISE,A7o,0,0,0,NONE,0
100BB,UTG,UTG,ONE_RAISE,A6o,0,0,0,NONE,0
100BB,UTG,UTG,ONE_RAISE,A5o,0,0,0,NONE,0
100BB,UTG,UTG,ONE_RAISE,A4o,0,0,0,NONE,0
100BB,UTG,UTG,ONE_RAISE,A3o,0,0,0,NONE,0
100BB,UTG,UTG,ONE_RAISE,A2o,0,0,0,NONE,0
100BB,UTG,UTG,ONE_RAISE,KQo,0,0,0,NONE,0
100BB,UTG,UTG,ONE_RAISE,KJo,0,0,0,NONE,0
100BB,UTG,UTG,ONE_RAISE,KTo,0,0,0,NONE,0
100BB,UTG,UTG,ONE_RAISE,K9o,0,0,0,NONE,0
100BB,UTG,UTG,ONE_RAISE,K8o,0,0,0,NONE,0
100BB,UTG,UTG,ONE_RAISE,K7o,0,0,0,NONE,0
100BB,UTG,UTG,ONE_RAISE,K6o,0,0,0,NONE,0
100BB,UTG,UTG,ONE_RAISE,K5o,0,0,0,NONE,0
100BB,UTG,UTG,ONE_RAISE,K4o,0,0,0,NONE,0
100BB,UTG,UTG,ONE_RAISE,K3o,0,0,0,NONE,0
100BB,UTG,UTG,ONE_RAISE,K2o,0,0,0,NONE,0
100BB,UTG,UTG,ONE_RAISE,QJo,0,0,0,NONE,0
100BB,UTG,UTG,ONE_RAISE,QTo,0,0,0,NONE,0
100BB,UTG,UTG,ONE_RAISE,Q9o,0,0,0,NONE,0
100BB,UTG,UTG,ONE_RAISE,Q8o,0,0,0,NONE,0
100BB,UTG,UTG,ONE_RAISE,Q7o,0,0,0,NONE,0
100BB,UTG,UTG,ONE_RAISE,Q6o,0,0,0,NONE,0
100BB,UTG,UTG,ONE_RAISE,Q5o,0,0,0,NONE,0
100BB,UTG,UTG,ONE_RAISE,Q4o,0,0,0,NONE,0
100BB,UTG,UTG,ONE_RAISE,Q3o,0,0,0,NONE,0
100BB,UTG,UTG,ONE_RAISE,Q2o,0,0,0,NONE,0
100BB,UTG,UTG,ONE_RAISE,JTo,0,0,0,NONE,0
100BB,UTG,UTG,ONE_RAISE,J9o,0,0,0,NONE,0
100BB,UTG,UTG,ONE_RAISE,J8o,0,0,0,NONE,0
100BB,UTG,UTG,ONE_RAISE,J7o,0,0,0,NONE,0
100BB,UTG,UTG,ONE_RAISE,J6o,0,0,0,NONE,0
100BB,UTG,UTG,ONE_RAISE,J5o,0,0,0,NONE,0
100BB,UTG,UTG,ONE_RAISE,J4o,0,0,0,NONE,0
100BB,UTG,UTG,ONE_RAISE,J3o,0,0,0,NONE,0
100BB,UTG,UTG,ONE_RAISE,J2o,0,0,0,NONE,0
100BB,UTG,UTG,ONE_RAISE,T9o,0,0,0,NONE,0
100BB,UTG,UTG,ONE_RAISE,T8o,0,0,0,NONE,0
100BB,UTG,UTG,ONE_RAISE,T7o,0,0,0,NONE,0
100BB,UTG,UTG,ONE_RAISE,T6o,0,0,0,NONE,0
100BB,UTG,UTG,ONE_RAISE,T5o,0,0,0,NONE,0
100BB,UTG,UTG,ONE_RAISE,T4o,0,0,0,NONE,0
100BB,UTG,UTG,ONE_RAISE,T3o,0,0,0,NONE,0
100BB,UTG,UTG,ONE_RAISE,T2o,0,0,0,NONE,0
100BB,UTG,UTG,ONE_RAISE,98o,0,0,0,NONE,0
100BB,UTG,UTG,ONE_RAISE,97o,0,0,0,NONE,0
100BB,UTG,UTG,ONE_RAISE,96o,0,0,0,NONE,0
100BB,UTG,UTG,ONE_RAISE,95o,0,0,0,NONE,0
100BB,UTG,UTG,ONE_RAISE,94o,0,0,0,NONE,0
100BB,UTG,UTG,ONE_RAISE,93o,0,0,0,NONE,0
100BB,UTG,UTG,ONE_RAISE,92o,0,0,0,NONE,0
100BB,UTG,UTG,ONE_RAISE,87o,0,0,0,NONE,0
100BB,UTG,UTG,ONE_RAISE,86o,0,0,0,NONE,0
100BB,UTG,UTG,ONE_RAISE,85o,0,0,0,NONE,0
100BB,UTG,UTG,ONE_RAISE,84o,0,0,0,NONE,0
100BB,UTG,UTG,ONE_RAISE,83o,0,0,0,NONE,0
100BB,UTG,UTG,ONE_RAISE,82o,0,0,0,NONE,0
100BB,UTG,UTG,ONE_RAISE,76o,0,0,0,NONE,0
100BB,UTG,UTG,ONE_RAISE,75o,0,0,0,NONE,0
100BB,UTG,UTG,ONE_RAISE,74o,0,0,0,NONE,0
100BB,UTG,UTG,ONE_RAISE,73o,0,0,0,NONE,0
100BB,UTG,UTG,ONE_RAISE,72o,0,0,0,NONE,0
100BB,UTG,UTG,ONE_RAISE,65o,0,0,0,NONE,0
100BB,UTG,UTG,ONE_RAISE,64o,0,0,0,NONE,0
100BB,UTG,UTG,ONE_RAISE,63o,0,0,0,NONE,0
100BB,UTG,UTG,ONE_RAISE,62o,0,0,0,NONE,0
100BB,UTG,UTG,ONE_RAISE,54o,0,0,0,NONE,0
100BB,UTG,UTG,ONE_RAISE,53o,0,0,0,NONE,0
100BB,UTG,UTG,ONE_RAISE,52o,0,0,0,NONE,0
100BB,UTG,UTG,ONE_RAISE,43o,0,0,0,NONE,0
100BB,UTG,UTG,ONE_RAISE,42o,0,0,0,NONE,0
100BB,UTG,UTG,ONE_RAISE,32o,0,0,0,NONE,0
100BB,UTG,UTG,THREE_BET,AA,0,0,0,NONE,0
100BB,UTG,UTG,THREE_BET,KK,0,0,0,NONE,0
100BB,UTG,UTG,THREE_BET,QQ,0,0,0,NONE,0
100BB,UTG,UTG,THREE_BET,JJ,0,0,0,NONE,0
100BB,UTG,UTG,THREE_BET,TT,0,0,0,NONE,0
100BB,UTG,UTG,THREE_BET,99,0,0,0,NONE,0
100BB,UTG,UTG,THREE_BET,88,0,0,0,NONE,0
100BB,UTG,UTG,THREE_BET,77,0,0,0,NONE,0
100BB,UTG,UTG,THREE_BET,66,0,0,0,NONE,0
100BB,UTG,UTG,THREE_BET,55,0,0,0,NONE,0
100BB,UTG,UTG,THREE_BET,44,0,0,0,NONE,0
100BB,UTG,UTG,THREE_BET,33,0,0,0,NONE,0
100BB,UTG,UTG,THREE_BET,22,0,0,0,NONE,0
100BB,UTG,UTG,THREE_BET,AKs,0,0,0,NONE,0
100BB,UTG,UTG,THREE_BET,AQs,0,0,0,NONE,0
100BB,UTG,UTG,THREE_BET,AJs,0,0,0,NONE,0
100BB,UTG,UTG,THREE_BET,ATs,0,0,0,NONE,0
100BB,UTG,UTG,THREE_BET,A9s,0,0,0,NONE,0
100BB,UTG,UTG,THREE_BET,A8s,0,0,0,NONE,0
100BB,UTG,UTG,THREE_BET,A7s,0,0,0,NONE,0
100BB,UTG,UTG,THREE_BET,A6s,0,0,0,NONE,0
100BB,UTG,UTG,THREE_BET,A5s,0,0,0,NONE,0
100BB,UTG,UTG,THREE_BET,A4s,0,0,0,NONE,0
100BB,UTG,UTG,THREE_BET,A3s,0,0,0,NONE,0
100BB,UTG,UTG,THREE_BET,A2s,0,0,0,NONE,0
100BB,UTG,UTG,THREE_BET,KQs,0,0,0,NONE,0
100BB,UTG,UTG,THREE_BET,KJs,0,0,0,NONE,0
100BB,UTG,UTG,THREE_BET,KTs,0,0,0,NONE,0
100BB,UTG,UTG,THREE_BET,K9s,0,0,0,NONE,0
100BB,UTG,UTG,THREE_BET,K8s,0,0,0,NONE,0
100BB,UTG,UTG,THREE_BET,K7s,0,0,0,NONE,0
100BB,UTG,UTG,THREE_BET,K6s,0,0,0,NONE,0
100BB,UTG,UTG,THREE_BET,K5s,0,0,0,NONE,0
100BB,UTG,UTG,THREE_BET,K4s,0,0,0,NONE,0
100BB,UTG,UTG,THREE_BET,K3s,0,0,0,NONE,0
100BB,UTG,UTG,THREE_BET,K2s,0,0,0,NONE,0
100BB,UTG,UTG,THREE_BET,QJs,0,0,0,NONE,0
100BB,UTG,UTG,THREE_BET,QTs,0,0,0,NONE,0
100BB,UTG,UTG,THREE_BET,Q9s,0,0,0,NONE,0
100BB,UTG,UTG,THREE_BET,Q8s,0,0,0,NONE,0
100BB,UTG,UTG,THREE_BET,Q7s,0,0,0,NONE,0
100BB,UTG,UTG,THREE_BET,Q6s,0,0,0,NONE,0
100BB,UTG,UTG,THREE_BET,Q5s,0,0,0,NONE,0
100BB,UTG,UTG,THREE_BET,Q4s,0,0,0,NONE,0
100BB,UTG,UTG,THREE_BET,Q3s,0,0,0,NONE,0
100BB,UTG,UTG,THREE_BET,Q2s,0,0,0,NONE,0
100BB,UTG,UTG,THREE_BET,JTs,0,0,0,NONE,0
100BB,UTG,UTG,THREE_BET,J9s,0,0,0,NONE,0
100BB,UTG,UTG,THREE_BET,J8s,0,0,0,NONE,0
100BB,UTG,UTG,THREE_BET,J7s,0,0,0,NONE,0
100BB,UTG,UTG,THREE_BET,J6s,0,0,0,NONE,0
100BB,UTG,UTG,THREE_BET,J5s,0,0,0,NONE,0
100BB,UTG,UTG,THREE_BET,J4s,0,0,0,NONE,0
100BB,UTG,UTG,THREE_BET,J3s,0,0,0,NONE,0
100BB,UTG,UTG,THREE_BET,J2s,0,0,0,NONE,0
100BB,UTG,UTG,THREE_BET,T9s,0,0,0,NONE,0
100BB,UTG,UTG,THREE_BET,T8s,0,0,0,NONE,0
100BB,UTG,UTG,THREE_BET,T7s,0,0,0,NONE,0
100BB,UTG,UTG,THREE_BET,T6s,0,0,0,NONE,0
100BB,UTG,UTG,THREE_BET,T5s,0,0,0,NONE,0
100BB,UTG,UTG,THREE_BET,T4s,0,0,0,NONE,0
100BB,UTG,UTG,THREE_BET,T3s,0,0,0,NONE,0
100BB,UTG,UTG,THREE_BET,T2s,0,0,0,NONE,0
100BB,UTG,UTG,THREE_BET,98s,0,0,0,NONE,0
100BB,UTG,UTG,THREE_BET,97s,0,0,0,NONE,0
100BB,UTG,UTG,THREE_BET,96s,0,0,0,NONE,0
100BB,UTG,UTG,THREE_BET,95s,0,0,0,NONE,0
100BB,UTG,UTG,THREE_BET,94s,0,0,0,NONE,0
100BB,UTG,UTG,THREE_BET,93s,0,0,0,NONE,0
100BB,UTG,UTG,THREE_BET,92s,0,0,0,NONE,0
100BB,UTG,UTG,THREE_BET,87s,0,0,0,NONE,0
100BB,UTG,UTG,THREE_BET,86s,0,0,0,NONE,0
100BB,UTG,UTG,THREE_BET,85s,0,0,0,NONE,0
100BB,UTG,UTG,THREE_BET,84s,0,0,0,NONE,0
100BB,UTG,UTG,THREE_BET,83s,0,0,0,NONE,0
100BB,UTG,UTG,THREE_BET,82s,0,0,0,NONE,0
100BB,UTG,UTG,THREE_BET,76s,0,0,0,NONE,0
100BB,UTG,UTG,THREE_BET,75s,0,0,0,NONE,0
100BB,UTG,UTG,THREE_BET,74s,0,0,0,NONE,0
100BB,UTG,UTG,THREE_BET,73s,0,0,0,NONE,0
100BB,UTG,UTG,THREE_BET,72s,0,0,0,NONE,0
100BB,UTG,UTG,THREE_BET,65s,0,0,0,NONE,0
100BB,UTG,UTG,THREE_BET,64s,0,0,0,NONE,0
100BB,UTG,UTG,THREE_BET,63s,0,0,0,NONE,0
100BB,UTG,UTG,THREE_BET,62s,0,0,0,NONE,0
100BB,UTG,UTG,THREE_BET,54s,0,0,0,NONE,0
100BB,UTG,UTG,THREE_BET,53s,0,0,0,NONE,0
100BB,UTG,UTG,THREE_BET,52s,0,0,0,NONE,0
100BB,UTG,UTG,THREE_BET,43s,0,0,0,NONE,0
100BB,UTG,UTG,THREE_BET,42s,0,0,0,NONE,0
100BB,UTG,UTG,THREE_BET,32s,0,0,0,NONE,0
100BB,UTG,UTG,THREE_BET,AKo,0,0,0,NONE,0
100BB,UTG,UTG,THREE_BET,AQo,0,0,0,NONE,0
100BB,UTG,UTG,THREE_BET,AJo,0,0,0,NONE,0
100BB,UTG,UTG,THREE_BET,ATo,0,0,0,NONE,0
100BB,UTG,UTG,THREE_BET,A9o,0,0,0,NONE,0
100BB,UTG,UTG,THREE_BET,A8o,0,0,0,NONE,0
100BB,UTG,UTG,THREE_BET,A7o,0,0,0,NONE,0
100BB,UTG,UTG,THREE_BET,A6o,0,0,0,NONE,0
100BB,UTG,UTG,THREE_BET,A5o,0,0,0,NONE,0
100BB,UTG,UTG,THREE_BET,A4o,0,0,0,NONE,0
100BB,UTG,UTG,THREE_BET,A3o,0,0,0,NONE,0
100BB,UTG,UTG,THREE_BET,A2o,0,0,0,NONE,0
100BB,UTG,UTG,THREE_BET,KQo,0,0,0,NONE,0
100BB,UTG,UTG,THREE_BET,KJo,0,0,0,NONE,0
100BB,UTG,UTG,THREE_BET,KTo,0,0,0,NONE,0
100BB,UTG,UTG,THREE_BET,K9o,0,0,0,NONE,0
100BB,UTG,UTG,THREE_BET,K8o,0,0,0,NONE,0
100BB,UTG,UTG,THREE_BET,K7o,0,0,0,NONE,0
100BB,UTG,UTG,THREE_BET,K6o,0,0,0,NONE,0
100BB,UTG,UTG,THREE_BET,K5o,0,0,0,NONE,0
100BB,UTG,UTG,THREE_BET,K4o,0,0,0,NONE,0
100BB,UTG,UTG,THREE_BET,K3o,0,0,0,NONE,0
100BB,UTG,UTG,THREE_BET,K2o,0,0,0,NONE,0
100BB,UTG,UTG,THREE_BET,QJo,0,0,0,NONE,0
100BB,UTG,UTG,THREE_BET,QTo,0,0,0,NONE,0
100BB,UTG,UTG,THREE_BET,Q9o,0,0,0,NONE,0
100BB,UTG,UTG,THREE_BET,Q8o,0,0,0,NONE,0
100BB,UTG,UTG,THREE_BET,Q7o,0,0,0,NONE,0
100BB,UTG,UTG,THREE_BET,Q6o,0,0,0,NONE,0
100BB,UTG,UTG,THREE_BET,Q5o,0,0,0,NONE,0
100BB,UTG,UTG,THREE_BET,Q4o,0,0,0,NONE,0
100BB,UTG,UTG,THREE_BET,Q3o,0,0,0,NONE,0
100BB,UTG,UTG,THREE_BET,Q2o,0,0,0,NONE,0
100BB,UTG,UTG,THREE_BET,JTo,0,0,0,NONE,0
100BB,UTG,UTG,THREE_BET,J9o,0,0,0,NONE,0
100BB,UTG,UTG,THREE_BET,J8o,0,0,0,NONE,0
100BB,UTG,UTG,THREE_BET,J7o,0,0,0,NONE,0
100BB,UTG,UTG,THREE_BET,J6o,0,0,0,NONE,0
100BB,UTG,UTG,THREE_BET,J5o,0,0,0,NONE,0
100BB,UTG,UTG,THREE_BET,J4o,0,0,0,NONE,0
100BB,UTG,UTG,THREE_BET,J3o,0,0,0,NONE,0
100BB,UTG,UTG,THREE_BET,J2o,0,0,0,NONE,0
100BB,UTG,UTG,THREE_BET,T9o,0,0,0,NONE,0
100BB,UTG,UTG,THREE_BET,T8o,0,0,0,NONE,0
100BB,UTG,UTG,THREE_BET,T7o,0,0,0,NONE,0
100BB,UTG,UTG,THREE_BET,T6o,0,0,0,NONE,0
100BB,UTG,UTG,THREE_BET,T5o,0,0,0,NONE,0
100BB,UTG,UTG,THREE_BET,T4o,0,0,0,NONE,0
100BB,UTG,UTG,THREE_BET,T3o,0,0,0,NONE,0
100BB,UTG,UTG,THREE_BET,T2o,0,0,0,NONE,0
100BB,UTG,UTG,THREE_BET,98o,0,0,0,NONE,0
100BB,UTG,UTG,THREE_BET,97o,0,0,0,NONE,0
100BB,UTG,UTG,THREE_BET,96o,0,0,0,NONE,0
100BB,UTG,UTG,THREE_BET,95o,0,0,0,NONE,0
100BB,UTG,UTG,THREE_BET,94o,0,0,0,NONE,0
100BB,UTG,UTG,THREE_BET,93o,0,0,0,NONE,0
100BB,UTG,UTG,THREE_BET,92o,0,0,0,NONE,0
100BB,UTG,UTG,THREE_BET,87o,0,0,0,NONE,0
100BB,UTG,UTG,THREE_BET,86o,0,0,0,NONE,0
100BB,UTG,UTG,THREE_BET,85o,0,0,0,NONE,0
100BB,UTG,UTG,THREE_BET,84o,0,0,0,NONE,0
100BB,UTG,UTG,THREE_BET,83o,0,0,0,NONE,0
100BB,UTG,UTG,THREE_BET,82o,0,0,0,NONE,0
100BB,UTG,UTG,THREE_BET,76o,0,0,0,NONE,0
100BB,UTG,UTG,THREE_BET,75o,0,0,0,NONE,0
100BB,UTG,UTG,THREE_BET,74o,0,0,0,NONE,0
100BB,UTG,UTG,THREE_BET,73o,0,0,0,NONE,0
100BB,UTG,UTG,THREE_BET,72o,0,0,0,NONE,0
100BB,UTG,UTG,THREE_BET,65o,0,0,0,NONE,0
100BB,UTG,UTG,THREE_BET,64o,0,0,0,NONE,0
100BB,UTG,UTG,THREE_BET,63o,0,0,0,NONE,0
100BB,UTG,UTG,THREE_BET,62o,0,0,0,NONE,0
100BB,UTG,UTG,THREE_BET,54o,0,0,0,NONE,0
100BB,UTG,UTG,THREE_BET,53o,0,0,0,NONE,0
100BB,UTG,UTG,THREE_BET,52o,0,0,0,NONE,0
100BB,UTG,UTG,THREE_BET,43o,0,0,0,NONE,0
100BB,UTG,UTG,THREE_BET,42o,0,0,0,NONE,0
100BB,UTG,UTG,THREE_BET,32o,0,0,0,NONE,0
100BB,UTG,HJ,UNOPENED,AA,0,0,0,NONE,0
100BB,UTG,HJ,UNOPENED,KK,0,0,0,NONE,0
100BB,UTG,HJ,UNOPENED,QQ,0,0,0,NONE,0
100BB,UTG,HJ,UNOPENED,JJ,0,0,0,NONE,0
100BB,UTG,HJ,UNOPENED,TT,0,0,0,NONE,0
100BB,UTG,HJ,UNOPENED,99,0,0,0,NONE,0
100BB,UTG,HJ,UNOPENED,88,0,0,0,NONE,0
100BB,UTG,HJ,UNOPENED,77,0,0,0,NONE,0
100BB,UTG,HJ,UNOPENED,66,0,0,0,NONE,0
100BB,UTG,HJ,UNOPENED,55,0,0,0,NONE,0
100BB,UTG,HJ,UNOPENED,44,0,0,0,NONE,0
100BB,UTG,HJ,UNOPENED,33,0,0,0,NONE,0
100BB,UTG,HJ,UNOPENED,22,0,0,0,NONE,0
100BB,UTG,HJ,UNOPENED,AKs,0,0,0,NONE,0
100BB,UTG,HJ,UNOPENED,AQs,0,0,0,NONE,0
100BB,UTG,HJ,UNOPENED,AJs,0,0,0,NONE,0
100BB,UTG,HJ,UNOPENED,ATs,0,0,0,NONE,0
100BB,UTG,HJ,UNOPENED,A9s,0,0,0,NONE,0
100BB,UTG,HJ,UNOPENED,A8s,0,0,0,NONE,0
100BB,UTG,HJ,UNOPENED,A7s,0,0,0,NONE,0
100BB,UTG,HJ,UNOPENED,A6s,0,0,0,NONE,0
100BB,UTG,HJ,UNOPENED,A5s,0,0,0,NONE,0
100BB,UTG,HJ,UNOPENED,A4s,0,0,0,NONE,0
100BB,UTG,HJ,UNOPENED,A3s,0,0,0,NONE,0
100BB,UTG,HJ,UNOPENED,A2s,0,0,0,NONE,0
100BB,UTG,HJ,UNOPENED,KQs,0,0,0,NONE,0
100BB,UTG,HJ,UNOPENED,KJs,0,0,0,NONE,0
100BB,UTG,HJ,UNOPENED,KTs,0,0,0,NONE,0
100BB,UTG,HJ,UNOPENED,K9s,0,0,0,NONE,0
100BB,UTG,HJ,UNOPENED,K8s,0,0,0,NONE,0
100BB,UTG,HJ,UNOPENED,K7s,0,0,0,NONE,0
100BB,UTG,HJ,UNOPENED,K6s,0,0,0,NONE,0
100BB,UTG,HJ,UNOPENED,K5s,0,0,0,NONE,0
100BB,UTG,HJ,UNOPENED,K4s,0,0,0,NONE,0
100BB,UTG,HJ,UNOPENED,K3s,0,0,0,NONE,0
100BB,UTG,HJ,UNOPENED,K2s,0,0,0,NONE,0
100BB,UTG,HJ,UNOPENED,QJs,0,0,0,NONE,0
100BB,UTG,HJ,UNOPENED,QTs,0,0,0,NONE,0
100BB,UTG,HJ,UNOPENED,Q9s,0,0,0,NONE,0
100BB,UTG,HJ,UNOPENED,Q8s,0,0,0,NONE,0
100BB,UTG,HJ,UNOPENED,Q7s,0,0,0,NONE,0
100BB,UTG,HJ,UNOPENED,Q6s,0,0,0,NONE,0
100BB,UTG,HJ,UNOPENED,Q5s,0,0,0,NONE,0
100BB,UTG,HJ,UNOPENED,Q4s,0,0,0,NONE,0
100BB,UTG,HJ,UNOPENED,Q3s,0,0,0,NONE,0
100BB,UTG,HJ,UNOPENED,Q2s,0,0,0,NONE,0
100BB,UTG,HJ,UNOPENED,JTs,0,0,0,NONE,0
100BB,UTG,HJ,UNOPENED,J9s,0,0,0,NONE,0
100BB,UTG,HJ,UNOPENED,J8s,0,0,0,NONE,0
100BB,UTG,HJ,UNOPENED,J7s,0,0,0,NONE,0
100BB,UTG,HJ,UNOPENED,J6s,0,0,0,NONE,0
100BB,UTG,HJ,UNOPENED,J5s,0,0,0,NONE,0
100BB,UTG,HJ,UNOPENED,J4s,0,0,0,NONE,0
100BB,UTG,HJ,UNOPENED,J3s,0,0,0,NONE,0
100BB,UTG,HJ,UNOPENED,J2s,0,0,0,NONE,0
100BB,UTG,HJ,UNOPENED,T9s,0,0,0,NONE,0
100BB,UTG,HJ,UNOPENED,T8s,0,0,0,NONE,0
100BB,UTG,HJ,UNOPENED,T7s,0,0,0,NONE,0
100BB,UTG,HJ,UNOPENED,T6s,0,0,0,NONE,0
100BB,UTG,HJ,UNOPENED,T5s,0,0,0,NONE,0
100BB,UTG,HJ,UNOPENED,T4s,0,0,0,NONE,0
100BB,UTG,HJ,UNOPENED,T3s,0,0,0,NONE,0
100BB,UTG,HJ,UNOPENED,T2s,0,0,0,NONE,0
100BB,UTG,HJ,UNOPENED,98s,0,0,0,NONE,0
100BB,UTG,HJ,UNOPENED,97s,0,0,0,NONE,0
100BB,UTG,HJ,UNOPENED,96s,0,0,0,NONE,0
100BB,UTG,HJ,UNOPENED,95s,0,0,0,NONE,0
100BB,UTG,HJ,UNOPENED,94s,0,0,0,NONE,0
100BB,UTG,HJ,UNOPENED,93s,0,0,0,NONE,0
100BB,UTG,HJ,UNOPENED,92s,0,0,0,NONE,0
100BB,UTG,HJ,UNOPENED,87s,0,0,0,NONE,0
100BB,UTG,HJ,UNOPENED,86s,0,0,0,NONE,0
100BB,UTG,HJ,UNOPENED,85s,0,0,0,NONE,0
100BB,UTG,HJ,UNOPENED,84s,0,0,0,NONE,0
100BB,UTG,HJ,UNOPENED,83s,0,0,0,NONE,0
100BB,UTG,HJ,UNOPENED,82s,0,0,0,NONE,0
100BB,UTG,HJ,UNOPENED,76s,0,0,0,NONE,0
100BB,UTG,HJ,UNOPENED,75s,0,0,0,NONE,0
100BB,UTG,HJ,UNOPENED,74s,0,0,0,NONE,0
100BB,UTG,HJ,UNOPENED,73s,0,0,0,NONE,0
100BB,UTG,HJ,UNOPENED,72s,0,0,0,NONE,0
100BB,UTG,HJ,UNOPENED,65s,0,0,0,NONE,0
100BB,UTG,HJ,UNOPENED,64s,0,0,0,NONE,0
100BB,UTG,HJ,UNOPENED,63s,0,0,0,NONE,0
100BB,UTG,HJ,UNOPENED,62s,0,0,0,NONE,0
100BB,UTG,HJ,UNOPENED,54s,0,0,0,NONE,0
100BB,UTG,HJ,UNOPENED,53s,0,0,0,NONE,0
100BB,UTG,HJ,UNOPENED,52s,0,0,0,NONE,0
100BB,UTG,HJ,UNOPENED,43s,0,0,0,NONE,0
100BB,UTG,HJ,UNOPENED,42s,0,0,0,NONE,0
100BB,UTG,HJ,UNOPENED,32s,0,0,0,NONE,0
100BB,UTG,HJ,UNOPENED,AKo,0,0,0,NONE,0
100BB,UTG,HJ,UNOPENED,AQo,0,0,0,NONE,0
100BB,UTG,HJ,UNOPENED,AJo,0,0,0,NONE,0
100BB,UTG,HJ,UNOPENED,ATo,0,0,0,NONE,0
100BB,UTG,HJ,UNOPENED,A9o,0,0,0,NONE,0
100BB,UTG,HJ,UNOPENED,A8o,0,0,0,NONE,0
100BB,UTG,HJ,UNOPENED,A7o,0,0,0,NONE,0
100BB,UTG,HJ,UNOPENED,A6o,0,0,0,NONE,0
100BB,UTG,HJ,UNOPENED,A5o,0,0,0,NONE,0
100BB,UTG,HJ,UNOPENED,A4o,0,0,0,NONE,0
100BB,UTG,HJ,UNOPENED,A3o,0,0,0,NONE,0
100BB,UTG,HJ,UNOPENED,A2o,0,0,0,NONE,0
100BB,UTG,HJ,UNOPENED,KQo,0,0,0,NONE,0
100BB,UTG,HJ,UNOPENED,KJo,0,0,0,NONE,0
100BB,UTG,HJ,UNOPENED,KTo,0,0,0,NONE,0
100BB,UTG,HJ,UNOPENED,K9o,0,0,0,NONE,0
100BB,UTG,HJ,UNOPENED,K8o,0,0,0,NONE,0
100BB,UTG,HJ,UNOPENED,K7o,0,0,0,NONE,0
100BB,UTG,HJ,UNOPENED,K6o,0,0,0,NONE,0
100BB,UTG,HJ,UNOPENED,K5o,0,0,0,NONE,0
100BB,UTG,HJ,UNOPENED,K4o,0,0,0,NONE,0
100BB,UTG,HJ,UNOPENED,K3o,0,0,0,NONE,0
100BB,UTG,HJ,UNOPENED,K2o,0,0,0,NONE,0
100BB,UTG,HJ,UNOPENED,QJo,0,0,0,NONE,0
100BB,UTG,HJ,UNOPENED,QTo,0,0,0,NONE,0
100BB,UTG,HJ,UNOPENED,Q9o,0,0,0,NONE,0
100BB,UTG,HJ,UNOPENED,Q8o,0,0,0,NONE,0
100BB,UTG,HJ,UNOPENED,Q7o,0,0,0,NONE,0
100BB,UTG,HJ,UNOPENED,Q6o,0,0,0,NONE,0
100BB,UTG,HJ,UNOPENED,Q5o,0,0,0,NONE,0
100BB,UTG,HJ,UNOPENED,Q4o,0,0,0,NONE,0
100BB,UTG,HJ,UNOPENED,Q3o,0,0,0,NONE,0
100BB,UTG,HJ,UNOPENED,Q2o,0,0,0,NONE,0
100BB,UTG,HJ,UNOPENED,JTo,0,0,0,NONE,0
100BB,UTG,HJ,UNOPENED,J9o,0,0,0,NONE,0
100BB,UTG,HJ,UNOPENED,J8o,0,0,0,NONE,0
100BB,UTG,HJ,UNOPENED,J7o,0,0,0,NONE,0
100BB,UTG,HJ,UNOPENED,J6o,0,0,0,NONE,0
100BB,UTG,HJ,UNOPENED,J5o,0,0,0,NONE,0
100BB,UTG,HJ,UNOPENED,J4o,0,0,0,NONE,0
100BB,UTG,HJ,UNOPENED,J3o,0,0,0,NONE,0
100BB,UTG,HJ,UNOPENED,J2o,0,0,0,NONE,0
100BB,UTG,HJ,UNOPENED,T9o,0,0,0,NONE,0
100BB,UTG,HJ,UNOPENED,T8o,0,0,0,NONE,0
100BB,UTG,HJ,UNOPENED,T7o,0,0,0,NONE,0
100BB,UTG,HJ,UNOPENED,T6o,0,0,0,NONE,0
100BB,UTG,HJ,UNOPENED,T5o,0,0,0,NONE,0
100BB,UTG,HJ,UNOPENED,T4o,0,0,0,NONE,0
100BB,UTG,HJ,UNOPENED,T3o,0,0,0,NONE,0
100BB,UTG,HJ,UNOPENED,T2o,0,0,0,NONE,0
100BB,UTG,HJ,UNOPENED,98o,0,0,0,NONE,0
100BB,UTG,HJ,UNOPENED,97o,0,0,0,NONE,0
100BB,UTG,HJ,UNOPENED,96o,0,0,0,NONE,0
100BB,UTG,HJ,UNOPENED,95o,0,0,0,NONE,0
100BB,UTG,HJ,UNOPENED,94o,0,0,0,NONE,0
100BB,UTG,HJ,UNOPENED,93o,0,0,0,NONE,0
100BB,UTG,HJ,UNOPENED,92o,0,0,0,NONE,0
100BB,UTG,HJ,UNOPENED,87o,0,0,0,NONE,0
100BB,UTG,HJ,UNOPENED,86o,0,0,0,NONE,0
100BB,UTG,HJ,UNOPENED,85o,0,0,0,NONE,0
100BB,UTG,HJ,UNOPENED,84o,0,0,0,NONE,0
100BB,UTG,HJ,UNOPENED,83o,0,0,0,NONE,0
100BB,UTG,HJ,UNOPENED,82o,0,0,0,NONE,0
100BB,UTG,HJ,UNOPENED,76o,0,0,0,NONE,0
100BB,UTG,HJ,UNOPENED,75o,0,0,0,NONE,0
100BB,UTG,HJ,UNOPENED,74o,0,0,0,NONE,0
100BB,UTG,HJ,UNOPENED,73o,0,0,0,NONE,0
100BB,UTG,HJ,UNOPENED,72o,0,0,0,NONE,0
100BB,UTG,HJ,UNOPENED,65o,0,0,0,NONE,0
100BB,UTG,HJ,UNOPENED,64o,0,0,0,NONE,0
100BB,UTG,HJ,UNOPENED,63o,0,0,0,NONE,0
100BB,UTG,HJ,UNOPENED,62o,0,0,0,NONE,0
100BB,UTG,HJ,UNOPENED,54o,0,0,0,NONE,0
100BB,UTG,HJ,UNOPENED,53o,0,0,0,NONE,0
100BB,UTG,HJ,UNOPENED,52o,0,0,0,NONE,0
100BB,UTG,HJ,UNOPENED,43o,0,0,0,NONE,0
100BB,UTG,HJ,UNOPENED,42o,0,0,0,NONE,0
100BB,UTG,HJ,UNOPENED,32o,0,0,0,NONE,0
100BB,UTG,HJ,ONE_RAISE,AA,0,0,0,NONE,0
100BB,UTG,HJ,ONE_RAISE,KK,0,0,0,NONE,0
100BB,UTG,HJ,ONE_RAISE,QQ,0,0,0,NONE,0
100BB,UTG,HJ,ONE_RAISE,JJ,0,0,0,NONE,0
100BB,UTG,HJ,ONE_RAISE,TT,0,0,0,NONE,0
100BB,UTG,HJ,ONE_RAISE,99,0,0,0,NONE,0
100BB,UTG,HJ,ONE_RAISE,88,0,0,0,NONE,0
100BB,UTG,HJ,ONE_RAISE,77,0,0,0,NONE,0
100BB,UTG,HJ,ONE_RAISE,66,0,0,0,NONE,0
100BB,UTG,HJ,ONE_RAISE,55,0,0,0,NONE,0
100BB,UTG,HJ,ONE_RAISE,44,0,0,0,NONE,0
100BB,UTG,HJ,ONE_RAISE,33,0,0,0,NONE,0
100BB,UTG,HJ,ONE_RAISE,22,0,0,0,NONE,0
100BB,UTG,HJ,ONE_RAISE,AKs,0,0,0,NONE,0
100BB,UTG,HJ,ONE_RAISE,AQs,0,0,0,NONE,0
100BB,UTG,HJ,ONE_RAISE,AJs,0,0,0,NONE,0
100BB,UTG,HJ,ONE_RAISE,ATs,0,0,0,NONE,0
100BB,UTG,HJ,ONE_RAISE,A9s,0,0,0,NONE,0
100BB,UTG,HJ,ONE_RAISE,A8s,0,0,0,NONE,0
100BB,UTG,HJ,ONE_RAISE,A7s,0,0,0,NONE,0
100BB,UTG,HJ,ONE_RAISE,A6s,0,0,0,NONE,0
100BB,UTG,HJ,ONE_RAISE,A5s,0,0,0,NONE,0
100BB,UTG,HJ,ONE_RAISE,A4s,0,0,0,NONE,0
100BB,UTG,HJ,ONE_RAISE,A3s,0,0,0,NONE,0
100BB,UTG,HJ,ONE_RAISE,A2s,0,0,0,NONE,0
100BB,UTG,HJ,ONE_RAISE,KQs,0,0,0,NONE,0
100BB,UTG,HJ,ONE_RAISE,KJs,0,0,0,NONE,0
100BB,UTG,HJ,ONE_RAISE,KTs,0,0,0,NONE,0
100BB,UTG,HJ,ONE_RAISE,K9s,0,0,0,NONE,0
100BB,UTG,HJ,ONE_RAISE,K8s,0,0,0,NONE,0
100BB,UTG,HJ,ONE_RAISE,K7s,0,0,0,NONE,0
100BB,UTG,HJ,ONE_RAISE,K6s,0,0,0,NONE,0
100BB,UTG,HJ,ONE_RAISE,K5s,0,0,0,NONE,0
100BB,UTG,HJ,ONE_RAISE,K4s,0,0,0,NONE,0
100BB,UTG,HJ,ONE_RAISE,K3s,0,0,0,NONE,0
100BB,UTG,HJ,ONE_RAISE,K2s,0,0,0,NONE,0
100BB,UTG,HJ,ONE_RAISE,QJs,0,0,0,NONE,0
100BB,UTG,HJ,ONE_RAISE,QTs,0,0,0,NONE,0
100BB,UTG,HJ,ONE_RAISE,Q9s,0,0,0,NONE,0
100BB,UTG,HJ,ONE_RAISE,Q8s,0,0,0,NONE,0
100BB,UTG,HJ,ONE_RAISE,Q7s,0,0,0,NONE,0
100BB,UTG,HJ,ONE_RAISE,Q6s,0,0,0,NONE,0
100BB,UTG,HJ,ONE_RAISE,Q5s,0,0,0,NONE,0
100BB,UTG,HJ,ONE_RAISE,Q4s,0,0,0,NONE,0
100BB,UTG,HJ,ONE_RAISE,Q3s,0,0,0,NONE,0
100BB,UTG,HJ,ONE_RAISE,Q2s,0,0,0,NONE,0
100BB,UTG,HJ,ONE_RAISE,JTs,0,0,0,NONE,0
100BB,UTG,HJ,ONE_RAISE,J9s,0,0,0,NONE,0
100BB,UTG,HJ,ONE_RAISE,J8s,0,0,0,NONE,0
100BB,UTG,HJ,ONE_RAISE,J7s,0,0,0,NONE,0
100BB,UTG,HJ,ONE_RAISE,J6s,0,0,0,NONE,0
100BB,UTG,HJ,ONE_RAISE,J5s,0,0,0,NONE,0
100BB,UTG,HJ,ONE_RAISE,J4s,0,0,0,NONE,0
100BB,UTG,HJ,ONE_RAISE,J3s,0,0,0,NONE,0
100BB,UTG,HJ,ONE_RAISE,J2s,0,0,0,NONE,0
100BB,UTG,HJ,ONE_RAISE,T9s,0,0,0,NONE,0
100BB,UTG,HJ,ONE_RAISE,T8s,0,0,0,NONE,0
100BB,UTG,HJ,ONE_RAISE,T7s,0,0,0,NONE,0
100BB,UTG,HJ,ONE_RAISE,T6s,0,0,0,NONE,0
100BB,UTG,HJ,ONE_RAISE,T5s,0,0,0,NONE,0
100BB,UTG,HJ,ONE_RAISE,T4s,0,0,0,NONE,0
100BB,UTG,HJ,ONE_RAISE,T3s,0,0,0,NONE,0
100BB,UTG,HJ,ONE_RAISE,T2s,0,0,0,NONE,0
100BB,UTG,HJ,ONE_RAISE,98s,0,0,0,NONE,0
100BB,UTG,HJ,ONE_RAISE,97s,0,0,0,NONE,0
100BB,UTG,HJ,ONE_RAISE,96s,0,0,0,NONE,0
100BB,UTG,HJ,ONE_RAISE,95s,0,0,0,NONE,0
100BB,UTG,HJ,ONE_RAISE,94s,0,0,0,NONE,0
100BB,UTG,HJ,ONE_RAISE,93s,0,0,0,NONE,0
100BB,UTG,HJ,ONE_RAISE,92s,0,0,0,NONE,0
100BB,UTG,HJ,ONE_RAISE,87s,0,0,0,NONE,0
100BB,UTG,HJ,ONE_RAISE,86s,0,0,0,NONE,0
100BB,UTG,HJ,ONE_RAISE,85s,0,0,0,NONE,0
100BB,UTG,HJ,ONE_RAISE,84s,0,0,0,NONE,0
100BB,UTG,HJ,ONE_RAISE,83s,0,0,0,NONE,0
100BB,UTG,HJ,ONE_RAISE,82s,0,0,0,NONE,0
100BB,UTG,HJ,ONE_RAISE,76s,0,0,0,NONE,0
100BB,UTG,HJ,ONE_RAISE,75s,0,0,0,NONE,0
100BB,UTG,HJ,ONE_RAISE,74s,0,0,0,NONE,0
100BB,UTG,HJ,ONE_RAISE,73s,0,0,0,NONE,0
100BB,UTG,HJ,ONE_RAISE,72s,0,0,0,NONE,0
100BB,UTG,HJ,ONE_RAISE,65s,0,0,0,NONE,0
100BB,UTG,HJ,ONE_RAISE,64s,0,0,0,NONE,0
100BB,UTG,HJ,ONE_RAISE,63s,0,0,0,NONE,0
100BB,UTG,HJ,ONE_RAISE,62s,0,0,0,NONE,0
100BB,UTG,HJ,ONE_RAISE,54s,0,0,0,NONE,0
100BB,UTG,HJ,ONE_RAISE,53s,0,0,0,NONE,0
100BB,UTG,HJ,ONE_RAISE,52s,0,0,0,NONE,0
100BB,UTG,HJ,ONE_RAISE,43s,0,0,0,NONE,0
100BB,UTG,HJ,ONE_RAISE,42s,0,0,0,NONE,0
100BB,UTG,HJ,ONE_RAISE,32s,0,0,0,NONE,0
100BB,UTG,HJ,ONE_RAISE,AKo,0,0,0,NONE,0
100BB,UTG,HJ,ONE_RAISE,AQo,0,0,0,NONE,0
100BB,UTG,HJ,ONE_RAISE,AJo,0,0,0,NONE,0
100BB,UTG,HJ,ONE_RAISE,ATo,0,0,0,NONE,0
100BB,UTG,HJ,ONE_RAISE,A9o,0,0,0,NONE,0
100BB,UTG,HJ,ONE_RAISE,A8o,0,0,0,NONE,0
100BB,UTG,HJ,ONE_RAISE,A7o,0,0,0,NONE,0
100BB,UTG,HJ,ONE_RAISE,A6o,0,0,0,NONE,0
100BB,UTG,HJ,ONE_RAISE,A5o,0,0,0,NONE,0
100BB,UTG,HJ,ONE_RAISE,A4o,0,0,0,NONE,0
100BB,UTG,HJ,ONE_RAISE,A3o,0,0,0,NONE,0
100BB,UTG,HJ,ONE_RAISE,A2o,0,0,0,NONE,0
100BB,UTG,HJ,ONE_RAISE,KQo,0,0,0,NONE,0
100BB,UTG,HJ,ONE_RAISE,KJo,0,0,0,NONE,0
100BB,UTG,HJ,ONE_RAISE,KTo,0,0,0,NONE,0
100BB,UTG,HJ,ONE_RAISE,K9o,0,0,0,NONE,0
100BB,UTG,HJ,ONE_RAISE,K8o,0,0,0,NONE,0
100BB,UTG,HJ,ONE_RAISE,K7o,0,0,0,NONE,0
100BB,UTG,HJ,ONE_RAISE,K6o,0,0,0,NONE,0
100BB,UTG,HJ,ONE_RAISE,K5o,0,0,0,NONE,0
100BB,UTG,HJ,ONE_RAISE,K4o,0,0,0,NONE,0
100BB,UTG,HJ,ONE_RAISE,K3o,0,0,0,NONE,0
100BB,UTG,HJ,ONE_RAISE,K2o,0,0,0,NONE,0
100BB,UTG,HJ,ONE_RAISE,QJo,0,0,0,NONE,0
100BB,UTG,HJ,ONE_RAISE,QTo,0,0,0,NONE,0
100BB,UTG,HJ,ONE_RAISE,Q9o,0,0,0,NONE,0
100BB,UTG,HJ,ONE_RAISE,Q8o,0,0,0,NONE,0
100BB,UTG,HJ,ONE_RAISE,Q7o,0,0,0,NONE,0
100BB,UTG,HJ,ONE_RAISE,Q6o,0,0,0,NONE,0
100BB,UTG,HJ,ONE_RAISE,Q5o,0,0,0,NONE,0
100BB,UTG,HJ,ONE_RAISE,Q4o,0,0,0,NONE,0
100BB,UTG,HJ,ONE_RAISE,Q3o,0,0,0,NONE,0
100BB,UTG,HJ,ONE_RAISE,Q2o,0,0,0,NONE,0
100BB,UTG,HJ,ONE_RAISE,JTo,0,0,0,NONE,0
100BB,UTG,HJ,ONE_RAISE,J9o,0,0,0,NONE,0
100BB,UTG,HJ,ONE_RAISE,J8o,0,0,0,NONE,0
100BB,UTG,HJ,ONE_RAISE,J7o,0,0,0,NONE,0
100BB,UTG,HJ,ONE_RAISE,J6o,0,0,0,NONE,0
100BB,UTG,HJ,ONE_RAISE,J5o,0,0,0,NONE,0
100BB,UTG,HJ,ONE_RAISE,J4o,0,0,0,NONE,0
100BB,UTG,HJ,ONE_RAISE,J3o,0,0,0,NONE,0
100BB,UTG,HJ,ONE_RAISE,J2o,0,0,0,NONE,0
100BB,UTG,HJ,ONE_RAISE,T9o,0,0,0,NONE,0
100BB,UTG,HJ,ONE_RAISE,T8o,0,0,0,NONE,0
100BB,UTG,HJ,ONE_RAISE,T7o,0,0,0,NONE,0
100BB,UTG,HJ,ONE_RAISE,T6o,0,0,0,NONE,0
100BB,UTG,HJ,ONE_RAISE,T5o,0,0,0,NONE,0
100BB,UTG,HJ,ONE_RAISE,T4o,0,0,0,NONE,0
100BB,UTG,HJ,ONE_RAISE,T3o,0,0,0,NONE,0
100BB,UTG,HJ,ONE_RAISE,T2o,0,0,0,NONE,0
100BB,UTG,HJ,ONE_RAISE,98o,0,0,0,NONE,0
100BB,UTG,HJ,ONE_RAISE,97o,0,0,0,NONE,0
100BB,UTG,HJ,ONE_RAISE,96o,0,0,0,NONE,0
100BB,UTG,HJ,ONE_RAISE,95o,0,0,0,NONE,0
100BB,UTG,HJ,ONE_RAISE,94o,0,0,0,NONE,0
100BB,UTG,HJ,ONE_RAISE,93o,0,0,0,NONE,0
100BB,UTG,HJ,ONE_RAISE,92o,0,0,0,NONE,0
100BB,UTG,HJ,ONE_RAISE,87o,0,0,0,NONE,0
100BB,UTG,HJ,ONE_RAISE,86o,0,0,0,NONE,0
100BB,UTG,HJ,ONE_RAISE,85o,0,0,0,NONE,0
100BB,UTG,HJ,ONE_RAISE,84o,0,0,0,NONE,0
100BB,UTG,HJ,ONE_RAISE,83o,0,0,0,NONE,0
100BB,UTG,HJ,ONE_RAISE,82o,0,0,0,NONE,0
100BB,UTG,HJ,ONE_RAISE,76o,0,0,0,NONE,0
100BB,UTG,HJ,ONE_RAISE,75o,0,0,0,NONE,0
100BB,UTG,HJ,ONE_RAISE,74o,0,0,0,NONE,0
100BB,UTG,HJ,ONE_RAISE,73o,0,0,0,NONE,0
100BB,UTG,HJ,ONE_RAISE,72o,0,0,0,NONE,0
100BB,UTG,HJ,ONE_RAISE,65o,0,0,0,NONE,0
100BB,UTG,HJ,ONE_RAISE,64o,0,0,0,NONE,0
100BB,UTG,HJ,ONE_RAISE,63o,0,0,0,NONE,0
100BB,UTG,HJ,ONE_RAISE,62o,0,0,0,NONE,0
100BB,UTG,HJ,ONE_RAISE,54o,0,0,0,NONE,0
100BB,UTG,HJ,ONE_RAISE,53o,0,0,0,NONE,0
100BB,UTG,HJ,ONE_RAISE,52o,0,0,0,NONE,0
100BB,UTG,HJ,ONE_RAISE,43o,0,0,0,NONE,0
100BB,UTG,HJ,ONE_RAISE,42o,0,0,0,NONE,0
100BB,UTG,HJ,ONE_RAISE,32o,0,0,0,NONE,0
100BB,UTG,HJ,THREE_BET,AA,0,0,100,2.5,1
100BB,UTG,HJ,THREE_BET,KK,0,0,100,2.5,1
100BB,UTG,HJ,THREE_BET,QQ,0,62,38,2.5,1
100BB,UTG,HJ,THREE_BET,JJ,0,69,31,2.5,1
100BB,UTG,HJ,THREE_BET,TT,0,72,23,2.5,1
100BB,UTG,HJ,THREE_BET,99,0,96,4,2.5,1
100BB,UTG,HJ,THREE_BET,88,0,90,10,2.5,1
100BB,UTG,HJ,THREE_BET,77,0,92,8,2.5,1
100BB,UTG,HJ,THREE_BET,66,0,98,2,2.5,1
100BB,UTG,HJ,THREE_BET,55,0,100,0,NONE,1
100BB,UTG,HJ,THREE_BET,44,0,100,0,NONE,1
100BB,UTG,HJ,THREE_BET,33,0,100,0,NONE,1
100BB,UTG,HJ,THREE_BET,22,0,100,0,NONE,1
100BB,UTG,HJ,THREE_BET,AKs,0,4,96,2.5,1
100BB,UTG,HJ,THREE_BET,AQs,0,100,0,NONE,1
100BB,UTG,HJ,THREE_BET,AJs,0,81,19,2.5,1
100BB,UTG,HJ,THREE_BET,ATs,0,27,72,2.5,1
100BB,UTG,HJ,THREE_BET,A9s,0,100,0,NONE,1
100BB,UTG,HJ,THREE_BET,A8s,5,90,5,2.5,1
100BB,UTG,HJ,THREE_BET,A7s,97,3,0,NONE,1
100BB,UTG,HJ,THREE_BET,A6s,100,0,0,NONE,1
100BB,UTG,HJ,THREE_BET,A5s,0,56,44,2.5,1
100BB,UTG,HJ,THREE_BET,A4s,4,55,41,2.5,1
100BB,UTG,HJ,THREE_BET,A3s,100,0,0,NONE,1
100BB,UTG,HJ,THREE_BET,A2s,100,0,0,NONE,1
100BB,UTG,HJ,THREE_BET,KQs,0,100,0,NONE,1
100BB,UTG,HJ,THREE_BET,KJs,0,47,53,2.5,1
100BB,UTG,HJ,THREE_BET,KTs,0,71,29,2.5,1
100BB,UTG,HJ,THREE_BET,K9s,74,26,0,NONE,1
100BB,UTG,HJ,THREE_BET,K8s,100,0,0,NONE,1
100BB,UTG,HJ,THREE_BET,K7s,100,0,0,NONE,1
100BB,UTG,HJ,THREE_BET,K6s,100,0,0,NONE,1
100BB,UTG,HJ,THREE_BET,K5s,100,0,0,NONE,1
100BB,UTG,HJ,THREE_BET,K4s,100,0,0,NONE,1
100BB,UTG,HJ,THREE_BET,K3s,100,0,0,NONE,1
100BB,UTG,HJ,THREE_BET,K2s,100,0,0,NONE,1
100BB,UTG,HJ,THREE_BET,QJs,0,87,13,2.5,1
100BB,UTG,HJ,THREE_BET,QTs,0,100,0,NONE,1
100BB,UTG,HJ,THREE_BET,Q9s,100,0,0,NONE,1
100BB,UTG,HJ,THREE_BET,Q8s,100,0,0,NONE,1
100BB,UTG,HJ,THREE_BET,Q7s,100,0,0,NONE,1
100BB,UTG,HJ,THREE_BET,Q6s,100,0,0,NONE,1
100BB,UTG,HJ,THREE_BET,Q5s,100,0,0,NONE,1
100BB,UTG,HJ,THREE_BET,Q4s,100,0,0,NONE,1
100BB,UTG,HJ,THREE_BET,Q3s,100,0,0,NONE,1
100BB,UTG,HJ,THREE_BET,Q2s,100,0,0,NONE,1
100BB,UTG,HJ,THREE_BET,JTs,0,82,18,2.5,1
100BB,UTG,HJ,THREE_BET,J9s,25,75,0,NONE,1
100BB,UTG,HJ,THREE_BET,J8s,100,0,0,NONE,1
100BB,UTG,HJ,THREE_BET,J7s,100,0,0,NONE,1
100BB,UTG,HJ,THREE_BET,J6s,100,0,0,NONE,1
100BB,UTG,HJ,THREE_BET,J5s,100,0,0,NONE,1
100BB,UTG,HJ,THREE_BET,J4s,100,0,0,NONE,1
100BB,UTG,HJ,THREE_BET,J3s,100,0,0,NONE,1
100BB,UTG,HJ,THREE_BET,J2s,100,0,0,NONE,1
100BB,UTG,HJ,THREE_BET,T9s,0,88,12,2.5,1
100BB,UTG,HJ,THREE_BET,T8s,52,48,0,NONE,1
100BB,UTG,HJ,THREE_BET,T7s,100,0,0,NONE,1
100BB,UTG,HJ,THREE_BET,T6s,100,0,0,NONE,1
100BB,UTG,HJ,THREE_BET,T5s,100,0,0,NONE,1
100BB,UTG,HJ,THREE_BET,T4s,100,0,0,NONE,1
100BB,UTG,HJ,THREE_BET,T3s,100,0,0,NONE,1
100BB,UTG,HJ,THREE_BET,T2s,100,0,0,NONE,1
100BB,UTG,HJ,THREE_BET,98s,59,41,0,NONE,1
100BB,UTG,HJ,THREE_BET,97s,100,0,0,NONE,1
100BB,UTG,HJ,THREE_BET,96s,100,0,0,NONE,1
100BB,UTG,HJ,THREE_BET,95s,100,0,0,NONE,1
100BB,UTG,HJ,THREE_BET,94s,100,0,0,NONE,1
100BB,UTG,HJ,THREE_BET,93s,100,0,0,NONE,1
100BB,UTG,HJ,THREE_BET,92s,100,0,0,NONE,1
100BB,UTG,HJ,THREE_BET,87s,0,70,30,2.5,1
100BB,UTG,HJ,THREE_BET,86s,100,0,0,NONE,1
100BB,UTG,HJ,THREE_BET,85s,100,0,0,NONE,1
100BB,UTG,HJ,THREE_BET,84s,100,0,0,NONE,1
100BB,UTG,HJ,THREE_BET,83s,100,0,0,NONE,1
100BB,UTG,HJ,THREE_BET,82s,100,0,0,NONE,1
100BB,UTG,HJ,THREE_BET,76s,0,84,16,2.5,1
100BB,UTG,HJ,THREE_BET,75s,100,0,0,NONE,1
100BB,UTG,HJ,THREE_BET,74s,100,0,0,NONE,1
100BB,UTG,HJ,THREE_BET,73s,100,0,0,NONE,1
100BB,UTG,HJ,THREE_BET,72s,100,0,0,NONE,1
100BB,UTG,HJ,THREE_BET,65s,0,97,3,2.5,1
100BB,UTG,HJ,THREE_BET,64s,100,0,0,NONE,1
100BB,UTG,HJ,THREE_BET,63s,100,0,0,NONE,1
100BB,UTG,HJ,THREE_BET,62s,100,0,0,NONE,1
100BB,UTG,HJ,THREE_BET,54s,0,100,0,NONE,1
100BB,UTG,HJ,THREE_BET,53s,100,0,0,NONE,1
100BB,UTG,HJ,THREE_BET,52s,100,0,0,NONE,1
100BB,UTG,HJ,THREE_BET,43s,100,0,0,NONE,1
100BB,UTG,HJ,THREE_BET,42s,100,0,0,NONE,1
100BB,UTG,HJ,THREE_BET,32s,100,0,0,NONE,1
100BB,UTG,HJ,THREE_BET,AKo,0,43,57,2.5,1
100BB,UTG,HJ,THREE_BET,AQo,11,51,38,2.5,1
100BB,UTG,HJ,THREE_BET,AJo,100,0,0,NONE,1
100BB,UTG,HJ,THREE_BET,ATo,100,0,0,NONE,1
100BB,UTG,HJ,THREE_BET,A9o,100,0,0,NONE,1
100BB,UTG,HJ,THREE_BET,A8o,100,0,0,NONE,1
100BB,UTG,HJ,THREE_BET,A7o,100,0,0,NONE,1
100BB,UTG,HJ,THREE_BET,A6o,100,0,0,NONE,1
100BB,UTG,HJ,THREE_BET,A5o,100,0,0,NONE,1
100BB,UTG,HJ,THREE_BET,A4o,100,0,0,NONE,1
100BB,UTG,HJ,THREE_BET,A3o,100,0,0,NONE,1
100BB,UTG,HJ,THREE_BET,A2o,100,0,0,NONE,1
100BB,UTG,HJ,THREE_BET,KQo,100,0,0,NONE,1
100BB,UTG,HJ,THREE_BET,KJo,100,0,0,NONE,1
100BB,UTG,HJ,THREE_BET,KTo,100,0,0,NONE,1
100BB,UTG,HJ,THREE_BET,K9o,100,0,0,NONE,1
100BB,UTG,HJ,THREE_BET,K8o,100,0,0,NONE,1
100BB,UTG,HJ,THREE_BET,K7o,100,0,0,NONE,1
100BB,UTG,HJ,THREE_BET,K6o,100,0,0,NONE,1
100BB,UTG,HJ,THREE_BET,K5o,100,0,0,NONE,1
100BB,UTG,HJ,THREE_BET,K4o,100,0,0,NONE,1
100BB,UTG,HJ,THREE_BET,K3o,100,0,0,NONE,1
100BB,UTG,HJ,THREE_BET,K2o,100,0,0,NONE,1
100BB,UTG,HJ,THREE_BET,QJo,100,0,0,NONE,1
100BB,UTG,HJ,THREE_BET,QTo,100,0,0,NONE,1
100BB,UTG,HJ,THREE_BET,Q9o,100,0,0,NONE,1
100BB,UTG,HJ,THREE_BET,Q8o,100,0,0,NONE,1
100BB,UTG,HJ,THREE_BET,Q7o,100,0,0,NONE,1
100BB,UTG,HJ,THREE_BET,Q6o,100,0,0,NONE,1
100BB,UTG,HJ,THREE_BET,Q5o,100,0,0,NONE,1
100BB,UTG,HJ,THREE_BET,Q4o,100,0,0,NONE,1
100BB,UTG,HJ,THREE_BET,Q3o,100,0,0,NONE,1
100BB,UTG,HJ,THREE_BET,Q2o,100,0,0,NONE,1
100BB,UTG,HJ,THREE_BET,JTo,100,0,0,NONE,1
100BB,UTG,HJ,THREE_BET,J9o,100,0,0,NONE,1
100BB,UTG,HJ,THREE_BET,J8o,100,0,0,NONE,1
100BB,UTG,HJ,THREE_BET,J7o,100,0,0,NONE,1
100BB,UTG,HJ,THREE_BET,J6o,100,0,0,NONE,1
100BB,UTG,HJ,THREE_BET,J5o,100,0,0,NONE,1
100BB,UTG,HJ,THREE_BET,J4o,100,0,0,NONE,1
100BB,UTG,HJ,THREE_BET,J3o,100,0,0,NONE,1
100BB,UTG,HJ,THREE_BET,J2o,100,0,0,NONE,1
100BB,UTG,HJ,THREE_BET,T9o,100,0,0,NONE,1
100BB,UTG,HJ,THREE_BET,T8o,100,0,0,NONE,1
100BB,UTG,HJ,THREE_BET,T7o,100,0,0,NONE,1
100BB,UTG,HJ,THREE_BET,T6o,100,0,0,NONE,1
100BB,UTG,HJ,THREE_BET,T5o,100,0,0,NONE,1
100BB,UTG,HJ,THREE_BET,T4o,100,0,0,NONE,1
100BB,UTG,HJ,THREE_BET,T3o,100,0,0,NONE,1
100BB,UTG,HJ,THREE_BET,T2o,100,0,0,NONE,1
100BB,UTG,HJ,THREE_BET,98o,100,0,0,NONE,1
100BB,UTG,HJ,THREE_BET,97o,100,0,0,NONE,1
100BB,UTG,HJ,THREE_BET,96o,100,0,0,NONE,1
100BB,UTG,HJ,THREE_BET,95o,100,0,0,NONE,1
100BB,UTG,HJ,THREE_BET,94o,100,0,0,NONE,1
100BB,UTG,HJ,THREE_BET,93o,100,0,0,NONE,1
100BB,UTG,HJ,THREE_BET,92o,100,0,0,NONE,1
100BB,UTG,HJ,THREE_BET,87o,100,0,0,NONE,1
100BB,UTG,HJ,THREE_BET,86o,100,0,0,NONE,1
100BB,UTG,HJ,THREE_BET,85o,100,0,0,NONE,1
100BB,UTG,HJ,THREE_BET,84o,100,0,0,NONE,1
100BB,UTG,HJ,THREE_BET,83o,100,0,0,NONE,1
100BB,UTG,HJ,THREE_BET,82o,100,0,0,NONE,1
100BB,UTG,HJ,THREE_BET,76o,100,0,0,NONE,1
100BB,UTG,HJ,THREE_BET,75o,100,0,0,NONE,1
100BB,UTG,HJ,THREE_BET,74o,100,0,0,NONE,1
100BB,UTG,HJ,THREE_BET,73o,100,0,0,NONE,1
100BB,UTG,HJ,THREE_BET,72o,100,0,0,NONE,1
100BB,UTG,HJ,THREE_BET,65o,100,0,0,NONE,1
100BB,UTG,HJ,THREE_BET,64o,100,0,0,NONE,1
100BB,UTG,HJ,THREE_BET,63o,100,0,0,NONE,1
100BB,UTG,HJ,THREE_BET,62o,100,0,0,NONE,1
100BB,UTG,HJ,THREE_BET,54o,100,0,0,NONE,1
100BB,UTG,HJ,THREE_BET,53o,100,0,0,NONE,1
100BB,UTG,HJ,THREE_BET,52o,100,0,0,NONE,1
100BB,UTG,HJ,THREE_BET,43o,100,0,0,NONE,1
100BB,UTG,HJ,THREE_BET,42o,100,0,0,NONE,1
100BB,UTG,HJ,THREE_BET,32o,100,0,0,NONE,1
100BB,UTG,CO,UNOPENED,AA,0,0,0,NONE,0
100BB,UTG,CO,UNOPENED,KK,0,0,0,NONE,0
100BB,UTG,CO,UNOPENED,QQ,0,0,0,NONE,0
100BB,UTG,CO,UNOPENED,JJ,0,0,0,NONE,0
100BB,UTG,CO,UNOPENED,TT,0,0,0,NONE,0
100BB,UTG,CO,UNOPENED,99,0,0,0,NONE,0
100BB,UTG,CO,UNOPENED,88,0,0,0,NONE,0
100BB,UTG,CO,UNOPENED,77,0,0,0,NONE,0
100BB,UTG,CO,UNOPENED,66,0,0,0,NONE,0
100BB,UTG,CO,UNOPENED,55,0,0,0,NONE,0
100BB,UTG,CO,UNOPENED,44,0,0,0,NONE,0
100BB,UTG,CO,UNOPENED,33,0,0,0,NONE,0
100BB,UTG,CO,UNOPENED,22,0,0,0,NONE,0
100BB,UTG,CO,UNOPENED,AKs,0,0,0,NONE,0
100BB,UTG,CO,UNOPENED,AQs,0,0,0,NONE,0
100BB,UTG,CO,UNOPENED,AJs,0,0,0,NONE,0
100BB,UTG,CO,UNOPENED,ATs,0,0,0,NONE,0
100BB,UTG,CO,UNOPENED,A9s,0,0,0,NONE,0
100BB,UTG,CO,UNOPENED,A8s,0,0,0,NONE,0
100BB,UTG,CO,UNOPENED,A7s,0,0,0,NONE,0
100BB,UTG,CO,UNOPENED,A6s,0,0,0,NONE,0
100BB,UTG,CO,UNOPENED,A5s,0,0,0,NONE,0
100BB,UTG,CO,UNOPENED,A4s,0,0,0,NONE,0
100BB,UTG,CO,UNOPENED,A3s,0,0,0,NONE,0
100BB,UTG,CO,UNOPENED,A2s,0,0,0,NONE,0
100BB,UTG,CO,UNOPENED,KQs,0,0,0,NONE,0
100BB,UTG,CO,UNOPENED,KJs,0,0,0,NONE,0
100BB,UTG,CO,UNOPENED,KTs,0,0,0,NONE,0
100BB,UTG,CO,UNOPENED,K9s,0,0,0,NONE,0
100BB,UTG,CO,UNOPENED,K8s,0,0,0,NONE,0
100BB,UTG,CO,UNOPENED,K7s,0,0,0,NONE,0
100BB,UTG,CO,UNOPENED,K6s,0,0,0,NONE,0
100BB,UTG,CO,UNOPENED,K5s,0,0,0,NONE,0
100BB,UTG,CO,UNOPENED,K4s,0,0,0,NONE,0
100BB,UTG,CO,UNOPENED,K3s,0,0,0,NONE,0
100BB,UTG,CO,UNOPENED,K2s,0,0,0,NONE,0
100BB,UTG,CO,UNOPENED,QJs,0,0,0,NONE,0
100BB,UTG,CO,UNOPENED,QTs,0,0,0,NONE,0
100BB,UTG,CO,UNOPENED,Q9s,0,0,0,NONE,0
100BB,UTG,CO,UNOPENED,Q8s,0,0,0,NONE,0
100BB,UTG,CO,UNOPENED,Q7s,0,0,0,NONE,0
100BB,UTG,CO,UNOPENED,Q6s,0,0,0,NONE,0
100BB,UTG,CO,UNOPENED,Q5s,0,0,0,NONE,0
100BB,UTG,CO,UNOPENED,Q4s,0,0,0,NONE,0
100BB,UTG,CO,UNOPENED,Q3s,0,0,0,NONE,0
100BB,UTG,CO,UNOPENED,Q2s,0,0,0,NONE,0
100BB,UTG,CO,UNOPENED,JTs,0,0,0,NONE,0
100BB,UTG,CO,UNOPENED,J9s,0,0,0,NONE,0
100BB,UTG,CO,UNOPENED,J8s,0,0,0,NONE,0
100BB,UTG,CO,UNOPENED,J7s,0,0,0,NONE,0
100BB,UTG,CO,UNOPENED,J6s,0,0,0,NONE,0
100BB,UTG,CO,UNOPENED,J5s,0,0,0,NONE,0
100BB,UTG,CO,UNOPENED,J4s,0,0,0,NONE,0
100BB,UTG,CO,UNOPENED,J3s,0,0,0,NONE,0
100BB,UTG,CO,UNOPENED,J2s,0,0,0,NONE,0
100BB,UTG,CO,UNOPENED,T9s,0,0,0,NONE,0
100BB,UTG,CO,UNOPENED,T8s,0,0,0,NONE,0
100BB,UTG,CO,UNOPENED,T7s,0,0,0,NONE,0
100BB,UTG,CO,UNOPENED,T6s,0,0,0,NONE,0
100BB,UTG,CO,UNOPENED,T5s,0,0,0,NONE,0
100BB,UTG,CO,UNOPENED,T4s,0,0,0,NONE,0
100BB,UTG,CO,UNOPENED,T3s,0,0,0,NONE,0
100BB,UTG,CO,UNOPENED,T2s,0,0,0,NONE,0
100BB,UTG,CO,UNOPENED,98s,0,0,0,NONE,0
100BB,UTG,CO,UNOPENED,97s,0,0,0,NONE,0
100BB,UTG,CO,UNOPENED,96s,0,0,0,NONE,0
100BB,UTG,CO,UNOPENED,95s,0,0,0,NONE,0
100BB,UTG,CO,UNOPENED,94s,0,0,0,NONE,0
100BB,UTG,CO,UNOPENED,93s,0,0,0,NONE,0
100BB,UTG,CO,UNOPENED,92s,0,0,0,NONE,0
100BB,UTG,CO,UNOPENED,87s,0,0,0,NONE,0
100BB,UTG,CO,UNOPENED,86s,0,0,0,NONE,0
100BB,UTG,CO,UNOPENED,85s,0,0,0,NONE,0
100BB,UTG,CO,UNOPENED,84s,0,0,0,NONE,0
100BB,UTG,CO,UNOPENED,83s,0,0,0,NONE,0
100BB,UTG,CO,UNOPENED,82s,0,0,0,NONE,0
100BB,UTG,CO,UNOPENED,76s,0,0,0,NONE,0
100BB,UTG,CO,UNOPENED,75s,0,0,0,NONE,0
100BB,UTG,CO,UNOPENED,74s,0,0,0,NONE,0
100BB,UTG,CO,UNOPENED,73s,0,0,0,NONE,0
100BB,UTG,CO,UNOPENED,72s,0,0,0,NONE,0
100BB,UTG,CO,UNOPENED,65s,0,0,0,NONE,0
100BB,UTG,CO,UNOPENED,64s,0,0,0,NONE,0
100BB,UTG,CO,UNOPENED,63s,0,0,0,NONE,0
100BB,UTG,CO,UNOPENED,62s,0,0,0,NONE,0
100BB,UTG,CO,UNOPENED,54s,0,0,0,NONE,0
100BB,UTG,CO,UNOPENED,53s,0,0,0,NONE,0
100BB,UTG,CO,UNOPENED,52s,0,0,0,NONE,0
100BB,UTG,CO,UNOPENED,43s,0,0,0,NONE,0
100BB,UTG,CO,UNOPENED,42s,0,0,0,NONE,0
100BB,UTG,CO,UNOPENED,32s,0,0,0,NONE,0
100BB,UTG,CO,UNOPENED,AKo,0,0,0,NONE,0
100BB,UTG,CO,UNOPENED,AQo,0,0,0,NONE,0
100BB,UTG,CO,UNOPENED,AJo,0,0,0,NONE,0
100BB,UTG,CO,UNOPENED,ATo,0,0,0,NONE,0
100BB,UTG,CO,UNOPENED,A9o,0,0,0,NONE,0
100BB,UTG,CO,UNOPENED,A8o,0,0,0,NONE,0
100BB,UTG,CO,UNOPENED,A7o,0,0,0,NONE,0
100BB,UTG,CO,UNOPENED,A6o,0,0,0,NONE,0
100BB,UTG,CO,UNOPENED,A5o,0,0,0,NONE,0
100BB,UTG,CO,UNOPENED,A4o,0,0,0,NONE,0
100BB,UTG,CO,UNOPENED,A3o,0,0,0,NONE,0
100BB,UTG,CO,UNOPENED,A2o,0,0,0,NONE,0
100BB,UTG,CO,UNOPENED,KQo,0,0,0,NONE,0
100BB,UTG,CO,UNOPENED,KJo,0,0,0,NONE,0
100BB,UTG,CO,UNOPENED,KTo,0,0,0,NONE,0
100BB,UTG,CO,UNOPENED,K9o,0,0,0,NONE,0
100BB,UTG,CO,UNOPENED,K8o,0,0,0,NONE,0
100BB,UTG,CO,UNOPENED,K7o,0,0,0,NONE,0
100BB,UTG,CO,UNOPENED,K6o,0,0,0,NONE,0
100BB,UTG,CO,UNOPENED,K5o,0,0,0,NONE,0
100BB,UTG,CO,UNOPENED,K4o,0,0,0,NONE,0
100BB,UTG,CO,UNOPENED,K3o,0,0,0,NONE,0
100BB,UTG,CO,UNOPENED,K2o,0,0,0,NONE,0
100BB,UTG,CO,UNOPENED,QJo,0,0,0,NONE,0
100BB,UTG,CO,UNOPENED,QTo,0,0,0,NONE,0
100BB,UTG,CO,UNOPENED,Q9o,0,0,0,NONE,0
100BB,UTG,CO,UNOPENED,Q8o,0,0,0,NONE,0
100BB,UTG,CO,UNOPENED,Q7o,0,0,0,NONE,0
100BB,UTG,CO,UNOPENED,Q6o,0,0,0,NONE,0
100BB,UTG,CO,UNOPENED,Q5o,0,0,0,NONE,0
100BB,UTG,CO,UNOPENED,Q4o,0,0,0,NONE,0
100BB,UTG,CO,UNOPENED,Q3o,0,0,0,NONE,0
100BB,UTG,CO,UNOPENED,Q2o,0,0,0,NONE,0
100BB,UTG,CO,UNOPENED,JTo,0,0,0,NONE,0
100BB,UTG,CO,UNOPENED,J9o,0,0,0,NONE,0
100BB,UTG,CO,UNOPENED,J8o,0,0,0,NONE,0
100BB,UTG,CO,UNOPENED,J7o,0,0,0,NONE,0
100BB,UTG,CO,UNOPENED,J6o,0,0,0,NONE,0
100BB,UTG,CO,UNOPENED,J5o,0,0,0,NONE,0
100BB,UTG,CO,UNOPENED,J4o,0,0,0,NONE,0
100BB,UTG,CO,UNOPENED,J3o,0,0,0,NONE,0
100BB,UTG,CO,UNOPENED,J2o,0,0,0,NONE,0
100BB,UTG,CO,UNOPENED,T9o,0,0,0,NONE,0
100BB,UTG,CO,UNOPENED,T8o,0,0,0,NONE,0
100BB,UTG,CO,UNOPENED,T7o,0,0,0,NONE,0
100BB,UTG,CO,UNOPENED,T6o,0,0,0,NONE,0
100BB,UTG,CO,UNOPENED,T5o,0,0,0,NONE,0
100BB,UTG,CO,UNOPENED,T4o,0,0,0,NONE,0
100BB,UTG,CO,UNOPENED,T3o,0,0,0,NONE,0
100BB,UTG,CO,UNOPENED,T2o,0,0,0,NONE,0
100BB,UTG,CO,UNOPENED,98o,0,0,0,NONE,0
100BB,UTG,CO,UNOPENED,97o,0,0,0,NONE,0
100BB,UTG,CO,UNOPENED,96o,0,0,0,NONE,0
100BB,UTG,CO,UNOPENED,95o,0,0,0,NONE,0
100BB,UTG,CO,UNOPENED,94o,0,0,0,NONE,0
100BB,UTG,CO,UNOPENED,93o,0,0,0,NONE,0
100BB,UTG,CO,UNOPENED,92o,0,0,0,NONE,0
100BB,UTG,CO,UNOPENED,87o,0,0,0,NONE,0
100BB,UTG,CO,UNOPENED,86o,0,0,0,NONE,0
100BB,UTG,CO,UNOPENED,85o,0,0,0,NONE,0
100BB,UTG,CO,UNOPENED,84o,0,0,0,NONE,0
100BB,UTG,CO,UNOPENED,83o,0,0,0,NONE,0
100BB,UTG,CO,UNOPENED,82o,0,0,0,NONE,0
100BB,UTG,CO,UNOPENED,76o,0,0,0,NONE,0
100BB,UTG,CO,UNOPENED,75o,0,0,0,NONE,0
100BB,UTG,CO,UNOPENED,74o,0,0,0,NONE,0
100BB,UTG,CO,UNOPENED,73o,0,0,0,NONE,0
100BB,UTG,CO,UNOPENED,72o,0,0,0,NONE,0
100BB,UTG,CO,UNOPENED,65o,0,0,0,NONE,0
100BB,UTG,CO,UNOPENED,64o,0,0,0,NONE,0
100BB,UTG,CO,UNOPENED,63o,0,0,0,NONE,0
100BB,UTG,CO,UNOPENED,62o,0,0,0,NONE,0
100BB,UTG,CO,UNOPENED,54o,0,0,0,NONE,0
100BB,UTG,CO,UNOPENED,53o,0,0,0,NONE,0
100BB,UTG,CO,UNOPENED,52o,0,0,0,NONE,0
100BB,UTG,CO,UNOPENED,43o,0,0,0,NONE,0
100BB,UTG,CO,UNOPENED,42o,0,0,0,NONE,0
100BB,UTG,CO,UNOPENED,32o,0,0,0,NONE,0
100BB,UTG,CO,ONE_RAISE,AA,0,0,0,NONE,0
100BB,UTG,CO,ONE_RAISE,KK,0,0,0,NONE,0
100BB,UTG,CO,ONE_RAISE,QQ,0,0,0,NONE,0
100BB,UTG,CO,ONE_RAISE,JJ,0,0,0,NONE,0
100BB,UTG,CO,ONE_RAISE,TT,0,0,0,NONE,0
100BB,UTG,CO,ONE_RAISE,99,0,0,0,NONE,0
100BB,UTG,CO,ONE_RAISE,88,0,0,0,NONE,0
100BB,UTG,CO,ONE_RAISE,77,0,0,0,NONE,0
100BB,UTG,CO,ONE_RAISE,66,0,0,0,NONE,0
100BB,UTG,CO,ONE_RAISE,55,0,0,0,NONE,0
100BB,UTG,CO,ONE_RAISE,44,0,0,0,NONE,0
100BB,UTG,CO,ONE_RAISE,33,0,0,0,NONE,0
100BB,UTG,CO,ONE_RAISE,22,0,0,0,NONE,0
100BB,UTG,CO,ONE_RAISE,AKs,0,0,0,NONE,0
100BB,UTG,CO,ONE_RAISE,AQs,0,0,0,NONE,0
100BB,UTG,CO,ONE_RAISE,AJs,0,0,0,NONE,0
100BB,UTG,CO,ONE_RAISE,ATs,0,0,0,NONE,0
100BB,UTG,CO,ONE_RAISE,A9s,0,0,0,NONE,0
100BB,UTG,CO,ONE_RAISE,A8s,0,0,0,NONE,0
100BB,UTG,CO,ONE_RAISE,A7s,0,0,0,NONE,0
100BB,UTG,CO,ONE_RAISE,A6s,0,0,0,NONE,0
100BB,UTG,CO,ONE_RAISE,A5s,0,0,0,NONE,0
100BB,UTG,CO,ONE_RAISE,A4s,0,0,0,NONE,0
100BB,UTG,CO,ONE_RAISE,A3s,0,0,0,NONE,0
100BB,UTG,CO,ONE_RAISE,A2s,0,0,0,NONE,0
100BB,UTG,CO,ONE_RAISE,KQs,0,0,0,NONE,0
100BB,UTG,CO,ONE_RAISE,KJs,0,0,0,NONE,0
100BB,UTG,CO,ONE_RAISE,KTs,0,0,0,NONE,0
100BB,UTG,CO,ONE_RAISE,K9s,0,0,0,NONE,0
100BB,UTG,CO,ONE_RAISE,K8s,0,0,0,NONE,0
100BB,UTG,CO,ONE_RAISE,K7s,0,0,0,NONE,0
100BB,UTG,CO,ONE_RAISE,K6s,0,0,0,NONE,0
100BB,UTG,CO,ONE_RAISE,K5s,0,0,0,NONE,0
100BB,UTG,CO,ONE_RAISE,K4s,0,0,0,NONE,0
100BB,UTG,CO,ONE_RAISE,K3s,0,0,0,NONE,0
100BB,UTG,CO,ONE_RAISE,K2s,0,0,0,NONE,0
100BB,UTG,CO,ONE_RAISE,QJs,0,0,0,NONE,0
100BB,UTG,CO,ONE_RAISE,QTs,0,0,0,NONE,0
100BB,UTG,CO,ONE_RAISE,Q9s,0,0,0,NONE,0
100BB,UTG,CO,ONE_RAISE,Q8s,0,0,0,NONE,0
100BB,UTG,CO,ONE_RAISE,Q7s,0,0,0,NONE,0
100BB,UTG,CO,ONE_RAISE,Q6s,0,0,0,NONE,0
100BB,UTG,CO,ONE_RAISE,Q5s,0,0,0,NONE,0
100BB,UTG,CO,ONE_RAISE,Q4s,0,0,0,NONE,0
100BB,UTG,CO,ONE_RAISE,Q3s,0,0,0,NONE,0
100BB,UTG,CO,ONE_RAISE,Q2s,0,0,0,NONE,0
100BB,UTG,CO,ONE_RAISE,JTs,0,0,0,NONE,0
100BB,UTG,CO,ONE_RAISE,J9s,0,0,0,NONE,0
100BB,UTG,CO,ONE_RAISE,J8s,0,0,0,NONE,0
100BB,UTG,CO,ONE_RAISE,J7s,0,0,0,NONE,0
100BB,UTG,CO,ONE_RAISE,J6s,0,0,0,NONE,0
100BB,UTG,CO,ONE_RAISE,J5s,0,0,0,NONE,0
100BB,UTG,CO,ONE_RAISE,J4s,0,0,0,NONE,0
100BB,UTG,CO,ONE_RAISE,J3s,0,0,0,NONE,0
100BB,UTG,CO,ONE_RAISE,J2s,0,0,0,NONE,0
100BB,UTG,CO,ONE_RAISE,T9s,0,0,0,NONE,0
100BB,UTG,CO,ONE_RAISE,T8s,0,0,0,NONE,0
100BB,UTG,CO,ONE_RAISE,T7s,0,0,0,NONE,0
100BB,UTG,CO,ONE_RAISE,T6s,0,0,0,NONE,0
100BB,UTG,CO,ONE_RAISE,T5s,0,0,0,NONE,0
100BB,UTG,CO,ONE_RAISE,T4s,0,0,0,NONE,0
100BB,UTG,CO,ONE_RAISE,T3s,0,0,0,NONE,0
100BB,UTG,CO,ONE_RAISE,T2s,0,0,0,NONE,0
100BB,UTG,CO,ONE_RAISE,98s,0,0,0,NONE,0
100BB,UTG,CO,ONE_RAISE,97s,0,0,0,NONE,0
100BB,UTG,CO,ONE_RAISE,96s,0,0,0,NONE,0
100BB,UTG,CO,ONE_RAISE,95s,0,0,0,NONE,0
100BB,UTG,CO,ONE_RAISE,94s,0,0,0,NONE,0
100BB,UTG,CO,ONE_RAISE,93s,0,0,0,NONE,0
100BB,UTG,CO,ONE_RAISE,92s,0,0,0,NONE,0
100BB,UTG,CO,ONE_RAISE,87s,0,0,0,NONE,0
100BB,UTG,CO,ONE_RAISE,86s,0,0,0,NONE,0
100BB,UTG,CO,ONE_RAISE,85s,0,0,0,NONE,0
100BB,UTG,CO,ONE_RAISE,84s,0,0,0,NONE,0
100BB,UTG,CO,ONE_RAISE,83s,0,0,0,NONE,0
100BB,UTG,CO,ONE_RAISE,82s,0,0,0,NONE,0
100BB,UTG,CO,ONE_RAISE,76s,0,0,0,NONE,0
100BB,UTG,CO,ONE_RAISE,75s,0,0,0,NONE,0
100BB,UTG,CO,ONE_RAISE,74s,0,0,0,NONE,0
100BB,UTG,CO,ONE_RAISE,73s,0,0,0,NONE,0
100BB,UTG,CO,ONE_RAISE,72s,0,0,0,NONE,0
100BB,UTG,CO,ONE_RAISE,65s,0,0,0,NONE,0
100BB,UTG,CO,ONE_RAISE,64s,0,0,0,NONE,0
100BB,UTG,CO,ONE_RAISE,63s,0,0,0,NONE,0
100BB,UTG,CO,ONE_RAISE,62s,0,0,0,NONE,0
100BB,UTG,CO,ONE_RAISE,54s,0,0,0,NONE,0
100BB,UTG,CO,ONE_RAISE,53s,0,0,0,NONE,0
100BB,UTG,CO,ONE_RAISE,52s,0,0,0,NONE,0
100BB,UTG,CO,ONE_RAISE,43s,0,0,0,NONE,0
100BB,UTG,CO,ONE_RAISE,42s,0,0,0,NONE,0
100BB,UTG,CO,ONE_RAISE,32s,0,0,0,NONE,0
100BB,UTG,CO,ONE_RAISE,AKo,0,0,0,NONE,0
100BB,UTG,CO,ONE_RAISE,AQo,0,0,0,NONE,0
100BB,UTG,CO,ONE_RAISE,AJo,0,0,0,NONE,0
100BB,UTG,CO,ONE_RAISE,ATo,0,0,0,NONE,0
100BB,UTG,CO,ONE_RAISE,A9o,0,0,0,NONE,0
100BB,UTG,CO,ONE_RAISE,A8o,0,0,0,NONE,0
100BB,UTG,CO,ONE_RAISE,A7o,0,0,0,NONE,0
100BB,UTG,CO,ONE_RAISE,A6o,0,0,0,NONE,0
100BB,UTG,CO,ONE_RAISE,A5o,0,0,0,NONE,0
100BB,UTG,CO,ONE_RAISE,A4o,0,0,0,NONE,0
100BB,UTG,CO,ONE_RAISE,A3o,0,0,0,NONE,0
100BB,UTG,CO,ONE_RAISE,A2o,0,0,0,NONE,0
100BB,UTG,CO,ONE_RAISE,KQo,0,0,0,NONE,0
100BB,UTG,CO,ONE_RAISE,KJo,0,0,0,NONE,0
100BB,UTG,CO,ONE_RAISE,KTo,0,0,0,NONE,0
100BB,UTG,CO,ONE_RAISE,K9o,0,0,0,NONE,0
100BB,UTG,CO,ONE_RAISE,K8o,0,0,0,NONE,0
100BB,UTG,CO,ONE_RAISE,K7o,0,0,0,NONE,0
100BB,UTG,CO,ONE_RAISE,K6o,0,0,0,NONE,0
100BB,UTG,CO,ONE_RAISE,K5o,0,0,0,NONE,0
100BB,UTG,CO,ONE_RAISE,K4o,0,0,0,NONE,0
100BB,UTG,CO,ONE_RAISE,K3o,0,0,0,NONE,0
100BB,UTG,CO,ONE_RAISE,K2o,0,0,0,NONE,0
100BB,UTG,CO,ONE_RAISE,QJo,0,0,0,NONE,0
100BB,UTG,CO,ONE_RAISE,QTo,0,0,0,NONE,0
100BB,UTG,CO,ONE_RAISE,Q9o,0,0,0,NONE,0
100BB,UTG,CO,ONE_RAISE,Q8o,0,0,0,NONE,0
100BB,UTG,CO,ONE_RAISE,Q7o,0,0,0,NONE,0
100BB,UTG,CO,ONE_RAISE,Q6o,0,0,0,NONE,0
100BB,UTG,CO,ONE_RAISE,Q5o,0,0,0,NONE,0
100BB,UTG,CO,ONE_RAISE,Q4o,0,0,0,NONE,0
100BB,UTG,CO,ONE_RAISE,Q3o,0,0,0,NONE,0
100BB,UTG,CO,ONE_RAISE,Q2o,0,0,0,NONE,0
100BB,UTG,CO,ONE_RAISE,JTo,0,0,0,NONE,0
100BB,UTG,CO,ONE_RAISE,J9o,0,0,0,NONE,0
100BB,UTG,CO,ONE_RAISE,J8o,0,0,0,NONE,0
100BB,UTG,CO,ONE_RAISE,J7o,0,0,0,NONE,0
100BB,UTG,CO,ONE_RAISE,J6o,0,0,0,NONE,0
100BB,UTG,CO,ONE_RAISE,J5o,0,0,0,NONE,0
100BB,UTG,CO,ONE_RAISE,J4o,0,0,0,NONE,0
100BB,UTG,CO,ONE_RAISE,J3o,0,0,0,NONE,0
100BB,UTG,CO,ONE_RAISE,J2o,0,0,0,NONE,0
100BB,UTG,CO,ONE_RAISE,T9o,0,0,0,NONE,0
100BB,UTG,CO,ONE_RAISE,T8o,0,0,0,NONE,0
100BB,UTG,CO,ONE_RAISE,T7o,0,0,0,NONE,0
100BB,UTG,CO,ONE_RAISE,T6o,0,0,0,NONE,0
100BB,UTG,CO,ONE_RAISE,T5o,0,0,0,NONE,0
100BB,UTG,CO,ONE_RAISE,T4o,0,0,0,NONE,0
100BB,UTG,CO,ONE_RAISE,T3o,0,0,0,NONE,0
100BB,UTG,CO,ONE_RAISE,T2o,0,0,0,NONE,0
100BB,UTG,CO,ONE_RAISE,98o,0,0,0,NONE,0
100BB,UTG,CO,ONE_RAISE,97o,0,0,0,NONE,0
100BB,UTG,CO,ONE_RAISE,96o,0,0,0,NONE,0
100BB,UTG,CO,ONE_RAISE,95o,0,0,0,NONE,0
100BB,UTG,CO,ONE_RAISE,94o,0,0,0,NONE,0
100BB,UTG,CO,ONE_RAISE,93o,0,0,0,NONE,0
100BB,UTG,CO,ONE_RAISE,92o,0,0,0,NONE,0
100BB,UTG,CO,ONE_RAISE,87o,0,0,0,NONE,0
100BB,UTG,CO,ONE_RAISE,86o,0,0,0,NONE,0
100BB,UTG,CO,ONE_RAISE,85o,0,0,0,NONE,0
100BB,UTG,CO,ONE_RAISE,84o,0,0,0,NONE,0
100BB,UTG,CO,ONE_RAISE,83o,0,0,0,NONE,0
100BB,UTG,CO,ONE_RAISE,82o,0,0,0,NONE,0
100BB,UTG,CO,ONE_RAISE,76o,0,0,0,NONE,0
100BB,UTG,CO,ONE_RAISE,75o,0,0,0,NONE,0
100BB,UTG,CO,ONE_RAISE,74o,0,0,0,NONE,0
100BB,UTG,CO,ONE_RAISE,73o,0,0,0,NONE,0
100BB,UTG,CO,ONE_RAISE,72o,0,0,0,NONE,0
100BB,UTG,CO,ONE_RAISE,65o,0,0,0,NONE,0
100BB,UTG,CO,ONE_RAISE,64o,0,0,0,NONE,0
100BB,UTG,CO,ONE_RAISE,63o,0,0,0,NONE,0
100BB,UTG,CO,ONE_RAISE,62o,0,0,0,NONE,0
100BB,UTG,CO,ONE_RAISE,54o,0,0,0,NONE,0
100BB,UTG,CO,ONE_RAISE,53o,0,0,0,NONE,0
100BB,UTG,CO,ONE_RAISE,52o,0,0,0,NONE,0
100BB,UTG,CO,ONE_RAISE,43o,0,0,0,NONE,0
100BB,UTG,CO,ONE_RAISE,42o,0,0,0,NONE,0
100BB,UTG,CO,ONE_RAISE,32o,0,0,0,NONE,0
100BB,UTG,CO,THREE_BET,AA,0,0,100,2.5,1
100BB,UTG,CO,THREE_BET,KK,0,0,100,2.5,1
100BB,UTG,CO,THREE_BET,QQ,0,60,40,2.5,1
100BB,UTG,CO,THREE_BET,JJ,0,66,34,2.5,1
100BB,UTG,CO,THREE_BET,TT,0,76,24,2.5,1
100BB,UTG,CO,THREE_BET,99,0,90,10,2.5,1
100BB,UTG,CO,THREE_BET,88,0,89,11,2.5,1
100BB,UTG,CO,THREE_BET,77,0,95,5,2.5,1
100BB,UTG,CO,THREE_BET,66,0,97,3,2.5,1
100BB,UTG,CO,THREE_BET,55,0,100,0,NONE,1
100BB,UTG,CO,THREE_BET,44,0,100,0,NONE,1
100BB,UTG,CO,THREE_BET,33,25,75,0,NONE,1
100BB,UTG,CO,THREE_BET,22,0,100,0,NONE,1
100BB,UTG,CO,THREE_BET,AKs,0,4,96,2.5,1
100BB,UTG,CO,THREE_BET,AQs,0,100,0,NONE,1
100BB,UTG,CO,THREE_BET,AJs,0,100,0,NONE,1
100BB,UTG,CO,THREE_BET,ATs,0,60,40,2.5,1
100BB,UTG,CO,THREE_BET,A9s,0,65,35,2.5,1
100BB,UTG,CO,THREE_BET,A8s,5,69,26,2.5,1
100BB,UTG,CO,THREE_BET,A7s,72,12,16,2.5,1
100BB,UTG,CO,THREE_BET,A6s,100,0,0,NONE,1
100BB,UTG,CO,THREE_BET,A5s,0,53,47,2.5,1
100BB,UTG,CO,THREE_BET,A4s,19,44,37,2.5,1
100BB,UTG,CO,THREE_BET,A3s,100,0,0,NONE,1
100BB,UTG,CO,THREE_BET,A2s,100,0,0,NONE,1
100BB,UTG,CO,THREE_BET,KQs,0,100,0,NONE,1
100BB,UTG,CO,THREE_BET,KJs,0,49,51,2.5,1
100BB,UTG,CO,THREE_BET,KTs,0,55,45,2.5,1
100BB,UTG,CO,THREE_BET,K9s,89,14,0,NONE,1
100BB,UTG,CO,THREE_BET,K8s,100,0,0,NONE,1
100BB,UTG,CO,THREE_BET,K7s,100,0,0,NONE,1
100BB,UTG,CO,THREE_BET,K6s,100,0,0,NONE,1
100BB,UTG,CO,THREE_BET,K5s,100,0,0,NONE,1
100BB,UTG,CO,THREE_BET,K4s,100,0,0,NONE,1
100BB,UTG,CO,THREE_BET,K3s,100,0,0,NONE,1
100BB,UTG,CO,THREE_BET,K2s,100,0,0,NONE,1
100BB,UTG,CO,THREE_BET,QJs,0,91,9,2.5,1
100BB,UTG,CO,THREE_BET,QTs,0,100,0,NONE,1
100BB,UTG,CO,THREE_BET,Q9s,100,0,0,NONE,1
100BB,UTG,CO,THREE_BET,Q8s,100,0,0,NONE,1
100BB,UTG,CO,THREE_BET,Q7s,100,0,0,NONE,1
100BB,UTG,CO,THREE_BET,Q6s,100,0,0,NONE,1
100BB,UTG,CO,THREE_BET,Q5s,100,0,0,NONE,1
100BB,UTG,CO,THREE_BET,Q4s,100,0,0,NONE,1
100BB,UTG,CO,THREE_BET,Q3s,100,0,0,NONE,1
100BB,UTG,CO,THREE_BET,Q2s,100,0,0,NONE,1
100BB,UTG,CO,THREE_BET,JTs,0,71,29,2.5,1
100BB,UTG,CO,THREE_BET,J9s,65,35,0,NONE,1
100BB,UTG,CO,THREE_BET,J8s,100,0,0,NONE,1
100BB,UTG,CO,THREE_BET,J7s,100,0,0,NONE,1
100BB,UTG,CO,THREE_BET,J6s,100,0,0,NONE,1
100BB,UTG,CO,THREE_BET,J5s,100,0,0,NONE,1
100BB,UTG,CO,THREE_BET,J4s,100,0,0,NONE,1
100BB,UTG,CO,THREE_BET,J3s,100,0,0,NONE,1
100BB,UTG,CO,THREE_BET,J2s,100,0,0,NONE,1
100BB,UTG,CO,THREE_BET,T9s,0,89,11,2.5,1
100BB,UTG,CO,THREE_BET,T8s,52,48,0,NONE,1
100BB,UTG,CO,THREE_BET,T7s,100,0,0,NONE,1
100BB,UTG,CO,THREE_BET,T6s,100,0,0,NONE,1
100BB,UTG,CO,THREE_BET,T5s,100,0,0,NONE,1
100BB,UTG,CO,THREE_BET,T4s,100,0,0,NONE,1
100BB,UTG,CO,THREE_BET,T3s,100,0,0,NONE,1
100BB,UTG,CO,THREE_BET,T2s,100,0,0,NONE,1
100BB,UTG,CO,THREE_BET,98s,59,41,0,NONE,1
100BB,UTG,CO,THREE_BET,97s,100,0,0,NONE,1
100BB,UTG,CO,THREE_BET,96s,100,0,0,NONE,1
100BB,UTG,CO,THREE_BET,95s,100,0,0,NONE,1
100BB,UTG,CO,THREE_BET,94s,100,0,0,NONE,1
100BB,UTG,CO,THREE_BET,93s,100,0,0,NONE,1
100BB,UTG,CO,THREE_BET,92s,100,0,0,NONE,1
100BB,UTG,CO,THREE_BET,87s,59,36,5,2.5,1
100BB,UTG,CO,THREE_BET,86s,100,0,0,NONE,1
100BB,UTG,CO,THREE_BET,85s,100,0,0,NONE,1
100BB,UTG,CO,THREE_BET,84s,100,0,0,NONE,1
100BB,UTG,CO,THREE_BET,83s,100,0,0,NONE,1
100BB,UTG,CO,THREE_BET,82s,100,0,0,NONE,1
100BB,UTG,CO,THREE_BET,76s,7,76,17,2.5,1
100BB,UTG,CO,THREE_BET,75s,100,0,0,NONE,1
100BB,UTG,CO,THREE_BET,74s,100,0,0,NONE,1
100BB,UTG,CO,THREE_BET,73s,100,0,0,NONE,1
100BB,UTG,CO,THREE_BET,72s,100,0,0,NONE,1
100BB,UTG,CO,THREE_BET,65s,0,100,0,NONE,1
100BB,UTG,CO,THREE_BET,64s,100,0,0,NONE,1
100BB,UTG,CO,THREE_BET,63s,100,0,0,NONE,1
100BB,UTG,CO,THREE_BET,62s,100,0,0,NONE,1
100BB,UTG,CO,THREE_BET,54s,0,100,0,NONE,1
100BB,UTG,CO,THREE_BET,53s,100,0,0,NONE,1
100BB,UTG,CO,THREE_BET,52s,100,0,0,NONE,1
100BB,UTG,CO,THREE_BET,43s,100,0,0,NONE,1
100BB,UTG,CO,THREE_BET,42s,100,0,0,NONE,1
100BB,UTG,CO,THREE_BET,32s,100,0,0,NONE,1
100BB,UTG,CO,THREE_BET,AKo,0,40,60,2.5,1
100BB,UTG,CO,THREE_BET,AQo,0,44,56,2.5,1
100BB,UTG,CO,THREE_BET,AJo,100,0,0,NONE,1
100BB,UTG,CO,THREE_BET,ATo,100,0,0,NONE,1
100BB,UTG,CO,THREE_BET,A9o,100,0,0,NONE,1
100BB,UTG,CO,THREE_BET,A8o,100,0,0,NONE,1
100BB,UTG,CO,THREE_BET,A7o,100,0,0,NONE,1
100BB,UTG,CO,THREE_BET,A6o,100,0,0,NONE,1
100BB,UTG,CO,THREE_BET,A5o,100,0,0,NONE,1
100BB,UTG,CO,THREE_BET,A4o,100,0,0,NONE,1
100BB,UTG,CO,THREE_BET,A3o,100,0,0,NONE,1
100BB,UTG,CO,THREE_BET,A2o,100,0,0,NONE,1
100BB,UTG,CO,THREE_BET,KQo,100,0,0,NONE,1
100BB,UTG,CO,THREE_BET,KJo,100,0,0,NONE,1
100BB,UTG,CO,THREE_BET,KTo,100,0,0,NONE,1
100BB,UTG,CO,THREE_BET,K9o,100,0,0,NONE,1
100BB,UTG,CO,THREE_BET,K8o,100,0,0,NONE,1
100BB,UTG,CO,THREE_BET,K7o,100,0,0,NONE,1
100BB,UTG,CO,THREE_BET,K6o,100,0,0,NONE,1
100BB,UTG,CO,THREE_BET,K5o,100,0,0,NONE,1
100BB,UTG,CO,THREE_BET,K4o,100,0,0,NONE,1
100BB,UTG,CO,THREE_BET,K3o,100,0,0,NONE,1
100BB,UTG,CO,THREE_BET,K2o,100,0,0,NONE,1
100BB,UTG,CO,THREE_BET,QJo,100,0,0,NONE,1
100BB,UTG,CO,THREE_BET,QTo,100,0,0,NONE,1
100BB,UTG,CO,THREE_BET,Q9o,100,0,0,NONE,1
100BB,UTG,CO,THREE_BET,Q8o,100,0,0,NONE,1
100BB,UTG,CO,THREE_BET,Q7o,100,0,0,NONE,1
100BB,UTG,CO,THREE_BET,Q6o,100,0,0,NONE,1
100BB,UTG,CO,THREE_BET,Q5o,100,0,0,NONE,1
100BB,UTG,CO,THREE_BET,Q4o,100,0,0,NONE,1
100BB,UTG,CO,THREE_BET,Q3o,100,0,0,NONE,1
100BB,UTG,CO,THREE_BET,Q2o,100,0,0,NONE,1
100BB,UTG,CO,THREE_BET,JTo,100,0,0,NONE,1
100BB,UTG,CO,THREE_BET,J9o,100,0,0,NONE,1
100BB,UTG,CO,THREE_BET,J8o,100,0,0,NONE,1
100BB,UTG,CO,THREE_BET,J7o,100,0,0,NONE,1
100BB,UTG,CO,THREE_BET,J6o,100,0,0,NONE,1
100BB,UTG,CO,THREE_BET,J5o,100,0,0,NONE,1
100BB,UTG,CO,THREE_BET,J4o,100,0,0,NONE,1
100BB,UTG,CO,THREE_BET,J3o,100,0,0,NONE,1
100BB,UTG,CO,THREE_BET,J2o,100,0,0,NONE,1
100BB,UTG,CO,THREE_BET,T9o,100,0,0,NONE,1
100BB,UTG,CO,THREE_BET,T8o,100,0,0,NONE,1
100BB,UTG,CO,THREE_BET,T7o,100,0,0,NONE,1
100BB,UTG,CO,THREE_BET,T6o,100,0,0,NONE,1
100BB,UTG,CO,THREE_BET,T5o,100,0,0,NONE,1
100BB,UTG,CO,THREE_BET,T4o,100,0,0,NONE,1
100BB,UTG,CO,THREE_BET,T3o,100,0,0,NONE,1
100BB,UTG,CO,THREE_BET,T2o,100,0,0,NONE,1
100BB,UTG,CO,THREE_BET,98o,100,0,0,NONE,1
100BB,UTG,CO,THREE_BET,97o,100,0,0,NONE,1
100BB,UTG,CO,THREE_BET,96o,100,0,0,NONE,1
100BB,UTG,CO,THREE_BET,95o,100,0,0,NONE,1
100BB,UTG,CO,THREE_BET,94o,100,0,0,NONE,1
100BB,UTG,CO,THREE_BET,93o,100,0,0,NONE,1
100BB,UTG,CO,THREE_BET,92o,100,0,0,NONE,1
100BB,UTG,CO,THREE_BET,87o,100,0,0,NONE,1
100BB,UTG,CO,THREE_BET,86o,100,0,0,NONE,1
100BB,UTG,CO,THREE_BET,85o,100,0,0,NONE,1
100BB,UTG,CO,THREE_BET,84o,100,0,0,NONE,1
100BB,UTG,CO,THREE_BET,83o,100,0,0,NONE,1
100BB,UTG,CO,THREE_BET,82o,100,0,0,NONE,1
100BB,UTG,CO,THREE_BET,76o,100,0,0,NONE,1
100BB,UTG,CO,THREE_BET,75o,100,0,0,NONE,1
100BB,UTG,CO,THREE_BET,74o,100,0,0,NONE,1
100BB,UTG,CO,THREE_BET,73o,100,0,0,NONE,1
100BB,UTG,CO,THREE_BET,72o,100,0,0,NONE,1
100BB,UTG,CO,THREE_BET,65o,100,0,0,NONE,1
100BB,UTG,CO,THREE_BET,64o,100,0,0,NONE,1
100BB,UTG,CO,THREE_BET,63o,100,0,0,NONE,1
100BB,UTG,CO,THREE_BET,62o,100,0,0,NONE,1
100BB,UTG,CO,THREE_BET,54o,100,0,0,NONE,1
100BB,UTG,CO,THREE_BET,53o,100,0,0,NONE,1
100BB,UTG,CO,THREE_BET,52o,100,0,0,NONE,1
100BB,UTG,CO,THREE_BET,43o,100,0,0,NONE,1
100BB,UTG,CO,THREE_BET,42o,100,0,0,NONE,1
100BB,UTG,CO,THREE_BET,32o,100,0,0,NONE,1
100BB,UTG,BTN,UNOPENED,AA,0,0,0,NONE,0
100BB,UTG,BTN,UNOPENED,KK,0,0,0,NONE,0
100BB,UTG,BTN,UNOPENED,QQ,0,0,0,NONE,0
100BB,UTG,BTN,UNOPENED,JJ,0,0,0,NONE,0
100BB,UTG,BTN,UNOPENED,TT,0,0,0,NONE,0
100BB,UTG,BTN,UNOPENED,99,0,0,0,NONE,0
100BB,UTG,BTN,UNOPENED,88,0,0,0,NONE,0
100BB,UTG,BTN,UNOPENED,77,0,0,0,NONE,0
100BB,UTG,BTN,UNOPENED,66,0,0,0,NONE,0
100BB,UTG,BTN,UNOPENED,55,0,0,0,NONE,0
100BB,UTG,BTN,UNOPENED,44,0,0,0,NONE,0
100BB,UTG,BTN,UNOPENED,33,0,0,0,NONE,0
100BB,UTG,BTN,UNOPENED,22,0,0,0,NONE,0
100BB,UTG,BTN,UNOPENED,AKs,0,0,0,NONE,0
100BB,UTG,BTN,UNOPENED,AQs,0,0,0,NONE,0
100BB,UTG,BTN,UNOPENED,AJs,0,0,0,NONE,0
100BB,UTG,BTN,UNOPENED,ATs,0,0,0,NONE,0
100BB,UTG,BTN,UNOPENED,A9s,0,0,0,NONE,0
100BB,UTG,BTN,UNOPENED,A8s,0,0,0,NONE,0
100BB,UTG,BTN,UNOPENED,A7s,0,0,0,NONE,0
100BB,UTG,BTN,UNOPENED,A6s,0,0,0,NONE,0
100BB,UTG,BTN,UNOPENED,A5s,0,0,0,NONE,0
100BB,UTG,BTN,UNOPENED,A4s,0,0,0,NONE,0
100BB,UTG,BTN,UNOPENED,A3s,0,0,0,NONE,0
100BB,UTG,BTN,UNOPENED,A2s,0,0,0,NONE,0
100BB,UTG,BTN,UNOPENED,KQs,0,0,0,NONE,0
100BB,UTG,BTN,UNOPENED,KJs,0,0,0,NONE,0
100BB,UTG,BTN,UNOPENED,KTs,0,0,0,NONE,0
100BB,UTG,BTN,UNOPENED,K9s,0,0,0,NONE,0
100BB,UTG,BTN,UNOPENED,K8s,0,0,0,NONE,0
100BB,UTG,BTN,UNOPENED,K7s,0,0,0,NONE,0
100BB,UTG,BTN,UNOPENED,K6s,0,0,0,NONE,0
100BB,UTG,BTN,UNOPENED,K5s,0,0,0,NONE,0
100BB,UTG,BTN,UNOPENED,K4s,0,0,0,NONE,0
100BB,UTG,BTN,UNOPENED,K3s,0,0,0,NONE,0
100BB,UTG,BTN,UNOPENED,K2s,0,0,0,NONE,0
100BB,UTG,BTN,UNOPENED,QJs,0,0,0,NONE,0
100BB,UTG,BTN,UNOPENED,QTs,0,0,0,NONE,0
100BB,UTG,BTN,UNOPENED,Q9s,0,0,0,NONE,0
100BB,UTG,BTN,UNOPENED,Q8s,0,0,0,NONE,0
100BB,UTG,BTN,UNOPENED,Q7s,0,0,0,NONE,0
100BB,UTG,BTN,UNOPENED,Q6s,0,0,0,NONE,0
100BB,UTG,BTN,UNOPENED,Q5s,0,0,0,NONE,0
100BB,UTG,BTN,UNOPENED,Q4s,0,0,0,NONE,0
100BB,UTG,BTN,UNOPENED,Q3s,0,0,0,NONE,0
100BB,UTG,BTN,UNOPENED,Q2s,0,0,0,NONE,0
100BB,UTG,BTN,UNOPENED,JTs,0,0,0,NONE,0
100BB,UTG,BTN,UNOPENED,J9s,0,0,0,NONE,0
100BB,UTG,BTN,UNOPENED,J8s,0,0,0,NONE,0
100BB,UTG,BTN,UNOPENED,J7s,0,0,0,NONE,0
100BB,UTG,BTN,UNOPENED,J6s,0,0,0,NONE,0
100BB,UTG,BTN,UNOPENED,J5s,0,0,0,NONE,0
100BB,UTG,BTN,UNOPENED,J4s,0,0,0,NONE,0
100BB,UTG,BTN,UNOPENED,J3s,0,0,0,NONE,0
100BB,UTG,BTN,UNOPENED,J2s,0,0,0,NONE,0
100BB,UTG,BTN,UNOPENED,T9s,0,0,0,NONE,0
100BB,UTG,BTN,UNOPENED,T8s,0,0,0,NONE,0
100BB,UTG,BTN,UNOPENED,T7s,0,0,0,NONE,0
100BB,UTG,BTN,UNOPENED,T6s,0,0,0,NONE,0
100BB,UTG,BTN,UNOPENED,T5s,0,0,0,NONE,0
100BB,UTG,BTN,UNOPENED,T4s,0,0,0,NONE,0
100BB,UTG,BTN,UNOPENED,T3s,0,0,0,NONE,0
100BB,UTG,BTN,UNOPENED,T2s,0,0,0,NONE,0
100BB,UTG,BTN,UNOPENED,98s,0,0,0,NONE,0
100BB,UTG,BTN,UNOPENED,97s,0,0,0,NONE,0
100BB,UTG,BTN,UNOPENED,96s,0,0,0,NONE,0
100BB,UTG,BTN,UNOPENED,95s,0,0,0,NONE,0
100BB,UTG,BTN,UNOPENED,94s,0,0,0,NONE,0
100BB,UTG,BTN,UNOPENED,93s,0,0,0,NONE,0
100BB,UTG,BTN,UNOPENED,92s,0,0,0,NONE,0
100BB,UTG,BTN,UNOPENED,87s,0,0,0,NONE,0
100BB,UTG,BTN,UNOPENED,86s,0,0,0,NONE,0
100BB,UTG,BTN,UNOPENED,85s,0,0,0,NONE,0
100BB,UTG,BTN,UNOPENED,84s,0,0,0,NONE,0
100BB,UTG,BTN,UNOPENED,83s,0,0,0,NONE,0
100BB,UTG,BTN,UNOPENED,82s,0,0,0,NONE,0
100BB,UTG,BTN,UNOPENED,76s,0,0,0,NONE,0
100BB,UTG,BTN,UNOPENED,75s,0,0,0,NONE,0
100BB,UTG,BTN,UNOPENED,74s,0,0,0,NONE,0
100BB,UTG,BTN,UNOPENED,73s,0,0,0,NONE,0
100BB,UTG,BTN,UNOPENED,72s,0,0,0,NONE,0
100BB,UTG,BTN,UNOPENED,65s,0,0,0,NONE,0
100BB,UTG,BTN,UNOPENED,64s,0,0,0,NONE,0
100BB,UTG,BTN,UNOPENED,63s,0,0,0,NONE,0
100BB,UTG,BTN,UNOPENED,62s,0,0,0,NONE,0
100BB,UTG,BTN,UNOPENED,54s,0,0,0,NONE,0
100BB,UTG,BTN,UNOPENED,53s,0,0,0,NONE,0
100BB,UTG,BTN,UNOPENED,52s,0,0,0,NONE,0
100BB,UTG,BTN,UNOPENED,43s,0,0,0,NONE,0
100BB,UTG,BTN,UNOPENED,42s,0,0,0,NONE,0
100BB,UTG,BTN,UNOPENED,32s,0,0,0,NONE,0
100BB,UTG,BTN,UNOPENED,AKo,0,0,0,NONE,0
100BB,UTG,BTN,UNOPENED,AQo,0,0,0,NONE,0
100BB,UTG,BTN,UNOPENED,AJo,0,0,0,NONE,0
100BB,UTG,BTN,UNOPENED,ATo,0,0,0,NONE,0
100BB,UTG,BTN,UNOPENED,A9o,0,0,0,NONE,0
100BB,UTG,BTN,UNOPENED,A8o,0,0,0,NONE,0
100BB,UTG,BTN,UNOPENED,A7o,0,0,0,NONE,0
100BB,UTG,BTN,UNOPENED,A6o,0,0,0,NONE,0
100BB,UTG,BTN,UNOPENED,A5o,0,0,0,NONE,0
100BB,UTG,BTN,UNOPENED,A4o,0,0,0,NONE,0
100BB,UTG,BTN,UNOPENED,A3o,0,0,0,NONE,0
100BB,UTG,BTN,UNOPENED,A2o,0,0,0,NONE,0
100BB,UTG,BTN,UNOPENED,KQo,0,0,0,NONE,0
100BB,UTG,BTN,UNOPENED,KJo,0,0,0,NONE,0
100BB,UTG,BTN,UNOPENED,KTo,0,0,0,NONE,0
100BB,UTG,BTN,UNOPENED,K9o,0,0,0,NONE,0
100BB,UTG,BTN,UNOPENED,K8o,0,0,0,NONE,0
100BB,UTG,BTN,UNOPENED,K7o,0,0,0,NONE,0
100BB,UTG,BTN,UNOPENED,K6o,0,0,0,NONE,0
100BB,UTG,BTN,UNOPENED,K5o,0,0,0,NONE,0
100BB,UTG,BTN,UNOPENED,K4o,0,0,0,NONE,0
100BB,UTG,BTN,UNOPENED,K3o,0,0,0,NONE,0
100BB,UTG,BTN,UNOPENED,K2o,0,0,0,NONE,0
100BB,UTG,BTN,UNOPENED,QJo,0,0,0,NONE,0
100BB,UTG,BTN,UNOPENED,QTo,0,0,0,NONE,0
100BB,UTG,BTN,UNOPENED,Q9o,0,0,0,NONE,0
100BB,UTG,BTN,UNOPENED,Q8o,0,0,0,NONE,0
100BB,UTG,BTN,UNOPENED,Q7o,0,0,0,NONE,0
100BB,UTG,BTN,UNOPENED,Q6o,0,0,0,NONE,0
100BB,UTG,BTN,UNOPENED,Q5o,0,0,0,NONE,0
100BB,UTG,BTN,UNOPENED,Q4o,0,0,0,NONE,0
100BB,UTG,BTN,UNOPENED,Q3o,0,0,0,NONE,0
100BB,UTG,BTN,UNOPENED,Q2o,0,0,0,NONE,0
100BB,UTG,BTN,UNOPENED,JTo,0,0,0,NONE,0
100BB,UTG,BTN,UNOPENED,J9o,0,0,0,NONE,0
100BB,UTG,BTN,UNOPENED,J8o,0,0,0,NONE,0
100BB,UTG,BTN,UNOPENED,J7o,0,0,0,NONE,0
100BB,UTG,BTN,UNOPENED,J6o,0,0,0,NONE,0
100BB,UTG,BTN,UNOPENED,J5o,0,0,0,NONE,0
100BB,UTG,BTN,UNOPENED,J4o,0,0,0,NONE,0
100BB,UTG,BTN,UNOPENED,J3o,0,0,0,NONE,0
100BB,UTG,BTN,UNOPENED,J2o,0,0,0,NONE,0
100BB,UTG,BTN,UNOPENED,T9o,0,0,0,NONE,0
100BB,UTG,BTN,UNOPENED,T8o,0,0,0,NONE,0
100BB,UTG,BTN,UNOPENED,T7o,0,0,0,NONE,0
100BB,UTG,BTN,UNOPENED,T6o,0,0,0,NONE,0
100BB,UTG,BTN,UNOPENED,T5o,0,0,0,NONE,0
100BB,UTG,BTN,UNOPENED,T4o,0,0,0,NONE,0
100BB,UTG,BTN,UNOPENED,T3o,0,0,0,NONE,0
100BB,UTG,BTN,UNOPENED,T2o,0,0,0,NONE,0
100BB,UTG,BTN,UNOPENED,98o,0,0,0,NONE,0
100BB,UTG,BTN,UNOPENED,97o,0,0,0,NONE,0
100BB,UTG,BTN,UNOPENED,96o,0,0,0,NONE,0
100BB,UTG,BTN,UNOPENED,95o,0,0,0,NONE,0
100BB,UTG,BTN,UNOPENED,94o,0,0,0,NONE,0
100BB,UTG,BTN,UNOPENED,93o,0,0,0,NONE,0
100BB,UTG,BTN,UNOPENED,92o,0,0,0,NONE,0
100BB,UTG,BTN,UNOPENED,87o,0,0,0,NONE,0
100BB,UTG,BTN,UNOPENED,86o,0,0,0,NONE,0
100BB,UTG,BTN,UNOPENED,85o,0,0,0,NONE,0
100BB,UTG,BTN,UNOPENED,84o,0,0,0,NONE,0
100BB,UTG,BTN,UNOPENED,83o,0,0,0,NONE,0
100BB,UTG,BTN,UNOPENED,82o,0,0,0,NONE,0
100BB,UTG,BTN,UNOPENED,76o,0,0,0,NONE,0
100BB,UTG,BTN,UNOPENED,75o,0,0,0,NONE,0
100BB,UTG,BTN,UNOPENED,74o,0,0,0,NONE,0
100BB,UTG,BTN,UNOPENED,73o,0,0,0,NONE,0
100BB,UTG,BTN,UNOPENED,72o,0,0,0,NONE,0
100BB,UTG,BTN,UNOPENED,65o,0,0,0,NONE,0
100BB,UTG,BTN,UNOPENED,64o,0,0,0,NONE,0
100BB,UTG,BTN,UNOPENED,63o,0,0,0,NONE,0
100BB,UTG,BTN,UNOPENED,62o,0,0,0,NONE,0
100BB,UTG,BTN,UNOPENED,54o,0,0,0,NONE,0
100BB,UTG,BTN,UNOPENED,53o,0,0,0,NONE,0
100BB,UTG,BTN,UNOPENED,52o,0,0,0,NONE,0
100BB,UTG,BTN,UNOPENED,43o,0,0,0,NONE,0
100BB,UTG,BTN,UNOPENED,42o,0,0,0,NONE,0
100BB,UTG,BTN,UNOPENED,32o,0,0,0,NONE,0
100BB,UTG,BTN,ONE_RAISE,AA,0,0,0,NONE,0
100BB,UTG,BTN,ONE_RAISE,KK,0,0,0,NONE,0
100BB,UTG,BTN,ONE_RAISE,QQ,0,0,0,NONE,0
100BB,UTG,BTN,ONE_RAISE,JJ,0,0,0,NONE,0
100BB,UTG,BTN,ONE_RAISE,TT,0,0,0,NONE,0
100BB,UTG,BTN,ONE_RAISE,99,0,0,0,NONE,0
100BB,UTG,BTN,ONE_RAISE,88,0,0,0,NONE,0
100BB,UTG,BTN,ONE_RAISE,77,0,0,0,NONE,0
100BB,UTG,BTN,ONE_RAISE,66,0,0,0,NONE,0
100BB,UTG,BTN,ONE_RAISE,55,0,0,0,NONE,0
100BB,UTG,BTN,ONE_RAISE,44,0,0,0,NONE,0
100BB,UTG,BTN,ONE_RAISE,33,0,0,0,NONE,0
100BB,UTG,BTN,ONE_RAISE,22,0,0,0,NONE,0
100BB,UTG,BTN,ONE_RAISE,AKs,0,0,0,NONE,0
100BB,UTG,BTN,ONE_RAISE,AQs,0,0,0,NONE,0
100BB,UTG,BTN,ONE_RAISE,AJs,0,0,0,NONE,0
100BB,UTG,BTN,ONE_RAISE,ATs,0,0,0,NONE,0
100BB,UTG,BTN,ONE_RAISE,A9s,0,0,0,NONE,0
100BB,UTG,BTN,ONE_RAISE,A8s,0,0,0,NONE,0
100BB,UTG,BTN,ONE_RAISE,A7s,0,0,0,NONE,0
100BB,UTG,BTN,ONE_RAISE,A6s,0,0,0,NONE,0
100BB,UTG,BTN,ONE_RAISE,A5s,0,0,0,NONE,0
100BB,UTG,BTN,ONE_RAISE,A4s,0,0,0,NONE,0
100BB,UTG,BTN,ONE_RAISE,A3s,0,0,0,NONE,0
100BB,UTG,BTN,ONE_RAISE,A2s,0,0,0,NONE,0
100BB,UTG,BTN,ONE_RAISE,KQs,0,0,0,NONE,0
100BB,UTG,BTN,ONE_RAISE,KJs,0,0,0,NONE,0
100BB,UTG,BTN,ONE_RAISE,KTs,0,0,0,NONE,0
100BB,UTG,BTN,ONE_RAISE,K9s,0,0,0,NONE,0
100BB,UTG,BTN,ONE_RAISE,K8s,0,0,0,NONE,0
100BB,UTG,BTN,ONE_RAISE,K7s,0,0,0,NONE,0
100BB,UTG,BTN,ONE_RAISE,K6s,0,0,0,NONE,0
100BB,UTG,BTN,ONE_RAISE,K5s,0,0,0,NONE,0
100BB,UTG,BTN,ONE_RAISE,K4s,0,0,0,NONE,0
100BB,UTG,BTN,ONE_RAISE,K3s,0,0,0,NONE,0
100BB,UTG,BTN,ONE_RAISE,K2s,0,0,0,NONE,0
100BB,UTG,BTN,ONE_RAISE,QJs,0,0,0,NONE,0
100BB,UTG,BTN,ONE_RAISE,QTs,0,0,0,NONE,0
100BB,UTG,BTN,ONE_RAISE,Q9s,0,0,0,NONE,0
100BB,UTG,BTN,ONE_RAISE,Q8s,0,0,0,NONE,0
100BB,UTG,BTN,ONE_RAISE,Q7s,0,0,0,NONE,0
100BB,UTG,BTN,ONE_RAISE,Q6s,0,0,0,NONE,0
100BB,UTG,BTN,ONE_RAISE,Q5s,0,0,0,NONE,0
100BB,UTG,BTN,ONE_RAISE,Q4s,0,0,0,NONE,0
100BB,UTG,BTN,ONE_RAISE,Q3s,0,0,0,NONE,0
100BB,UTG,BTN,ONE_RAISE,Q2s,0,0,0,NONE,0
100BB,UTG,BTN,ONE_RAISE,JTs,0,0,0,NONE,0
100BB,UTG,BTN,ONE_RAISE,J9s,0,0,0,NONE,0
100BB,UTG,BTN,ONE_RAISE,J8s,0,0,0,NONE,0
100BB,UTG,BTN,ONE_RAISE,J7s,0,0,0,NONE,0
100BB,UTG,BTN,ONE_RAISE,J6s,0,0,0,NONE,0
100BB,UTG,BTN,ONE_RAISE,J5s,0,0,0,NONE,0
100BB,UTG,BTN,ONE_RAISE,J4s,0,0,0,NONE,0
100BB,UTG,BTN,ONE_RAISE,J3s,0,0,0,NONE,0
100BB,UTG,BTN,ONE_RAISE,J2s,0,0,0,NONE,0
100BB,UTG,BTN,ONE_RAISE,T9s,0,0,0,NONE,0
100BB,UTG,BTN,ONE_RAISE,T8s,0,0,0,NONE,0
100BB,UTG,BTN,ONE_RAISE,T7s,0,0,0,NONE,0
100BB,UTG,BTN,ONE_RAISE,T6s,0,0,0,NONE,0
100BB,UTG,BTN,ONE_RAISE,T5s,0,0,0,NONE,0
100BB,UTG,BTN,ONE_RAISE,T4s,0,0,0,NONE,0
100BB,UTG,BTN,ONE_RAISE,T3s,0,0,0,NONE,0
100BB,UTG,BTN,ONE_RAISE,T2s,0,0,0,NONE,0
100BB,UTG,BTN,ONE_RAISE,98s,0,0,0,NONE,0
100BB,UTG,BTN,ONE_RAISE,97s,0,0,0,NONE,0
100BB,UTG,BTN,ONE_RAISE,96s,0,0,0,NONE,0
100BB,UTG,BTN,ONE_RAISE,95s,0,0,0,NONE,0
100BB,UTG,BTN,ONE_RAISE,94s,0,0,0,NONE,0
100BB,UTG,BTN,ONE_RAISE,93s,0,0,0,NONE,0
100BB,UTG,BTN,ONE_RAISE,92s,0,0,0,NONE,0
100BB,UTG,BTN,ONE_RAISE,87s,0,0,0,NONE,0
100BB,UTG,BTN,ONE_RAISE,86s,0,0,0,NONE,0
100BB,UTG,BTN,ONE_RAISE,85s,0,0,0,NONE,0
100BB,UTG,BTN,ONE_RAISE,84s,0,0,0,NONE,0
100BB,UTG,BTN,ONE_RAISE,83s,0,0,0,NONE,0
100BB,UTG,BTN,ONE_RAISE,82s,0,0,0,NONE,0
100BB,UTG,BTN,ONE_RAISE,76s,0,0,0,NONE,0
100BB,UTG,BTN,ONE_RAISE,75s,0,0,0,NONE,0
100BB,UTG,BTN,ONE_RAISE,74s,0,0,0,NONE,0
100BB,UTG,BTN,ONE_RAISE,73s,0,0,0,NONE,0
100BB,UTG,BTN,ONE_RAISE,72s,0,0,0,NONE,0
100BB,UTG,BTN,ONE_RAISE,65s,0,0,0,NONE,0
100BB,UTG,BTN,ONE_RAISE,64s,0,0,0,NONE,0
100BB,UTG,BTN,ONE_RAISE,63s,0,0,0,NONE,0
100BB,UTG,BTN,ONE_RAISE,62s,0,0,0,NONE,0
100BB,UTG,BTN,ONE_RAISE,54s,0,0,0,NONE,0
100BB,UTG,BTN,ONE_RAISE,53s,0,0,0,NONE,0
100BB,UTG,BTN,ONE_RAISE,52s,0,0,0,NONE,0
100BB,UTG,BTN,ONE_RAISE,43s,0,0,0,NONE,0
100BB,UTG,BTN,ONE_RAISE,42s,0,0,0,NONE,0
100BB,UTG,BTN,ONE_RAISE,32s,0,0,0,NONE,0
100BB,UTG,BTN,ONE_RAISE,AKo,0,0,0,NONE,0
100BB,UTG,BTN,ONE_RAISE,AQo,0,0,0,NONE,0
100BB,UTG,BTN,ONE_RAISE,AJo,0,0,0,NONE,0
100BB,UTG,BTN,ONE_RAISE,ATo,0,0,0,NONE,0
100BB,UTG,BTN,ONE_RAISE,A9o,0,0,0,NONE,0
100BB,UTG,BTN,ONE_RAISE,A8o,0,0,0,NONE,0
100BB,UTG,BTN,ONE_RAISE,A7o,0,0,0,NONE,0
100BB,UTG,BTN,ONE_RAISE,A6o,0,0,0,NONE,0
100BB,UTG,BTN,ONE_RAISE,A5o,0,0,0,NONE,0
100BB,UTG,BTN,ONE_RAISE,A4o,0,0,0,NONE,0
100BB,UTG,BTN,ONE_RAISE,A3o,0,0,0,NONE,0
100BB,UTG,BTN,ONE_RAISE,A2o,0,0,0,NONE,0
100BB,UTG,BTN,ONE_RAISE,KQo,0,0,0,NONE,0
100BB,UTG,BTN,ONE_RAISE,KJo,0,0,0,NONE,0
100BB,UTG,BTN,ONE_RAISE,KTo,0,0,0,NONE,0
100BB,UTG,BTN,ONE_RAISE,K9o,0,0,0,NONE,0
100BB,UTG,BTN,ONE_RAISE,K8o,0,0,0,NONE,0
100BB,UTG,BTN,ONE_RAISE,K7o,0,0,0,NONE,0
100BB,UTG,BTN,ONE_RAISE,K6o,0,0,0,NONE,0
100BB,UTG,BTN,ONE_RAISE,K5o,0,0,0,NONE,0
100BB,UTG,BTN,ONE_RAISE,K4o,0,0,0,NONE,0
100BB,UTG,BTN,ONE_RAISE,K3o,0,0,0,NONE,0
100BB,UTG,BTN,ONE_RAISE,K2o,0,0,0,NONE,0
100BB,UTG,BTN,ONE_RAISE,QJo,0,0,0,NONE,0
100BB,UTG,BTN,ONE_RAISE,QTo,0,0,0,NONE,0
100BB,UTG,BTN,ONE_RAISE,Q9o,0,0,0,NONE,0
100BB,UTG,BTN,ONE_RAISE,Q8o,0,0,0,NONE,0
100BB,UTG,BTN,ONE_RAISE,Q7o,0,0,0,NONE,0
100BB,UTG,BTN,ONE_RAISE,Q6o,0,0,0,NONE,0
100BB,UTG,BTN,ONE_RAISE,Q5o,0,0,0,NONE,0
100BB,UTG,BTN,ONE_RAISE,Q4o,0,0,0,NONE,0
100BB,UTG,BTN,ONE_RAISE,Q3o,0,0,0,NONE,0
100BB,UTG,BTN,ONE_RAISE,Q2o,0,0,0,NONE,0
100BB,UTG,BTN,ONE_RAISE,JTo,0,0,0,NONE,0
100BB,UTG,BTN,ONE_RAISE,J9o,0,0,0,NONE,0
100BB,UTG,BTN,ONE_RAISE,J8o,0,0,0,NONE,0
100BB,UTG,BTN,ONE_RAISE,J7o,0,0,0,NONE,0
100BB,UTG,BTN,ONE_RAISE,J6o,0,0,0,NONE,0
100BB,UTG,BTN,ONE_RAISE,J5o,0,0,0,NONE,0
100BB,UTG,BTN,ONE_RAISE,J4o,0,0,0,NONE,0
100BB,UTG,BTN,ONE_RAISE,J3o,0,0,0,NONE,0
100BB,UTG,BTN,ONE_RAISE,J2o,0,0,0,NONE,0
100BB,UTG,BTN,ONE_RAISE,T9o,0,0,0,NONE,0
100BB,UTG,BTN,ONE_RAISE,T8o,0,0,0,NONE,0
100BB,UTG,BTN,ONE_RAISE,T7o,0,0,0,NONE,0
100BB,UTG,BTN,ONE_RAISE,T6o,0,0,0,NONE,0
100BB,UTG,BTN,ONE_RAISE,T5o,0,0,0,NONE,0
100BB,UTG,BTN,ONE_RAISE,T4o,0,0,0,NONE,0
100BB,UTG,BTN,ONE_RAISE,T3o,0,0,0,NONE,0
100BB,UTG,BTN,ONE_RAISE,T2o,0,0,0,NONE,0
100BB,UTG,BTN,ONE_RAISE,98o,0,0,0,NONE,0
100BB,UTG,BTN,ONE_RAISE,97o,0,0,0,NONE,0
100BB,UTG,BTN,ONE_RAISE,96o,0,0,0,NONE,0
100BB,UTG,BTN,ONE_RAISE,95o,0,0,0,NONE,0
100BB,UTG,BTN,ONE_RAISE,94o,0,0,0,NONE,0
100BB,UTG,BTN,ONE_RAISE,93o,0,0,0,NONE,0
100BB,UTG,BTN,ONE_RAISE,92o,0,0,0,NONE,0
100BB,UTG,BTN,ONE_RAISE,87o,0,0,0,NONE,0
100BB,UTG,BTN,ONE_RAISE,86o,0,0,0,NONE,0
100BB,UTG,BTN,ONE_RAISE,85o,0,0,0,NONE,0
100BB,UTG,BTN,ONE_RAISE,84o,0,0,0,NONE,0
100BB,UTG,BTN,ONE_RAISE,83o,0,0,0,NONE,0
100BB,UTG,BTN,ONE_RAISE,82o,0,0,0,NONE,0
100BB,UTG,BTN,ONE_RAISE,76o,0,0,0,NONE,0
100BB,UTG,BTN,ONE_RAISE,75o,0,0,0,NONE,0
100BB,UTG,BTN,ONE_RAISE,74o,0,0,0,NONE,0
100BB,UTG,BTN,ONE_RAISE,73o,0,0,0,NONE,0
100BB,UTG,BTN,ONE_RAISE,72o,0,0,0,NONE,0
100BB,UTG,BTN,ONE_RAISE,65o,0,0,0,NONE,0
100BB,UTG,BTN,ONE_RAISE,64o,0,0,0,NONE,0
100BB,UTG,BTN,ONE_RAISE,63o,0,0,0,NONE,0
100BB,UTG,BTN,ONE_RAISE,62o,0,0,0,NONE,0
100BB,UTG,BTN,ONE_RAISE,54o,0,0,0,NONE,0
100BB,UTG,BTN,ONE_RAISE,53o,0,0,0,NONE,0
100BB,UTG,BTN,ONE_RAISE,52o,0,0,0,NONE,0
100BB,UTG,BTN,ONE_RAISE,43o,0,0,0,NONE,0
100BB,UTG,BTN,ONE_RAISE,42o,0,0,0,NONE,0
100BB,UTG,BTN,ONE_RAISE,32o,0,0,0,NONE,0
100BB,UTG,BTN,THREE_BET,AA,0,0,100,2.5,1
100BB,UTG,BTN,THREE_BET,KK,0,0,100,2.5,1
100BB,UTG,BTN,THREE_BET,QQ,0,63,37,2.5,1
100BB,UTG,BTN,THREE_BET,JJ,0,63,37,2.5,1
100BB,UTG,BTN,THREE_BET,TT,0,80,20,2.5,1
100BB,UTG,BTN,THREE_BET,99,0,90,10,2.5,1
100BB,UTG,BTN,THREE_BET,88,0,97,3,2.5,1
100BB,UTG,BTN,THREE_BET,77,0,94,6,2.5,1
100BB,UTG,BTN,THREE_BET,66,0,96,4,2.5,1
100BB,UTG,BTN,THREE_BET,55,0,100,0,NONE,1
100BB,UTG,BTN,THREE_BET,44,0,100,0,NONE,1
100BB,UTG,BTN,THREE_BET,33,9,91,0,NONE,1
100BB,UTG,BTN,THREE_BET,22,0,100,0,NONE,1
100BB,UTG,BTN,THREE_BET,AKs,0,1,99,2.5,1
100BB,UTG,BTN,THREE_BET,AQs,0,100,0,NONE,1
100BB,UTG,BTN,THREE_BET,AJs,0,100,0,NONE,1
100BB,UTG,BTN,THREE_BET,ATs,0,80,20,2.5,1
100BB,UTG,BTN,THREE_BET,A9s,0,70,30,2.5,1
100BB,UTG,BTN,THREE_BET,A8s,4,59,37,2.5,1
100BB,UTG,BTN,THREE_BET,A7s,16,63,21,2.5,1
100BB,UTG,BTN,THREE_BET,A6s,100,0,0,NONE,1
100BB,UTG,BTN,THREE_BET,A5s,0,52,48,2.5,1
100BB,UTG,BTN,THREE_BET,A4s,0,51,49,2.5,1
100BB,UTG,BTN,THREE_BET,A3s,51,42,7,2.5,1
100BB,UTG,BTN,THREE_BET,A2s,100,0,0,NONE,1
100BB,UTG,BTN,THREE_BET,KQs,0,100,0,NONE,1
100BB,UTG,BTN,THREE_BET,KJs,0,72,28,2.5,1
100BB,UTG,BTN,THREE_BET,KTs,0,60,40,2.5,1
100BB,UTG,BTN,THREE_BET,K9s,93,7,0,NONE,1
100BB,UTG,BTN,THREE_BET,K8s,63,37,0,NONE,1
100BB,UTG,BTN,THREE_BET,K7s,100,0,0,NONE,1
100BB,UTG,BTN,THREE_BET,K6s,100,0,0,NONE,1
100BB,UTG,BTN,THREE_BET,K5s,100,0,0,NONE,1
100BB,UTG,BTN,THREE_BET,K4s,100,0,0,NONE,1
100BB,UTG,BTN,THREE_BET,K3s,100,0,0,NONE,1
100BB,UTG,BTN,THREE_BET,K2s,100,0,0,NONE,1
100BB,UTG,BTN,THREE_BET,QJs,0,100,0,NONE,1
100BB,UTG,BTN,THREE_BET,QTs,0,93,7,2.5,1
100BB,UTG,BTN,THREE_BET,Q9s,100,0,0,NONE,1
100BB,UTG,BTN,THREE_BET,Q8s,100,0,0,NONE,1
100BB,UTG,BTN,THREE_BET,Q7s,100,0,0,NONE,1
100BB,UTG,BTN,THREE_BET,Q6s,100,0,0,NONE,1
100BB,UTG,BTN,THREE_BET,Q5s,100,0,0,NONE,1
100BB,UTG,BTN,THREE_BET,Q4s,100,0,0,NONE,1
100BB,UTG,BTN,THREE_BET,Q3s,100,0,0,NONE,1
100BB,UTG,BTN,THREE_BET,Q2s,100,0,0,NONE,1
100BB,UTG,BTN,THREE_BET,JTs,0,76,24,2.5,1
100BB,UTG,BTN,THREE_BET,J9s,69,31,0,NONE,1
100BB,UTG,BTN,THREE_BET,J8s,100,0,0,NONE,1
100BB,UTG,BTN,THREE_BET,J7s,100,0,0,NONE,1
100BB,UTG,BTN,THREE_BET,J6s,100,0,0,NONE,1
100BB,UTG,BTN,THREE_BET,J5s,100,0,0,NONE,1
100BB,UTG,BTN,THREE_BET,J4s,100,0,0,NONE,1
100BB,UTG,BTN,THREE_BET,J3s,100,0,0,NONE,1
100BB,UTG,BTN,THREE_BET,J2s,100,0,0,NONE,1
100BB,UTG,BTN,THREE_BET,T9s,4,76,20,2.5,1
100BB,UTG,BTN,THREE_BET,T8s,52,48,0,NONE,1
100BB,UTG,BTN,THREE_BET,T7s,100,0,0,NONE,1
100BB,UTG,BTN,THREE_BET,T6s,100,0,0,NONE,1
100BB,UTG,BTN,THREE_BET,T5s,100,0,0,NONE,1
100BB,UTG,BTN,THREE_BET,T4s,100,0,0,NONE,1
100BB,UTG,BTN,THREE_BET,T3s,100,0,0,NONE,1
100BB,UTG,BTN,THREE_BET,T2s,100,0,0,NONE,1
100BB,UTG,BTN,THREE_BET,98s,62,38,0,NONE,1
100BB,UTG,BTN,THREE_BET,97s,100,0,0,NONE,1
100BB,UTG,BTN,THREE_BET,96s,100,0,0,NONE,1
100BB,UTG,BTN,THREE_BET,95s,100,0,0,NONE,1
100BB,UTG,BTN,THREE_BET,94s,100,0,0,NONE,1
100BB,UTG,BTN,THREE_BET,93s,100,0,0,NONE,1
100BB,UTG,BTN,THREE_BET,92s,100,0,0,NONE,1
100BB,UTG,BTN,THREE_BET,87s,9,80,11,2.5,1
100BB,UTG,BTN,THREE_BET,86s,100,0,0,NONE,1
100BB,UTG,BTN,THREE_BET,85s,100,0,0,NONE,1
100BB,UTG,BTN,THREE_BET,84s,100,0,0,NONE,1
100BB,UTG,BTN,THREE_BET,83s,100,0,0,NONE,1
100BB,UTG,BTN,THREE_BET,82s,100,0,0,NONE,1
100BB,UTG,BTN,THREE_BET,76s,4,70,26,2.5,1
100BB,UTG,BTN,THREE_BET,75s,100,0,0,NONE,1
100BB,UTG,BTN,THREE_BET,74s,100,0,0,NONE,1
100BB,UTG,BTN,THREE_BET,73s,100,0,0,NONE,1
100BB,UTG,BTN,THREE_BET,72s,100,0,0,NONE,1
100BB,UTG,BTN,THREE_BET,65s,0,100,0,NONE,1
100BB,UTG,BTN,THREE_BET,64s,100,0,0,NONE,1
100BB,UTG,BTN,THREE_BET,63s,100,0,0,NONE,1
100BB,UTG,BTN,THREE_BET,62s,100,0,0,NONE,1
100BB,UTG,BTN,THREE_BET,54s,0,100,0,NONE,1
100BB,UTG,BTN,THREE_BET,53s,100,0,0,NONE,1
100BB,UTG,BTN,THREE_BET,52s,100,0,0,NONE,1
100BB,UTG,BTN,THREE_BET,43s,100,0,0,NONE,1
100BB,UTG,BTN,THREE_BET,42s,100,0,0,NONE,1
100BB,UTG,BTN,THREE_BET,32s,100,0,0,NONE,1
100BB,UTG,BTN,THREE_BET,AKo,0,30,70,2.5,1
100BB,UTG,BTN,THREE_BET,AQo,0,42,58,2.5,1
100BB,UTG,BTN,THREE_BET,AJo,100,0,0,NONE,1
100BB,UTG,BTN,THREE_BET,ATo,100,0,0,NONE,1
100BB,UTG,BTN,THREE_BET,A9o,100,0,0,NONE,1
100BB,UTG,BTN,THREE_BET,A8o,100,0,0,NONE,1
100BB,UTG,BTN,THREE_BET,A7o,100,0,0,NONE,1
100BB,UTG,BTN,THREE_BET,A6o,100,0,0,NONE,1
100BB,UTG,BTN,THREE_BET,A5o,100,0,0,NONE,1
100BB,UTG,BTN,THREE_BET,A4o,100,0,0,NONE,1
100BB,UTG,BTN,THREE_BET,A3o,100,0,0,NONE,1
100BB,UTG,BTN,THREE_BET,A2o,100,0,0,NONE,1
100BB,UTG,BTN,THREE_BET,KQo,100,0,0,NONE,1
100BB,UTG,BTN,THREE_BET,KJo,100,0,0,NONE,1
100BB,UTG,BTN,THREE_BET,KTo,100,0,0,NONE,1
100BB,UTG,BTN,THREE_BET,K9o,100,0,0,NONE,1
100BB,UTG,BTN,THREE_BET,K8o,100,0,0,NONE,1
100BB,UTG,BTN,THREE_BET,K7o,100,0,0,NONE,1
100BB,UTG,BTN,THREE_BET,K6o,100,0,0,NONE,1
100BB,UTG,BTN,THREE_BET,K5o,100,0,0,NONE,1
100BB,UTG,BTN,THREE_BET,K4o,100,0,0,NONE,1
100BB,UTG,BTN,THREE_BET,K3o,100,0,0,NONE,1
100BB,UTG,BTN,THREE_BET,K2o,100,0,0,NONE,1
100BB,UTG,BTN,THREE_BET,QJo,100,0,0,NONE,1
100BB,UTG,BTN,THREE_BET,QTo,100,0,0,NONE,1
100BB,UTG,BTN,THREE_BET,Q9o,100,0,0,NONE,1
100BB,UTG,BTN,THREE_BET,Q8o,100,0,0,NONE,1
100BB,UTG,BTN,THREE_BET,Q7o,100,0,0,NONE,1
100BB,UTG,BTN,THREE_BET,Q6o,100,0,0,NONE,1
100BB,UTG,BTN,THREE_BET,Q5o,100,0,0,NONE,1
100BB,UTG,BTN,THREE_BET,Q4o,100,0,0,NONE,1
100BB,UTG,BTN,THREE_BET,Q3o,100,0,0,NONE,1
100BB,UTG,BTN,THREE_BET,Q2o,100,0,0,NONE,1
100BB,UTG,BTN,THREE_BET,JTo,100,0,0,NONE,1
100BB,UTG,BTN,THREE_BET,J9o,100,0,0,NONE,1
100BB,UTG,BTN,THREE_BET,J8o,100,0,0,NONE,1
100BB,UTG,BTN,THREE_BET,J7o,100,0,0,NONE,1
100BB,UTG,BTN,THREE_BET,J6o,100,0,0,NONE,1
100BB,UTG,BTN,THREE_BET,J5o,100,0,0,NONE,1
100BB,UTG,BTN,THREE_BET,J4o,100,0,0,NONE,1
100BB,UTG,BTN,THREE_BET,J3o,100,0,0,NONE,1
100BB,UTG,BTN,THREE_BET,J2o,100,0,0,NONE,1
100BB,UTG,BTN,THREE_BET,T9o,100,0,0,NONE,1
100BB,UTG,BTN,THREE_BET,T8o,100,0,0,NONE,1
100BB,UTG,BTN,THREE_BET,T7o,100,0,0,NONE,1
100BB,UTG,BTN,THREE_BET,T6o,100,0,0,NONE,1
100BB,UTG,BTN,THREE_BET,T5o,100,0,0,NONE,1
100BB,UTG,BTN,THREE_BET,T4o,100,0,0,NONE,1
100BB,UTG,BTN,THREE_BET,T3o,100,0,0,NONE,1
100BB,UTG,BTN,THREE_BET,T2o,100,0,0,NONE,1
100BB,UTG,BTN,THREE_BET,98o,100,0,0,NONE,1
100BB,UTG,BTN,THREE_BET,97o,100,0,0,NONE,1
100BB,UTG,BTN,THREE_BET,96o,100,0,0,NONE,1
100BB,UTG,BTN,THREE_BET,95o,100,0,0,NONE,1
100BB,UTG,BTN,THREE_BET,94o,100,0,0,NONE,1
100BB,UTG,BTN,THREE_BET,93o,100,0,0,NONE,1
100BB,UTG,BTN,THREE_BET,92o,100,0,0,NONE,1
100BB,UTG,BTN,THREE_BET,87o,100,0,0,NONE,1
100BB,UTG,BTN,THREE_BET,86o,100,0,0,NONE,1
100BB,UTG,BTN,THREE_BET,85o,100,0,0,NONE,1
100BB,UTG,BTN,THREE_BET,84o,100,0,0,NONE,1
100BB,UTG,BTN,THREE_BET,83o,100,0,0,NONE,1
100BB,UTG,BTN,THREE_BET,82o,100,0,0,NONE,1
100BB,UTG,BTN,THREE_BET,76o,100,0,0,NONE,1
100BB,UTG,BTN,THREE_BET,75o,100,0,0,NONE,1
100BB,UTG,BTN,THREE_BET,74o,100,0,0,NONE,1
100BB,UTG,BTN,THREE_BET,73o,100,0,0,NONE,1
100BB,UTG,BTN,THREE_BET,72o,100,0,0,NONE,1
100BB,UTG,BTN,THREE_BET,65o,100,0,0,NONE,1
100BB,UTG,BTN,THREE_BET,64o,100,0,0,NONE,1
100BB,UTG,BTN,THREE_BET,63o,100,0,0,NONE,1
100BB,UTG,BTN,THREE_BET,62o,100,0,0,NONE,1
100BB,UTG,BTN,THREE_BET,54o,100,0,0,NONE,1
100BB,UTG,BTN,THREE_BET,53o,100,0,0,NONE,1
100BB,UTG,BTN,THREE_BET,52o,100,0,0,NONE,1
100BB,UTG,BTN,THREE_BET,43o,100,0,0,NONE,1
100BB,UTG,BTN,THREE_BET,42o,100,0,0,NONE,1
100BB,UTG,BTN,THREE_BET,32o,100,0,0,NONE,1
100BB,UTG,SB,UNOPENED,AA,0,0,0,NONE,0
100BB,UTG,SB,UNOPENED,KK,0,0,0,NONE,0
100BB,UTG,SB,UNOPENED,QQ,0,0,0,NONE,0
100BB,UTG,SB,UNOPENED,JJ,0,0,0,NONE,0
100BB,UTG,SB,UNOPENED,TT,0,0,0,NONE,0
100BB,UTG,SB,UNOPENED,99,0,0,0,NONE,0
100BB,UTG,SB,UNOPENED,88,0,0,0,NONE,0
100BB,UTG,SB,UNOPENED,77,0,0,0,NONE,0
100BB,UTG,SB,UNOPENED,66,0,0,0,NONE,0
100BB,UTG,SB,UNOPENED,55,0,0,0,NONE,0
100BB,UTG,SB,UNOPENED,44,0,0,0,NONE,0
100BB,UTG,SB,UNOPENED,33,0,0,0,NONE,0
100BB,UTG,SB,UNOPENED,22,0,0,0,NONE,0
100BB,UTG,SB,UNOPENED,AKs,0,0,0,NONE,0
100BB,UTG,SB,UNOPENED,AQs,0,0,0,NONE,0
100BB,UTG,SB,UNOPENED,AJs,0,0,0,NONE,0
100BB,UTG,SB,UNOPENED,ATs,0,0,0,NONE,0
100BB,UTG,SB,UNOPENED,A9s,0,0,0,NONE,0
100BB,UTG,SB,UNOPENED,A8s,0,0,0,NONE,0
100BB,UTG,SB,UNOPENED,A7s,0,0,0,NONE,0
100BB,UTG,SB,UNOPENED,A6s,0,0,0,NONE,0
100BB,UTG,SB,UNOPENED,A5s,0,0,0,NONE,0
100BB,UTG,SB,UNOPENED,A4s,0,0,0,NONE,0
100BB,UTG,SB,UNOPENED,A3s,0,0,0,NONE,0
100BB,UTG,SB,UNOPENED,A2s,0,0,0,NONE,0
100BB,UTG,SB,UNOPENED,KQs,0,0,0,NONE,0
100BB,UTG,SB,UNOPENED,KJs,0,0,0,NONE,0
100BB,UTG,SB,UNOPENED,KTs,0,0,0,NONE,0
100BB,UTG,SB,UNOPENED,K9s,0,0,0,NONE,0
100BB,UTG,SB,UNOPENED,K8s,0,0,0,NONE,0
100BB,UTG,SB,UNOPENED,K7s,0,0,0,NONE,0
100BB,UTG,SB,UNOPENED,K6s,0,0,0,NONE,0
100BB,UTG,SB,UNOPENED,K5s,0,0,0,NONE,0
100BB,UTG,SB,UNOPENED,K4s,0,0,0,NONE,0
100BB,UTG,SB,UNOPENED,K3s,0,0,0,NONE,0
100BB,UTG,SB,UNOPENED,K2s,0,0,0,NONE,0
100BB,UTG,SB,UNOPENED,QJs,0,0,0,NONE,0
100BB,UTG,SB,UNOPENED,QTs,0,0,0,NONE,0
100BB,UTG,SB,UNOPENED,Q9s,0,0,0,NONE,0
100BB,UTG,SB,UNOPENED,Q8s,0,0,0,NONE,0
100BB,UTG,SB,UNOPENED,Q7s,0,0,0,NONE,0
100BB,UTG,SB,UNOPENED,Q6s,0,0,0,NONE,0
100BB,UTG,SB,UNOPENED,Q5s,0,0,0,NONE,0
100BB,UTG,SB,UNOPENED,Q4s,0,0,0,NONE,0
100BB,UTG,SB,UNOPENED,Q3s,0,0,0,NONE,0
100BB,UTG,SB,UNOPENED,Q2s,0,0,0,NONE,0
100BB,UTG,SB,UNOPENED,JTs,0,0,0,NONE,0
100BB,UTG,SB,UNOPENED,J9s,0,0,0,NONE,0
100BB,UTG,SB,UNOPENED,J8s,0,0,0,NONE,0
100BB,UTG,SB,UNOPENED,J7s,0,0,0,NONE,0
100BB,UTG,SB,UNOPENED,J6s,0,0,0,NONE,0
100BB,UTG,SB,UNOPENED,J5s,0,0,0,NONE,0
100BB,UTG,SB,UNOPENED,J4s,0,0,0,NONE,0
100BB,UTG,SB,UNOPENED,J3s,0,0,0,NONE,0
100BB,UTG,SB,UNOPENED,J2s,0,0,0,NONE,0
100BB,UTG,SB,UNOPENED,T9s,0,0,0,NONE,0
100BB,UTG,SB,UNOPENED,T8s,0,0,0,NONE,0
100BB,UTG,SB,UNOPENED,T7s,0,0,0,NONE,0
100BB,UTG,SB,UNOPENED,T6s,0,0,0,NONE,0
100BB,UTG,SB,UNOPENED,T5s,0,0,0,NONE,0
100BB,UTG,SB,UNOPENED,T4s,0,0,0,NONE,0
100BB,UTG,SB,UNOPENED,T3s,0,0,0,NONE,0
100BB,UTG,SB,UNOPENED,T2s,0,0,0,NONE,0
100BB,UTG,SB,UNOPENED,98s,0,0,0,NONE,0
100BB,UTG,SB,UNOPENED,97s,0,0,0,NONE,0
100BB,UTG,SB,UNOPENED,96s,0,0,0,NONE,0
100BB,UTG,SB,UNOPENED,95s,0,0,0,NONE,0
100BB,UTG,SB,UNOPENED,94s,0,0,0,NONE,0
100BB,UTG,SB,UNOPENED,93s,0,0,0,NONE,0
100BB,UTG,SB,UNOPENED,92s,0,0,0,NONE,0
100BB,UTG,SB,UNOPENED,87s,0,0,0,NONE,0
100BB,UTG,SB,UNOPENED,86s,0,0,0,NONE,0
100BB,UTG,SB,UNOPENED,85s,0,0,0,NONE,0
100BB,UTG,SB,UNOPENED,84s,0,0,0,NONE,0
100BB,UTG,SB,UNOPENED,83s,0,0,0,NONE,0
100BB,UTG,SB,UNOPENED,82s,0,0,0,NONE,0
100BB,UTG,SB,UNOPENED,76s,0,0,0,NONE,0
100BB,UTG,SB,UNOPENED,75s,0,0,0,NONE,0
100BB,UTG,SB,UNOPENED,74s,0,0,0,NONE,0
100BB,UTG,SB,UNOPENED,73s,0,0,0,NONE,0
100BB,UTG,SB,UNOPENED,72s,0,0,0,NONE,0
100BB,UTG,SB,UNOPENED,65s,0,0,0,NONE,0
100BB,UTG,SB,UNOPENED,64s,0,0,0,NONE,0
100BB,UTG,SB,UNOPENED,63s,0,0,0,NONE,0
100BB,UTG,SB,UNOPENED,62s,0,0,0,NONE,0
100BB,UTG,SB,UNOPENED,54s,0,0,0,NONE,0
100BB,UTG,SB,UNOPENED,53s,0,0,0,NONE,0
100BB,UTG,SB,UNOPENED,52s,0,0,0,NONE,0
100BB,UTG,SB,UNOPENED,43s,0,0,0,NONE,0
100BB,UTG,SB,UNOPENED,42s,0,0,0,NONE,0
100BB,UTG,SB,UNOPENED,32s,0,0,0,NONE,0
100BB,UTG,SB,UNOPENED,AKo,0,0,0,NONE,0
100BB,UTG,SB,UNOPENED,AQo,0,0,0,NONE,0
100BB,UTG,SB,UNOPENED,AJo,0,0,0,NONE,0
100BB,UTG,SB,UNOPENED,ATo,0,0,0,NONE,0
100BB,UTG,SB,UNOPENED,A9o,0,0,0,NONE,0
100BB,UTG,SB,UNOPENED,A8o,0,0,0,NONE,0
100BB,UTG,SB,UNOPENED,A7o,0,0,0,NONE,0
100BB,UTG,SB,UNOPENED,A6o,0,0,0,NONE,0
100BB,UTG,SB,UNOPENED,A5o,0,0,0,NONE,0
100BB,UTG,SB,UNOPENED,A4o,0,0,0,NONE,0
100BB,UTG,SB,UNOPENED,A3o,0,0,0,NONE,0
100BB,UTG,SB,UNOPENED,A2o,0,0,0,NONE,0
100BB,UTG,SB,UNOPENED,KQo,0,0,0,NONE,0
100BB,UTG,SB,UNOPENED,KJo,0,0,0,NONE,0
100BB,UTG,SB,UNOPENED,KTo,0,0,0,NONE,0
100BB,UTG,SB,UNOPENED,K9o,0,0,0,NONE,0
100BB,UTG,SB,UNOPENED,K8o,0,0,0,NONE,0
100BB,UTG,SB,UNOPENED,K7o,0,0,0,NONE,0
100BB,UTG,SB,UNOPENED,K6o,0,0,0,NONE,0
100BB,UTG,SB,UNOPENED,K5o,0,0,0,NONE,0
100BB,UTG,SB,UNOPENED,K4o,0,0,0,NONE,0
100BB,UTG,SB,UNOPENED,K3o,0,0,0,NONE,0
100BB,UTG,SB,UNOPENED,K2o,0,0,0,NONE,0
100BB,UTG,SB,UNOPENED,QJo,0,0,0,NONE,0
100BB,UTG,SB,UNOPENED,QTo,0,0,0,NONE,0
100BB,UTG,SB,UNOPENED,Q9o,0,0,0,NONE,0
100BB,UTG,SB,UNOPENED,Q8o,0,0,0,NONE,0
100BB,UTG,SB,UNOPENED,Q7o,0,0,0,NONE,0
100BB,UTG,SB,UNOPENED,Q6o,0,0,0,NONE,0
100BB,UTG,SB,UNOPENED,Q5o,0,0,0,NONE,0
100BB,UTG,SB,UNOPENED,Q4o,0,0,0,NONE,0
100BB,UTG,SB,UNOPENED,Q3o,0,0,0,NONE,0
100BB,UTG,SB,UNOPENED,Q2o,0,0,0,NONE,0
100BB,UTG,SB,UNOPENED,JTo,0,0,0,NONE,0
100BB,UTG,SB,UNOPENED,J9o,0,0,0,NONE,0
100BB,UTG,SB,UNOPENED,J8o,0,0,0,NONE,0
100BB,UTG,SB,UNOPENED,J7o,0,0,0,NONE,0
100BB,UTG,SB,UNOPENED,J6o,0,0,0,NONE,0
100BB,UTG,SB,UNOPENED,J5o,0,0,0,NONE,0
100BB,UTG,SB,UNOPENED,J4o,0,0,0,NONE,0
100BB,UTG,SB,UNOPENED,J3o,0,0,0,NONE,0
100BB,UTG,SB,UNOPENED,J2o,0,0,0,NONE,0
100BB,UTG,SB,UNOPENED,T9o,0,0,0,NONE,0
100BB,UTG,SB,UNOPENED,T8o,0,0,0,NONE,0
100BB,UTG,SB,UNOPENED,T7o,0,0,0,NONE,0
100BB,UTG,SB,UNOPENED,T6o,0,0,0,NONE,0
100BB,UTG,SB,UNOPENED,T5o,0,0,0,NONE,0
100BB,UTG,SB,UNOPENED,T4o,0,0,0,NONE,0
100BB,UTG,SB,UNOPENED,T3o,0,0,0,NONE,0
100BB,UTG,SB,UNOPENED,T2o,0,0,0,NONE,0
100BB,UTG,SB,UNOPENED,98o,0,0,0,NONE,0
100BB,UTG,SB,UNOPENED,97o,0,0,0,NONE,0
100BB,UTG,SB,UNOPENED,96o,0,0,0,NONE,0
100BB,UTG,SB,UNOPENED,95o,0,0,0,NONE,0
100BB,UTG,SB,UNOPENED,94o,0,0,0,NONE,0
100BB,UTG,SB,UNOPENED,93o,0,0,0,NONE,0
100BB,UTG,SB,UNOPENED,92o,0,0,0,NONE,0
100BB,UTG,SB,UNOPENED,87o,0,0,0,NONE,0
100BB,UTG,SB,UNOPENED,86o,0,0,0,NONE,0
100BB,UTG,SB,UNOPENED,85o,0,0,0,NONE,0
100BB,UTG,SB,UNOPENED,84o,0,0,0,NONE,0
100BB,UTG,SB,UNOPENED,83o,0,0,0,NONE,0
100BB,UTG,SB,UNOPENED,82o,0,0,0,NONE,0
100BB,UTG,SB,UNOPENED,76o,0,0,0,NONE,0
100BB,UTG,SB,UNOPENED,75o,0,0,0,NONE,0
100BB,UTG,SB,UNOPENED,74o,0,0,0,NONE,0
100BB,UTG,SB,UNOPENED,73o,0,0,0,NONE,0
100BB,UTG,SB,UNOPENED,72o,0,0,0,NONE,0
100BB,UTG,SB,UNOPENED,65o,0,0,0,NONE,0
100BB,UTG,SB,UNOPENED,64o,0,0,0,NONE,0
100BB,UTG,SB,UNOPENED,63o,0,0,0,NONE,0
100BB,UTG,SB,UNOPENED,62o,0,0,0,NONE,0
100BB,UTG,SB,UNOPENED,54o,0,0,0,NONE,0
100BB,UTG,SB,UNOPENED,53o,0,0,0,NONE,0
100BB,UTG,SB,UNOPENED,52o,0,0,0,NONE,0
100BB,UTG,SB,UNOPENED,43o,0,0,0,NONE,0
100BB,UTG,SB,UNOPENED,42o,0,0,0,NONE,0
100BB,UTG,SB,UNOPENED,32o,0,0,0,NONE,0
100BB,UTG,SB,ONE_RAISE,AA,0,0,0,NONE,0
100BB,UTG,SB,ONE_RAISE,KK,0,0,0,NONE,0
100BB,UTG,SB,ONE_RAISE,QQ,0,0,0,NONE,0
100BB,UTG,SB,ONE_RAISE,JJ,0,0,0,NONE,0
100BB,UTG,SB,ONE_RAISE,TT,0,0,0,NONE,0
100BB,UTG,SB,ONE_RAISE,99,0,0,0,NONE,0
100BB,UTG,SB,ONE_RAISE,88,0,0,0,NONE,0
100BB,UTG,SB,ONE_RAISE,77,0,0,0,NONE,0
100BB,UTG,SB,ONE_RAISE,66,0,0,0,NONE,0
100BB,UTG,SB,ONE_RAISE,55,0,0,0,NONE,0
100BB,UTG,SB,ONE_RAISE,44,0,0,0,NONE,0
100BB,UTG,SB,ONE_RAISE,33,0,0,0,NONE,0
100BB,UTG,SB,ONE_RAISE,22,0,0,0,NONE,0
100BB,UTG,SB,ONE_RAISE,AKs,0,0,0,NONE,0
100BB,UTG,SB,ONE_RAISE,AQs,0,0,0,NONE,0
100BB,UTG,SB,ONE_RAISE,AJs,0,0,0,NONE,0
100BB,UTG,SB,ONE_RAISE,ATs,0,0,0,NONE,0
100BB,UTG,SB,ONE_RAISE,A9s,0,0,0,NONE,0
100BB,UTG,SB,ONE_RAISE,A8s,0,0,0,NONE,0
100BB,UTG,SB,ONE_RAISE,A7s,0,0,0,NONE,0
100BB,UTG,SB,ONE_RAISE,A6s,0,0,0,NONE,0
100BB,UTG,SB,ONE_RAISE,A5s,0,0,0,NONE,0
100BB,UTG,SB,ONE_RAISE,A4s,0,0,0,NONE,0
100BB,UTG,SB,ONE_RAISE,A3s,0,0,0,NONE,0
100BB,UTG,SB,ONE_RAISE,A2s,0,0,0,NONE,0
100BB,UTG,SB,ONE_RAISE,KQs,0,0,0,NONE,0
100BB,UTG,SB,ONE_RAISE,KJs,0,0,0,NONE,0
100BB,UTG,SB,ONE_RAISE,KTs,0,0,0,NONE,0
100BB,UTG,SB,ONE_RAISE,K9s,0,0,0,NONE,0
100BB,UTG,SB,ONE_RAISE,K8s,0,0,0,NONE,0
100BB,UTG,SB,ONE_RAISE,K7s,0,0,0,NONE,0
100BB,UTG,SB,ONE_RAISE,K6s,0,0,0,NONE,0
100BB,UTG,SB,ONE_RAISE,K5s,0,0,0,NONE,0
100BB,UTG,SB,ONE_RAISE,K4s,0,0,0,NONE,0
100BB,UTG,SB,ONE_RAISE,K3s,0,0,0,NONE,0
100BB,UTG,SB,ONE_RAISE,K2s,0,0,0,NONE,0
100BB,UTG,SB,ONE_RAISE,QJs,0,0,0,NONE,0
100BB,UTG,SB,ONE_RAISE,QTs,0,0,0,NONE,0
100BB,UTG,SB,ONE_RAISE,Q9s,0,0,0,NONE,0
100BB,UTG,SB,ONE_RAISE,Q8s,0,0,0,NONE,0
100BB,UTG,SB,ONE_RAISE,Q7s,0,0,0,NONE,0
100BB,UTG,SB,ONE_RAISE,Q6s,0,0,0,NONE,0
100BB,UTG,SB,ONE_RAISE,Q5s,0,0,0,NONE,0
100BB,UTG,SB,ONE_RAISE,Q4s,0,0,0,NONE,0
100BB,UTG,SB,ONE_RAISE,Q3s,0,0,0,NONE,0
100BB,UTG,SB,ONE_RAISE,Q2s,0,0,0,NONE,0
100BB,UTG,SB,ONE_RAISE,JTs,0,0,0,NONE,0
100BB,UTG,SB,ONE_RAISE,J9s,0,0,0,NONE,0
100BB,UTG,SB,ONE_RAISE,J8s,0,0,0,NONE,0
100BB,UTG,SB,ONE_RAISE,J7s,0,0,0,NONE,0
100BB,UTG,SB,ONE_RAISE,J6s,0,0,0,NONE,0
100BB,UTG,SB,ONE_RAISE,J5s,0,0,0,NONE,0
100BB,UTG,SB,ONE_RAISE,J4s,0,0,0,NONE,0
100BB,UTG,SB,ONE_RAISE,J3s,0,0,0,NONE,0
100BB,UTG,SB,ONE_RAISE,J2s,0,0,0,NONE,0
100BB,UTG,SB,ONE_RAISE,T9s,0,0,0,NONE,0
100BB,UTG,SB,ONE_RAISE,T8s,0,0,0,NONE,0
100BB,UTG,SB,ONE_RAISE,T7s,0,0,0,NONE,0
100BB,UTG,SB,ONE_RAISE,T6s,0,0,0,NONE,0
100BB,UTG,SB,ONE_RAISE,T5s,0,0,0,NONE,0
100BB,UTG,SB,ONE_RAISE,T4s,0,0,0,NONE,0
100BB,UTG,SB,ONE_RAISE,T3s,0,0,0,NONE,0
100BB,UTG,SB,ONE_RAISE,T2s,0,0,0,NONE,0
100BB,UTG,SB,ONE_RAISE,98s,0,0,0,NONE,0
100BB,UTG,SB,ONE_RAISE,97s,0,0,0,NONE,0
100BB,UTG,SB,ONE_RAISE,96s,0,0,0,NONE,0
100BB,UTG,SB,ONE_RAISE,95s,0,0,0,NONE,0
100BB,UTG,SB,ONE_RAISE,94s,0,0,0,NONE,0
100BB,UTG,SB,ONE_RAISE,93s,0,0,0,NONE,0
100BB,UTG,SB,ONE_RAISE,92s,0,0,0,NONE,0
100BB,UTG,SB,ONE_RAISE,87s,0,0,0,NONE,0
100BB,UTG,SB,ONE_RAISE,86s,0,0,0,NONE,0
100BB,UTG,SB,ONE_RAISE,85s,0,0,0,NONE,0
100BB,UTG,SB,ONE_RAISE,84s,0,0,0,NONE,0
100BB,UTG,SB,ONE_RAISE,83s,0,0,0,NONE,0
100BB,UTG,SB,ONE_RAISE,82s,0,0,0,NONE,0
100BB,UTG,SB,ONE_RAISE,76s,0,0,0,NONE,0
100BB,UTG,SB,ONE_RAISE,75s,0,0,0,NONE,0
100BB,UTG,SB,ONE_RAISE,74s,0,0,0,NONE,0
100BB,UTG,SB,ONE_RAISE,73s,0,0,0,NONE,0
100BB,UTG,SB,ONE_RAISE,72s,0,0,0,NONE,0
100BB,UTG,SB,ONE_RAISE,65s,0,0,0,NONE,0
100BB,UTG,SB,ONE_RAISE,64s,0,0,0,NONE,0
100BB,UTG,SB,ONE_RAISE,63s,0,0,0,NONE,0
100BB,UTG,SB,ONE_RAISE,62s,0,0,0,NONE,0
100BB,UTG,SB,ONE_RAISE,54s,0,0,0,NONE,0
100BB,UTG,SB,ONE_RAISE,53s,0,0,0,NONE,0
100BB,UTG,SB,ONE_RAISE,52s,0,0,0,NONE,0
100BB,UTG,SB,ONE_RAISE,43s,0,0,0,NONE,0
100BB,UTG,SB,ONE_RAISE,42s,0,0,0,NONE,0
100BB,UTG,SB,ONE_RAISE,32s,0,0,0,NONE,0
100BB,UTG,SB,ONE_RAISE,AKo,0,0,0,NONE,0
100BB,UTG,SB,ONE_RAISE,AQo,0,0,0,NONE,0
100BB,UTG,SB,ONE_RAISE,AJo,0,0,0,NONE,0
100BB,UTG,SB,ONE_RAISE,ATo,0,0,0,NONE,0
100BB,UTG,SB,ONE_RAISE,A9o,0,0,0,NONE,0
100BB,UTG,SB,ONE_RAISE,A8o,0,0,0,NONE,0
100BB,UTG,SB,ONE_RAISE,A7o,0,0,0,NONE,0
100BB,UTG,SB,ONE_RAISE,A6o,0,0,0,NONE,0
100BB,UTG,SB,ONE_RAISE,A5o,0,0,0,NONE,0
100BB,UTG,SB,ONE_RAISE,A4o,0,0,0,NONE,0
100BB,UTG,SB,ONE_RAISE,A3o,0,0,0,NONE,0
100BB,UTG,SB,ONE_RAISE,A2o,0,0,0,NONE,0
100BB,UTG,SB,ONE_RAISE,KQo,0,0,0,NONE,0
100BB,UTG,SB,ONE_RAISE,KJo,0,0,0,NONE,0
100BB,UTG,SB,ONE_RAISE,KTo,0,0,0,NONE,0
100BB,UTG,SB,ONE_RAISE,K9o,0,0,0,NONE,0
100BB,UTG,SB,ONE_RAISE,K8o,0,0,0,NONE,0
100BB,UTG,SB,ONE_RAISE,K7o,0,0,0,NONE,0
100BB,UTG,SB,ONE_RAISE,K6o,0,0,0,NONE,0
100BB,UTG,SB,ONE_RAISE,K5o,0,0,0,NONE,0
100BB,UTG,SB,ONE_RAISE,K4o,0,0,0,NONE,0
100BB,UTG,SB,ONE_RAISE,K3o,0,0,0,NONE,0
100BB,UTG,SB,ONE_RAISE,K2o,0,0,0,NONE,0
100BB,UTG,SB,ONE_RAISE,QJo,0,0,0,NONE,0
100BB,UTG,SB,ONE_RAISE,QTo,0,0,0,NONE,0
100BB,UTG,SB,ONE_RAISE,Q9o,0,0,0,NONE,0
100BB,UTG,SB,ONE_RAISE,Q8o,0,0,0,NONE,0
100BB,UTG,SB,ONE_RAISE,Q7o,0,0,0,NONE,0
100BB,UTG,SB,ONE_RAISE,Q6o,0,0,0,NONE,0
100BB,UTG,SB,ONE_RAISE,Q5o,0,0,0,NONE,0
100BB,UTG,SB,ONE_RAISE,Q4o,0,0,0,NONE,0
100BB,UTG,SB,ONE_RAISE,Q3o,0,0,0,NONE,0
100BB,UTG,SB,ONE_RAISE,Q2o,0,0,0,NONE,0
100BB,UTG,SB,ONE_RAISE,JTo,0,0,0,NONE,0
100BB,UTG,SB,ONE_RAISE,J9o,0,0,0,NONE,0
100BB,UTG,SB,ONE_RAISE,J8o,0,0,0,NONE,0
100BB,UTG,SB,ONE_RAISE,J7o,0,0,0,NONE,0
100BB,UTG,SB,ONE_RAISE,J6o,0,0,0,NONE,0
100BB,UTG,SB,ONE_RAISE,J5o,0,0,0,NONE,0
100BB,UTG,SB,ONE_RAISE,J4o,0,0,0,NONE,0
100BB,UTG,SB,ONE_RAISE,J3o,0,0,0,NONE,0
100BB,UTG,SB,ONE_RAISE,J2o,0,0,0,NONE,0
100BB,UTG,SB,ONE_RAISE,T9o,0,0,0,NONE,0
100BB,UTG,SB,ONE_RAISE,T8o,0,0,0,NONE,0
100BB,UTG,SB,ONE_RAISE,T7o,0,0,0,NONE,0
100BB,UTG,SB,ONE_RAISE,T6o,0,0,0,NONE,0
100BB,UTG,SB,ONE_RAISE,T5o,0,0,0,NONE,0
100BB,UTG,SB,ONE_RAISE,T4o,0,0,0,NONE,0
100BB,UTG,SB,ONE_RAISE,T3o,0,0,0,NONE,0
100BB,UTG,SB,ONE_RAISE,T2o,0,0,0,NONE,0
100BB,UTG,SB,ONE_RAISE,98o,0,0,0,NONE,0
100BB,UTG,SB,ONE_RAISE,97o,0,0,0,NONE,0
100BB,UTG,SB,ONE_RAISE,96o,0,0,0,NONE,0
100BB,UTG,SB,ONE_RAISE,95o,0,0,0,NONE,0
100BB,UTG,SB,ONE_RAISE,94o,0,0,0,NONE,0
100BB,UTG,SB,ONE_RAISE,93o,0,0,0,NONE,0
100BB,UTG,SB,ONE_RAISE,92o,0,0,0,NONE,0
100BB,UTG,SB,ONE_RAISE,87o,0,0,0,NONE,0
100BB,UTG,SB,ONE_RAISE,86o,0,0,0,NONE,0
100BB,UTG,SB,ONE_RAISE,85o,0,0,0,NONE,0
100BB,UTG,SB,ONE_RAISE,84o,0,0,0,NONE,0
100BB,UTG,SB,ONE_RAISE,83o,0,0,0,NONE,0
100BB,UTG,SB,ONE_RAISE,82o,0,0,0,NONE,0
100BB,UTG,SB,ONE_RAISE,76o,0,0,0,NONE,0
100BB,UTG,SB,ONE_RAISE,75o,0,0,0,NONE,0
100BB,UTG,SB,ONE_RAISE,74o,0,0,0,NONE,0
100BB,UTG,SB,ONE_RAISE,73o,0,0,0,NONE,0
100BB,UTG,SB,ONE_RAISE,72o,0,0,0,NONE,0
100BB,UTG,SB,ONE_RAISE,65o,0,0,0,NONE,0
100BB,UTG,SB,ONE_RAISE,64o,0,0,0,NONE,0
100BB,UTG,SB,ONE_RAISE,63o,0,0,0,NONE,0
100BB,UTG,SB,ONE_RAISE,62o,0,0,0,NONE,0
100BB,UTG,SB,ONE_RAISE,54o,0,0,0,NONE,0
100BB,UTG,SB,ONE_RAISE,53o,0,0,0,NONE,0
100BB,UTG,SB,ONE_RAISE,52o,0,0,0,NONE,0
100BB,UTG,SB,ONE_RAISE,43o,0,0,0,NONE,0
100BB,UTG,SB,ONE_RAISE,42o,0,0,0,NONE,0
100BB,UTG,SB,ONE_RAISE,32o,0,0,0,NONE,0
100BB,UTG,SB,THREE_BET,AA,0,18,82,2.2,1
100BB,UTG,SB,THREE_BET,KK,0,36,64,2.2,1
100BB,UTG,SB,THREE_BET,QQ,0,100,0,NONE,1
100BB,UTG,SB,THREE_BET,JJ,0,81,19,2.2,1
100BB,UTG,SB,THREE_BET,TT,0,100,0,NONE,1
100BB,UTG,SB,THREE_BET,99,0,100,0,NONE,1
100BB,UTG,SB,THREE_BET,88,0,94,6,2.2,1
100BB,UTG,SB,THREE_BET,77,0,98,2,2.2,1
100BB,UTG,SB,THREE_BET,66,0,100,0,NONE,1
100BB,UTG,SB,THREE_BET,55,19,81,0,NONE,1
100BB,UTG,SB,THREE_BET,44,41,59,0,NONE,1
100BB,UTG,SB,THREE_BET,33,37,63,0,NONE,1
100BB,UTG,SB,THREE_BET,22,100,0,0,NONE,1
100BB,UTG,SB,THREE_BET,AKs,0,100,0,NONE,1
100BB,UTG,SB,THREE_BET,AQs,0,100,0,NONE,1
100BB,UTG,SB,THREE_BET,AJs,0,100,0,NONE,1
100BB,UTG,SB,THREE_BET,ATs,0,100,0,NONE,1
100BB,UTG,SB,THREE_BET,A9s,3,87,10,2.2,1
100BB,UTG,SB,THREE_BET,A8s,5,75,20,2.2,1
100BB,UTG,SB,THREE_BET,A7s,31,52,17,2.2,1
100BB,UTG,SB,THREE_BET,A6s,92,6,2,2.2,1
100BB,UTG,SB,THREE_BET,A5s,0,100,0,NONE,1
100BB,UTG,SB,THREE_BET,A4s,0,85,15,2.2,1
100BB,UTG,SB,THREE_BET,A3s,8,64,28,2.2,1
100BB,UTG,SB,THREE_BET,A2s,100,0,0,NONE,1
100BB,UTG,SB,THREE_BET,KQs,0,100,0,NONE,1
100BB,UTG,SB,THREE_BET,KJs,0,85,15,2.2,1
100BB,UTG,SB,THREE_BET,KTs,0,89,11,2.2,1
100BB,UTG,SB,THREE_BET,K9s,59,10,31,2.2,1
100BB,UTG,SB,THREE_BET,K8s,100,0,0,NONE,1
100BB,UTG,SB,THREE_BET,K7s,95,0,5,2.2,1
100BB,UTG,SB,THREE_BET,K6s,93,0,7,2.2,1
100BB,UTG,SB,THREE_BET,K5s,100,0,0,NONE,1
100BB,UTG,SB,THREE_BET,K4s,100,0,0,NONE,1
100BB,UTG,SB,THREE_BET,K3s,100,0,0,NONE,1
100BB,UTG,SB,THREE_BET,K2s,100,0,0,NONE,1
100BB,UTG,SB,THREE_BET,QJs,0,100,0,NONE,1
100BB,UTG,SB,THREE_BET,QTs,0,100,0,NONE,1
100BB,UTG,SB,THREE_BET,Q9s,100,0,0,NONE,1
100BB,UTG,SB,THREE_BET,Q8s,100,0,0,NONE,1
100BB,UTG,SB,THREE_BET,Q7s,100,0,0,NONE,1
100BB,UTG,SB,THREE_BET,Q6s,100,0,0,NONE,1
100BB,UTG,SB,THREE_BET,Q5s,100,0,0,NONE,1
100BB,UTG,SB,THREE_BET,Q4s,100,0,0,NONE,1
100BB,UTG,SB,THREE_BET,Q3s,100,0,0,NONE,1
100BB,UTG,SB,THREE_BET,Q2s,100,0,0,NONE,1
100BB,UTG,SB,THREE_BET,JTs,0,100,0,NONE,1
100BB,UTG,SB,THREE_BET,J9s,0,95,5,2.2,1
100BB,UTG,SB,THREE_BET,J8s,100,0,0,NONE,1
100BB,UTG,SB,THREE_BET,J7s,100,0,0,NONE,1
100BB,UTG,SB,THREE_BET,J6s,100,0,0,NONE,1
100BB,UTG,SB,THREE_BET,J5s,100,0,0,NONE,1
100BB,UTG,SB,THREE_BET,J4s,100,0,0,NONE,1
100BB,UTG,SB,THREE_BET,J3s,100,0,0,NONE,1
100BB,UTG,SB,THREE_BET,J2s,100,0,0,NONE,1
100BB,UTG,SB,THREE_BET,T9s,0,100,0,NONE,1
100BB,UTG,SB,THREE_BET,T8s,76,24,0,NONE,1
100BB,UTG,SB,THREE_BET,T7s,100,0,0,NONE,1
100BB,UTG,SB,THREE_BET,T6s,100,0,0,NONE,1
100BB,UTG,SB,THREE_BET,T5s,100,0,0,NONE,1
100BB,UTG,SB,THREE_BET,T4s,100,0,0,NONE,1
100BB,UTG,SB,THREE_BET,T3s,100,0,0,NONE,1
100BB,UTG,SB,THREE_BET,T2s,100,0,0,NONE,1
100BB,UTG,SB,THREE_BET,98s,17,82,0,NONE,1
100BB,UTG,SB,THREE_BET,97s,100,0,0,NONE,1
100BB,UTG,SB,THREE_BET,96s,100,0,0,NONE,1
100BB,UTG,SB,THREE_BET,95s,100,0,0,NONE,1
100BB,UTG,SB,THREE_BET,94s,100,0,0,NONE,1
100BB,UTG,SB,THREE_BET,93s,100,0,0,NONE,1
100BB,UTG,SB,THREE_BET,92s,100,0,0,NONE,1
100BB,UTG,SB,THREE_BET,87s,0,76,24,2.2,1
100BB,UTG,SB,THREE_BET,86s,100,0,0,NONE,1
100BB,UTG,SB,THREE_BET,85s,100,0,0,NONE,1
100BB,UTG,SB,THREE_BET,84s,100,0,0,NONE,1
100BB,UTG,SB,THREE_BET,83s,100,0,0,NONE,1
100BB,UTG,SB,THREE_BET,82s,100,0,0,NONE,1
100BB,UTG,SB,THREE_BET,76s,0,100,0,NONE,1
100BB,UTG,SB,THREE_BET,75s,100,0,0,NONE,1
100BB,UTG,SB,THREE_BET,74s,100,0,0,NONE,1
100BB,UTG,SB,THREE_BET,73s,100,0,0,NONE,1
100BB,UTG,SB,THREE_BET,72s,100,0,0,NONE,1
100BB,UTG,SB,THREE_BET,65s,0,100,0,NONE,1
100BB,UTG,SB,THREE_BET,64s,100,0,0,NONE,1
100BB,UTG,SB,THREE_BET,63s,100,0,0,NONE,1
100BB,UTG,SB,THREE_BET,62s,100,0,0,NONE,1
100BB,UTG,SB,THREE_BET,54s,0,100,0,NONE,1
100BB,UTG,SB,THREE_BET,53s,100,0,0,NONE,1
100BB,UTG,SB,THREE_BET,52s,100,0,0,NONE,1
100BB,UTG,SB,THREE_BET,43s,100,0,0,NONE,1
100BB,UTG,SB,THREE_BET,42s,100,0,0,NONE,1
100BB,UTG,SB,THREE_BET,32s,100,0,0,NONE,1
100BB,UTG,SB,THREE_BET,AKo,0,72,23,2.2,1
100BB,UTG,SB,THREE_BET,AQo,11,65,24,2.2,1
100BB,UTG,SB,THREE_BET,AJo,100,0,0,NONE,1
100BB,UTG,SB,THREE_BET,ATo,100,0,0,NONE,1
100BB,UTG,SB,THREE_BET,A9o,100,0,0,NONE,1
100BB,UTG,SB,THREE_BET,A8o,100,0,0,NONE,1
100BB,UTG,SB,THREE_BET,A7o,100,0,0,NONE,1
100BB,UTG,SB,THREE_BET,A6o,100,0,0,NONE,1
100BB,UTG,SB,THREE_BET,A5o,100,0,0,NONE,1
100BB,UTG,SB,THREE_BET,A4o,100,0,0,NONE,1
100BB,UTG,SB,THREE_BET,A3o,100,0,0,NONE,1
100BB,UTG,SB,THREE_BET,A2o,100,0,0,NONE,1
100BB,UTG,SB,THREE_BET,KQo,100,0,0,NONE,1
100BB,UTG,SB,THREE_BET,KJo,100,0,0,NONE,1
100BB,UTG,SB,THREE_BET,KTo,100,0,0,NONE,1
100BB,UTG,SB,THREE_BET,K9o,100,0,0,NONE,1
100BB,UTG,SB,THREE_BET,K8o,100,0,0,NONE,1
100BB,UTG,SB,THREE_BET,K7o,100,0,0,NONE,1
100BB,UTG,SB,THREE_BET,K6o,100,0,0,NONE,1
100BB,UTG,SB,THREE_BET,K5o,100,0,0,NONE,1
100BB,UTG,SB,THREE_BET,K4o,100,0,0,NONE,1
100BB,UTG,SB,THREE_BET,K3o,100,0,0,NONE,1
100BB,UTG,SB,THREE_BET,K2o,100,0,0,NONE,1
100BB,UTG,SB,THREE_BET,QJo,100,0,0,NONE,1
100BB,UTG,SB,THREE_BET,QTo,100,0,0,NONE,1
100BB,UTG,SB,THREE_BET,Q9o,100,0,0,NONE,1
100BB,UTG,SB,THREE_BET,Q8o,100,0,0,NONE,1
100BB,UTG,SB,THREE_BET,Q7o,100,0,0,NONE,1
100BB,UTG,SB,THREE_BET,Q6o,100,0,0,NONE,1
100BB,UTG,SB,THREE_BET,Q5o,100,0,0,NONE,1
100BB,UTG,SB,THREE_BET,Q4o,100,0,0,NONE,1
100BB,UTG,SB,THREE_BET,Q3o,100,0,0,NONE,1
100BB,UTG,SB,THREE_BET,Q2o,100,0,0,NONE,1
100BB,UTG,SB,THREE_BET,JTo,100,0,0,NONE,1
100BB,UTG,SB,THREE_BET,J9o,100,0,0,NONE,1
100BB,UTG,SB,THREE_BET,J8o,100,0,0,NONE,1
100BB,UTG,SB,THREE_BET,J7o,100,0,0,NONE,1
100BB,UTG,SB,THREE_BET,J6o,100,0,0,NONE,1
100BB,UTG,SB,THREE_BET,J5o,100,0,0,NONE,1
100BB,UTG,SB,THREE_BET,J4o,100,0,0,NONE,1
100BB,UTG,SB,THREE_BET,J3o,100,0,0,NONE,1
100BB,UTG,SB,THREE_BET,J2o,100,0,0,NONE,1
100BB,UTG,SB,THREE_BET,T9o,100,0,0,NONE,1
100BB,UTG,SB,THREE_BET,T8o,100,0,0,NONE,1
100BB,UTG,SB,THREE_BET,T7o,100,0,0,NONE,1
100BB,UTG,SB,THREE_BET,T6o,100,0,0,NONE,1
100BB,UTG,SB,THREE_BET,T5o,100,0,0,NONE,1
100BB,UTG,SB,THREE_BET,T4o,100,0,0,NONE,1
100BB,UTG,SB,THREE_BET,T3o,100,0,0,NONE,1
100BB,UTG,SB,THREE_BET,T2o,100,0,0,NONE,1
100BB,UTG,SB,THREE_BET,98o,100,0,0,NONE,1
100BB,UTG,SB,THREE_BET,97o,100,0,0,NONE,1
100BB,UTG,SB,THREE_BET,96o,100,0,0,NONE,1
100BB,UTG,SB,THREE_BET,95o,100,0,0,NONE,1
100BB,UTG,SB,THREE_BET,94o,100,0,0,NONE,1
100BB,UTG,SB,THREE_BET,93o,100,0,0,NONE,1
100BB,UTG,SB,THREE_BET,92o,100,0,0,NONE,1
100BB,UTG,SB,THREE_BET,87o,100,0,0,NONE,1
100BB,UTG,SB,THREE_BET,86o,100,0,0,NONE,1
100BB,UTG,SB,THREE_BET,85o,100,0,0,NONE,1
100BB,UTG,SB,THREE_BET,84o,100,0,0,NONE,1
100BB,UTG,SB,THREE_BET,83o,100,0,0,NONE,1
100BB,UTG,SB,THREE_BET,82o,100,0,0,NONE,1
100BB,UTG,SB,THREE_BET,76o,100,0,0,NONE,1
100BB,UTG,SB,THREE_BET,75o,100,0,0,NONE,1
100BB,UTG,SB,THREE_BET,74o,100,0,0,NONE,1
100BB,UTG,SB,THREE_BET,73o,100,0,0,NONE,1
100BB,UTG,SB,THREE_BET,72o,100,0,0,NONE,1
100BB,UTG,SB,THREE_BET,65o,100,0,0,NONE,1
100BB,UTG,SB,THREE_BET,64o,100,0,0,NONE,1
100BB,UTG,SB,THREE_BET,63o,100,0,0,NONE,1
100BB,UTG,SB,THREE_BET,62o,100,0,0,NONE,1
100BB,UTG,SB,THREE_BET,54o,100,0,0,NONE,1
100BB,UTG,SB,THREE_BET,53o,100,0,0,NONE,1
100BB,UTG,SB,THREE_BET,52o,100,0,0,NONE,1
100BB,UTG,SB,THREE_BET,43o,100,0,0,NONE,1
100BB,UTG,SB,THREE_BET,42o,100,0,0,NONE,1
100BB,UTG,SB,THREE_BET,32o,100,0,0,NONE,1
100BB,UTG,BB,UNOPENED,AA,0,0,0,NONE,0
100BB,UTG,BB,UNOPENED,KK,0,0,0,NONE,0
100BB,UTG,BB,UNOPENED,QQ,0,0,0,NONE,0
100BB,UTG,BB,UNOPENED,JJ,0,0,0,NONE,0
100BB,UTG,BB,UNOPENED,TT,0,0,0,NONE,0
100BB,UTG,BB,UNOPENED,99,0,0,0,NONE,0
100BB,UTG,BB,UNOPENED,88,0,0,0,NONE,0
100BB,UTG,BB,UNOPENED,77,0,0,0,NONE,0
100BB,UTG,BB,UNOPENED,66,0,0,0,NONE,0
100BB,UTG,BB,UNOPENED,55,0,0,0,NONE,0
100BB,UTG,BB,UNOPENED,44,0,0,0,NONE,0
100BB,UTG,BB,UNOPENED,33,0,0,0,NONE,0
100BB,UTG,BB,UNOPENED,22,0,0,0,NONE,0
100BB,UTG,BB,UNOPENED,AKs,0,0,0,NONE,0
100BB,UTG,BB,UNOPENED,AQs,0,0,0,NONE,0
100BB,UTG,BB,UNOPENED,AJs,0,0,0,NONE,0
100BB,UTG,BB,UNOPENED,ATs,0,0,0,NONE,0
100BB,UTG,BB,UNOPENED,A9s,0,0,0,NONE,0
100BB,UTG,BB,UNOPENED,A8s,0,0,0,NONE,0
100BB,UTG,BB,UNOPENED,A7s,0,0,0,NONE,0
100BB,UTG,BB,UNOPENED,A6s,0,0,0,NONE,0
100BB,UTG,BB,UNOPENED,A5s,0,0,0,NONE,0
100BB,UTG,BB,UNOPENED,A4s,0,0,0,NONE,0
100BB,UTG,BB,UNOPENED,A3s,0,0,0,NONE,0
100BB,UTG,BB,UNOPENED,A2s,0,0,0,NONE,0
100BB,UTG,BB,UNOPENED,KQs,0,0,0,NONE,0
100BB,UTG,BB,UNOPENED,KJs,0,0,0,NONE,0
100BB,UTG,BB,UNOPENED,KTs,0,0,0,NONE,0
100BB,UTG,BB,UNOPENED,K9s,0,0,0,NONE,0
100BB,UTG,BB,UNOPENED,K8s,0,0,0,NONE,0
100BB,UTG,BB,UNOPENED,K7s,0,0,0,NONE,0
100BB,UTG,BB,UNOPENED,K6s,0,0,0,NONE,0
100BB,UTG,BB,UNOPENED,K5s,0,0,0,NONE,0
100BB,UTG,BB,UNOPENED,K4s,0,0,0,NONE,0
100BB,UTG,BB,UNOPENED,K3s,0,0,0,NONE,0
100BB,UTG,BB,UNOPENED,K2s,0,0,0,NONE,0
100BB,UTG,BB,UNOPENED,QJs,0,0,0,NONE,0
100BB,UTG,BB,UNOPENED,QTs,0,0,0,NONE,0
100BB,UTG,BB,UNOPENED,Q9s,0,0,0,NONE,0
100BB,UTG,BB,UNOPENED,Q8s,0,0,0,NONE,0
100BB,UTG,BB,UNOPENED,Q7s,0,0,0,NONE,0
100BB,UTG,BB,UNOPENED,Q6s,0,0,0,NONE,0
100BB,UTG,BB,UNOPENED,Q5s,0,0,0,NONE,0
100BB,UTG,BB,UNOPENED,Q4s,0,0,0,NONE,0
100BB,UTG,BB,UNOPENED,Q3s,0,0,0,NONE,0
100BB,UTG,BB,UNOPENED,Q2s,0,0,0,NONE,0
100BB,UTG,BB,UNOPENED,JTs,0,0,0,NONE,0
100BB,UTG,BB,UNOPENED,J9s,0,0,0,NONE,0
100BB,UTG,BB,UNOPENED,J8s,0,0,0,NONE,0
100BB,UTG,BB,UNOPENED,J7s,0,0,0,NONE,0
100BB,UTG,BB,UNOPENED,J6s,0,0,0,NONE,0
100BB,UTG,BB,UNOPENED,J5s,0,0,0,NONE,0
100BB,UTG,BB,UNOPENED,J4s,0,0,0,NONE,0
100BB,UTG,BB,UNOPENED,J3s,0,0,0,NONE,0
100BB,UTG,BB,UNOPENED,J2s,0,0,0,NONE,0
100BB,UTG,BB,UNOPENED,T9s,0,0,0,NONE,0
100BB,UTG,BB,UNOPENED,T8s,0,0,0,NONE,0
100BB,UTG,BB,UNOPENED,T7s,0,0,0,NONE,0
100BB,UTG,BB,UNOPENED,T6s,0,0,0,NONE,0
100BB,UTG,BB,UNOPENED,T5s,0,0,0,NONE,0
100BB,UTG,BB,UNOPENED,T4s,0,0,0,NONE,0
100BB,UTG,BB,UNOPENED,T3s,0,0,0,NONE,0
100BB,UTG,BB,UNOPENED,T2s,0,0,0,NONE,0
100BB,UTG,BB,UNOPENED,98s,0,0,0,NONE,0
100BB,UTG,BB,UNOPENED,97s,0,0,0,NONE,0
100BB,UTG,BB,UNOPENED,96s,0,0,0,NONE,0
100BB,UTG,BB,UNOPENED,95s,0,0,0,NONE,0
100BB,UTG,BB,UNOPENED,94s,0,0,0,NONE,0
100BB,UTG,BB,UNOPENED,93s,0,0,0,NONE,0
100BB,UTG,BB,UNOPENED,92s,0,0,0,NONE,0
100BB,UTG,BB,UNOPENED,87s,0,0,0,NONE,0
100BB,UTG,BB,UNOPENED,86s,0,0,0,NONE,0
100BB,UTG,BB,UNOPENED,85s,0,0,0,NONE,0
100BB,UTG,BB,UNOPENED,84s,0,0,0,NONE,0
100BB,UTG,BB,UNOPENED,83s,0,0,0,NONE,0
100BB,UTG,BB,UNOPENED,82s,0,0,0,NONE,0
100BB,UTG,BB,UNOPENED,76s,0,0,0,NONE,0
100BB,UTG,BB,UNOPENED,75s,0,0,0,NONE,0
100BB,UTG,BB,UNOPENED,74s,0,0,0,NONE,0
100BB,UTG,BB,UNOPENED,73s,0,0,0,NONE,0
100BB,UTG,BB,UNOPENED,72s,0,0,0,NONE,0
100BB,UTG,BB,UNOPENED,65s,0,0,0,NONE,0
100BB,UTG,BB,UNOPENED,64s,0,0,0,NONE,0
100BB,UTG,BB,UNOPENED,63s,0,0,0,NONE,0
100BB,UTG,BB,UNOPENED,62s,0,0,0,NONE,0
100BB,UTG,BB,UNOPENED,54s,0,0,0,NONE,0
100BB,UTG,BB,UNOPENED,53s,0,0,0,NONE,0
100BB,UTG,BB,UNOPENED,52s,0,0,0,NONE,0
100BB,UTG,BB,UNOPENED,43s,0,0,0,NONE,0
100BB,UTG,BB,UNOPENED,42s,0,0,0,NONE,0
100BB,UTG,BB,UNOPENED,32s,0,0,0,NONE,0
100BB,UTG,BB,UNOPENED,AKo,0,0,0,NONE,0
100BB,UTG,BB,UNOPENED,AQo,0,0,0,NONE,0
100BB,UTG,BB,UNOPENED,AJo,0,0,0,NONE,0
100BB,UTG,BB,UNOPENED,ATo,0,0,0,NONE,0
100BB,UTG,BB,UNOPENED,A9o,0,0,0,NONE,0
100BB,UTG,BB,UNOPENED,A8o,0,0,0,NONE,0
100BB,UTG,BB,UNOPENED,A7o,0,0,0,NONE,0
100BB,UTG,BB,UNOPENED,A6o,0,0,0,NONE,0
100BB,UTG,BB,UNOPENED,A5o,0,0,0,NONE,0
100BB,UTG,BB,UNOPENED,A4o,0,0,0,NONE,0
100BB,UTG,BB,UNOPENED,A3o,0,0,0,NONE,0
100BB,UTG,BB,UNOPENED,A2o,0,0,0,NONE,0
100BB,UTG,BB,UNOPENED,KQo,0,0,0,NONE,0
100BB,UTG,BB,UNOPENED,KJo,0,0,0,NONE,0
100BB,UTG,BB,UNOPENED,KTo,0,0,0,NONE,0
100BB,UTG,BB,UNOPENED,K9o,0,0,0,NONE,0
100BB,UTG,BB,UNOPENED,K8o,0,0,0,NONE,0
100BB,UTG,BB,UNOPENED,K7o,0,0,0,NONE,0
100BB,UTG,BB,UNOPENED,K6o,0,0,0,NONE,0
100BB,UTG,BB,UNOPENED,K5o,0,0,0,NONE,0
100BB,UTG,BB,UNOPENED,K4o,0,0,0,NONE,0
100BB,UTG,BB,UNOPENED,K3o,0,0,0,NONE,0
100BB,UTG,BB,UNOPENED,K2o,0,0,0,NONE,0
100BB,UTG,BB,UNOPENED,QJo,0,0,0,NONE,0
100BB,UTG,BB,UNOPENED,QTo,0,0,0,NONE,0
100BB,UTG,BB,UNOPENED,Q9o,0,0,0,NONE,0
100BB,UTG,BB,UNOPENED,Q8o,0,0,0,NONE,0
100BB,UTG,BB,UNOPENED,Q7o,0,0,0,NONE,0
100BB,UTG,BB,UNOPENED,Q6o,0,0,0,NONE,0
100BB,UTG,BB,UNOPENED,Q5o,0,0,0,NONE,0
100BB,UTG,BB,UNOPENED,Q4o,0,0,0,NONE,0
100BB,UTG,BB,UNOPENED,Q3o,0,0,0,NONE,0
100BB,UTG,BB,UNOPENED,Q2o,0,0,0,NONE,0
100BB,UTG,BB,UNOPENED,JTo,0,0,0,NONE,0
100BB,UTG,BB,UNOPENED,J9o,0,0,0,NONE,0
100BB,UTG,BB,UNOPENED,J8o,0,0,0,NONE,0
100BB,UTG,BB,UNOPENED,J7o,0,0,0,NONE,0
100BB,UTG,BB,UNOPENED,J6o,0,0,0,NONE,0
100BB,UTG,BB,UNOPENED,J5o,0,0,0,NONE,0
100BB,UTG,BB,UNOPENED,J4o,0,0,0,NONE,0
100BB,UTG,BB,UNOPENED,J3o,0,0,0,NONE,0
100BB,UTG,BB,UNOPENED,J2o,0,0,0,NONE,0
100BB,UTG,BB,UNOPENED,T9o,0,0,0,NONE,0
100BB,UTG,BB,UNOPENED,T8o,0,0,0,NONE,0
100BB,UTG,BB,UNOPENED,T7o,0,0,0,NONE,0
100BB,UTG,BB,UNOPENED,T6o,0,0,0,NONE,0
100BB,UTG,BB,UNOPENED,T5o,0,0,0,NONE,0
100BB,UTG,BB,UNOPENED,T4o,0,0,0,NONE,0
100BB,UTG,BB,UNOPENED,T3o,0,0,0,NONE,0
100BB,UTG,BB,UNOPENED,T2o,0,0,0,NONE,0
100BB,UTG,BB,UNOPENED,98o,0,0,0,NONE,0
100BB,UTG,BB,UNOPENED,97o,0,0,0,NONE,0
100BB,UTG,BB,UNOPENED,96o,0,0,0,NONE,0
100BB,UTG,BB,UNOPENED,95o,0,0,0,NONE,0
100BB,UTG,BB,UNOPENED,94o,0,0,0,NONE,0
100BB,UTG,BB,UNOPENED,93o,0,0,0,NONE,0
100BB,UTG,BB,UNOPENED,92o,0,0,0,NONE,0
100BB,UTG,BB,UNOPENED,87o,0,0,0,NONE,0
100BB,UTG,BB,UNOPENED,86o,0,0,0,NONE,0
100BB,UTG,BB,UNOPENED,85o,0,0,0,NONE,0
100BB,UTG,BB,UNOPENED,84o,0,0,0,NONE,0
100BB,UTG,BB,UNOPENED,83o,0,0,0,NONE,0
100BB,UTG,BB,UNOPENED,82o,0,0,0,NONE,0
100BB,UTG,BB,UNOPENED,76o,0,0,0,NONE,0
100BB,UTG,BB,UNOPENED,75o,0,0,0,NONE,0
100BB,UTG,BB,UNOPENED,74o,0,0,0,NONE,0
100BB,UTG,BB,UNOPENED,73o,0,0,0,NONE,0
100BB,UTG,BB,UNOPENED,72o,0,0,0,NONE,0
100BB,UTG,BB,UNOPENED,65o,0,0,0,NONE,0
100BB,UTG,BB,UNOPENED,64o,0,0,0,NONE,0
100BB,UTG,BB,UNOPENED,63o,0,0,0,NONE,0
100BB,UTG,BB,UNOPENED,62o,0,0,0,NONE,0
100BB,UTG,BB,UNOPENED,54o,0,0,0,NONE,0
100BB,UTG,BB,UNOPENED,53o,0,0,0,NONE,0
100BB,UTG,BB,UNOPENED,52o,0,0,0,NONE,0
100BB,UTG,BB,UNOPENED,43o,0,0,0,NONE,0
100BB,UTG,BB,UNOPENED,42o,0,0,0,NONE,0
100BB,UTG,BB,UNOPENED,32o,0,0,0,NONE,0
100BB,UTG,BB,ONE_RAISE,AA,0,0,0,NONE,0
100BB,UTG,BB,ONE_RAISE,KK,0,0,0,NONE,0
100BB,UTG,BB,ONE_RAISE,QQ,0,0,0,NONE,0
100BB,UTG,BB,ONE_RAISE,JJ,0,0,0,NONE,0
100BB,UTG,BB,ONE_RAISE,TT,0,0,0,NONE,0
100BB,UTG,BB,ONE_RAISE,99,0,0,0,NONE,0
100BB,UTG,BB,ONE_RAISE,88,0,0,0,NONE,0
100BB,UTG,BB,ONE_RAISE,77,0,0,0,NONE,0
100BB,UTG,BB,ONE_RAISE,66,0,0,0,NONE,0
100BB,UTG,BB,ONE_RAISE,55,0,0,0,NONE,0
100BB,UTG,BB,ONE_RAISE,44,0,0,0,NONE,0
100BB,UTG,BB,ONE_RAISE,33,0,0,0,NONE,0
100BB,UTG,BB,ONE_RAISE,22,0,0,0,NONE,0
100BB,UTG,BB,ONE_RAISE,AKs,0,0,0,NONE,0
100BB,UTG,BB,ONE_RAISE,AQs,0,0,0,NONE,0
100BB,UTG,BB,ONE_RAISE,AJs,0,0,0,NONE,0
100BB,UTG,BB,ONE_RAISE,ATs,0,0,0,NONE,0
100BB,UTG,BB,ONE_RAISE,A9s,0,0,0,NONE,0
100BB,UTG,BB,ONE_RAISE,A8s,0,0,0,NONE,0
100BB,UTG,BB,ONE_RAISE,A7s,0,0,0,NONE,0
100BB,UTG,BB,ONE_RAISE,A6s,0,0,0,NONE,0
100BB,UTG,BB,ONE_RAISE,A5s,0,0,0,NONE,0
100BB,UTG,BB,ONE_RAISE,A4s,0,0,0,NONE,0
100BB,UTG,BB,ONE_RAISE,A3s,0,0,0,NONE,0
100BB,UTG,BB,ONE_RAISE,A2s,0,0,0,NONE,0
100BB,UTG,BB,ONE_RAISE,KQs,0,0,0,NONE,0
100BB,UTG,BB,ONE_RAISE,KJs,0,0,0,NONE,0
100BB,UTG,BB,ONE_RAISE,KTs,0,0,0,NONE,0
100BB,UTG,BB,ONE_RAISE,K9s,0,0,0,NONE,0
100BB,UTG,BB,ONE_RAISE,K8s,0,0,0,NONE,0
100BB,UTG,BB,ONE_RAISE,K7s,0,0,0,NONE,0
100BB,UTG,BB,ONE_RAISE,K6s,0,0,0,NONE,0
100BB,UTG,BB,ONE_RAISE,K5s,0,0,0,NONE,0
100BB,UTG,BB,ONE_RAISE,K4s,0,0,0,NONE,0
100BB,UTG,BB,ONE_RAISE,K3s,0,0,0,NONE,0
100BB,UTG,BB,ONE_RAISE,K2s,0,0,0,NONE,0
100BB,UTG,BB,ONE_RAISE,QJs,0,0,0,NONE,0
100BB,UTG,BB,ONE_RAISE,QTs,0,0,0,NONE,0
100BB,UTG,BB,ONE_RAISE,Q9s,0,0,0,NONE,0
100BB,UTG,BB,ONE_RAISE,Q8s,0,0,0,NONE,0
100BB,UTG,BB,ONE_RAISE,Q7s,0,0,0,NONE,0
100BB,UTG,BB,ONE_RAISE,Q6s,0,0,0,NONE,0
100BB,UTG,BB,ONE_RAISE,Q5s,0,0,0,NONE,0
100BB,UTG,BB,ONE_RAISE,Q4s,0,0,0,NONE,0
100BB,UTG,BB,ONE_RAISE,Q3s,0,0,0,NONE,0
100BB,UTG,BB,ONE_RAISE,Q2s,0,0,0,NONE,0
100BB,UTG,BB,ONE_RAISE,JTs,0,0,0,NONE,0
100BB,UTG,BB,ONE_RAISE,J9s,0,0,0,NONE,0
100BB,UTG,BB,ONE_RAISE,J8s,0,0,0,NONE,0
100BB,UTG,BB,ONE_RAISE,J7s,0,0,0,NONE,0
100BB,UTG,BB,ONE_RAISE,J6s,0,0,0,NONE,0
100BB,UTG,BB,ONE_RAISE,J5s,0,0,0,NONE,0
100BB,UTG,BB,ONE_RAISE,J4s,0,0,0,NONE,0
100BB,UTG,BB,ONE_RAISE,J3s,0,0,0,NONE,0
100BB,UTG,BB,ONE_RAISE,J2s,0,0,0,NONE,0
100BB,UTG,BB,ONE_RAISE,T9s,0,0,0,NONE,0
100BB,UTG,BB,ONE_RAISE,T8s,0,0,0,NONE,0
100BB,UTG,BB,ONE_RAISE,T7s,0,0,0,NONE,0
100BB,UTG,BB,ONE_RAISE,T6s,0,0,0,NONE,0
100BB,UTG,BB,ONE_RAISE,T5s,0,0,0,NONE,0
100BB,UTG,BB,ONE_RAISE,T4s,0,0,0,NONE,0
100BB,UTG,BB,ONE_RAISE,T3s,0,0,0,NONE,0
100BB,UTG,BB,ONE_RAISE,T2s,0,0,0,NONE,0
100BB,UTG,BB,ONE_RAISE,98s,0,0,0,NONE,0
100BB,UTG,BB,ONE_RAISE,97s,0,0,0,NONE,0
100BB,UTG,BB,ONE_RAISE,96s,0,0,0,NONE,0
100BB,UTG,BB,ONE_RAISE,95s,0,0,0,NONE,0
100BB,UTG,BB,ONE_RAISE,94s,0,0,0,NONE,0
100BB,UTG,BB,ONE_RAISE,93s,0,0,0,NONE,0
100BB,UTG,BB,ONE_RAISE,92s,0,0,0,NONE,0
100BB,UTG,BB,ONE_RAISE,87s,0,0,0,NONE,0
100BB,UTG,BB,ONE_RAISE,86s,0,0,0,NONE,0
100BB,UTG,BB,ONE_RAISE,85s,0,0,0,NONE,0
100BB,UTG,BB,ONE_RAISE,84s,0,0,0,NONE,0
100BB,UTG,BB,ONE_RAISE,83s,0,0,0,NONE,0
100BB,UTG,BB,ONE_RAISE,82s,0,0,0,NONE,0
100BB,UTG,BB,ONE_RAISE,76s,0,0,0,NONE,0
100BB,UTG,BB,ONE_RAISE,75s,0,0,0,NONE,0
100BB,UTG,BB,ONE_RAISE,74s,0,0,0,NONE,0
100BB,UTG,BB,ONE_RAISE,73s,0,0,0,NONE,0
100BB,UTG,BB,ONE_RAISE,72s,0,0,0,NONE,0
100BB,UTG,BB,ONE_RAISE,65s,0,0,0,NONE,0
100BB,UTG,BB,ONE_RAISE,64s,0,0,0,NONE,0
100BB,UTG,BB,ONE_RAISE,63s,0,0,0,NONE,0
100BB,UTG,BB,ONE_RAISE,62s,0,0,0,NONE,0
100BB,UTG,BB,ONE_RAISE,54s,0,0,0,NONE,0
100BB,UTG,BB,ONE_RAISE,53s,0,0,0,NONE,0
100BB,UTG,BB,ONE_RAISE,52s,0,0,0,NONE,0
100BB,UTG,BB,ONE_RAISE,43s,0,0,0,NONE,0
100BB,UTG,BB,ONE_RAISE,42s,0,0,0,NONE,0
100BB,UTG,BB,ONE_RAISE,32s,0,0,0,NONE,0
100BB,UTG,BB,ONE_RAISE,AKo,0,0,0,NONE,0
100BB,UTG,BB,ONE_RAISE,AQo,0,0,0,NONE,0
100BB,UTG,BB,ONE_RAISE,AJo,0,0,0,NONE,0
100BB,UTG,BB,ONE_RAISE,ATo,0,0,0,NONE,0
100BB,UTG,BB,ONE_RAISE,A9o,0,0,0,NONE,0
100BB,UTG,BB,ONE_RAISE,A8o,0,0,0,NONE,0
100BB,UTG,BB,ONE_RAISE,A7o,0,0,0,NONE,0
100BB,UTG,BB,ONE_RAISE,A6o,0,0,0,NONE,0
100BB,UTG,BB,ONE_RAISE,A5o,0,0,0,NONE,0
100BB,UTG,BB,ONE_RAISE,A4o,0,0,0,NONE,0
100BB,UTG,BB,ONE_RAISE,A3o,0,0,0,NONE,0
100BB,UTG,BB,ONE_RAISE,A2o,0,0,0,NONE,0
100BB,UTG,BB,ONE_RAISE,KQo,0,0,0,NONE,0
100BB,UTG,BB,ONE_RAISE,KJo,0,0,0,NONE,0
100BB,UTG,BB,ONE_RAISE,KTo,0,0,0,NONE,0
100BB,UTG,BB,ONE_RAISE,K9o,0,0,0,NONE,0
100BB,UTG,BB,ONE_RAISE,K8o,0,0,0,NONE,0
100BB,UTG,BB,ONE_RAISE,K7o,0,0,0,NONE,0
100BB,UTG,BB,ONE_RAISE,K6o,0,0,0,NONE,0
100BB,UTG,BB,ONE_RAISE,K5o,0,0,0,NONE,0
100BB,UTG,BB,ONE_RAISE,K4o,0,0,0,NONE,0
100BB,UTG,BB,ONE_RAISE,K3o,0,0,0,NONE,0
100BB,UTG,BB,ONE_RAISE,K2o,0,0,0,NONE,0
100BB,UTG,BB,ONE_RAISE,QJo,0,0,0,NONE,0
100BB,UTG,BB,ONE_RAISE,QTo,0,0,0,NONE,0
100BB,UTG,BB,ONE_RAISE,Q9o,0,0,0,NONE,0
100BB,UTG,BB,ONE_RAISE,Q8o,0,0,0,NONE,0
100BB,UTG,BB,ONE_RAISE,Q7o,0,0,0,NONE,0
100BB,UTG,BB,ONE_RAISE,Q6o,0,0,0,NONE,0
100BB,UTG,BB,ONE_RAISE,Q5o,0,0,0,NONE,0
100BB,UTG,BB,ONE_RAISE,Q4o,0,0,0,NONE,0
100BB,UTG,BB,ONE_RAISE,Q3o,0,0,0,NONE,0
100BB,UTG,BB,ONE_RAISE,Q2o,0,0,0,NONE,0
100BB,UTG,BB,ONE_RAISE,JTo,0,0,0,NONE,0
100BB,UTG,BB,ONE_RAISE,J9o,0,0,0,NONE,0
100BB,UTG,BB,ONE_RAISE,J8o,0,0,0,NONE,0
100BB,UTG,BB,ONE_RAISE,J7o,0,0,0,NONE,0
100BB,UTG,BB,ONE_RAISE,J6o,0,0,0,NONE,0
100BB,UTG,BB,ONE_RAISE,J5o,0,0,0,NONE,0
100BB,UTG,BB,ONE_RAISE,J4o,0,0,0,NONE,0
100BB,UTG,BB,ONE_RAISE,J3o,0,0,0,NONE,0
100BB,UTG,BB,ONE_RAISE,J2o,0,0,0,NONE,0
100BB,UTG,BB,ONE_RAISE,T9o,0,0,0,NONE,0
100BB,UTG,BB,ONE_RAISE,T8o,0,0,0,NONE,0
100BB,UTG,BB,ONE_RAISE,T7o,0,0,0,NONE,0
100BB,UTG,BB,ONE_RAISE,T6o,0,0,0,NONE,0
100BB,UTG,BB,ONE_RAISE,T5o,0,0,0,NONE,0
100BB,UTG,BB,ONE_RAISE,T4o,0,0,0,NONE,0
100BB,UTG,BB,ONE_RAISE,T3o,0,0,0,NONE,0
100BB,UTG,BB,ONE_RAISE,T2o,0,0,0,NONE,0
100BB,UTG,BB,ONE_RAISE,98o,0,0,0,NONE,0
100BB,UTG,BB,ONE_RAISE,97o,0,0,0,NONE,0
100BB,UTG,BB,ONE_RAISE,96o,0,0,0,NONE,0
100BB,UTG,BB,ONE_RAISE,95o,0,0,0,NONE,0
100BB,UTG,BB,ONE_RAISE,94o,0,0,0,NONE,0
100BB,UTG,BB,ONE_RAISE,93o,0,0,0,NONE,0
100BB,UTG,BB,ONE_RAISE,92o,0,0,0,NONE,0
100BB,UTG,BB,ONE_RAISE,87o,0,0,0,NONE,0
100BB,UTG,BB,ONE_RAISE,86o,0,0,0,NONE,0
100BB,UTG,BB,ONE_RAISE,85o,0,0,0,NONE,0
100BB,UTG,BB,ONE_RAISE,84o,0,0,0,NONE,0
100BB,UTG,BB,ONE_RAISE,83o,0,0,0,NONE,0
100BB,UTG,BB,ONE_RAISE,82o,0,0,0,NONE,0
100BB,UTG,BB,ONE_RAISE,76o,0,0,0,NONE,0
100BB,UTG,BB,ONE_RAISE,75o,0,0,0,NONE,0
100BB,UTG,BB,ONE_RAISE,74o,0,0,0,NONE,0
100BB,UTG,BB,ONE_RAISE,73o,0,0,0,NONE,0
100BB,UTG,BB,ONE_RAISE,72o,0,0,0,NONE,0
100BB,UTG,BB,ONE_RAISE,65o,0,0,0,NONE,0
100BB,UTG,BB,ONE_RAISE,64o,0,0,0,NONE,0
100BB,UTG,BB,ONE_RAISE,63o,0,0,0,NONE,0
100BB,UTG,BB,ONE_RAISE,62o,0,0,0,NONE,0
100BB,UTG,BB,ONE_RAISE,54o,0,0,0,NONE,0
100BB,UTG,BB,ONE_RAISE,53o,0,0,0,NONE,0
100BB,UTG,BB,ONE_RAISE,52o,0,0,0,NONE,0
100BB,UTG,BB,ONE_RAISE,43o,0,0,0,NONE,0
100BB,UTG,BB,ONE_RAISE,42o,0,0,0,NONE,0
100BB,UTG,BB,ONE_RAISE,32o,0,0,0,NONE,0
100BB,UTG,BB,THREE_BET,AA,0,36,64,2.2,1
100BB,UTG,BB,THREE_BET,KK,0,16,84,2.2,1
100BB,UTG,BB,THREE_BET,QQ,0,100,0,NONE,1
100BB,UTG,BB,THREE_BET,JJ,0,94,6,2.2,1
100BB,UTG,BB,THREE_BET,TT,0,100,0,NONE,1
100BB,UTG,BB,THREE_BET,99,0,100,0,NONE,1
100BB,UTG,BB,THREE_BET,88,0,98,2,2.2,1
100BB,UTG,BB,THREE_BET,77,15,83,2,2.2,1
100BB,UTG,BB,THREE_BET,66,0,100,0,NONE,1
100BB,UTG,BB,THREE_BET,55,58,42,0,NONE,1
100BB,UTG,BB,THREE_BET,44,69,31,0,NONE,1
100BB,UTG,BB,THREE_BET,33,89,11,0,NONE,1
100BB,UTG,BB,THREE_BET,22,100,0,0,NONE,1
100BB,UTG,BB,THREE_BET,AKs,0,100,0,NONE,1
100BB,UTG,BB,THREE_BET,AQs,0,100,0,NONE,1
100BB,UTG,BB,THREE_BET,AJs,0,100,0,NONE,1
100BB,UTG,BB,THREE_BET,ATs,0,100,0,NONE,1
100BB,UTG,BB,THREE_BET,A9s,0,92,8,2.2,1
100BB,UTG,BB,THREE_BET,A8s,7,83,10,2.2,1
100BB,UTG,BB,THREE_BET,A7s,46,35,19,2.2,1
100BB,UTG,BB,THREE_BET,A6s,100,0,0,NONE,1
100BB,UTG,BB,THREE_BET,A5s,0,100,0,NONE,1
100BB,UTG,BB,THREE_BET,A4s,0,100,0,NONE,1
100BB,UTG,BB,THREE_BET,A3s,9,51,40,2.2,1
100BB,UTG,BB,THREE_BET,A2s,97,0,3,2.2,1
100BB,UTG,BB,THREE_BET,KQs,0,100,0,NONE,1
100BB,UTG,BB,THREE_BET,KJs,0,90,10,2.2,1
100BB,UTG,BB,THREE_BET,KTs,0,79,21,2.2,1
100BB,UTG,BB,THREE_BET,K9s,94,0,6,2.2,1
100BB,UTG,BB,THREE_BET,K8s,93,0,7,2.2,1
100BB,UTG,BB,THREE_BET,K7s,100,0,0,NONE,1
100BB,UTG,BB,THREE_BET,K6s,87,0,13,2.2,1
100BB,UTG,BB,THREE_BET,K5s,100,0,0,NONE,1
100BB,UTG,BB,THREE_BET,K4s,100,0,0,NONE,1
100BB,UTG,BB,THREE_BET,K3s,100,0,0,NONE,1
100BB,UTG,BB,THREE_BET,K2s,100,0,0,NONE,1
100BB,UTG,BB,THREE_BET,QJs,0,100,0,NONE,1
100BB,UTG,BB,THREE_BET,QTs,0,100,0,NONE,1
100BB,UTG,BB,THREE_BET,Q9s,81,19,0,NONE,1
100BB,UTG,BB,THREE_BET,Q8s,100,0,0,NONE,1
100BB,UTG,BB,THREE_BET,Q7s,100,0,0,NONE,1
100BB,UTG,BB,THREE_BET,Q6s,100,0,0,NONE,1
100BB,UTG,BB,THREE_BET,Q5s,100,0,0,NONE,1
100BB,UTG,BB,THREE_BET,Q4s,100,0,0,NONE,1
100BB,UTG,BB,THREE_BET,Q3s,100,0,0,NONE,1
100BB,UTG,BB,THREE_BET,Q2s,100,0,0,NONE,1
100BB,UTG,BB,THREE_BET,JTs,0,100,0,NONE,1
100BB,UTG,BB,THREE_BET,J9s,58,42,0,NONE,1
100BB,UTG,BB,THREE_BET,J8s,100,0,0,NONE,1
100BB,UTG,BB,THREE_BET,J7s,100,0,0,NONE,1
100BB,UTG,BB,THREE_BET,J6s,100,0,0,NONE,1
100BB,UTG,BB,THREE_BET,J5s,100,0,0,NONE,1
100BB,UTG,BB,THREE_BET,J4s,100,0,0,NONE,1
100BB,UTG,BB,THREE_BET,J3s,100,0,0,NONE,1
100BB,UTG,BB,THREE_BET,J2s,100,0,0,NONE,1
100BB,UTG,BB,THREE_BET,T9s,0,100,0,NONE,1
100BB,UTG,BB,THREE_BET,T8s,76,24,0,NONE,1
100BB,UTG,BB,THREE_BET,T7s,100,0,0,NONE,1
100BB,UTG,BB,THREE_BET,T6s,100,0,0,NONE,1
100BB,UTG,BB,THREE_BET,T5s,100,0,0,NONE,1
100BB,UTG,BB,THREE_BET,T4s,100,0,0,NONE,1
100BB,UTG,BB,THREE_BET,T3s,100,0,0,NONE,1
100BB,UTG,BB,THREE_BET,T2s,100,0,0,NONE,1
100BB,UTG,BB,THREE_BET,98s,72,28,0,NONE,1
100BB,UTG,BB,THREE_BET,97s,100,0,0,NONE,1
100BB,UTG,BB,THREE_BET,96s,100,0,0,NONE,1
100BB,UTG,BB,THREE_BET,95s,100,0,0,NONE,1
100BB,UTG,BB,THREE_BET,94s,100,0,0,NONE,1
100BB,UTG,BB,THREE_BET,93s,100,0,0,NONE,1
100BB,UTG,BB,THREE_BET,92s,100,0,0,NONE,1
100BB,UTG,BB,THREE_BET,87s,5,94,1,2.2,1
100BB,UTG,BB,THREE_BET,86s,100,0,0,NONE,1
100BB,UTG,BB,THREE_BET,85s,100,0,0,NONE,1
100BB,UTG,BB,THREE_BET,84s,100,0,0,NONE,1
100BB,UTG,BB,THREE_BET,83s,100,0,0,NONE,1
100BB,UTG,BB,THREE_BET,82s,100,0,0,NONE,1
100BB,UTG,BB,THREE_BET,76s,0,100,0,NONE,1
100BB,UTG,BB,THREE_BET,75s,100,0,0,NONE,1
100BB,UTG,BB,THREE_BET,74s,100,0,0,NONE,1
100BB,UTG,BB,THREE_BET,73s,100,0,0,NONE,1
100BB,UTG,BB,THREE_BET,72s,100,0,0,NONE,1
100BB,UTG,BB,THREE_BET,65s,26,74,0,NONE,1
100BB,UTG,BB,THREE_BET,64s,100,0,0,NONE,1
100BB,UTG,BB,THREE_BET,63s,100,0,0,NONE,1
100BB,UTG,BB,THREE_BET,62s,100,0,0,NONE,1
100BB,UTG,BB,THREE_BET,54s,54,46,0,NONE,1
100BB,UTG,BB,THREE_BET,53s,100,0,0,NONE,1
100BB,UTG,BB,THREE_BET,52s,100,0,0,NONE,1
100BB,UTG,BB,THREE_BET,43s,100,0,0,NONE,1
100BB,UTG,BB,THREE_BET,42s,100,0,0,NONE,1
100BB,UTG,BB,THREE_BET,32s,100,0,0,NONE,1
100BB,UTG,BB,THREE_BET,AKo,0,71,29,2.2,1
100BB,UTG,BB,THREE_BET,AQo,75,20,5,2.2,1
100BB,UTG,BB,THREE_BET,AJo,100,0,0,NONE,1
100BB,UTG,BB,THREE_BET,ATo,100,0,0,NONE,1
100BB,UTG,BB,THREE_BET,A9o,100,0,0,NONE,1
100BB,UTG,BB,THREE_BET,A8o,100,0,0,NONE,1
100BB,UTG,BB,THREE_BET,A7o,100,0,0,NONE,1
100BB,UTG,BB,THREE_BET,A6o,100,0,0,NONE,1
100BB,UTG,BB,THREE_BET,A5o,100,0,0,NONE,1
100BB,UTG,BB,THREE_BET,A4o,100,0,0,NONE,1
100BB,UTG,BB,THREE_BET,A3o,100,0,0,NONE,1
100BB,UTG,BB,THREE_BET,A2o,100,0,0,NONE,1
100BB,UTG,BB,THREE_BET,KQo,100,0,0,NONE,1
100BB,UTG,BB,THREE_BET,KJo,100,0,0,NONE,1
100BB,UTG,BB,THREE_BET,KTo,100,0,0,NONE,1
100BB,UTG,BB,THREE_BET,K9o,100,0,0,NONE,1
100BB,UTG,BB,THREE_BET,K8o,100,0,0,NONE,1
100BB,UTG,BB,THREE_BET,K7o,100,0,0,NONE,1
100BB,UTG,BB,THREE_BET,K6o,100,0,0,NONE,1
100BB,UTG,BB,THREE_BET,K5o,100,0,0,NONE,1
100BB,UTG,BB,THREE_BET,K4o,100,0,0,NONE,1
100BB,UTG,BB,THREE_BET,K3o,100,0,0,NONE,1
100BB,UTG,BB,THREE_BET,K2o,100,0,0,NONE,1
100BB,UTG,BB,THREE_BET,QJo,100,0,0,NONE,1
100BB,UTG,BB,THREE_BET,QTo,100,0,0,NONE,1
100BB,UTG,BB,THREE_BET,Q9o,100,0,0,NONE,1
100BB,UTG,BB,THREE_BET,Q8o,100,0,0,NONE,1
100BB,UTG,BB,THREE_BET,Q7o,100,0,0,NONE,1
100BB,UTG,BB,THREE_BET,Q6o,100,0,0,NONE,1
100BB,UTG,BB,THREE_BET,Q5o,100,0,0,NONE,1
100BB,UTG,BB,THREE_BET,Q4o,100,0,0,NONE,1
100BB,UTG,BB,THREE_BET,Q3o,100,0,0,NONE,1
100BB,UTG,BB,THREE_BET,Q2o,100,0,0,NONE,1
100BB,UTG,BB,THREE_BET,JTo,100,0,0,NONE,1
100BB,UTG,BB,THREE_BET,J9o,100,0,0,NONE,1
100BB,UTG,BB,THREE_BET,J8o,100,0,0,NONE,1
100BB,UTG,BB,THREE_BET,J7o,100,0,0,NONE,1
100BB,UTG,BB,THREE_BET,J6o,100,0,0,NONE,1
100BB,UTG,BB,THREE_BET,J5o,100,0,0,NONE,1
100BB,UTG,BB,THREE_BET,J4o,100,0,0,NONE,1
100BB,UTG,BB,THREE_BET,J3o,100,0,0,NONE,1
100BB,UTG,BB,THREE_BET,J2o,100,0,0,NONE,1
100BB,UTG,BB,THREE_BET,T9o,100,0,0,NONE,1
100BB,UTG,BB,THREE_BET,T8o,100,0,0,NONE,1
100BB,UTG,BB,THREE_BET,T7o,100,0,0,NONE,1
100BB,UTG,BB,THREE_BET,T6o,100,0,0,NONE,1
100BB,UTG,BB,THREE_BET,T5o,100,0,0,NONE,1
100BB,UTG,BB,THREE_BET,T4o,100,0,0,NONE,1
100BB,UTG,BB,THREE_BET,T3o,100,0,0,NONE,1
100BB,UTG,BB,THREE_BET,T2o,100,0,0,NONE,1
100BB,UTG,BB,THREE_BET,98o,100,0,0,NONE,1
100BB,UTG,BB,THREE_BET,97o,100,0,0,NONE,1
100BB,UTG,BB,THREE_BET,96o,100,0,0,NONE,1
100BB,UTG,BB,THREE_BET,95o,100,0,0,NONE,1
100BB,UTG,BB,THREE_BET,94o,100,0,0,NONE,1
100BB,UTG,BB,THREE_BET,93o,100,0,0,NONE,1
100BB,UTG,BB,THREE_BET,92o,100,0,0,NONE,1
100BB,UTG,BB,THREE_BET,87o,100,0,0,NONE,1
100BB,UTG,BB,THREE_BET,86o,100,0,0,NONE,1
100BB,UTG,BB,THREE_BET,85o,100,0,0,NONE,1
100BB,UTG,BB,THREE_BET,84o,100,0,0,NONE,1
100BB,UTG,BB,THREE_BET,83o,100,0,0,NONE,1
100BB,UTG,BB,THREE_BET,82o,100,0,0,NONE,1
100BB,UTG,BB,THREE_BET,76o,100,0,0,NONE,1
100BB,UTG,BB,THREE_BET,75o,100,0,0,NONE,1
100BB,UTG,BB,THREE_BET,74o,100,0,0,NONE,1
100BB,UTG,BB,THREE_BET,73o,100,0,0,NONE,1
100BB,UTG,BB,THREE_BET,72o,100,0,0,NONE,1
100BB,UTG,BB,THREE_BET,65o,100,0,0,NONE,1
100BB,UTG,BB,THREE_BET,64o,100,0,0,NONE,1
100BB,UTG,BB,THREE_BET,63o,100,0,0,NONE,1
100BB,UTG,BB,THREE_BET,62o,100,0,0,NONE,1
100BB,UTG,BB,THREE_BET,54o,100,0,0,NONE,1
100BB,UTG,BB,THREE_BET,53o,100,0,0,NONE,1
100BB,UTG,BB,THREE_BET,52o,100,0,0,NONE,1
100BB,UTG,BB,THREE_BET,43o,100,0,0,NONE,1
100BB,UTG,BB,THREE_BET,42o,100,0,0,NONE,1
100BB,UTG,BB,THREE_BET,32o,100,0,0,NONE,1
100BB,HJ,UTG,UNOPENED,AA,0,0,0,NONE,0
100BB,HJ,UTG,UNOPENED,KK,0,0,0,NONE,0
100BB,HJ,UTG,UNOPENED,QQ,0,0,0,NONE,0
100BB,HJ,UTG,UNOPENED,JJ,0,0,0,NONE,0
100BB,HJ,UTG,UNOPENED,TT,0,0,0,NONE,0
100BB,HJ,UTG,UNOPENED,99,0,0,0,NONE,0
100BB,HJ,UTG,UNOPENED,88,0,0,0,NONE,0
100BB,HJ,UTG,UNOPENED,77,0,0,0,NONE,0
100BB,HJ,UTG,UNOPENED,66,0,0,0,NONE,0
100BB,HJ,UTG,UNOPENED,55,0,0,0,NONE,0
100BB,HJ,UTG,UNOPENED,44,0,0,0,NONE,0
100BB,HJ,UTG,UNOPENED,33,0,0,0,NONE,0
100BB,HJ,UTG,UNOPENED,22,0,0,0,NONE,0
100BB,HJ,UTG,UNOPENED,AKs,0,0,0,NONE,0
100BB,HJ,UTG,UNOPENED,AQs,0,0,0,NONE,0
100BB,HJ,UTG,UNOPENED,AJs,0,0,0,NONE,0
100BB,HJ,UTG,UNOPENED,ATs,0,0,0,NONE,0
100BB,HJ,UTG,UNOPENED,A9s,0,0,0,NONE,0
100BB,HJ,UTG,UNOPENED,A8s,0,0,0,NONE,0
100BB,HJ,UTG,UNOPENED,A7s,0,0,0,NONE,0
100BB,HJ,UTG,UNOPENED,A6s,0,0,0,NONE,0
100BB,HJ,UTG,UNOPENED,A5s,0,0,0,NONE,0
100BB,HJ,UTG,UNOPENED,A4s,0,0,0,NONE,0
100BB,HJ,UTG,UNOPENED,A3s,0,0,0,NONE,0
100BB,HJ,UTG,UNOPENED,A2s,0,0,0,NONE,0
100BB,HJ,UTG,UNOPENED,KQs,0,0,0,NONE,0
100BB,HJ,UTG,UNOPENED,KJs,0,0,0,NONE,0
100BB,HJ,UTG,UNOPENED,KTs,0,0,0,NONE,0
100BB,HJ,UTG,UNOPENED,K9s,0,0,0,NONE,0
100BB,HJ,UTG,UNOPENED,K8s,0,0,0,NONE,0
100BB,HJ,UTG,UNOPENED,K7s,0,0,0,NONE,0
100BB,HJ,UTG,UNOPENED,K6s,0,0,0,NONE,0
100BB,HJ,UTG,UNOPENED,K5s,0,0,0,NONE,0
100BB,HJ,UTG,UNOPENED,K4s,0,0,0,NONE,0
100BB,HJ,UTG,UNOPENED,K3s,0,0,0,NONE,0
100BB,HJ,UTG,UNOPENED,K2s,0,0,0,NONE,0
100BB,HJ,UTG,UNOPENED,QJs,0,0,0,NONE,0
100BB,HJ,UTG,UNOPENED,QTs,0,0,0,NONE,0
100BB,HJ,UTG,UNOPENED,Q9s,0,0,0,NONE,0
100BB,HJ,UTG,UNOPENED,Q8s,0,0,0,NONE,0
100BB,HJ,UTG,UNOPENED,Q7s,0,0,0,NONE,0
100BB,HJ,UTG,UNOPENED,Q6s,0,0,0,NONE,0
100BB,HJ,UTG,UNOPENED,Q5s,0,0,0,NONE,0
100BB,HJ,UTG,UNOPENED,Q4s,0,0,0,NONE,0
100BB,HJ,UTG,UNOPENED,Q3s,0,0,0,NONE,0
100BB,HJ,UTG,UNOPENED,Q2s,0,0,0,NONE,0
100BB,HJ,UTG,UNOPENED,JTs,0,0,0,NONE,0
100BB,HJ,UTG,UNOPENED,J9s,0,0,0,NONE,0
100BB,HJ,UTG,UNOPENED,J8s,0,0,0,NONE,0
100BB,HJ,UTG,UNOPENED,J7s,0,0,0,NONE,0
100BB,HJ,UTG,UNOPENED,J6s,0,0,0,NONE,0
100BB,HJ,UTG,UNOPENED,J5s,0,0,0,NONE,0
100BB,HJ,UTG,UNOPENED,J4s,0,0,0,NONE,0
100BB,HJ,UTG,UNOPENED,J3s,0,0,0,NONE,0
100BB,HJ,UTG,UNOPENED,J2s,0,0,0,NONE,0
100BB,HJ,UTG,UNOPENED,T9s,0,0,0,NONE,0
100BB,HJ,UTG,UNOPENED,T8s,0,0,0,NONE,0
100BB,HJ,UTG,UNOPENED,T7s,0,0,0,NONE,0
100BB,HJ,UTG,UNOPENED,T6s,0,0,0,NONE,0
100BB,HJ,UTG,UNOPENED,T5s,0,0,0,NONE,0
100BB,HJ,UTG,UNOPENED,T4s,0,0,0,NONE,0
100BB,HJ,UTG,UNOPENED,T3s,0,0,0,NONE,0
100BB,HJ,UTG,UNOPENED,T2s,0,0,0,NONE,0
100BB,HJ,UTG,UNOPENED,98s,0,0,0,NONE,0
100BB,HJ,UTG,UNOPENED,97s,0,0,0,NONE,0
100BB,HJ,UTG,UNOPENED,96s,0,0,0,NONE,0
100BB,HJ,UTG,UNOPENED,95s,0,0,0,NONE,0
100BB,HJ,UTG,UNOPENED,94s,0,0,0,NONE,0
100BB,HJ,UTG,UNOPENED,93s,0,0,0,NONE,0
100BB,HJ,UTG,UNOPENED,92s,0,0,0,NONE,0
100BB,HJ,UTG,UNOPENED,87s,0,0,0,NONE,0
100BB,HJ,UTG,UNOPENED,86s,0,0,0,NONE,0
100BB,HJ,UTG,UNOPENED,85s,0,0,0,NONE,0
100BB,HJ,UTG,UNOPENED,84s,0,0,0,NONE,0
100BB,HJ,UTG,UNOPENED,83s,0,0,0,NONE,0
100BB,HJ,UTG,UNOPENED,82s,0,0,0,NONE,0
100BB,HJ,UTG,UNOPENED,76s,0,0,0,NONE,0
100BB,HJ,UTG,UNOPENED,75s,0,0,0,NONE,0
100BB,HJ,UTG,UNOPENED,74s,0,0,0,NONE,0
100BB,HJ,UTG,UNOPENED,73s,0,0,0,NONE,0
100BB,HJ,UTG,UNOPENED,72s,0,0,0,NONE,0
100BB,HJ,UTG,UNOPENED,65s,0,0,0,NONE,0
100BB,HJ,UTG,UNOPENED,64s,0,0,0,NONE,0
100BB,HJ,UTG,UNOPENED,63s,0,0,0,NONE,0
100BB,HJ,UTG,UNOPENED,62s,0,0,0,NONE,0
100BB,HJ,UTG,UNOPENED,54s,0,0,0,NONE,0
100BB,HJ,UTG,UNOPENED,53s,0,0,0,NONE,0
100BB,HJ,UTG,UNOPENED,52s,0,0,0,NONE,0
100BB,HJ,UTG,UNOPENED,43s,0,0,0,NONE,0
100BB,HJ,UTG,UNOPENED,42s,0,0,0,NONE,0
100BB,HJ,UTG,UNOPENED,32s,0,0,0,NONE,0
100BB,HJ,UTG,UNOPENED,AKo,0,0,0,NONE,0
100BB,HJ,UTG,UNOPENED,AQo,0,0,0,NONE,0
100BB,HJ,UTG,UNOPENED,AJo,0,0,0,NONE,0
100BB,HJ,UTG,UNOPENED,ATo,0,0,0,NONE,0
100BB,HJ,UTG,UNOPENED,A9o,0,0,0,NONE,0
100BB,HJ,UTG,UNOPENED,A8o,0,0,0,NONE,0
100BB,HJ,UTG,UNOPENED,A7o,0,0,0,NONE,0
100BB,HJ,UTG,UNOPENED,A6o,0,0,0,NONE,0
100BB,HJ,UTG,UNOPENED,A5o,0,0,0,NONE,0
100BB,HJ,UTG,UNOPENED,A4o,0,0,0,NONE,0
100BB,HJ,UTG,UNOPENED,A3o,0,0,0,NONE,0
100BB,HJ,UTG,UNOPENED,A2o,0,0,0,NONE,0
100BB,HJ,UTG,UNOPENED,KQo,0,0,0,NONE,0
100BB,HJ,UTG,UNOPENED,KJo,0,0,0,NONE,0
100BB,HJ,UTG,UNOPENED,KTo,0,0,0,NONE,0
100BB,HJ,UTG,UNOPENED,K9o,0,0,0,NONE,0
100BB,HJ,UTG,UNOPENED,K8o,0,0,0,NONE,0
100BB,HJ,UTG,UNOPENED,K7o,0,0,0,NONE,0
100BB,HJ,UTG,UNOPENED,K6o,0,0,0,NONE,0
100BB,HJ,UTG,UNOPENED,K5o,0,0,0,NONE,0
100BB,HJ,UTG,UNOPENED,K4o,0,0,0,NONE,0
100BB,HJ,UTG,UNOPENED,K3o,0,0,0,NONE,0
100BB,HJ,UTG,UNOPENED,K2o,0,0,0,NONE,0
100BB,HJ,UTG,UNOPENED,QJo,0,0,0,NONE,0
100BB,HJ,UTG,UNOPENED,QTo,0,0,0,NONE,0
100BB,HJ,UTG,UNOPENED,Q9o,0,0,0,NONE,0
100BB,HJ,UTG,UNOPENED,Q8o,0,0,0,NONE,0
100BB,HJ,UTG,UNOPENED,Q7o,0,0,0,NONE,0
100BB,HJ,UTG,UNOPENED,Q6o,0,0,0,NONE,0
100BB,HJ,UTG,UNOPENED,Q5o,0,0,0,NONE,0
100BB,HJ,UTG,UNOPENED,Q4o,0,0,0,NONE,0
100BB,HJ,UTG,UNOPENED,Q3o,0,0,0,NONE,0
100BB,HJ,UTG,UNOPENED,Q2o,0,0,0,NONE,0
100BB,HJ,UTG,UNOPENED,JTo,0,0,0,NONE,0
100BB,HJ,UTG,UNOPENED,J9o,0,0,0,NONE,0
100BB,HJ,UTG,UNOPENED,J8o,0,0,0,NONE,0
100BB,HJ,UTG,UNOPENED,J7o,0,0,0,NONE,0
100BB,HJ,UTG,UNOPENED,J6o,0,0,0,NONE,0
100BB,HJ,UTG,UNOPENED,J5o,0,0,0,NONE,0
100BB,HJ,UTG,UNOPENED,J4o,0,0,0,NONE,0
100BB,HJ,UTG,UNOPENED,J3o,0,0,0,NONE,0
100BB,HJ,UTG,UNOPENED,J2o,0,0,0,NONE,0
100BB,HJ,UTG,UNOPENED,T9o,0,0,0,NONE,0
100BB,HJ,UTG,UNOPENED,T8o,0,0,0,NONE,0
100BB,HJ,UTG,UNOPENED,T7o,0,0,0,NONE,0
100BB,HJ,UTG,UNOPENED,T6o,0,0,0,NONE,0
100BB,HJ,UTG,UNOPENED,T5o,0,0,0,NONE,0
100BB,HJ,UTG,UNOPENED,T4o,0,0,0,NONE,0
100BB,HJ,UTG,UNOPENED,T3o,0,0,0,NONE,0
100BB,HJ,UTG,UNOPENED,T2o,0,0,0,NONE,0
100BB,HJ,UTG,UNOPENED,98o,0,0,0,NONE,0
100BB,HJ,UTG,UNOPENED,97o,0,0,0,NONE,0
100BB,HJ,UTG,UNOPENED,96o,0,0,0,NONE,0
100BB,HJ,UTG,UNOPENED,95o,0,0,0,NONE,0
100BB,HJ,UTG,UNOPENED,94o,0,0,0,NONE,0
100BB,HJ,UTG,UNOPENED,93o,0,0,0,NONE,0
100BB,HJ,UTG,UNOPENED,92o,0,0,0,NONE,0
100BB,HJ,UTG,UNOPENED,87o,0,0,0,NONE,0
100BB,HJ,UTG,UNOPENED,86o,0,0,0,NONE,0
100BB,HJ,UTG,UNOPENED,85o,0,0,0,NONE,0
100BB,HJ,UTG,UNOPENED,84o,0,0,0,NONE,0
100BB,HJ,UTG,UNOPENED,83o,0,0,0,NONE,0
100BB,HJ,UTG,UNOPENED,82o,0,0,0,NONE,0
100BB,HJ,UTG,UNOPENED,76o,0,0,0,NONE,0
100BB,HJ,UTG,UNOPENED,75o,0,0,0,NONE,0
100BB,HJ,UTG,UNOPENED,74o,0,0,0,NONE,0
100BB,HJ,UTG,UNOPENED,73o,0,0,0,NONE,0
100BB,HJ,UTG,UNOPENED,72o,0,0,0,NONE,0
100BB,HJ,UTG,UNOPENED,65o,0,0,0,NONE,0
100BB,HJ,UTG,UNOPENED,64o,0,0,0,NONE,0
100BB,HJ,UTG,UNOPENED,63o,0,0,0,NONE,0
100BB,HJ,UTG,UNOPENED,62o,0,0,0,NONE,0
100BB,HJ,UTG,UNOPENED,54o,0,0,0,NONE,0
100BB,HJ,UTG,UNOPENED,53o,0,0,0,NONE,0
100BB,HJ,UTG,UNOPENED,52o,0,0,0,NONE,0
100BB,HJ,UTG,UNOPENED,43o,0,0,0,NONE,0
100BB,HJ,UTG,UNOPENED,42o,0,0,0,NONE,0
100BB,HJ,UTG,UNOPENED,32o,0,0,0,NONE,0
100BB,HJ,UTG,ONE_RAISE,AA,0,0,100,4,1
100BB,HJ,UTG,ONE_RAISE,KK,0,0,100,4,1
100BB,HJ,UTG,ONE_RAISE,QQ,0,45,55,4,1
100BB,HJ,UTG,ONE_RAISE,JJ,0,68,32,4,1
100BB,HJ,UTG,ONE_RAISE,TT,0,56,44,4,1
100BB,HJ,UTG,ONE_RAISE,99,0,75,25,4,1
100BB,HJ,UTG,ONE_RAISE,88,0,82,18,4,1
100BB,HJ,UTG,ONE_RAISE,77,0,92,8,4,1
100BB,HJ,UTG,ONE_RAISE,66,0,81,19,4,1
100BB,HJ,UTG,ONE_RAISE,55,0,83,17,4,1
100BB,HJ,UTG,ONE_RAISE,44,0,100,0,NONE,1
100BB,HJ,UTG,ONE_RAISE,33,0,100,0,NONE,1
100BB,HJ,UTG,ONE_RAISE,22,0,100,0,NONE,1
100BB,HJ,UTG,ONE_RAISE,AKs,0,0,100,4,1
100BB,HJ,UTG,ONE_RAISE,AQs,0,43,57,4,1
100BB,HJ,UTG,ONE_RAISE,AJs,0,91,9,4,1
100BB,HJ,UTG,ONE_RAISE,ATs,0,75,25,4,1
100BB,HJ,UTG,ONE_RAISE,A9s,0,56,44,4,1
100BB,HJ,UTG,ONE_RAISE,A8s,0,65,35,4,1
100BB,HJ,UTG,ONE_RAISE,A7s,0,67,33,4,1
100BB,HJ,UTG,ONE_RAISE,A6s,0,71,29,4,1
100BB,HJ,UTG,ONE_RAISE,A5s,0,40,60,4,1
100BB,HJ,UTG,ONE_RAISE,A4s,0,67,33,4,1
100BB,HJ,UTG,ONE_RAISE,A3s,0,52,48,4,1
100BB,HJ,UTG,ONE_RAISE,A2s,22,45,33,4,1
100BB,HJ,UTG,ONE_RAISE,KQs,0,77,23,4,1
100BB,HJ,UTG,ONE_RAISE,KJs,0,60,40,4,1
100BB,HJ,UTG,ONE_RAISE,KTs,0,78,22,4,1
100BB,HJ,UTG,ONE_RAISE,K9s,0,49,51,4,1
100BB,HJ,UTG,ONE_RAISE,K8s,74,0,26,4,1
100BB,HJ,UTG,ONE_RAISE,K7s,76,0,24,4,1
100BB,HJ,UTG,ONE_RAISE,K6s,100,0,0,NONE,1
100BB,HJ,UTG,ONE_RAISE,K5s,85,0,15,4,1
100BB,HJ,UTG,ONE_RAISE,K4s,100,0,0,NONE,1
100BB,HJ,UTG,ONE_RAISE,K3s,100,0,0,NONE,1
100BB,HJ,UTG,ONE_RAISE,K2s,100,0,0,NONE,1
100BB,HJ,UTG,ONE_RAISE,QJs,0,47,53,4,1
100BB,HJ,UTG,ONE_RAISE,QTs,0,72,28,4,1
100BB,HJ,UTG,ONE_RAISE,Q9s,0,54,46,4,1
100BB,HJ,UTG,ONE_RAISE,Q8s,100,0,0,NONE,1
100BB,HJ,UTG,ONE_RAISE,Q7s,100,0,0,NONE,1
100BB,HJ,UTG,ONE_RAISE,Q6s,100,0,0,NONE,1
100BB,HJ,UTG,ONE_RAISE,Q5s,100,0,0,NONE,1
100BB,HJ,UTG,ONE_RAISE,Q4s,100,0,0,NONE,1
100BB,HJ,UTG,ONE_RAISE,Q3s,100,0,0,NONE,1
100BB,HJ,UTG,ONE_RAISE,Q2s,100,0,0,NONE,1
100BB,HJ,UTG,ONE_RAISE,JTs,0,62,38,4,1
100BB,HJ,UTG,ONE_RAISE,J9s,0,68,32,4,1
100BB,HJ,UTG,ONE_RAISE,J8s,100,0,0,NONE,1
100BB,HJ,UTG,ONE_RAISE,J7s,100,0,0,NONE,1
100BB,HJ,UTG,ONE_RAISE,J6s,100,0,0,NONE,1
100BB,HJ,UTG,ONE_RAISE,J5s,100,0,0,NONE,1
100BB,HJ,UTG,ONE_RAISE,J4s,100,0,0,NONE,1
100BB,HJ,UTG,ONE_RAISE,J3s,100,0,0,NONE,1
100BB,HJ,UTG,ONE_RAISE,J2s,100,0,0,NONE,1
100BB,HJ,UTG,ONE_RAISE,T9s,0,47,53,4,1
100BB,HJ,UTG,ONE_RAISE,T8s,52,29,19,4,1
100BB,HJ,UTG,ONE_RAISE,T7s,100,0,0,NONE,1
100BB,HJ,UTG,ONE_RAISE,T6s,100,0,0,NONE,1
100BB,HJ,UTG,ONE_RAISE,T5s,100,0,0,NONE,1
100BB,HJ,UTG,ONE_RAISE,T4s,100,0,0,NONE,1
100BB,HJ,UTG,ONE_RAISE,T3s,100,0,0,NONE,1
100BB,HJ,UTG,ONE_RAISE,T2s,100,0,0,NONE,1
100BB,HJ,UTG,ONE_RAISE,98s,36,52,12,4,1
100BB,HJ,UTG,ONE_RAISE,97s,100,0,0,NONE,1
100BB,HJ,UTG,ONE_RAISE,96s,100,0,0,NONE,1
100BB,HJ,UTG,ONE_RAISE,95s,100,0,0,NONE,1
100BB,HJ,UTG,ONE_RAISE,94s,100,0,0,NONE,1
100BB,HJ,UTG,ONE_RAISE,93s,100,0,0,NONE,1
100BB,HJ,UTG,ONE_RAISE,92s,100,0,0,NONE,1
100BB,HJ,UTG,ONE_RAISE,87s,46,14,40,4,1
100BB,HJ,UTG,ONE_RAISE,86s,100,0,0,NONE,1
100BB,HJ,UTG,ONE_RAISE,85s,100,0,0,NONE,1
100BB,HJ,UTG,ONE_RAISE,84s,100,0,0,NONE,1
100BB,HJ,UTG,ONE_RAISE,83s,100,0,0,NONE,1
100BB,HJ,UTG,ONE_RAISE,82s,100,0,0,NONE,1
100BB,HJ,UTG,ONE_RAISE,76s,21,33,46,4,1
100BB,HJ,UTG,ONE_RAISE,75s,100,0,0,NONE,1
100BB,HJ,UTG,ONE_RAISE,74s,100,0,0,NONE,1
100BB,HJ,UTG,ONE_RAISE,73s,100,0,0,NONE,1
100BB,HJ,UTG,ONE_RAISE,72s,100,0,0,NONE,1
100BB,HJ,UTG,ONE_RAISE,65s,0,39,61,4,1
100BB,HJ,UTG,ONE_RAISE,64s,100,0,0,NONE,1
100BB,HJ,UTG,ONE_RAISE,63s,100,0,0,NONE,1
100BB,HJ,UTG,ONE_RAISE,62s,100,0,0,NONE,1
100BB,HJ,UTG,ONE_RAISE,54s,0,60,40,4,1
100BB,HJ,UTG,ONE_RAISE,53s,100,0,0,NONE,1
100BB,HJ,UTG,ONE_RAISE,52s,100,0,0,NONE,1
100BB,HJ,UTG,ONE_RAISE,43s,100,0,0,NONE,1
100BB,HJ,UTG,ONE_RAISE,42s,100,0,0,NONE,1
100BB,HJ,UTG,ONE_RAISE,32s,100,0,0,NONE,1
100BB,HJ,UTG,ONE_RAISE,AKo,0,33,67,4,1
100BB,HJ,UTG,ONE_RAISE,AQo,0,56,44,4,1
100BB,HJ,UTG,ONE_RAISE,AJo,7,52,41,4,1
100BB,HJ,UTG,ONE_RAISE,ATo,85,0,15,4,1
100BB,HJ,UTG,ONE_RAISE,A9o,100,0,0,NONE,1
100BB,HJ,UTG,ONE_RAISE,A8o,100,0,0,NONE,1
100BB,HJ,UTG,ONE_RAISE,A7o,100,0,0,NONE,1
100BB,HJ,UTG,ONE_RAISE,A6o,100,0,0,NONE,1
100BB,HJ,UTG,ONE_RAISE,A5o,100,0,0,NONE,1
100BB,HJ,UTG,ONE_RAISE,A4o,100,0,0,NONE,1
100BB,HJ,UTG,ONE_RAISE,A3o,100,0,0,NONE,1
100BB,HJ,UTG,ONE_RAISE,A2o,100,0,0,NONE,1
100BB,HJ,UTG,ONE_RAISE,KQo,100,53,47,4,1
100BB,HJ,UTG,ONE_RAISE,KJo,98,0,2,4,1
100BB,HJ,UTG,ONE_RAISE,KTo,100,0,0,NONE,1
100BB,HJ,UTG,ONE_RAISE,K9o,100,0,0,NONE,1
100BB,HJ,UTG,ONE_RAISE,K8o,100,0,0,NONE,1
100BB,HJ,UTG,ONE_RAISE,K7o,100,0,0,NONE,1
100BB,HJ,UTG,ONE_RAISE,K6o,100,0,0,NONE,1
100BB,HJ,UTG,ONE_RAISE,K5o,100,0,0,NONE,1
100BB,HJ,UTG,ONE_RAISE,K4o,100,0,0,NONE,1
100BB,HJ,UTG,ONE_RAISE,K3o,100,0,0,NONE,1
100BB,HJ,UTG,ONE_RAISE,K2o,100,0,0,NONE,1
100BB,HJ,UTG,ONE_RAISE,QJo,100,0,0,NONE,1
100BB,HJ,UTG,ONE_RAISE,QTo,100,0,0,NONE,1
100BB,HJ,UTG,ONE_RAISE,Q9o,100,0,0,NONE,1
100BB,HJ,UTG,ONE_RAISE,Q8o,100,0,0,NONE,1
100BB,HJ,UTG,ONE_RAISE,Q7o,100,0,0,NONE,1
100BB,HJ,UTG,ONE_RAISE,Q6o,100,0,0,NONE,1
100BB,HJ,UTG,ONE_RAISE,Q5o,100,0,0,NONE,1
100BB,HJ,UTG,ONE_RAISE,Q4o,100,0,0,NONE,1
100BB,HJ,UTG,ONE_RAISE,Q3o,100,0,0,NONE,1
100BB,HJ,UTG,ONE_RAISE,Q2o,100,0,0,NONE,1
100BB,HJ,UTG,ONE_RAISE,JTo,100,0,0,NONE,1
100BB,HJ,UTG,ONE_RAISE,J9o,100,0,0,NONE,1
100BB,HJ,UTG,ONE_RAISE,J8o,100,0,0,NONE,1
100BB,HJ,UTG,ONE_RAISE,J7o,100,0,0,NONE,1
100BB,HJ,UTG,ONE_RAISE,J6o,100,0,0,NONE,1
100BB,HJ,UTG,ONE_RAISE,J5o,100,0,0,NONE,1
100BB,HJ,UTG,ONE_RAISE,J4o,100,0,0,NONE,1
100BB,HJ,UTG,ONE_RAISE,J3o,100,0,0,NONE,1
100BB,HJ,UTG,ONE_RAISE,J2o,100,0,0,NONE,1
100BB,HJ,UTG,ONE_RAISE,T9o,100,0,0,NONE,1
100BB,HJ,UTG,ONE_RAISE,T8o,100,0,0,NONE,1
100BB,HJ,UTG,ONE_RAISE,T7o,100,0,0,NONE,1
100BB,HJ,UTG,ONE_RAISE,T6o,100,0,0,NONE,1
100BB,HJ,UTG,ONE_RAISE,T5o,100,0,0,NONE,1
100BB,HJ,UTG,ONE_RAISE,T4o,100,0,0,NONE,1
100BB,HJ,UTG,ONE_RAISE,T3o,100,0,0,NONE,1
100BB,HJ,UTG,ONE_RAISE,T2o,100,0,0,NONE,1
100BB,HJ,UTG,ONE_RAISE,98o,100,0,0,NONE,1
100BB,HJ,UTG,ONE_RAISE,97o,100,0,0,NONE,1
100BB,HJ,UTG,ONE_RAISE,96o,100,0,0,NONE,1
100BB,HJ,UTG,ONE_RAISE,95o,100,0,0,NONE,1
100BB,HJ,UTG,ONE_RAISE,94o,100,0,0,NONE,1
100BB,HJ,UTG,ONE_RAISE,93o,100,0,0,NONE,1
100BB,HJ,UTG,ONE_RAISE,92o,100,0,0,NONE,1
100BB,HJ,UTG,ONE_RAISE,87o,100,0,0,NONE,1
100BB,HJ,UTG,ONE_RAISE,86o,100,0,0,NONE,1
100BB,HJ,UTG,ONE_RAISE,85o,100,0,0,NONE,1
100BB,HJ,UTG,ONE_RAISE,84o,100,0,0,NONE,1
100BB,HJ,UTG,ONE_RAISE,83o,100,0,0,NONE,1
100BB,HJ,UTG,ONE_RAISE,82o,100,0,0,NONE,1
100BB,HJ,UTG,ONE_RAISE,76o,100,0,0,NONE,1
100BB,HJ,UTG,ONE_RAISE,75o,100,0,0,NONE,1
100BB,HJ,UTG,ONE_RAISE,74o,100,0,0,NONE,1
100BB,HJ,UTG,ONE_RAISE,73o,100,0,0,NONE,1
100BB,HJ,UTG,ONE_RAISE,72o,100,0,0,NONE,1
100BB,HJ,UTG,ONE_RAISE,65o,100,0,0,NONE,1
100BB,HJ,UTG,ONE_RAISE,64o,100,0,0,NONE,1
100BB,HJ,UTG,ONE_RAISE,63o,100,0,0,NONE,1
100BB,HJ,UTG,ONE_RAISE,62o,100,0,0,NONE,1
100BB,HJ,UTG,ONE_RAISE,54o,100,0,0,NONE,1
100BB,HJ,UTG,ONE_RAISE,53o,100,0,0,NONE,1
100BB,HJ,UTG,ONE_RAISE,52o,100,0,0,NONE,1
100BB,HJ,UTG,ONE_RAISE,43o,100,0,0,NONE,1
100BB,HJ,UTG,ONE_RAISE,42o,100,0,0,NONE,1
100BB,HJ,UTG,ONE_RAISE,32o,100,0,0,NONE,1
100BB,HJ,UTG,THREE_BET,AA,0,0,0,NONE,0
100BB,HJ,UTG,THREE_BET,KK,0,0,0,NONE,0
100BB,HJ,UTG,THREE_BET,QQ,0,0,0,NONE,0
100BB,HJ,UTG,THREE_BET,JJ,0,0,0,NONE,0
100BB,HJ,UTG,THREE_BET,TT,0,0,0,NONE,0
100BB,HJ,UTG,THREE_BET,99,0,0,0,NONE,0
100BB,HJ,UTG,THREE_BET,88,0,0,0,NONE,0
100BB,HJ,UTG,THREE_BET,77,0,0,0,NONE,0
100BB,HJ,UTG,THREE_BET,66,0,0,0,NONE,0
100BB,HJ,UTG,THREE_BET,55,0,0,0,NONE,0
100BB,HJ,UTG,THREE_BET,44,0,0,0,NONE,0
100BB,HJ,UTG,THREE_BET,33,0,0,0,NONE,0
100BB,HJ,UTG,THREE_BET,22,0,0,0,NONE,0
100BB,HJ,UTG,THREE_BET,AKs,0,0,0,NONE,0
100BB,HJ,UTG,THREE_BET,AQs,0,0,0,NONE,0
100BB,HJ,UTG,THREE_BET,AJs,0,0,0,NONE,0
100BB,HJ,UTG,THREE_BET,ATs,0,0,0,NONE,0
100BB,HJ,UTG,THREE_BET,A9s,0,0,0,NONE,0
100BB,HJ,UTG,THREE_BET,A8s,0,0,0,NONE,0
100BB,HJ,UTG,THREE_BET,A7s,0,0,0,NONE,0
100BB,HJ,UTG,THREE_BET,A6s,0,0,0,NONE,0
100BB,HJ,UTG,THREE_BET,A5s,0,0,0,NONE,0
100BB,HJ,UTG,THREE_BET,A4s,0,0,0,NONE,0
100BB,HJ,UTG,THREE_BET,A3s,0,0,0,NONE,0
100BB,HJ,UTG,THREE_BET,A2s,0,0,0,NONE,0
100BB,HJ,UTG,THREE_BET,KQs,0,0,0,NONE,0
100BB,HJ,UTG,THREE_BET,KJs,0,0,0,NONE,0
100BB,HJ,UTG,THREE_BET,KTs,0,0,0,NONE,0
100BB,HJ,UTG,THREE_BET,K9s,0,0,0,NONE,0
100BB,HJ,UTG,THREE_BET,K8s,0,0,0,NONE,0
100BB,HJ,UTG,THREE_BET,K7s,0,0,0,NONE,0
100BB,HJ,UTG,THREE_BET,K6s,0,0,0,NONE,0
100BB,HJ,UTG,THREE_BET,K5s,0,0,0,NONE,0
100BB,HJ,UTG,THREE_BET,K4s,0,0,0,NONE,0
100BB,HJ,UTG,THREE_BET,K3s,0,0,0,NONE,0
100BB,HJ,UTG,THREE_BET,K2s,0,0,0,NONE,0
100BB,HJ,UTG,THREE_BET,QJs,0,0,0,NONE,0
100BB,HJ,UTG,THREE_BET,QTs,0,0,0,NONE,0
100BB,HJ,UTG,THREE_BET,Q9s,0,0,0,NONE,0
100BB,HJ,UTG,THREE_BET,Q8s,0,0,0,NONE,0
100BB,HJ,UTG,THREE_BET,Q7s,0,0,0,NONE,0
100BB,HJ,UTG,THREE_BET,Q6s,0,0,0,NONE,0
100BB,HJ,UTG,THREE_BET,Q5s,0,0,0,NONE,0
100BB,HJ,UTG,THREE_BET,Q4s,0,0,0,NONE,0
100BB,HJ,UTG,THREE_BET,Q3s,0,0,0,NONE,0
100BB,HJ,UTG,THREE_BET,Q2s,0,0,0,NONE,0
100BB,HJ,UTG,THREE_BET,JTs,0,0,0,NONE,0
100BB,HJ,UTG,THREE_BET,J9s,0,0,0,NONE,0
100BB,HJ,UTG,THREE_BET,J8s,0,0,0,NONE,0
100BB,HJ,UTG,THREE_BET,J7s,0,0,0,NONE,0
100BB,HJ,UTG,THREE_BET,J6s,0,0,0,NONE,0
100BB,HJ,UTG,THREE_BET,J5s,0,0,0,NONE,0
100BB,HJ,UTG,THREE_BET,J4s,0,0,0,NONE,0
100BB,HJ,UTG,THREE_BET,J3s,0,0,0,NONE,0
100BB,HJ,UTG,THREE_BET,J2s,0,0,0,NONE,0
100BB,HJ,UTG,THREE_BET,T9s,0,0,0,NONE,0
100BB,HJ,UTG,THREE_BET,T8s,0,0,0,NONE,0
100BB,HJ,UTG,THREE_BET,T7s,0,0,0,NONE,0
100BB,HJ,UTG,THREE_BET,T6s,0,0,0,NONE,0
100BB,HJ,UTG,THREE_BET,T5s,0,0,0,NONE,0
100BB,HJ,UTG,THREE_BET,T4s,0,0,0,NONE,0
100BB,HJ,UTG,THREE_BET,T3s,0,0,0,NONE,0
100BB,HJ,UTG,THREE_BET,T2s,0,0,0,NONE,0
100BB,HJ,UTG,THREE_BET,98s,0,0,0,NONE,0
100BB,HJ,UTG,THREE_BET,97s,0,0,0,NONE,0
100BB,HJ,UTG,THREE_BET,96s,0,0,0,NONE,0
100BB,HJ,UTG,THREE_BET,95s,0,0,0,NONE,0
100BB,HJ,UTG,THREE_BET,94s,0,0,0,NONE,0
100BB,HJ,UTG,THREE_BET,93s,0,0,0,NONE,0
100BB,HJ,UTG,THREE_BET,92s,0,0,0,NONE,0
100BB,HJ,UTG,THREE_BET,87s,0,0,0,NONE,0
100BB,HJ,UTG,THREE_BET,86s,0,0,0,NONE,0
100BB,HJ,UTG,THREE_BET,85s,0,0,0,NONE,0
100BB,HJ,UTG,THREE_BET,84s,0,0,0,NONE,0
100BB,HJ,UTG,THREE_BET,83s,0,0,0,NONE,0
100BB,HJ,UTG,THREE_BET,82s,0,0,0,NONE,0
100BB,HJ,UTG,THREE_BET,76s,0,0,0,NONE,0
100BB,HJ,UTG,THREE_BET,75s,0,0,0,NONE,0
100BB,HJ,UTG,THREE_BET,74s,0,0,0,NONE,0
100BB,HJ,UTG,THREE_BET,73s,0,0,0,NONE,0
100BB,HJ,UTG,THREE_BET,72s,0,0,0,NONE,0
100BB,HJ,UTG,THREE_BET,65s,0,0,0,NONE,0
100BB,HJ,UTG,THREE_BET,64s,0,0,0,NONE,0
100BB,HJ,UTG,THREE_BET,63s,0,0,0,NONE,0
100BB,HJ,UTG,THREE_BET,62s,0,0,0,NONE,0
100BB,HJ,UTG,THREE_BET,54s,0,0,0,NONE,0
100BB,HJ,UTG,THREE_BET,53s,0,0,0,NONE,0
100BB,HJ,UTG,THREE_BET,52s,0,0,0,NONE,0
100BB,HJ,UTG,THREE_BET,43s,0,0,0,NONE,0
100BB,HJ,UTG,THREE_BET,42s,0,0,0,NONE,0
100BB,HJ,UTG,THREE_BET,32s,0,0,0,NONE,0
100BB,HJ,UTG,THREE_BET,AKo,0,0,0,NONE,0
100BB,HJ,UTG,THREE_BET,AQo,0,0,0,NONE,0
100BB,HJ,UTG,THREE_BET,AJo,0,0,0,NONE,0
100BB,HJ,UTG,THREE_BET,ATo,0,0,0,NONE,0
100BB,HJ,UTG,THREE_BET,A9o,0,0,0,NONE,0
100BB,HJ,UTG,THREE_BET,A8o,0,0,0,NONE,0
100BB,HJ,UTG,THREE_BET,A7o,0,0,0,NONE,0
100BB,HJ,UTG,THREE_BET,A6o,0,0,0,NONE,0
100BB,HJ,UTG,THREE_BET,A5o,0,0,0,NONE,0
100BB,HJ,UTG,THREE_BET,A4o,0,0,0,NONE,0
100BB,HJ,UTG,THREE_BET,A3o,0,0,0,NONE,0
100BB,HJ,UTG,THREE_BET,A2o,0,0,0,NONE,0
100BB,HJ,UTG,THREE_BET,KQo,0,0,0,NONE,0
100BB,HJ,UTG,THREE_BET,KJo,0,0,0,NONE,0
100BB,HJ,UTG,THREE_BET,KTo,0,0,0,NONE,0
100BB,HJ,UTG,THREE_BET,K9o,0,0,0,NONE,0
100BB,HJ,UTG,THREE_BET,K8o,0,0,0,NONE,0
100BB,HJ,UTG,THREE_BET,K7o,0,0,0,NONE,0
100BB,HJ,UTG,THREE_BET,K6o,0,0,0,NONE,0
100BB,HJ,UTG,THREE_BET,K5o,0,0,0,NONE,0
100BB,HJ,UTG,THREE_BET,K4o,0,0,0,NONE,0
100BB,HJ,UTG,THREE_BET,K3o,0,0,0,NONE,0
100BB,HJ,UTG,THREE_BET,K2o,0,0,0,NONE,0
100BB,HJ,UTG,THREE_BET,QJo,0,0,0,NONE,0
100BB,HJ,UTG,THREE_BET,QTo,0,0,0,NONE,0
100BB,HJ,UTG,THREE_BET,Q9o,0,0,0,NONE,0
100BB,HJ,UTG,THREE_BET,Q8o,0,0,0,NONE,0
100BB,HJ,UTG,THREE_BET,Q7o,0,0,0,NONE,0
100BB,HJ,UTG,THREE_BET,Q6o,0,0,0,NONE,0
100BB,HJ,UTG,THREE_BET,Q5o,0,0,0,NONE,0
100BB,HJ,UTG,THREE_BET,Q4o,0,0,0,NONE,0
100BB,HJ,UTG,THREE_BET,Q3o,0,0,0,NONE,0
100BB,HJ,UTG,THREE_BET,Q2o,0,0,0,NONE,0
100BB,HJ,UTG,THREE_BET,JTo,0,0,0,NONE,0
100BB,HJ,UTG,THREE_BET,J9o,0,0,0,NONE,0
100BB,HJ,UTG,THREE_BET,J8o,0,0,0,NONE,0
100BB,HJ,UTG,THREE_BET,J7o,0,0,0,NONE,0
100BB,HJ,UTG,THREE_BET,J6o,0,0,0,NONE,0
100BB,HJ,UTG,THREE_BET,J5o,0,0,0,NONE,0
100BB,HJ,UTG,THREE_BET,J4o,0,0,0,NONE,0
100BB,HJ,UTG,THREE_BET,J3o,0,0,0,NONE,0
100BB,HJ,UTG,THREE_BET,J2o,0,0,0,NONE,0
100BB,HJ,UTG,THREE_BET,T9o,0,0,0,NONE,0
100BB,HJ,UTG,THREE_BET,T8o,0,0,0,NONE,0
100BB,HJ,UTG,THREE_BET,T7o,0,0,0,NONE,0
100BB,HJ,UTG,THREE_BET,T6o,0,0,0,NONE,0
100BB,HJ,UTG,THREE_BET,T5o,0,0,0,NONE,0
100BB,HJ,UTG,THREE_BET,T4o,0,0,0,NONE,0
100BB,HJ,UTG,THREE_BET,T3o,0,0,0,NONE,0
100BB,HJ,UTG,THREE_BET,T2o,0,0,0,NONE,0
100BB,HJ,UTG,THREE_BET,98o,0,0,0,NONE,0
100BB,HJ,UTG,THREE_BET,97o,0,0,0,NONE,0
100BB,HJ,UTG,THREE_BET,96o,0,0,0,NONE,0
100BB,HJ,UTG,THREE_BET,95o,0,0,0,NONE,0
100BB,HJ,UTG,THREE_BET,94o,0,0,0,NONE,0
100BB,HJ,UTG,THREE_BET,93o,0,0,0,NONE,0
100BB,HJ,UTG,THREE_BET,92o,0,0,0,NONE,0
100BB,HJ,UTG,THREE_BET,87o,0,0,0,NONE,0
100BB,HJ,UTG,THREE_BET,86o,0,0,0,NONE,0
100BB,HJ,UTG,THREE_BET,85o,0,0,0,NONE,0
100BB,HJ,UTG,THREE_BET,84o,0,0,0,NONE,0
100BB,HJ,UTG,THREE_BET,83o,0,0,0,NONE,0
100BB,HJ,UTG,THREE_BET,82o,0,0,0,NONE,0
100BB,HJ,UTG,THREE_BET,76o,0,0,0,NONE,0
100BB,HJ,UTG,THREE_BET,75o,0,0,0,NONE,0
100BB,HJ,UTG,THREE_BET,74o,0,0,0,NONE,0
100BB,HJ,UTG,THREE_BET,73o,0,0,0,NONE,0
100BB,HJ,UTG,THREE_BET,72o,0,0,0,NONE,0
100BB,HJ,UTG,THREE_BET,65o,0,0,0,NONE,0
100BB,HJ,UTG,THREE_BET,64o,0,0,0,NONE,0
100BB,HJ,UTG,THREE_BET,63o,0,0,0,NONE,0
100BB,HJ,UTG,THREE_BET,62o,0,0,0,NONE,0
100BB,HJ,UTG,THREE_BET,54o,0,0,0,NONE,0
100BB,HJ,UTG,THREE_BET,53o,0,0,0,NONE,0
100BB,HJ,UTG,THREE_BET,52o,0,0,0,NONE,0
100BB,HJ,UTG,THREE_BET,43o,0,0,0,NONE,0
100BB,HJ,UTG,THREE_BET,42o,0,0,0,NONE,0
100BB,HJ,UTG,THREE_BET,32o,0,0,0,NONE,0
100BB,HJ,HJ,UNOPENED,AA,0,0,100,2.2,1
100BB,HJ,HJ,UNOPENED,KK,0,0,100,2.2,1
100BB,HJ,HJ,UNOPENED,QQ,0,0,100,2.2,1
100BB,HJ,HJ,UNOPENED,JJ,0,0,100,2.2,1
100BB,HJ,HJ,UNOPENED,TT,0,0,100,2.2,1
100BB,HJ,HJ,UNOPENED,99,0,0,100,2.2,1
100BB,HJ,HJ,UNOPENED,88,0,0,100,2.2,1
100BB,HJ,HJ,UNOPENED,77,0,0,100,2.2,1
100BB,HJ,HJ,UNOPENED,66,0,0,100,2.2,1
100BB,HJ,HJ,UNOPENED,55,0,0,100,2.2,1
100BB,HJ,HJ,UNOPENED,44,0,0,100,2.2,1
100BB,HJ,HJ,UNOPENED,33,0,0,100,2.2,1
100BB,HJ,HJ,UNOPENED,22,0,0,100,2.2,1
100BB,HJ,HJ,UNOPENED,AKs,0,0,100,2.2,1
100BB,HJ,HJ,UNOPENED,AQs,0,0,100,2.2,1
100BB,HJ,HJ,UNOPENED,AJs,0,0,100,2.2,1
100BB,HJ,HJ,UNOPENED,ATs,0,0,100,2.2,1
100BB,HJ,HJ,UNOPENED,A9s,0,0,100,2.2,1
100BB,HJ,HJ,UNOPENED,A8s,0,0,100,2.2,1
100BB,HJ,HJ,UNOPENED,A7s,0,0,100,2.2,1
100BB,HJ,HJ,UNOPENED,A6s,0,0,100,2.2,1
100BB,HJ,HJ,UNOPENED,A5s,0,0,100,2.2,1
100BB,HJ,HJ,UNOPENED,A4s,0,0,100,2.2,1
100BB,HJ,HJ,UNOPENED,A3s,0,0,100,2.2,1
100BB,HJ,HJ,UNOPENED,A2s,0,0,100,2.2,1
100BB,HJ,HJ,UNOPENED,KQs,0,0,100,2.2,1
100BB,HJ,HJ,UNOPENED,KJs,0,0,100,2.2,1
100BB,HJ,HJ,UNOPENED,KTs,0,0,100,2.2,1
100BB,HJ,HJ,UNOPENED,K9s,0,0,100,2.2,1
100BB,HJ,HJ,UNOPENED,K8s,0,0,100,2.2,1
100BB,HJ,HJ,UNOPENED,K7s,0,0,100,2.2,1
100BB,HJ,HJ,UNOPENED,K6s,0,0,100,2.2,1
100BB,HJ,HJ,UNOPENED,K5s,0,0,100,2.2,1
100BB,HJ,HJ,UNOPENED,K4s,0,0,100,2.2,1
100BB,HJ,HJ,UNOPENED,K3s,14,0,86,2.2,1
100BB,HJ,HJ,UNOPENED,K2s,100,0,0,NONE,1
100BB,HJ,HJ,UNOPENED,QJs,0,0,100,2.2,1
100BB,HJ,HJ,UNOPENED,QTs,0,0,100,2.2,1
100BB,HJ,HJ,UNOPENED,Q9s,0,0,100,2.2,1
100BB,HJ,HJ,UNOPENED,Q8s,0,0,100,2.2,1
100BB,HJ,HJ,UNOPENED,Q7s,0,0,100,2.2,1
100BB,HJ,HJ,UNOPENED,Q6s,36,0,64,2.2,1
100BB,HJ,HJ,UNOPENED,Q5s,53,0,47,2.2,1
100BB,HJ,HJ,UNOPENED,Q4s,100,0,0,NONE,1
100BB,HJ,HJ,UNOPENED,Q3s,100,0,0,NONE,1
100BB,HJ,HJ,UNOPENED,Q2s,100,0,0,NONE,1
100BB,HJ,HJ,UNOPENED,JTs,0,0,100,2.2,1
100BB,HJ,HJ,UNOPENED,J9s,0,0,100,2.2,1
100BB,HJ,HJ,UNOPENED,J8s,0,0,100,2.2,1
100BB,HJ,HJ,UNOPENED,J7s,100,0,0,NONE,1
100BB,HJ,HJ,UNOPENED,J6s,100,0,0,NONE,1
100BB,HJ,HJ,UNOPENED,J5s,100,0,0,NONE,1
100BB,HJ,HJ,UNOPENED,J4s,100,0,0,NONE,1
100BB,HJ,HJ,UNOPENED,J3s,100,0,0,NONE,1
100BB,HJ,HJ,UNOPENED,J2s,100,0,0,NONE,1
100BB,HJ,HJ,UNOPENED,T9s,0,0,100,2.2,1
100BB,HJ,HJ,UNOPENED,T8s,0,0,100,2.2,1
100BB,HJ,HJ,UNOPENED,T7s,0,0,100,2.2,1
100BB,HJ,HJ,UNOPENED,T6s,100,0,0,NONE,1
100BB,HJ,HJ,UNOPENED,T5s,100,0,0,NONE,1
100BB,HJ,HJ,UNOPENED,T4s,100,0,0,NONE,1
100BB,HJ,HJ,UNOPENED,T3s,100,0,0,NONE,1
100BB,HJ,HJ,UNOPENED,T2s,100,0,0,NONE,1
100BB,HJ,HJ,UNOPENED,98s,0,0,100,2.2,1
100BB,HJ,HJ,UNOPENED,97s,0,0,100,2.2,1
100BB,HJ,HJ,UNOPENED,96s,100,0,0,NONE,1
100BB,HJ,HJ,UNOPENED,95s,100,0,0,NONE,1
100BB,HJ,HJ,UNOPENED,94s,100,0,0,NONE,1
100BB,HJ,HJ,UNOPENED,93s,100,0,0,NONE,1
100BB,HJ,HJ,UNOPENED,92s,100,0,0,NONE,1
100BB,HJ,HJ,UNOPENED,87s,0,0,100,2.2,1
100BB,HJ,HJ,UNOPENED,86s,34,0,66,2.2,1
100BB,HJ,HJ,UNOPENED,85s,100,0,0,NONE,1
100BB,HJ,HJ,UNOPENED,84s,100,0,0,NONE,1
100BB,HJ,HJ,UNOPENED,83s,100,0,0,NONE,1
100BB,HJ,HJ,UNOPENED,82s,100,0,0,NONE,1
100BB,HJ,HJ,UNOPENED,76s,0,0,100,2.2,1
100BB,HJ,HJ,UNOPENED,75s,58,0,42,2.2,1
100BB,HJ,HJ,UNOPENED,74s,100,0,0,NONE,1
100BB,HJ,HJ,UNOPENED,73s,100,0,0,NONE,1
100BB,HJ,HJ,UNOPENED,72s,100,0,0,NONE,1
100BB,HJ,HJ,UNOPENED,65s,0,0,100,2.2,1
100BB,HJ,HJ,UNOPENED,64s,100,0,0,NONE,1
100BB,HJ,HJ,UNOPENED,63s,100,0,0,NONE,1
100BB,HJ,HJ,UNOPENED,62s,100,0,0,NONE,1
100BB,HJ,HJ,UNOPENED,54s,0,0,100,2.2,1
100BB,HJ,HJ,UNOPENED,53s,100,0,0,NONE,1
100BB,HJ,HJ,UNOPENED,52s,100,0,0,NONE,1
100BB,HJ,HJ,UNOPENED,43s,100,0,0,NONE,1
100BB,HJ,HJ,UNOPENED,42s,100,0,0,NONE,1
100BB,HJ,HJ,UNOPENED,32s,100,0,0,NONE,1
100BB,HJ,HJ,UNOPENED,AKo,0,0,100,2.2,1
100BB,HJ,HJ,UNOPENED,AQo,0,0,100,2.2,1
100BB,HJ,HJ,UNOPENED,AJo,0,0,100,2.2,1
100BB,HJ,HJ,UNOPENED,ATo,0,0,100,2.2,1
100BB,HJ,HJ,UNOPENED,A9o,0,0,100,2.2,1
100BB,HJ,HJ,UNOPENED,A8o,65,0,35,2.2,1
100BB,HJ,HJ,UNOPENED,A7o,100,0,0,NONE,1
100BB,HJ,HJ,UNOPENED,A6o,100,0,0,NONE,1
100BB,HJ,HJ,UNOPENED,A5o,100,0,0,NONE,1
100BB,HJ,HJ,UNOPENED,A4o,100,0,0,NONE,1
100BB,HJ,HJ,UNOPENED,A3o,100,0,0,NONE,1
100BB,HJ,HJ,UNOPENED,A2o,100,0,0,NONE,1
100BB,HJ,HJ,UNOPENED,KQo,0,0,100,2.2,1
100BB,HJ,HJ,UNOPENED,KJo,0,0,100,2.2,1
100BB,HJ,HJ,UNOPENED,KTo,0,0,100,2.2,1
100BB,HJ,HJ,UNOPENED,K9o,100,0,0,NONE,1
100BB,HJ,HJ,UNOPENED,K8o,100,0,0,NONE,1
100BB,HJ,HJ,UNOPENED,K7o,100,0,0,NONE,1
100BB,HJ,HJ,UNOPENED,K6o,100,0,0,NONE,1
100BB,HJ,HJ,UNOPENED,K5o,100,0,0,NONE,1
100BB,HJ,HJ,UNOPENED,K4o,100,0,0,NONE,1
100BB,HJ,HJ,UNOPENED,K3o,100,0,0,NONE,1
100BB,HJ,HJ,UNOPENED,K2o,100,0,0,NONE,1
100BB,HJ,HJ,UNOPENED,QJo,0,0,100,2.2,1
100BB,HJ,HJ,UNOPENED,QTo,0,0,100,2.2,1
100BB,HJ,HJ,UNOPENED,Q9o,100,0,0,NONE,1
100BB,HJ,HJ,UNOPENED,Q8o,100,0,0,NONE,1
100BB,HJ,HJ,UNOPENED,Q7o,100,0,0,NONE,1
100BB,HJ,HJ,UNOPENED,Q6o,100,0,0,NONE,1
100BB,HJ,HJ,UNOPENED,Q5o,100,0,0,NONE,1
100BB,HJ,HJ,UNOPENED,Q4o,100,0,0,NONE,1
100BB,HJ,HJ,UNOPENED,Q3o,100,0,0,NONE,1
100BB,HJ,HJ,UNOPENED,Q2o,100,0,0,NONE,1
100BB,HJ,HJ,UNOPENED,JTo,0,0,100,2.2,1
100BB,HJ,HJ,UNOPENED,J9o,100,0,0,NONE,1
100BB,HJ,HJ,UNOPENED,J8o,100,0,0,NONE,1
100BB,HJ,HJ,UNOPENED,J7o,100,0,0,NONE,1
100BB,HJ,HJ,UNOPENED,J6o,100,0,0,NONE,1
100BB,HJ,HJ,UNOPENED,J5o,100,0,0,NONE,1
100BB,HJ,HJ,UNOPENED,J4o,100,0,0,NONE,1
100BB,HJ,HJ,UNOPENED,J3o,100,0,0,NONE,1
100BB,HJ,HJ,UNOPENED,J2o,100,0,0,NONE,1
100BB,HJ,HJ,UNOPENED,T9o,100,0,0,NONE,1
100BB,HJ,HJ,UNOPENED,T8o,100,0,0,NONE,1
100BB,HJ,HJ,UNOPENED,T7o,100,0,0,NONE,1
100BB,HJ,HJ,UNOPENED,T6o,100,0,0,NONE,1
100BB,HJ,HJ,UNOPENED,T5o,100,0,0,NONE,1
100BB,HJ,HJ,UNOPENED,T4o,100,0,0,NONE,1
100BB,HJ,HJ,UNOPENED,T3o,100,0,0,NONE,1
100BB,HJ,HJ,UNOPENED,T2o,100,0,0,NONE,1
100BB,HJ,HJ,UNOPENED,98o,100,0,0,NONE,1
100BB,HJ,HJ,UNOPENED,97o,100,0,0,NONE,1
100BB,HJ,HJ,UNOPENED,96o,100,0,0,NONE,1
100BB,HJ,HJ,UNOPENED,95o,100,0,0,NONE,1
100BB,HJ,HJ,UNOPENED,94o,100,0,0,NONE,1
100BB,HJ,HJ,UNOPENED,93o,100,0,0,NONE,1
100BB,HJ,HJ,UNOPENED,92o,100,0,0,NONE,1
100BB,HJ,HJ,UNOPENED,87o,100,0,0,NONE,1
100BB,HJ,HJ,UNOPENED,86o,100,0,0,NONE,1
100BB,HJ,HJ,UNOPENED,85o,100,0,0,NONE,1
100BB,HJ,HJ,UNOPENED,84o,100,0,0,NONE,1
100BB,HJ,HJ,UNOPENED,83o,100,0,0,NONE,1
100BB,HJ,HJ,UNOPENED,82o,100,0,0,NONE,1
100BB,HJ,HJ,UNOPENED,76o,100,0,0,NONE,1
100BB,HJ,HJ,UNOPENED,75o,100,0,0,NONE,1
100BB,HJ,HJ,UNOPENED,74o,100,0,0,NONE,1
100BB,HJ,HJ,UNOPENED,73o,100,0,0,NONE,1
100BB,HJ,HJ,UNOPENED,72o,100,0,0,NONE,1
100BB,HJ,HJ,UNOPENED,65o,100,0,0,NONE,1
100BB,HJ,HJ,UNOPENED,64o,100,0,0,NONE,1
100BB,HJ,HJ,UNOPENED,63o,100,0,0,NONE,1
100BB,HJ,HJ,UNOPENED,62o,100,0,0,NONE,1
100BB,HJ,HJ,UNOPENED,54o,100,0,0,NONE,1
100BB,HJ,HJ,UNOPENED,53o,100,0,0,NONE,1
100BB,HJ,HJ,UNOPENED,52o,100,0,0,NONE,1
100BB,HJ,HJ,UNOPENED,43o,100,0,0,NONE,1
100BB,HJ,HJ,UNOPENED,42o,100,0,0,NONE,1
100BB,HJ,HJ,UNOPENED,32o,100,0,0,NONE,1
100BB,HJ,HJ,ONE_RAISE,AA,0,0,0,NONE,0
100BB,HJ,HJ,ONE_RAISE,KK,0,0,0,NONE,0
100BB,HJ,HJ,ONE_RAISE,QQ,0,0,0,NONE,0
100BB,HJ,HJ,ONE_RAISE,JJ,0,0,0,NONE,0
100BB,HJ,HJ,ONE_RAISE,TT,0,0,0,NONE,0
100BB,HJ,HJ,ONE_RAISE,99,0,0,0,NONE,0
100BB,HJ,HJ,ONE_RAISE,88,0,0,0,NONE,0
100BB,HJ,HJ,ONE_RAISE,77,0,0,0,NONE,0
100BB,HJ,HJ,ONE_RAISE,66,0,0,0,NONE,0
100BB,HJ,HJ,ONE_RAISE,55,0,0,0,NONE,0
100BB,HJ,HJ,ONE_RAISE,44,0,0,0,NONE,0
100BB,HJ,HJ,ONE_RAISE,33,0,0,0,NONE,0
100BB,HJ,HJ,ONE_RAISE,22,0,0,0,NONE,0
100BB,HJ,HJ,ONE_RAISE,AKs,0,0,0,NONE,0
100BB,HJ,HJ,ONE_RAISE,AQs,0,0,0,NONE,0
100BB,HJ,HJ,ONE_RAISE,AJs,0,0,0,NONE,0
100BB,HJ,HJ,ONE_RAISE,ATs,0,0,0,NONE,0
100BB,HJ,HJ,ONE_RAISE,A9s,0,0,0,NONE,0
100BB,HJ,HJ,ONE_RAISE,A8s,0,0,0,NONE,0
100BB,HJ,HJ,ONE_RAISE,A7s,0,0,0,NONE,0
100BB,HJ,HJ,ONE_RAISE,A6s,0,0,0,NONE,0
100BB,HJ,HJ,ONE_RAISE,A5s,0,0,0,NONE,0
100BB,HJ,HJ,ONE_RAISE,A4s,0,0,0,NONE,0
100BB,HJ,HJ,ONE_RAISE,A3s,0,0,0,NONE,0
100BB,HJ,HJ,ONE_RAISE,A2s,0,0,0,NONE,0
100BB,HJ,HJ,ONE_RAISE,KQs,0,0,0,NONE,0
100BB,HJ,HJ,ONE_RAISE,KJs,0,0,0,NONE,0
100BB,HJ,HJ,ONE_RAISE,KTs,0,0,0,NONE,0
100BB,HJ,HJ,ONE_RAISE,K9s,0,0,0,NONE,0
100BB,HJ,HJ,ONE_RAISE,K8s,0,0,0,NONE,0
100BB,HJ,HJ,ONE_RAISE,K7s,0,0,0,NONE,0
100BB,HJ,HJ,ONE_RAISE,K6s,0,0,0,NONE,0
100BB,HJ,HJ,ONE_RAISE,K5s,0,0,0,NONE,0
100BB,HJ,HJ,ONE_RAISE,K4s,0,0,0,NONE,0
100BB,HJ,HJ,ONE_RAISE,K3s,0,0,0,NONE,0
100BB,HJ,HJ,ONE_RAISE,K2s,0,0,0,NONE,0
100BB,HJ,HJ,ONE_RAISE,QJs,0,0,0,NONE,0
100BB,HJ,HJ,ONE_RAISE,QTs,0,0,0,NONE,0
100BB,HJ,HJ,ONE_RAISE,Q9s,0,0,0,NONE,0
100BB,HJ,HJ,ONE_RAISE,Q8s,0,0,0,NONE,0
100BB,HJ,HJ,ONE_RAISE,Q7s,0,0,0,NONE,0
100BB,HJ,HJ,ONE_RAISE,Q6s,0,0,0,NONE,0
100BB,HJ,HJ,ONE_RAISE,Q5s,0,0,0,NONE,0
100BB,HJ,HJ,ONE_RAISE,Q4s,0,0,0,NONE,0
100BB,HJ,HJ,ONE_RAISE,Q3s,0,0,0,NONE,0
100BB,HJ,HJ,ONE_RAISE,Q2s,0,0,0,NONE,0
100BB,HJ,HJ,ONE_RAISE,JTs,0,0,0,NONE,0
100BB,HJ,HJ,ONE_RAISE,J9s,0,0,0,NONE,0
100BB,HJ,HJ,ONE_RAISE,J8s,0,0,0,NONE,0
100BB,HJ,HJ,ONE_RAISE,J7s,0,0,0,NONE,0
100BB,HJ,HJ,ONE_RAISE,J6s,0,0,0,NONE,0
100BB,HJ,HJ,ONE_RAISE,J5s,0,0,0,NONE,0
100BB,HJ,HJ,ONE_RAISE,J4s,0,0,0,NONE,0
100BB,HJ,HJ,ONE_RAISE,J3s,0,0,0,NONE,0
100BB,HJ,HJ,ONE_RAISE,J2s,0,0,0,NONE,0
100BB,HJ,HJ,ONE_RAISE,T9s,0,0,0,NONE,0
100BB,HJ,HJ,ONE_RAISE,T8s,0,0,0,NONE,0
100BB,HJ,HJ,ONE_RAISE,T7s,0,0,0,NONE,0
100BB,HJ,HJ,ONE_RAISE,T6s,0,0,0,NONE,0
100BB,HJ,HJ,ONE_RAISE,T5s,0,0,0,NONE,0
100BB,HJ,HJ,ONE_RAISE,T4s,0,0,0,NONE,0
100BB,HJ,HJ,ONE_RAISE,T3s,0,0,0,NONE,0
100BB,HJ,HJ,ONE_RAISE,T2s,0,0,0,NONE,0
100BB,HJ,HJ,ONE_RAISE,98s,0,0,0,NONE,0
100BB,HJ,HJ,ONE_RAISE,97s,0,0,0,NONE,0
100BB,HJ,HJ,ONE_RAISE,96s,0,0,0,NONE,0
100BB,HJ,HJ,ONE_RAISE,95s,0,0,0,NONE,0
100BB,HJ,HJ,ONE_RAISE,94s,0,0,0,NONE,0
100BB,HJ,HJ,ONE_RAISE,93s,0,0,0,NONE,0
100BB,HJ,HJ,ONE_RAISE,92s,0,0,0,NONE,0
100BB,HJ,HJ,ONE_RAISE,87s,0,0,0,NONE,0
100BB,HJ,HJ,ONE_RAISE,86s,0,0,0,NONE,0
100BB,HJ,HJ,ONE_RAISE,85s,0,0,0,NONE,0
100BB,HJ,HJ,ONE_RAISE,84s,0,0,0,NONE,0
100BB,HJ,HJ,ONE_RAISE,83s,0,0,0,NONE,0
100BB,HJ,HJ,ONE_RAISE,82s,0,0,0,NONE,0
100BB,HJ,HJ,ONE_RAISE,76s,0,0,0,NONE,0
100BB,HJ,HJ,ONE_RAISE,75s,0,0,0,NONE,0
100BB,HJ,HJ,ONE_RAISE,74s,0,0,0,NONE,0
100BB,HJ,HJ,ONE_RAISE,73s,0,0,0,NONE,0
100BB,HJ,HJ,ONE_RAISE,72s,0,0,0,NONE,0
100BB,HJ,HJ,ONE_RAISE,65s,0,0,0,NONE,0
100BB,HJ,HJ,ONE_RAISE,64s,0,0,0,NONE,0
100BB,HJ,HJ,ONE_RAISE,63s,0,0,0,NONE,0
100BB,HJ,HJ,ONE_RAISE,62s,0,0,0,NONE,0
100BB,HJ,HJ,ONE_RAISE,54s,0,0,0,NONE,0
100BB,HJ,HJ,ONE_RAISE,53s,0,0,0,NONE,0
100BB,HJ,HJ,ONE_RAISE,52s,0,0,0,NONE,0
100BB,HJ,HJ,ONE_RAISE,43s,0,0,0,NONE,0
100BB,HJ,HJ,ONE_RAISE,42s,0,0,0,NONE,0
100BB,HJ,HJ,ONE_RAISE,32s,0,0,0,NONE,0
100BB,HJ,HJ,ONE_RAISE,AKo,0,0,0,NONE,0
100BB,HJ,HJ,ONE_RAISE,AQo,0,0,0,NONE,0
100BB,HJ,HJ,ONE_RAISE,AJo,0,0,0,NONE,0
100BB,HJ,HJ,ONE_RAISE,ATo,0,0,0,NONE,0
100BB,HJ,HJ,ONE_RAISE,A9o,0,0,0,NONE,0
100BB,HJ,HJ,ONE_RAISE,A8o,0,0,0,NONE,0
100BB,HJ,HJ,ONE_RAISE,A7o,0,0,0,NONE,0
100BB,HJ,HJ,ONE_RAISE,A6o,0,0,0,NONE,0
100BB,HJ,HJ,ONE_RAISE,A5o,0,0,0,NONE,0
100BB,HJ,HJ,ONE_RAISE,A4o,0,0,0,NONE,0
100BB,HJ,HJ,ONE_RAISE,A3o,0,0,0,NONE,0
100BB,HJ,HJ,ONE_RAISE,A2o,0,0,0,NONE,0
100BB,HJ,HJ,ONE_RAISE,KQo,0,0,0,NONE,0
100BB,HJ,HJ,ONE_RAISE,KJo,0,0,0,NONE,0
100BB,HJ,HJ,ONE_RAISE,KTo,0,0,0,NONE,0
100BB,HJ,HJ,ONE_RAISE,K9o,0,0,0,NONE,0
100BB,HJ,HJ,ONE_RAISE,K8o,0,0,0,NONE,0
100BB,HJ,HJ,ONE_RAISE,K7o,0,0,0,NONE,0
100BB,HJ,HJ,ONE_RAISE,K6o,0,0,0,NONE,0
100BB,HJ,HJ,ONE_RAISE,K5o,0,0,0,NONE,0
100BB,HJ,HJ,ONE_RAISE,K4o,0,0,0,NONE,0
100BB,HJ,HJ,ONE_RAISE,K3o,0,0,0,NONE,0
100BB,HJ,HJ,ONE_RAISE,K2o,0,0,0,NONE,0
100BB,HJ,HJ,ONE_RAISE,QJo,0,0,0,NONE,0
100BB,HJ,HJ,ONE_RAISE,QTo,0,0,0,NONE,0
100BB,HJ,HJ,ONE_RAISE,Q9o,0,0,0,NONE,0
100BB,HJ,HJ,ONE_RAISE,Q8o,0,0,0,NONE,0
100BB,HJ,HJ,ONE_RAISE,Q7o,0,0,0,NONE,0
100BB,HJ,HJ,ONE_RAISE,Q6o,0,0,0,NONE,0
100BB,HJ,HJ,ONE_RAISE,Q5o,0,0,0,NONE,0
100BB,HJ,HJ,ONE_RAISE,Q4o,0,0,0,NONE,0
100BB,HJ,HJ,ONE_RAISE,Q3o,0,0,0,NONE,0
100BB,HJ,HJ,ONE_RAISE,Q2o,0,0,0,NONE,0
100BB,HJ,HJ,ONE_RAISE,JTo,0,0,0,NONE,0
100BB,HJ,HJ,ONE_RAISE,J9o,0,0,0,NONE,0
100BB,HJ,HJ,ONE_RAISE,J8o,0,0,0,NONE,0
100BB,HJ,HJ,ONE_RAISE,J7o,0,0,0,NONE,0
100BB,HJ,HJ,ONE_RAISE,J6o,0,0,0,NONE,0
100BB,HJ,HJ,ONE_RAISE,J5o,0,0,0,NONE,0
100BB,HJ,HJ,ONE_RAISE,J4o,0,0,0,NONE,0
100BB,HJ,HJ,ONE_RAISE,J3o,0,0,0,NONE,0
100BB,HJ,HJ,ONE_RAISE,J2o,0,0,0,NONE,0
100BB,HJ,HJ,ONE_RAISE,T9o,0,0,0,NONE,0
100BB,HJ,HJ,ONE_RAISE,T8o,0,0,0,NONE,0
100BB,HJ,HJ,ONE_RAISE,T7o,0,0,0,NONE,0
100BB,HJ,HJ,ONE_RAISE,T6o,0,0,0,NONE,0
100BB,HJ,HJ,ONE_RAISE,T5o,0,0,0,NONE,0
100BB,HJ,HJ,ONE_RAISE,T4o,0,0,0,NONE,0
100BB,HJ,HJ,ONE_RAISE,T3o,0,0,0,NONE,0
100BB,HJ,HJ,ONE_RAISE,T2o,0,0,0,NONE,0
100BB,HJ,HJ,ONE_RAISE,98o,0,0,0,NONE,0
100BB,HJ,HJ,ONE_RAISE,97o,0,0,0,NONE,0
100BB,HJ,HJ,ONE_RAISE,96o,0,0,0,NONE,0
100BB,HJ,HJ,ONE_RAISE,95o,0,0,0,NONE,0
100BB,HJ,HJ,ONE_RAISE,94o,0,0,0,NONE,0
100BB,HJ,HJ,ONE_RAISE,93o,0,0,0,NONE,0
100BB,HJ,HJ,ONE_RAISE,92o,0,0,0,NONE,0
100BB,HJ,HJ,ONE_RAISE,87o,0,0,0,NONE,0
100BB,HJ,HJ,ONE_RAISE,86o,0,0,0,NONE,0
100BB,HJ,HJ,ONE_RAISE,85o,0,0,0,NONE,0
100BB,HJ,HJ,ONE_RAISE,84o,0,0,0,NONE,0
100BB,HJ,HJ,ONE_RAISE,83o,0,0,0,NONE,0
100BB,HJ,HJ,ONE_RAISE,82o,0,0,0,NONE,0
100BB,HJ,HJ,ONE_RAISE,76o,0,0,0,NONE,0
100BB,HJ,HJ,ONE_RAISE,75o,0,0,0,NONE,0
100BB,HJ,HJ,ONE_RAISE,74o,0,0,0,NONE,0
100BB,HJ,HJ,ONE_RAISE,73o,0,0,0,NONE,0
100BB,HJ,HJ,ONE_RAISE,72o,0,0,0,NONE,0
100BB,HJ,HJ,ONE_RAISE,65o,0,0,0,NONE,0
100BB,HJ,HJ,ONE_RAISE,64o,0,0,0,NONE,0
100BB,HJ,HJ,ONE_RAISE,63o,0,0,0,NONE,0
100BB,HJ,HJ,ONE_RAISE,62o,0,0,0,NONE,0
100BB,HJ,HJ,ONE_RAISE,54o,0,0,0,NONE,0
100BB,HJ,HJ,ONE_RAISE,53o,0,0,0,NONE,0
100BB,HJ,HJ,ONE_RAISE,52o,0,0,0,NONE,0
100BB,HJ,HJ,ONE_RAISE,43o,0,0,0,NONE,0
100BB,HJ,HJ,ONE_RAISE,42o,0,0,0,NONE,0
100BB,HJ,HJ,ONE_RAISE,32o,0,0,0,NONE,0
100BB,HJ,HJ,THREE_BET,AA,0,0,0,NONE,0
100BB,HJ,HJ,THREE_BET,KK,0,0,0,NONE,0
100BB,HJ,HJ,THREE_BET,QQ,0,0,0,NONE,0
100BB,HJ,HJ,THREE_BET,JJ,0,0,0,NONE,0
100BB,HJ,HJ,THREE_BET,TT,0,0,0,NONE,0
100BB,HJ,HJ,THREE_BET,99,0,0,0,NONE,0
100BB,HJ,HJ,THREE_BET,88,0,0,0,NONE,0
100BB,HJ,HJ,THREE_BET,77,0,0,0,NONE,0
100BB,HJ,HJ,THREE_BET,66,0,0,0,NONE,0
100BB,HJ,HJ,THREE_BET,55,0,0,0,NONE,0
100BB,HJ,HJ,THREE_BET,44,0,0,0,NONE,0
100BB,HJ,HJ,THREE_BET,33,0,0,0,NONE,0
100BB,HJ,HJ,THREE_BET,22,0,0,0,NONE,0
100BB,HJ,HJ,THREE_BET,AKs,0,0,0,NONE,0
100BB,HJ,HJ,THREE_BET,AQs,0,0,0,NONE,0
100BB,HJ,HJ,THREE_BET,AJs,0,0,0,NONE,0
100BB,HJ,HJ,THREE_BET,ATs,0,0,0,NONE,0
100BB,HJ,HJ,THREE_BET,A9s,0,0,0,NONE,0
100BB,HJ,HJ,THREE_BET,A8s,0,0,0,NONE,0
100BB,HJ,HJ,THREE_BET,A7s,0,0,0,NONE,0
100BB,HJ,HJ,THREE_BET,A6s,0,0,0,NONE,0
100BB,HJ,HJ,THREE_BET,A5s,0,0,0,NONE,0
100BB,HJ,HJ,THREE_BET,A4s,0,0,0,NONE,0
100BB,HJ,HJ,THREE_BET,A3s,0,0,0,NONE,0
100BB,HJ,HJ,THREE_BET,A2s,0,0,0,NONE,0
100BB,HJ,HJ,THREE_BET,KQs,0,0,0,NONE,0
100BB,HJ,HJ,THREE_BET,KJs,0,0,0,NONE,0
100BB,HJ,HJ,THREE_BET,KTs,0,0,0,NONE,0
100BB,HJ,HJ,THREE_BET,K9s,0,0,0,NONE,0
100BB,HJ,HJ,THREE_BET,K8s,0,0,0,NONE,0
100BB,HJ,HJ,THREE_BET,K7s,0,0,0,NONE,0
100BB,HJ,HJ,THREE_BET,K6s,0,0,0,NONE,0
100BB,HJ,HJ,THREE_BET,K5s,0,0,0,NONE,0
100BB,HJ,HJ,THREE_BET,K4s,0,0,0,NONE,0
100BB,HJ,HJ,THREE_BET,K3s,0,0,0,NONE,0
100BB,HJ,HJ,THREE_BET,K2s,0,0,0,NONE,0
100BB,HJ,HJ,THREE_BET,QJs,0,0,0,NONE,0
100BB,HJ,HJ,THREE_BET,QTs,0,0,0,NONE,0
100BB,HJ,HJ,THREE_BET,Q9s,0,0,0,NONE,0
100BB,HJ,HJ,THREE_BET,Q8s,0,0,0,NONE,0
100BB,HJ,HJ,THREE_BET,Q7s,0,0,0,NONE,0
100BB,HJ,HJ,THREE_BET,Q6s,0,0,0,NONE,0
100BB,HJ,HJ,THREE_BET,Q5s,0,0,0,NONE,0
100BB,HJ,HJ,THREE_BET,Q4s,0,0,0,NONE,0
100BB,HJ,HJ,THREE_BET,Q3s,0,0,0,NONE,0
100BB,HJ,HJ,THREE_BET,Q2s,0,0,0,NONE,0
100BB,HJ,HJ,THREE_BET,JTs,0,0,0,NONE,0
100BB,HJ,HJ,THREE_BET,J9s,0,0,0,NONE,0
100BB,HJ,HJ,THREE_BET,J8s,0,0,0,NONE,0
100BB,HJ,HJ,THREE_BET,J7s,0,0,0,NONE,0
100BB,HJ,HJ,THREE_BET,J6s,0,0,0,NONE,0
100BB,HJ,HJ,THREE_BET,J5s,0,0,0,NONE,0
100BB,HJ,HJ,THREE_BET,J4s,0,0,0,NONE,0
100BB,HJ,HJ,THREE_BET,J3s,0,0,0,NONE,0
100BB,HJ,HJ,THREE_BET,J2s,0,0,0,NONE,0
100BB,HJ,HJ,THREE_BET,T9s,0,0,0,NONE,0
100BB,HJ,HJ,THREE_BET,T8s,0,0,0,NONE,0
100BB,HJ,HJ,THREE_BET,T7s,0,0,0,NONE,0
100BB,HJ,HJ,THREE_BET,T6s,0,0,0,NONE,0
100BB,HJ,HJ,THREE_BET,T5s,0,0,0,NONE,0
100BB,HJ,HJ,THREE_BET,T4s,0,0,0,NONE,0
100BB,HJ,HJ,THREE_BET,T3s,0,0,0,NONE,0
100BB,HJ,HJ,THREE_BET,T2s,0,0,0,NONE,0
100BB,HJ,HJ,THREE_BET,98s,0,0,0,NONE,0
100BB,HJ,HJ,THREE_BET,97s,0,0,0,NONE,0
100BB,HJ,HJ,THREE_BET,96s,0,0,0,NONE,0
100BB,HJ,HJ,THREE_BET,95s,0,0,0,NONE,0
100BB,HJ,HJ,THREE_BET,94s,0,0,0,NONE,0
100BB,HJ,HJ,THREE_BET,93s,0,0,0,NONE,0
100BB,HJ,HJ,THREE_BET,92s,0,0,0,NONE,0
100BB,HJ,HJ,THREE_BET,87s,0,0,0,NONE,0
100BB,HJ,HJ,THREE_BET,86s,0,0,0,NONE,0
100BB,HJ,HJ,THREE_BET,85s,0,0,0,NONE,0
100BB,HJ,HJ,THREE_BET,84s,0,0,0,NONE,0
100BB,HJ,HJ,THREE_BET,83s,0,0,0,NONE,0
100BB,HJ,HJ,THREE_BET,82s,0,0,0,NONE,0
100BB,HJ,HJ,THREE_BET,76s,0,0,0,NONE,0
100BB,HJ,HJ,THREE_BET,75s,0,0,0,NONE,0
100BB,HJ,HJ,THREE_BET,74s,0,0,0,NONE,0
100BB,HJ,HJ,THREE_BET,73s,0,0,0,NONE,0
100BB,HJ,HJ,THREE_BET,72s,0,0,0,NONE,0
100BB,HJ,HJ,THREE_BET,65s,0,0,0,NONE,0
100BB,HJ,HJ,THREE_BET,64s,0,0,0,NONE,0
100BB,HJ,HJ,THREE_BET,63s,0,0,0,NONE,0
100BB,HJ,HJ,THREE_BET,62s,0,0,0,NONE,0
100BB,HJ,HJ,THREE_BET,54s,0,0,0,NONE,0
100BB,HJ,HJ,THREE_BET,53s,0,0,0,NONE,0
100BB,HJ,HJ,THREE_BET,52s,0,0,0,NONE,0
100BB,HJ,HJ,THREE_BET,43s,0,0,0,NONE,0
100BB,HJ,HJ,THREE_BET,42s,0,0,0,NONE,0
100BB,HJ,HJ,THREE_BET,32s,0,0,0,NONE,0
100BB,HJ,HJ,THREE_BET,AKo,0,0,0,NONE,0
100BB,HJ,HJ,THREE_BET,AQo,0,0,0,NONE,0
100BB,HJ,HJ,THREE_BET,AJo,0,0,0,NONE,0
100BB,HJ,HJ,THREE_BET,ATo,0,0,0,NONE,0
100BB,HJ,HJ,THREE_BET,A9o,0,0,0,NONE,0
100BB,HJ,HJ,THREE_BET,A8o,0,0,0,NONE,0
100BB,HJ,HJ,THREE_BET,A7o,0,0,0,NONE,0
100BB,HJ,HJ,THREE_BET,A6o,0,0,0,NONE,0
100BB,HJ,HJ,THREE_BET,A5o,0,0,0,NONE,0
100BB,HJ,HJ,THREE_BET,A4o,0,0,0,NONE,0
100BB,HJ,HJ,THREE_BET,A3o,0,0,0,NONE,0
100BB,HJ,HJ,THREE_BET,A2o,0,0,0,NONE,0
100BB,HJ,HJ,THREE_BET,KQo,0,0,0,NONE,0
100BB,HJ,HJ,THREE_BET,KJo,0,0,0,NONE,0
100BB,HJ,HJ,THREE_BET,KTo,0,0,0,NONE,0
100BB,HJ,HJ,THREE_BET,K9o,0,0,0,NONE,0
100BB,HJ,HJ,THREE_BET,K8o,0,0,0,NONE,0
100BB,HJ,HJ,THREE_BET,K7o,0,0,0,NONE,0
100BB,HJ,HJ,THREE_BET,K6o,0,0,0,NONE,0
100BB,HJ,HJ,THREE_BET,K5o,0,0,0,NONE,0
100BB,HJ,HJ,THREE_BET,K4o,0,0,0,NONE,0
100BB,HJ,HJ,THREE_BET,K3o,0,0,0,NONE,0
100BB,HJ,HJ,THREE_BET,K2o,0,0,0,NONE,0
100BB,HJ,HJ,THREE_BET,QJo,0,0,0,NONE,0
100BB,HJ,HJ,THREE_BET,QTo,0,0,0,NONE,0
100BB,HJ,HJ,THREE_BET,Q9o,0,0,0,NONE,0
100BB,HJ,HJ,THREE_BET,Q8o,0,0,0,NONE,0
100BB,HJ,HJ,THREE_BET,Q7o,0,0,0,NONE,0
100BB,HJ,HJ,THREE_BET,Q6o,0,0,0,NONE,0
100BB,HJ,HJ,THREE_BET,Q5o,0,0,0,NONE,0
100BB,HJ,HJ,THREE_BET,Q4o,0,0,0,NONE,0
100BB,HJ,HJ,THREE_BET,Q3o,0,0,0,NONE,0
100BB,HJ,HJ,THREE_BET,Q2o,0,0,0,NONE,0
100BB,HJ,HJ,THREE_BET,JTo,0,0,0,NONE,0
100BB,HJ,HJ,THREE_BET,J9o,0,0,0,NONE,0
100BB,HJ,HJ,THREE_BET,J8o,0,0,0,NONE,0
100BB,HJ,HJ,THREE_BET,J7o,0,0,0,NONE,0
100BB,HJ,HJ,THREE_BET,J6o,0,0,0,NONE,0
100BB,HJ,HJ,THREE_BET,J5o,0,0,0,NONE,0
100BB,HJ,HJ,THREE_BET,J4o,0,0,0,NONE,0
100BB,HJ,HJ,THREE_BET,J3o,0,0,0,NONE,0
100BB,HJ,HJ,THREE_BET,J2o,0,0,0,NONE,0
100BB,HJ,HJ,THREE_BET,T9o,0,0,0,NONE,0
100BB,HJ,HJ,THREE_BET,T8o,0,0,0,NONE,0
100BB,HJ,HJ,THREE_BET,T7o,0,0,0,NONE,0
100BB,HJ,HJ,THREE_BET,T6o,0,0,0,NONE,0
100BB,HJ,HJ,THREE_BET,T5o,0,0,0,NONE,0
100BB,HJ,HJ,THREE_BET,T4o,0,0,0,NONE,0
100BB,HJ,HJ,THREE_BET,T3o,0,0,0,NONE,0
100BB,HJ,HJ,THREE_BET,T2o,0,0,0,NONE,0
100BB,HJ,HJ,THREE_BET,98o,0,0,0,NONE,0
100BB,HJ,HJ,THREE_BET,97o,0,0,0,NONE,0
100BB,HJ,HJ,THREE_BET,96o,0,0,0,NONE,0
100BB,HJ,HJ,THREE_BET,95o,0,0,0,NONE,0
100BB,HJ,HJ,THREE_BET,94o,0,0,0,NONE,0
100BB,HJ,HJ,THREE_BET,93o,0,0,0,NONE,0
100BB,HJ,HJ,THREE_BET,92o,0,0,0,NONE,0
100BB,HJ,HJ,THREE_BET,87o,0,0,0,NONE,0
100BB,HJ,HJ,THREE_BET,86o,0,0,0,NONE,0
100BB,HJ,HJ,THREE_BET,85o,0,0,0,NONE,0
100BB,HJ,HJ,THREE_BET,84o,0,0,0,NONE,0
100BB,HJ,HJ,THREE_BET,83o,0,0,0,NONE,0
100BB,HJ,HJ,THREE_BET,82o,0,0,0,NONE,0
100BB,HJ,HJ,THREE_BET,76o,0,0,0,NONE,0
100BB,HJ,HJ,THREE_BET,75o,0,0,0,NONE,0
100BB,HJ,HJ,THREE_BET,74o,0,0,0,NONE,0
100BB,HJ,HJ,THREE_BET,73o,0,0,0,NONE,0
100BB,HJ,HJ,THREE_BET,72o,0,0,0,NONE,0
100BB,HJ,HJ,THREE_BET,65o,0,0,0,NONE,0
100BB,HJ,HJ,THREE_BET,64o,0,0,0,NONE,0
100BB,HJ,HJ,THREE_BET,63o,0,0,0,NONE,0
100BB,HJ,HJ,THREE_BET,62o,0,0,0,NONE,0
100BB,HJ,HJ,THREE_BET,54o,0,0,0,NONE,0
100BB,HJ,HJ,THREE_BET,53o,0,0,0,NONE,0
100BB,HJ,HJ,THREE_BET,52o,0,0,0,NONE,0
100BB,HJ,HJ,THREE_BET,43o,0,0,0,NONE,0
100BB,HJ,HJ,THREE_BET,42o,0,0,0,NONE,0
100BB,HJ,HJ,THREE_BET,32o,0,0,0,NONE,0
100BB,HJ,CO,UNOPENED,AA,0,0,0,NONE,0
100BB,HJ,CO,UNOPENED,KK,0,0,0,NONE,0
100BB,HJ,CO,UNOPENED,QQ,0,0,0,NONE,0
100BB,HJ,CO,UNOPENED,JJ,0,0,0,NONE,0
100BB,HJ,CO,UNOPENED,TT,0,0,0,NONE,0
100BB,HJ,CO,UNOPENED,99,0,0,0,NONE,0
100BB,HJ,CO,UNOPENED,88,0,0,0,NONE,0
100BB,HJ,CO,UNOPENED,77,0,0,0,NONE,0
100BB,HJ,CO,UNOPENED,66,0,0,0,NONE,0
100BB,HJ,CO,UNOPENED,55,0,0,0,NONE,0
100BB,HJ,CO,UNOPENED,44,0,0,0,NONE,0
100BB,HJ,CO,UNOPENED,33,0,0,0,NONE,0
100BB,HJ,CO,UNOPENED,22,0,0,0,NONE,0
100BB,HJ,CO,UNOPENED,AKs,0,0,0,NONE,0
100BB,HJ,CO,UNOPENED,AQs,0,0,0,NONE,0
100BB,HJ,CO,UNOPENED,AJs,0,0,0,NONE,0
100BB,HJ,CO,UNOPENED,ATs,0,0,0,NONE,0
100BB,HJ,CO,UNOPENED,A9s,0,0,0,NONE,0
100BB,HJ,CO,UNOPENED,A8s,0,0,0,NONE,0
100BB,HJ,CO,UNOPENED,A7s,0,0,0,NONE,0
100BB,HJ,CO,UNOPENED,A6s,0,0,0,NONE,0
100BB,HJ,CO,UNOPENED,A5s,0,0,0,NONE,0
100BB,HJ,CO,UNOPENED,A4s,0,0,0,NONE,0
100BB,HJ,CO,UNOPENED,A3s,0,0,0,NONE,0
100BB,HJ,CO,UNOPENED,A2s,0,0,0,NONE,0
100BB,HJ,CO,UNOPENED,KQs,0,0,0,NONE,0
100BB,HJ,CO,UNOPENED,KJs,0,0,0,NONE,0
100BB,HJ,CO,UNOPENED,KTs,0,0,0,NONE,0
100BB,HJ,CO,UNOPENED,K9s,0,0,0,NONE,0
100BB,HJ,CO,UNOPENED,K8s,0,0,0,NONE,0
100BB,HJ,CO,UNOPENED,K7s,0,0,0,NONE,0
100BB,HJ,CO,UNOPENED,K6s,0,0,0,NONE,0
100BB,HJ,CO,UNOPENED,K5s,0,0,0,NONE,0
100BB,HJ,CO,UNOPENED,K4s,0,0,0,NONE,0
100BB,HJ,CO,UNOPENED,K3s,0,0,0,NONE,0
100BB,HJ,CO,UNOPENED,K2s,0,0,0,NONE,0
100BB,HJ,CO,UNOPENED,QJs,0,0,0,NONE,0
100BB,HJ,CO,UNOPENED,QTs,0,0,0,NONE,0
100BB,HJ,CO,UNOPENED,Q9s,0,0,0,NONE,0
100BB,HJ,CO,UNOPENED,Q8s,0,0,0,NONE,0
100BB,HJ,CO,UNOPENED,Q7s,0,0,0,NONE,0
100BB,HJ,CO,UNOPENED,Q6s,0,0,0,NONE,0
100BB,HJ,CO,UNOPENED,Q5s,0,0,0,NONE,0
100BB,HJ,CO,UNOPENED,Q4s,0,0,0,NONE,0
100BB,HJ,CO,UNOPENED,Q3s,0,0,0,NONE,0
100BB,HJ,CO,UNOPENED,Q2s,0,0,0,NONE,0
100BB,HJ,CO,UNOPENED,JTs,0,0,0,NONE,0
100BB,HJ,CO,UNOPENED,J9s,0,0,0,NONE,0
100BB,HJ,CO,UNOPENED,J8s,0,0,0,NONE,0
100BB,HJ,CO,UNOPENED,J7s,0,0,0,NONE,0
100BB,HJ,CO,UNOPENED,J6s,0,0,0,NONE,0
100BB,HJ,CO,UNOPENED,J5s,0,0,0,NONE,0
100BB,HJ,CO,UNOPENED,J4s,0,0,0,NONE,0
100BB,HJ,CO,UNOPENED,J3s,0,0,0,NONE,0
100BB,HJ,CO,UNOPENED,J2s,0,0,0,NONE,0
100BB,HJ,CO,UNOPENED,T9s,0,0,0,NONE,0
100BB,HJ,CO,UNOPENED,T8s,0,0,0,NONE,0
100BB,HJ,CO,UNOPENED,T7s,0,0,0,NONE,0
100BB,HJ,CO,UNOPENED,T6s,0,0,0,NONE,0
100BB,HJ,CO,UNOPENED,T5s,0,0,0,NONE,0
100BB,HJ,CO,UNOPENED,T4s,0,0,0,NONE,0
100BB,HJ,CO,UNOPENED,T3s,0,0,0,NONE,0
100BB,HJ,CO,UNOPENED,T2s,0,0,0,NONE,0
100BB,HJ,CO,UNOPENED,98s,0,0,0,NONE,0
100BB,HJ,CO,UNOPENED,97s,0,0,0,NONE,0
100BB,HJ,CO,UNOPENED,96s,0,0,0,NONE,0
100BB,HJ,CO,UNOPENED,95s,0,0,0,NONE,0
100BB,HJ,CO,UNOPENED,94s,0,0,0,NONE,0
100BB,HJ,CO,UNOPENED,93s,0,0,0,NONE,0
100BB,HJ,CO,UNOPENED,92s,0,0,0,NONE,0
100BB,HJ,CO,UNOPENED,87s,0,0,0,NONE,0
100BB,HJ,CO,UNOPENED,86s,0,0,0,NONE,0
100BB,HJ,CO,UNOPENED,85s,0,0,0,NONE,0
100BB,HJ,CO,UNOPENED,84s,0,0,0,NONE,0
100BB,HJ,CO,UNOPENED,83s,0,0,0,NONE,0
100BB,HJ,CO,UNOPENED,82s,0,0,0,NONE,0
100BB,HJ,CO,UNOPENED,76s,0,0,0,NONE,0
100BB,HJ,CO,UNOPENED,75s,0,0,0,NONE,0
100BB,HJ,CO,UNOPENED,74s,0,0,0,NONE,0
100BB,HJ,CO,UNOPENED,73s,0,0,0,NONE,0
100BB,HJ,CO,UNOPENED,72s,0,0,0,NONE,0
100BB,HJ,CO,UNOPENED,65s,0,0,0,NONE,0
100BB,HJ,CO,UNOPENED,64s,0,0,0,NONE,0
100BB,HJ,CO,UNOPENED,63s,0,0,0,NONE,0
100BB,HJ,CO,UNOPENED,62s,0,0,0,NONE,0
100BB,HJ,CO,UNOPENED,54s,0,0,0,NONE,0
100BB,HJ,CO,UNOPENED,53s,0,0,0,NONE,0
100BB,HJ,CO,UNOPENED,52s,0,0,0,NONE,0
100BB,HJ,CO,UNOPENED,43s,0,0,0,NONE,0
100BB,HJ,CO,UNOPENED,42s,0,0,0,NONE,0
100BB,HJ,CO,UNOPENED,32s,0,0,0,NONE,0
100BB,HJ,CO,UNOPENED,AKo,0,0,0,NONE,0
100BB,HJ,CO,UNOPENED,AQo,0,0,0,NONE,0
100BB,HJ,CO,UNOPENED,AJo,0,0,0,NONE,0
100BB,HJ,CO,UNOPENED,ATo,0,0,0,NONE,0
100BB,HJ,CO,UNOPENED,A9o,0,0,0,NONE,0
100BB,HJ,CO,UNOPENED,A8o,0,0,0,NONE,0
100BB,HJ,CO,UNOPENED,A7o,0,0,0,NONE,0
100BB,HJ,CO,UNOPENED,A6o,0,0,0,NONE,0
100BB,HJ,CO,UNOPENED,A5o,0,0,0,NONE,0
100BB,HJ,CO,UNOPENED,A4o,0,0,0,NONE,0
100BB,HJ,CO,UNOPENED,A3o,0,0,0,NONE,0
100BB,HJ,CO,UNOPENED,A2o,0,0,0,NONE,0
100BB,HJ,CO,UNOPENED,KQo,0,0,0,NONE,0
100BB,HJ,CO,UNOPENED,KJo,0,0,0,NONE,0
100BB,HJ,CO,UNOPENED,KTo,0,0,0,NONE,0
100BB,HJ,CO,UNOPENED,K9o,0,0,0,NONE,0
100BB,HJ,CO,UNOPENED,K8o,0,0,0,NONE,0
100BB,HJ,CO,UNOPENED,K7o,0,0,0,NONE,0
100BB,HJ,CO,UNOPENED,K6o,0,0,0,NONE,0
100BB,HJ,CO,UNOPENED,K5o,0,0,0,NONE,0
100BB,HJ,CO,UNOPENED,K4o,0,0,0,NONE,0
100BB,HJ,CO,UNOPENED,K3o,0,0,0,NONE,0
100BB,HJ,CO,UNOPENED,K2o,0,0,0,NONE,0
100BB,HJ,CO,UNOPENED,QJo,0,0,0,NONE,0
100BB,HJ,CO,UNOPENED,QTo,0,0,0,NONE,0
100BB,HJ,CO,UNOPENED,Q9o,0,0,0,NONE,0
100BB,HJ,CO,UNOPENED,Q8o,0,0,0,NONE,0
100BB,HJ,CO,UNOPENED,Q7o,0,0,0,NONE,0
100BB,HJ,CO,UNOPENED,Q6o,0,0,0,NONE,0
100BB,HJ,CO,UNOPENED,Q5o,0,0,0,NONE,0
100BB,HJ,CO,UNOPENED,Q4o,0,0,0,NONE,0
100BB,HJ,CO,UNOPENED,Q3o,0,0,0,NONE,0
100BB,HJ,CO,UNOPENED,Q2o,0,0,0,NONE,0
100BB,HJ,CO,UNOPENED,JTo,0,0,0,NONE,0
100BB,HJ,CO,UNOPENED,J9o,0,0,0,NONE,0
100BB,HJ,CO,UNOPENED,J8o,0,0,0,NONE,0
100BB,HJ,CO,UNOPENED,J7o,0,0,0,NONE,0
100BB,HJ,CO,UNOPENED,J6o,0,0,0,NONE,0
100BB,HJ,CO,UNOPENED,J5o,0,0,0,NONE,0
100BB,HJ,CO,UNOPENED,J4o,0,0,0,NONE,0
100BB,HJ,CO,UNOPENED,J3o,0,0,0,NONE,0
100BB,HJ,CO,UNOPENED,J2o,0,0,0,NONE,0
100BB,HJ,CO,UNOPENED,T9o,0,0,0,NONE,0
100BB,HJ,CO,UNOPENED,T8o,0,0,0,NONE,0
100BB,HJ,CO,UNOPENED,T7o,0,0,0,NONE,0
100BB,HJ,CO,UNOPENED,T6o,0,0,0,NONE,0
100BB,HJ,CO,UNOPENED,T5o,0,0,0,NONE,0
100BB,HJ,CO,UNOPENED,T4o,0,0,0,NONE,0
100BB,HJ,CO,UNOPENED,T3o,0,0,0,NONE,0
100BB,HJ,CO,UNOPENED,T2o,0,0,0,NONE,0
100BB,HJ,CO,UNOPENED,98o,0,0,0,NONE,0
100BB,HJ,CO,UNOPENED,97o,0,0,0,NONE,0
100BB,HJ,CO,UNOPENED,96o,0,0,0,NONE,0
100BB,HJ,CO,UNOPENED,95o,0,0,0,NONE,0
100BB,HJ,CO,UNOPENED,94o,0,0,0,NONE,0
100BB,HJ,CO,UNOPENED,93o,0,0,0,NONE,0
100BB,HJ,CO,UNOPENED,92o,0,0,0,NONE,0
100BB,HJ,CO,UNOPENED,87o,0,0,0,NONE,0
100BB,HJ,CO,UNOPENED,86o,0,0,0,NONE,0
100BB,HJ,CO,UNOPENED,85o,0,0,0,NONE,0
100BB,HJ,CO,UNOPENED,84o,0,0,0,NONE,0
100BB,HJ,CO,UNOPENED,83o,0,0,0,NONE,0
100BB,HJ,CO,UNOPENED,82o,0,0,0,NONE,0
100BB,HJ,CO,UNOPENED,76o,0,0,0,NONE,0
100BB,HJ,CO,UNOPENED,75o,0,0,0,NONE,0
100BB,HJ,CO,UNOPENED,74o,0,0,0,NONE,0
100BB,HJ,CO,UNOPENED,73o,0,0,0,NONE,0
100BB,HJ,CO,UNOPENED,72o,0,0,0,NONE,0
100BB,HJ,CO,UNOPENED,65o,0,0,0,NONE,0
100BB,HJ,CO,UNOPENED,64o,0,0,0,NONE,0
100BB,HJ,CO,UNOPENED,63o,0,0,0,NONE,0
100BB,HJ,CO,UNOPENED,62o,0,0,0,NONE,0
100BB,HJ,CO,UNOPENED,54o,0,0,0,NONE,0
100BB,HJ,CO,UNOPENED,53o,0,0,0,NONE,0
100BB,HJ,CO,UNOPENED,52o,0,0,0,NONE,0
100BB,HJ,CO,UNOPENED,43o,0,0,0,NONE,0
100BB,HJ,CO,UNOPENED,42o,0,0,0,NONE,0
100BB,HJ,CO,UNOPENED,32o,0,0,0,NONE,0
100BB,HJ,CO,ONE_RAISE,AA,0,0,0,NONE,0
100BB,HJ,CO,ONE_RAISE,KK,0,0,0,NONE,0
100BB,HJ,CO,ONE_RAISE,QQ,0,0,0,NONE,0
100BB,HJ,CO,ONE_RAISE,JJ,0,0,0,NONE,0
100BB,HJ,CO,ONE_RAISE,TT,0,0,0,NONE,0
100BB,HJ,CO,ONE_RAISE,99,0,0,0,NONE,0
100BB,HJ,CO,ONE_RAISE,88,0,0,0,NONE,0
100BB,HJ,CO,ONE_RAISE,77,0,0,0,NONE,0
100BB,HJ,CO,ONE_RAISE,66,0,0,0,NONE,0
100BB,HJ,CO,ONE_RAISE,55,0,0,0,NONE,0
100BB,HJ,CO,ONE_RAISE,44,0,0,0,NONE,0
100BB,HJ,CO,ONE_RAISE,33,0,0,0,NONE,0
100BB,HJ,CO,ONE_RAISE,22,0,0,0,NONE,0
100BB,HJ,CO,ONE_RAISE,AKs,0,0,0,NONE,0
100BB,HJ,CO,ONE_RAISE,AQs,0,0,0,NONE,0
100BB,HJ,CO,ONE_RAISE,AJs,0,0,0,NONE,0
100BB,HJ,CO,ONE_RAISE,ATs,0,0,0,NONE,0
100BB,HJ,CO,ONE_RAISE,A9s,0,0,0,NONE,0
100BB,HJ,CO,ONE_RAISE,A8s,0,0,0,NONE,0
100BB,HJ,CO,ONE_RAISE,A7s,0,0,0,NONE,0
100BB,HJ,CO,ONE_RAISE,A6s,0,0,0,NONE,0
100BB,HJ,CO,ONE_RAISE,A5s,0,0,0,NONE,0
100BB,HJ,CO,ONE_RAISE,A4s,0,0,0,NONE,0
100BB,HJ,CO,ONE_RAISE,A3s,0,0,0,NONE,0
100BB,HJ,CO,ONE_RAISE,A2s,0,0,0,NONE,0
100BB,HJ,CO,ONE_RAISE,KQs,0,0,0,NONE,0
100BB,HJ,CO,ONE_RAISE,KJs,0,0,0,NONE,0
100BB,HJ,CO,ONE_RAISE,KTs,0,0,0,NONE,0
100BB,HJ,CO,ONE_RAISE,K9s,0,0,0,NONE,0
100BB,HJ,CO,ONE_RAISE,K8s,0,0,0,NONE,0
100BB,HJ,CO,ONE_RAISE,K7s,0,0,0,NONE,0
100BB,HJ,CO,ONE_RAISE,K6s,0,0,0,NONE,0
100BB,HJ,CO,ONE_RAISE,K5s,0,0,0,NONE,0
100BB,HJ,CO,ONE_RAISE,K4s,0,0,0,NONE,0
100BB,HJ,CO,ONE_RAISE,K3s,0,0,0,NONE,0
100BB,HJ,CO,ONE_RAISE,K2s,0,0,0,NONE,0
100BB,HJ,CO,ONE_RAISE,QJs,0,0,0,NONE,0
100BB,HJ,CO,ONE_RAISE,QTs,0,0,0,NONE,0
100BB,HJ,CO,ONE_RAISE,Q9s,0,0,0,NONE,0
100BB,HJ,CO,ONE_RAISE,Q8s,0,0,0,NONE,0
100BB,HJ,CO,ONE_RAISE,Q7s,0,0,0,NONE,0
100BB,HJ,CO,ONE_RAISE,Q6s,0,0,0,NONE,0
100BB,HJ,CO,ONE_RAISE,Q5s,0,0,0,NONE,0
100BB,HJ,CO,ONE_RAISE,Q4s,0,0,0,NONE,0
100BB,HJ,CO,ONE_RAISE,Q3s,0,0,0,NONE,0
100BB,HJ,CO,ONE_RAISE,Q2s,0,0,0,NONE,0
100BB,HJ,CO,ONE_RAISE,JTs,0,0,0,NONE,0
100BB,HJ,CO,ONE_RAISE,J9s,0,0,0,NONE,0
100BB,HJ,CO,ONE_RAISE,J8s,0,0,0,NONE,0
100BB,HJ,CO,ONE_RAISE,J7s,0,0,0,NONE,0
100BB,HJ,CO,ONE_RAISE,J6s,0,0,0,NONE,0
100BB,HJ,CO,ONE_RAISE,J5s,0,0,0,NONE,0
100BB,HJ,CO,ONE_RAISE,J4s,0,0,0,NONE,0
100BB,HJ,CO,ONE_RAISE,J3s,0,0,0,NONE,0
100BB,HJ,CO,ONE_RAISE,J2s,0,0,0,NONE,0
100BB,HJ,CO,ONE_RAISE,T9s,0,0,0,NONE,0
100BB,HJ,CO,ONE_RAISE,T8s,0,0,0,NONE,0
100BB,HJ,CO,ONE_RAISE,T7s,0,0,0,NONE,0
100BB,HJ,CO,ONE_RAISE,T6s,0,0,0,NONE,0
100BB,HJ,CO,ONE_RAISE,T5s,0,0,0,NONE,0
100BB,HJ,CO,ONE_RAISE,T4s,0,0,0,NONE,0
100BB,HJ,CO,ONE_RAISE,T3s,0,0,0,NONE,0
100BB,HJ,CO,ONE_RAISE,T2s,0,0,0,NONE,0
100BB,HJ,CO,ONE_RAISE,98s,0,0,0,NONE,0
100BB,HJ,CO,ONE_RAISE,97s,0,0,0,NONE,0
100BB,HJ,CO,ONE_RAISE,96s,0,0,0,NONE,0
100BB,HJ,CO,ONE_RAISE,95s,0,0,0,NONE,0
100BB,HJ,CO,ONE_RAISE,94s,0,0,0,NONE,0
100BB,HJ,CO,ONE_RAISE,93s,0,0,0,NONE,0
100BB,HJ,CO,ONE_RAISE,92s,0,0,0,NONE,0
100BB,HJ,CO,ONE_RAISE,87s,0,0,0,NONE,0
100BB,HJ,CO,ONE_RAISE,86s,0,0,0,NONE,0
100BB,HJ,CO,ONE_RAISE,85s,0,0,0,NONE,0
100BB,HJ,CO,ONE_RAISE,84s,0,0,0,NONE,0
100BB,HJ,CO,ONE_RAISE,83s,0,0,0,NONE,0
100BB,HJ,CO,ONE_RAISE,82s,0,0,0,NONE,0
100BB,HJ,CO,ONE_RAISE,76s,0,0,0,NONE,0
100BB,HJ,CO,ONE_RAISE,75s,0,0,0,NONE,0
100BB,HJ,CO,ONE_RAISE,74s,0,0,0,NONE,0
100BB,HJ,CO,ONE_RAISE,73s,0,0,0,NONE,0
100BB,HJ,CO,ONE_RAISE,72s,0,0,0,NONE,0
100BB,HJ,CO,ONE_RAISE,65s,0,0,0,NONE,0
100BB,HJ,CO,ONE_RAISE,64s,0,0,0,NONE,0
100BB,HJ,CO,ONE_RAISE,63s,0,0,0,NONE,0
100BB,HJ,CO,ONE_RAISE,62s,0,0,0,NONE,0
100BB,HJ,CO,ONE_RAISE,54s,0,0,0,NONE,0
100BB,HJ,CO,ONE_RAISE,53s,0,0,0,NONE,0
100BB,HJ,CO,ONE_RAISE,52s,0,0,0,NONE,0
100BB,HJ,CO,ONE_RAISE,43s,0,0,0,NONE,0
100BB,HJ,CO,ONE_RAISE,42s,0,0,0,NONE,0
100BB,HJ,CO,ONE_RAISE,32s,0,0,0,NONE,0
100BB,HJ,CO,ONE_RAISE,AKo,0,0,0,NONE,0
100BB,HJ,CO,ONE_RAISE,AQo,0,0,0,NONE,0
100BB,HJ,CO,ONE_RAISE,AJo,0,0,0,NONE,0
100BB,HJ,CO,ONE_RAISE,ATo,0,0,0,NONE,0
100BB,HJ,CO,ONE_RAISE,A9o,0,0,0,NONE,0
100BB,HJ,CO,ONE_RAISE,A8o,0,0,0,NONE,0
100BB,HJ,CO,ONE_RAISE,A7o,0,0,0,NONE,0
100BB,HJ,CO,ONE_RAISE,A6o,0,0,0,NONE,0
100BB,HJ,CO,ONE_RAISE,A5o,0,0,0,NONE,0
100BB,HJ,CO,ONE_RAISE,A4o,0,0,0,NONE,0
100BB,HJ,CO,ONE_RAISE,A3o,0,0,0,NONE,0
100BB,HJ,CO,ONE_RAISE,A2o,0,0,0,NONE,0
100BB,HJ,CO,ONE_RAISE,KQo,0,0,0,NONE,0
100BB,HJ,CO,ONE_RAISE,KJo,0,0,0,NONE,0
100BB,HJ,CO,ONE_RAISE,KTo,0,0,0,NONE,0
100BB,HJ,CO,ONE_RAISE,K9o,0,0,0,NONE,0
100BB,HJ,CO,ONE_RAISE,K8o,0,0,0,NONE,0
100BB,HJ,CO,ONE_RAISE,K7o,0,0,0,NONE,0
100BB,HJ,CO,ONE_RAISE,K6o,0,0,0,NONE,0
100BB,HJ,CO,ONE_RAISE,K5o,0,0,0,NONE,0
100BB,HJ,CO,ONE_RAISE,K4o,0,0,0,NONE,0
100BB,HJ,CO,ONE_RAISE,K3o,0,0,0,NONE,0
100BB,HJ,CO,ONE_RAISE,K2o,0,0,0,NONE,0
100BB,HJ,CO,ONE_RAISE,QJo,0,0,0,NONE,0
100BB,HJ,CO,ONE_RAISE,QTo,0,0,0,NONE,0
100BB,HJ,CO,ONE_RAISE,Q9o,0,0,0,NONE,0
100BB,HJ,CO,ONE_RAISE,Q8o,0,0,0,NONE,0
100BB,HJ,CO,ONE_RAISE,Q7o,0,0,0,NONE,0
100BB,HJ,CO,ONE_RAISE,Q6o,0,0,0,NONE,0
100BB,HJ,CO,ONE_RAISE,Q5o,0,0,0,NONE,0
100BB,HJ,CO,ONE_RAISE,Q4o,0,0,0,NONE,0
100BB,HJ,CO,ONE_RAISE,Q3o,0,0,0,NONE,0
100BB,HJ,CO,ONE_RAISE,Q2o,0,0,0,NONE,0
100BB,HJ,CO,ONE_RAISE,JTo,0,0,0,NONE,0
100BB,HJ,CO,ONE_RAISE,J9o,0,0,0,NONE,0
100BB,HJ,CO,ONE_RAISE,J8o,0,0,0,NONE,0
100BB,HJ,CO,ONE_RAISE,J7o,0,0,0,NONE,0
100BB,HJ,CO,ONE_RAISE,J6o,0,0,0,NONE,0
100BB,HJ,CO,ONE_RAISE,J5o,0,0,0,NONE,0
100BB,HJ,CO,ONE_RAISE,J4o,0,0,0,NONE,0
100BB,HJ,CO,ONE_RAISE,J3o,0,0,0,NONE,0
100BB,HJ,CO,ONE_RAISE,J2o,0,0,0,NONE,0
100BB,HJ,CO,ONE_RAISE,T9o,0,0,0,NONE,0
100BB,HJ,CO,ONE_RAISE,T8o,0,0,0,NONE,0
100BB,HJ,CO,ONE_RAISE,T7o,0,0,0,NONE,0
100BB,HJ,CO,ONE_RAISE,T6o,0,0,0,NONE,0
100BB,HJ,CO,ONE_RAISE,T5o,0,0,0,NONE,0
100BB,HJ,CO,ONE_RAISE,T4o,0,0,0,NONE,0
100BB,HJ,CO,ONE_RAISE,T3o,0,0,0,NONE,0
100BB,HJ,CO,ONE_RAISE,T2o,0,0,0,NONE,0
100BB,HJ,CO,ONE_RAISE,98o,0,0,0,NONE,0
100BB,HJ,CO,ONE_RAISE,97o,0,0,0,NONE,0
100BB,HJ,CO,ONE_RAISE,96o,0,0,0,NONE,0
100BB,HJ,CO,ONE_RAISE,95o,0,0,0,NONE,0
100BB,HJ,CO,ONE_RAISE,94o,0,0,0,NONE,0
100BB,HJ,CO,ONE_RAISE,93o,0,0,0,NONE,0
100BB,HJ,CO,ONE_RAISE,92o,0,0,0,NONE,0
100BB,HJ,CO,ONE_RAISE,87o,0,0,0,NONE,0
100BB,HJ,CO,ONE_RAISE,86o,0,0,0,NONE,0
100BB,HJ,CO,ONE_RAISE,85o,0,0,0,NONE,0
100BB,HJ,CO,ONE_RAISE,84o,0,0,0,NONE,0
100BB,HJ,CO,ONE_RAISE,83o,0,0,0,NONE,0
100BB,HJ,CO,ONE_RAISE,82o,0,0,0,NONE,0
100BB,HJ,CO,ONE_RAISE,76o,0,0,0,NONE,0
100BB,HJ,CO,ONE_RAISE,75o,0,0,0,NONE,0
100BB,HJ,CO,ONE_RAISE,74o,0,0,0,NONE,0
100BB,HJ,CO,ONE_RAISE,73o,0,0,0,NONE,0
100BB,HJ,CO,ONE_RAISE,72o,0,0,0,NONE,0
100BB,HJ,CO,ONE_RAISE,65o,0,0,0,NONE,0
100BB,HJ,CO,ONE_RAISE,64o,0,0,0,NONE,0
100BB,HJ,CO,ONE_RAISE,63o,0,0,0,NONE,0
100BB,HJ,CO,ONE_RAISE,62o,0,0,0,NONE,0
100BB,HJ,CO,ONE_RAISE,54o,0,0,0,NONE,0
100BB,HJ,CO,ONE_RAISE,53o,0,0,0,NONE,0
100BB,HJ,CO,ONE_RAISE,52o,0,0,0,NONE,0
100BB,HJ,CO,ONE_RAISE,43o,0,0,0,NONE,0
100BB,HJ,CO,ONE_RAISE,42o,0,0,0,NONE,0
100BB,HJ,CO,ONE_RAISE,32o,0,0,0,NONE,0
100BB,HJ,CO,THREE_BET,AA,0,0,100,3,1
100BB,HJ,CO,THREE_BET,KK,0,0,100,3,1
100BB,HJ,CO,THREE_BET,QQ,0,27,73,3,1
100BB,HJ,CO,THREE_BET,JJ,0,61,39,3,1
100BB,HJ,CO,THREE_BET,TT,0,62,38,3,1
100BB,HJ,CO,THREE_BET,99,0,88,12,3,1
100BB,HJ,CO,THREE_BET,88,0,90,10,3,1
100BB,HJ,CO,THREE_BET,77,0,90,10,3,1
100BB,HJ,CO,THREE_BET,66,0,98,2,3,1
100BB,HJ,CO,THREE_BET,55,0,100,0,NONE,1
100BB,HJ,CO,THREE_BET,44,0,100,0,NONE,1
100BB,HJ,CO,THREE_BET,33,0,100,0,NONE,1
100BB,HJ,CO,THREE_BET,22,7,93,0,NONE,1
100BB,HJ,CO,THREE_BET,AKs,0,0,100,3,1
100BB,HJ,CO,THREE_BET,AQs,0,100,0,NONE,1
100BB,HJ,CO,THREE_BET,AJs,0,100,0,NONE,1
100BB,HJ,CO,THREE_BET,ATs,0,38,62,3,1
100BB,HJ,CO,THREE_BET,A9s,0,23,77,3,1
100BB,HJ,CO,THREE_BET,A8s,0,70,30,3,1
100BB,HJ,CO,THREE_BET,A7s,12,79,9,3,1
100BB,HJ,CO,THREE_BET,A6s,97,0,3,3,1
100BB,HJ,CO,THREE_BET,A5s,0,43,57,3,1
100BB,HJ,CO,THREE_BET,A4s,0,44,57,3,1
100BB,HJ,CO,THREE_BET,A3s,72,21,7,3,1
100BB,HJ,CO,THREE_BET,A2s,100,0,0,NONE,1
100BB,HJ,CO,THREE_BET,KQs,0,100,0,NONE,1
100BB,HJ,CO,THREE_BET,KJs,0,57,43,3,1
100BB,HJ,CO,THREE_BET,KTs,0,39,61,3,1
100BB,HJ,CO,THREE_BET,K9s,27,60,13,3,1
100BB,HJ,CO,THREE_BET,K8s,100,0,0,NONE,1
100BB,HJ,CO,THREE_BET,K7s,100,0,0,NONE,1
100BB,HJ,CO,THREE_BET,K6s,100,0,0,NONE,1
100BB,HJ,CO,THREE_BET,K5s,100,0,0,NONE,1
100BB,HJ,CO,THREE_BET,K4s,100,0,0,NONE,1
100BB,HJ,CO,THREE_BET,K3s,100,0,0,NONE,1
100BB,HJ,CO,THREE_BET,K2s,100,0,0,NONE,1
100BB,HJ,CO,THREE_BET,QJs,0,89,11,3,1
100BB,HJ,CO,THREE_BET,QTs,0,94,6,3,1
100BB,HJ,CO,THREE_BET,Q9s,80,20,0,NONE,1
100BB,HJ,CO,THREE_BET,Q8s,100,0,0,NONE,1
100BB,HJ,CO,THREE_BET,Q7s,100,0,0,NONE,1
100BB,HJ,CO,THREE_BET,Q6s,100,0,0,NONE,1
100BB,HJ,CO,THREE_BET,Q5s,100,0,0,NONE,1
100BB,HJ,CO,THREE_BET,Q4s,100,0,0,NONE,1
100BB,HJ,CO,THREE_BET,Q3s,100,0,0,NONE,1
100BB,HJ,CO,THREE_BET,Q2s,100,0,0,NONE,1
100BB,HJ,CO,THREE_BET,JTs,0,78,22,3,1
100BB,HJ,CO,THREE_BET,J9s,60,40,0,NONE,1
100BB,HJ,CO,THREE_BET,J8s,100,0,0,NONE,1
100BB,HJ,CO,THREE_BET,J7s,100,0,0,NONE,1
100BB,HJ,CO,THREE_BET,J6s,100,0,0,NONE,1
100BB,HJ,CO,THREE_BET,J5s,100,0,0,NONE,1
100BB,HJ,CO,THREE_BET,J4s,100,0,0,NONE,1
100BB,HJ,CO,THREE_BET,J3s,100,0,0,NONE,1
100BB,HJ,CO,THREE_BET,J2s,100,0,0,NONE,1
100BB,HJ,CO,THREE_BET,T9s,0,89,11,3,1
100BB,HJ,CO,THREE_BET,T8s,72,28,0,NONE,1
100BB,HJ,CO,THREE_BET,T7s,100,0,0,NONE,1
100BB,HJ,CO,THREE_BET,T6s,100,0,0,NONE,1
100BB,HJ,CO,THREE_BET,T5s,100,0,0,NONE,1
100BB,HJ,CO,THREE_BET,T4s,100,0,0,NONE,1
100BB,HJ,CO,THREE_BET,T3s,100,0,0,NONE,1
100BB,HJ,CO,THREE_BET,T2s,100,0,0,NONE,1
100BB,HJ,CO,THREE_BET,98s,0,0,0,NONE,1
100BB,HJ,CO,THREE_BET,97s,100,0,0,NONE,1
100BB,HJ,CO,THREE_BET,96s,100,0,0,NONE,1
100BB,HJ,CO,THREE_BET,95s,100,0,0,NONE,1
100BB,HJ,CO,THREE_BET,94s,100,0,0,NONE,1
100BB,HJ,CO,THREE_BET,93s,100,0,0,NONE,1
100BB,HJ,CO,THREE_BET,92s,100,0,0,NONE,1
100BB,HJ,CO,THREE_BET,87s,34,66,0,NONE,1
100BB,HJ,CO,THREE_BET,86s,100,0,0,NONE,1
100BB,HJ,CO,THREE_BET,85s,100,0,0,NONE,1
100BB,HJ,CO,THREE_BET,84s,100,0,0,NONE,1
100BB,HJ,CO,THREE_BET,83s,100,0,0,NONE,1
100BB,HJ,CO,THREE_BET,82s,100,0,0,NONE,1
100BB,HJ,CO,THREE_BET,76s,21,68,11,3,1
100BB,HJ,CO,THREE_BET,75s,100,0,0,NONE,1
100BB,HJ,CO,THREE_BET,74s,100,0,0,NONE,1
100BB,HJ,CO,THREE_BET,73s,100,0,0,NONE,1
100BB,HJ,CO,THREE_BET,72s,100,0,0,NONE,1
100BB,HJ,CO,THREE_BET,65s,0,100,0,NONE,1
100BB,HJ,CO,THREE_BET,64s,100,0,0,NONE,1
100BB,HJ,CO,THREE_BET,63s,100,0,0,NONE,1
100BB,HJ,CO,THREE_BET,62s,100,0,0,NONE,1
100BB,HJ,CO,THREE_BET,54s,0,100,0,NONE,1
100BB,HJ,CO,THREE_BET,53s,100,0,0,NONE,1
100BB,HJ,CO,THREE_BET,52s,100,0,0,NONE,1
100BB,HJ,CO,THREE_BET,43s,100,0,0,NONE,1
100BB,HJ,CO,THREE_BET,42s,100,0,0,NONE,1
100BB,HJ,CO,THREE_BET,32s,100,0,0,NONE,1
100BB,HJ,CO,THREE_BET,AKo,0,28,72,3,1
100BB,HJ,CO,THREE_BET,AQo,0,35,65,3,1
100BB,HJ,CO,THREE_BET,AJo,100,0,0,NONE,1
100BB,HJ,CO,THREE_BET,ATo,100,0,0,NONE,1
100BB,HJ,CO,THREE_BET,A9o,100,0,0,NONE,1
100BB,HJ,CO,THREE_BET,A8o,100,0,0,NONE,1
100BB,HJ,CO,THREE_BET,A7o,100,0,0,NONE,1
100BB,HJ,CO,THREE_BET,A6o,100,0,0,NONE,1
100BB,HJ,CO,THREE_BET,A5o,100,0,0,NONE,1
100BB,HJ,CO,THREE_BET,A4o,100,0,0,NONE,1
100BB,HJ,CO,THREE_BET,A3o,100,0,0,NONE,1
100BB,HJ,CO,THREE_BET,A2o,100,0,0,NONE,1
100BB,HJ,CO,THREE_BET,KQo,83,13,4,3,1
100BB,HJ,CO,THREE_BET,KJo,100,0,0,NONE,1
100BB,HJ,CO,THREE_BET,KTo,100,0,0,NONE,1
100BB,HJ,CO,THREE_BET,K9o,100,0,0,NONE,1
100BB,HJ,CO,THREE_BET,K8o,100,0,0,NONE,1
100BB,HJ,CO,THREE_BET,K7o,100,0,0,NONE,1
100BB,HJ,CO,THREE_BET,K6o,100,0,0,NONE,1
100BB,HJ,CO,THREE_BET,K5o,100,0,0,NONE,1
100BB,HJ,CO,THREE_BET,K4o,100,0,0,NONE,1
100BB,HJ,CO,THREE_BET,K3o,100,0,0,NONE,1
100BB,HJ,CO,THREE_BET,K2o,100,0,0,NONE,1
100BB,HJ,CO,THREE_BET,QJo,100,0,0,NONE,1
100BB,HJ,CO,THREE_BET,QTo,100,0,0,NONE,1
100BB,HJ,CO,THREE_BET,Q9o,100,0,0,NONE,1
100BB,HJ,CO,THREE_BET,Q8o,100,0,0,NONE,1
100BB,HJ,CO,THREE_BET,Q7o,100,0,0,NONE,1
100BB,HJ,CO,THREE_BET,Q6o,100,0,0,NONE,1
100BB,HJ,CO,THREE_BET,Q5o,100,0,0,NONE,1
100BB,HJ,CO,THREE_BET,Q4o,100,0,0,NONE,1
100BB,HJ,CO,THREE_BET,Q3o,100,0,0,NONE,1
100BB,HJ,CO,THREE_BET,Q2o,100,0,0,NONE,1
100BB,HJ,CO,THREE_BET,JTo,100,0,0,NONE,1
100BB,HJ,CO,THREE_BET,J9o,100,0,0,NONE,1
100BB,HJ,CO,THREE_BET,J8o,100,0,0,NONE,1
100BB,HJ,CO,THREE_BET,J7o,100,0,0,NONE,1
100BB,HJ,CO,THREE_BET,J6o,100,0,0,NONE,1
100BB,HJ,CO,THREE_BET,J5o,100,0,0,NONE,1
100BB,HJ,CO,THREE_BET,J4o,100,0,0,NONE,1
100BB,HJ,CO,THREE_BET,J3o,100,0,0,NONE,1
100BB,HJ,CO,THREE_BET,J2o,100,0,0,NONE,1
100BB,HJ,CO,THREE_BET,T9o,100,0,0,NONE,1
100BB,HJ,CO,THREE_BET,T8o,100,0,0,NONE,1
100BB,HJ,CO,THREE_BET,T7o,100,0,0,NONE,1
100BB,HJ,CO,THREE_BET,T6o,100,0,0,NONE,1
100BB,HJ,CO,THREE_BET,T5o,100,0,0,NONE,1
100BB,HJ,CO,THREE_BET,T4o,100,0,0,NONE,1
100BB,HJ,CO,THREE_BET,T3o,100,0,0,NONE,1
100BB,HJ,CO,THREE_BET,T2o,100,0,0,NONE,1
100BB,HJ,CO,THREE_BET,98o,100,0,0,NONE,1
100BB,HJ,CO,THREE_BET,97o,100,0,0,NONE,1
100BB,HJ,CO,THREE_BET,96o,100,0,0,NONE,1
100BB,HJ,CO,THREE_BET,95o,100,0,0,NONE,1
100BB,HJ,CO,THREE_BET,94o,100,0,0,NONE,1
100BB,HJ,CO,THREE_BET,93o,100,0,0,NONE,1
100BB,HJ,CO,THREE_BET,92o,100,0,0,NONE,1
100BB,HJ,CO,THREE_BET,87o,100,0,0,NONE,1
100BB,HJ,CO,THREE_BET,86o,100,0,0,NONE,1
100BB,HJ,CO,THREE_BET,85o,100,0,0,NONE,1
100BB,HJ,CO,THREE_BET,84o,100,0,0,NONE,1
100BB,HJ,CO,THREE_BET,83o,100,0,0,NONE,1
100BB,HJ,CO,THREE_BET,82o,100,0,0,NONE,1
100BB,HJ,CO,THREE_BET,76o,100,0,0,NONE,1
100BB,HJ,CO,THREE_BET,75o,100,0,0,NONE,1
100BB,HJ,CO,THREE_BET,74o,100,0,0,NONE,1
100BB,HJ,CO,THREE_BET,73o,100,0,0,NONE,1
100BB,HJ,CO,THREE_BET,72o,100,0,0,NONE,1
100BB,HJ,CO,THREE_BET,65o,100,0,0,NONE,1
100BB,HJ,CO,THREE_BET,64o,100,0,0,NONE,1
100BB,HJ,CO,THREE_BET,63o,100,0,0,NONE,1
100BB,HJ,CO,THREE_BET,62o,100,0,0,NONE,1
100BB,HJ,CO,THREE_BET,54o,100,0,0,NONE,1
100BB,HJ,CO,THREE_BET,53o,100,0,0,NONE,1
100BB,HJ,CO,THREE_BET,52o,100,0,0,NONE,1
100BB,HJ,CO,THREE_BET,43o,100,0,0,NONE,1
100BB,HJ,CO,THREE_BET,42o,100,0,0,NONE,1
100BB,HJ,CO,THREE_BET,32o,100,0,0,NONE,1
100BB,HJ,BTN,UNOPENED,AA,0,0,0,NONE,0
100BB,HJ,BTN,UNOPENED,KK,0,0,0,NONE,0
100BB,HJ,BTN,UNOPENED,QQ,0,0,0,NONE,0
100BB,HJ,BTN,UNOPENED,JJ,0,0,0,NONE,0
100BB,HJ,BTN,UNOPENED,TT,0,0,0,NONE,0
100BB,HJ,BTN,UNOPENED,99,0,0,0,NONE,0
100BB,HJ,BTN,UNOPENED,88,0,0,0,NONE,0
100BB,HJ,BTN,UNOPENED,77,0,0,0,NONE,0
100BB,HJ,BTN,UNOPENED,66,0,0,0,NONE,0
100BB,HJ,BTN,UNOPENED,55,0,0,0,NONE,0
100BB,HJ,BTN,UNOPENED,44,0,0,0,NONE,0
100BB,HJ,BTN,UNOPENED,33,0,0,0,NONE,0
100BB,HJ,BTN,UNOPENED,22,0,0,0,NONE,0
100BB,HJ,BTN,UNOPENED,AKs,0,0,0,NONE,0
100BB,HJ,BTN,UNOPENED,AQs,0,0,0,NONE,0
100BB,HJ,BTN,UNOPENED,AJs,0,0,0,NONE,0
100BB,HJ,BTN,UNOPENED,ATs,0,0,0,NONE,0
100BB,HJ,BTN,UNOPENED,A9s,0,0,0,NONE,0
100BB,HJ,BTN,UNOPENED,A8s,0,0,0,NONE,0
100BB,HJ,BTN,UNOPENED,A7s,0,0,0,NONE,0
100BB,HJ,BTN,UNOPENED,A6s,0,0,0,NONE,0
100BB,HJ,BTN,UNOPENED,A5s,0,0,0,NONE,0
100BB,HJ,BTN,UNOPENED,A4s,0,0,0,NONE,0
100BB,HJ,BTN,UNOPENED,A3s,0,0,0,NONE,0
100BB,HJ,BTN,UNOPENED,A2s,0,0,0,NONE,0
100BB,HJ,BTN,UNOPENED,KQs,0,0,0,NONE,0
100BB,HJ,BTN,UNOPENED,KJs,0,0,0,NONE,0
100BB,HJ,BTN,UNOPENED,KTs,0,0,0,NONE,0
100BB,HJ,BTN,UNOPENED,K9s,0,0,0,NONE,0
100BB,HJ,BTN,UNOPENED,K8s,0,0,0,NONE,0
100BB,HJ,BTN,UNOPENED,K7s,0,0,0,NONE,0
100BB,HJ,BTN,UNOPENED,K6s,0,0,0,NONE,0
100BB,HJ,BTN,UNOPENED,K5s,0,0,0,NONE,0
100BB,HJ,BTN,UNOPENED,K4s,0,0,0,NONE,0
100BB,HJ,BTN,UNOPENED,K3s,0,0,0,NONE,0
100BB,HJ,BTN,UNOPENED,K2s,0,0,0,NONE,0
100BB,HJ,BTN,UNOPENED,QJs,0,0,0,NONE,0
100BB,HJ,BTN,UNOPENED,QTs,0,0,0,NONE,0
100BB,HJ,BTN,UNOPENED,Q9s,0,0,0,NONE,0
100BB,HJ,BTN,UNOPENED,Q8s,0,0,0,NONE,0
100BB,HJ,BTN,UNOPENED,Q7s,0,0,0,NONE,0
100BB,HJ,BTN,UNOPENED,Q6s,0,0,0,NONE,0
100BB,HJ,BTN,UNOPENED,Q5s,0,0,0,NONE,0
100BB,HJ,BTN,UNOPENED,Q4s,0,0,0,NONE,0
100BB,HJ,BTN,UNOPENED,Q3s,0,0,0,NONE,0
100BB,HJ,BTN,UNOPENED,Q2s,0,0,0,NONE,0
100BB,HJ,BTN,UNOPENED,JTs,0,0,0,NONE,0
100BB,HJ,BTN,UNOPENED,J9s,0,0,0,NONE,0
100BB,HJ,BTN,UNOPENED,J8s,0,0,0,NONE,0
100BB,HJ,BTN,UNOPENED,J7s,0,0,0,NONE,0
100BB,HJ,BTN,UNOPENED,J6s,0,0,0,NONE,0
100BB,HJ,BTN,UNOPENED,J5s,0,0,0,NONE,0
100BB,HJ,BTN,UNOPENED,J4s,0,0,0,NONE,0
100BB,HJ,BTN,UNOPENED,J3s,0,0,0,NONE,0
100BB,HJ,BTN,UNOPENED,J2s,0,0,0,NONE,0
100BB,HJ,BTN,UNOPENED,T9s,0,0,0,NONE,0
100BB,HJ,BTN,UNOPENED,T8s,0,0,0,NONE,0
100BB,HJ,BTN,UNOPENED,T7s,0,0,0,NONE,0
100BB,HJ,BTN,UNOPENED,T6s,0,0,0,NONE,0
100BB,HJ,BTN,UNOPENED,T5s,0,0,0,NONE,0
100BB,HJ,BTN,UNOPENED,T4s,0,0,0,NONE,0
100BB,HJ,BTN,UNOPENED,T3s,0,0,0,NONE,0
100BB,HJ,BTN,UNOPENED,T2s,0,0,0,NONE,0
100BB,HJ,BTN,UNOPENED,98s,0,0,0,NONE,0
100BB,HJ,BTN,UNOPENED,97s,0,0,0,NONE,0
100BB,HJ,BTN,UNOPENED,96s,0,0,0,NONE,0
100BB,HJ,BTN,UNOPENED,95s,0,0,0,NONE,0
100BB,HJ,BTN,UNOPENED,94s,0,0,0,NONE,0
100BB,HJ,BTN,UNOPENED,93s,0,0,0,NONE,0
100BB,HJ,BTN,UNOPENED,92s,0,0,0,NONE,0
100BB,HJ,BTN,UNOPENED,87s,0,0,0,NONE,0
100BB,HJ,BTN,UNOPENED,86s,0,0,0,NONE,0
100BB,HJ,BTN,UNOPENED,85s,0,0,0,NONE,0
100BB,HJ,BTN,UNOPENED,84s,0,0,0,NONE,0
100BB,HJ,BTN,UNOPENED,83s,0,0,0,NONE,0
100BB,HJ,BTN,UNOPENED,82s,0,0,0,NONE,0
100BB,HJ,BTN,UNOPENED,76s,0,0,0,NONE,0
100BB,HJ,BTN,UNOPENED,75s,0,0,0,NONE,0
100BB,HJ,BTN,UNOPENED,74s,0,0,0,NONE,0
100BB,HJ,BTN,UNOPENED,73s,0,0,0,NONE,0
100BB,HJ,BTN,UNOPENED,72s,0,0,0,NONE,0
100BB,HJ,BTN,UNOPENED,65s,0,0,0,NONE,0
100BB,HJ,BTN,UNOPENED,64s,0,0,0,NONE,0
100BB,HJ,BTN,UNOPENED,63s,0,0,0,NONE,0
100BB,HJ,BTN,UNOPENED,62s,0,0,0,NONE,0
100BB,HJ,BTN,UNOPENED,54s,0,0,0,NONE,0
100BB,HJ,BTN,UNOPENED,53s,0,0,0,NONE,0
100BB,HJ,BTN,UNOPENED,52s,0,0,0,NONE,0
100BB,HJ,BTN,UNOPENED,43s,0,0,0,NONE,0
100BB,HJ,BTN,UNOPENED,42s,0,0,0,NONE,0
100BB,HJ,BTN,UNOPENED,32s,0,0,0,NONE,0
100BB,HJ,BTN,UNOPENED,AKo,0,0,0,NONE,0
100BB,HJ,BTN,UNOPENED,AQo,0,0,0,NONE,0
100BB,HJ,BTN,UNOPENED,AJo,0,0,0,NONE,0
100BB,HJ,BTN,UNOPENED,ATo,0,0,0,NONE,0
100BB,HJ,BTN,UNOPENED,A9o,0,0,0,NONE,0
100BB,HJ,BTN,UNOPENED,A8o,0,0,0,NONE,0
100BB,HJ,BTN,UNOPENED,A7o,0,0,0,NONE,0
100BB,HJ,BTN,UNOPENED,A6o,0,0,0,NONE,0
100BB,HJ,BTN,UNOPENED,A5o,0,0,0,NONE,0
100BB,HJ,BTN,UNOPENED,A4o,0,0,0,NONE,0
100BB,HJ,BTN,UNOPENED,A3o,0,0,0,NONE,0
100BB,HJ,BTN,UNOPENED,A2o,0,0,0,NONE,0
100BB,HJ,BTN,UNOPENED,KQo,0,0,0,NONE,0
100BB,HJ,BTN,UNOPENED,KJo,0,0,0,NONE,0
100BB,HJ,BTN,UNOPENED,KTo,0,0,0,NONE,0
100BB,HJ,BTN,UNOPENED,K9o,0,0,0,NONE,0
100BB,HJ,BTN,UNOPENED,K8o,0,0,0,NONE,0
100BB,HJ,BTN,UNOPENED,K7o,0,0,0,NONE,0
100BB,HJ,BTN,UNOPENED,K6o,0,0,0,NONE,0
100BB,HJ,BTN,UNOPENED,K5o,0,0,0,NONE,0
100BB,HJ,BTN,UNOPENED,K4o,0,0,0,NONE,0
100BB,HJ,BTN,UNOPENED,K3o,0,0,0,NONE,0
100BB,HJ,BTN,UNOPENED,K2o,0,0,0,NONE,0
100BB,HJ,BTN,UNOPENED,QJo,0,0,0,NONE,0
100BB,HJ,BTN,UNOPENED,QTo,0,0,0,NONE,0
100BB,HJ,BTN,UNOPENED,Q9o,0,0,0,NONE,0
100BB,HJ,BTN,UNOPENED,Q8o,0,0,0,NONE,0
100BB,HJ,BTN,UNOPENED,Q7o,0,0,0,NONE,0
100BB,HJ,BTN,UNOPENED,Q6o,0,0,0,NONE,0
100BB,HJ,BTN,UNOPENED,Q5o,0,0,0,NONE,0
100BB,HJ,BTN,UNOPENED,Q4o,0,0,0,NONE,0
100BB,HJ,BTN,UNOPENED,Q3o,0,0,0,NONE,0
100BB,HJ,BTN,UNOPENED,Q2o,0,0,0,NONE,0
100BB,HJ,BTN,UNOPENED,JTo,0,0,0,NONE,0
100BB,HJ,BTN,UNOPENED,J9o,0,0,0,NONE,0
100BB,HJ,BTN,UNOPENED,J8o,0,0,0,NONE,0
100BB,HJ,BTN,UNOPENED,J7o,0,0,0,NONE,0
100BB,HJ,BTN,UNOPENED,J6o,0,0,0,NONE,0
100BB,HJ,BTN,UNOPENED,J5o,0,0,0,NONE,0
100BB,HJ,BTN,UNOPENED,J4o,0,0,0,NONE,0
100BB,HJ,BTN,UNOPENED,J3o,0,0,0,NONE,0
100BB,HJ,BTN,UNOPENED,J2o,0,0,0,NONE,0
100BB,HJ,BTN,UNOPENED,T9o,0,0,0,NONE,0
100BB,HJ,BTN,UNOPENED,T8o,0,0,0,NONE,0
100BB,HJ,BTN,UNOPENED,T7o,0,0,0,NONE,0
100BB,HJ,BTN,UNOPENED,T6o,0,0,0,NONE,0
100BB,HJ,BTN,UNOPENED,T5o,0,0,0,NONE,0
100BB,HJ,BTN,UNOPENED,T4o,0,0,0,NONE,0
100BB,HJ,BTN,UNOPENED,T3o,0,0,0,NONE,0
100BB,HJ,BTN,UNOPENED,T2o,0,0,0,NONE,0
100BB,HJ,BTN,UNOPENED,98o,0,0,0,NONE,0
100BB,HJ,BTN,UNOPENED,97o,0,0,0,NONE,0
100BB,HJ,BTN,UNOPENED,96o,0,0,0,NONE,0
100BB,HJ,BTN,UNOPENED,95o,0,0,0,NONE,0
100BB,HJ,BTN,UNOPENED,94o,0,0,0,NONE,0
100BB,HJ,BTN,UNOPENED,93o,0,0,0,NONE,0
100BB,HJ,BTN,UNOPENED,92o,0,0,0,NONE,0
100BB,HJ,BTN,UNOPENED,87o,0,0,0,NONE,0
100BB,HJ,BTN,UNOPENED,86o,0,0,0,NONE,0
100BB,HJ,BTN,UNOPENED,85o,0,0,0,NONE,0
100BB,HJ,BTN,UNOPENED,84o,0,0,0,NONE,0
100BB,HJ,BTN,UNOPENED,83o,0,0,0,NONE,0
100BB,HJ,BTN,UNOPENED,82o,0,0,0,NONE,0
100BB,HJ,BTN,UNOPENED,76o,0,0,0,NONE,0
100BB,HJ,BTN,UNOPENED,75o,0,0,0,NONE,0
100BB,HJ,BTN,UNOPENED,74o,0,0,0,NONE,0
100BB,HJ,BTN,UNOPENED,73o,0,0,0,NONE,0
100BB,HJ,BTN,UNOPENED,72o,0,0,0,NONE,0
100BB,HJ,BTN,UNOPENED,65o,0,0,0,NONE,0
100BB,HJ,BTN,UNOPENED,64o,0,0,0,NONE,0
100BB,HJ,BTN,UNOPENED,63o,0,0,0,NONE,0
100BB,HJ,BTN,UNOPENED,62o,0,0,0,NONE,0
100BB,HJ,BTN,UNOPENED,54o,0,0,0,NONE,0
100BB,HJ,BTN,UNOPENED,53o,0,0,0,NONE,0
100BB,HJ,BTN,UNOPENED,52o,0,0,0,NONE,0
100BB,HJ,BTN,UNOPENED,43o,0,0,0,NONE,0
100BB,HJ,BTN,UNOPENED,42o,0,0,0,NONE,0
100BB,HJ,BTN,UNOPENED,32o,0,0,0,NONE,0
100BB,HJ,BTN,ONE_RAISE,AA,0,0,0,NONE,0
100BB,HJ,BTN,ONE_RAISE,KK,0,0,0,NONE,0
100BB,HJ,BTN,ONE_RAISE,QQ,0,0,0,NONE,0
100BB,HJ,BTN,ONE_RAISE,JJ,0,0,0,NONE,0
100BB,HJ,BTN,ONE_RAISE,TT,0,0,0,NONE,0
100BB,HJ,BTN,ONE_RAISE,99,0,0,0,NONE,0
100BB,HJ,BTN,ONE_RAISE,88,0,0,0,NONE,0
100BB,HJ,BTN,ONE_RAISE,77,0,0,0,NONE,0
100BB,HJ,BTN,ONE_RAISE,66,0,0,0,NONE,0
100BB,HJ,BTN,ONE_RAISE,55,0,0,0,NONE,0
100BB,HJ,BTN,ONE_RAISE,44,0,0,0,NONE,0
100BB,HJ,BTN,ONE_RAISE,33,0,0,0,NONE,0
100BB,HJ,BTN,ONE_RAISE,22,0,0,0,NONE,0
100BB,HJ,BTN,ONE_RAISE,AKs,0,0,0,NONE,0
100BB,HJ,BTN,ONE_RAISE,AQs,0,0,0,NONE,0
100BB,HJ,BTN,ONE_RAISE,AJs,0,0,0,NONE,0
100BB,HJ,BTN,ONE_RAISE,ATs,0,0,0,NONE,0
100BB,HJ,BTN,ONE_RAISE,A9s,0,0,0,NONE,0
100BB,HJ,BTN,ONE_RAISE,A8s,0,0,0,NONE,0
100BB,HJ,BTN,ONE_RAISE,A7s,0,0,0,NONE,0
100BB,HJ,BTN,ONE_RAISE,A6s,0,0,0,NONE,0
100BB,HJ,BTN,ONE_RAISE,A5s,0,0,0,NONE,0
100BB,HJ,BTN,ONE_RAISE,A4s,0,0,0,NONE,0
100BB,HJ,BTN,ONE_RAISE,A3s,0,0,0,NONE,0
100BB,HJ,BTN,ONE_RAISE,A2s,0,0,0,NONE,0
100BB,HJ,BTN,ONE_RAISE,KQs,0,0,0,NONE,0
100BB,HJ,BTN,ONE_RAISE,KJs,0,0,0,NONE,0
100BB,HJ,BTN,ONE_RAISE,KTs,0,0,0,NONE,0
100BB,HJ,BTN,ONE_RAISE,K9s,0,0,0,NONE,0
100BB,HJ,BTN,ONE_RAISE,K8s,0,0,0,NONE,0
100BB,HJ,BTN,ONE_RAISE,K7s,0,0,0,NONE,0
100BB,HJ,BTN,ONE_RAISE,K6s,0,0,0,NONE,0
100BB,HJ,BTN,ONE_RAISE,K5s,0,0,0,NONE,0
100BB,HJ,BTN,ONE_RAISE,K4s,0,0,0,NONE,0
100BB,HJ,BTN,ONE_RAISE,K3s,0,0,0,NONE,0
100BB,HJ,BTN,ONE_RAISE,K2s,0,0,0,NONE,0
100BB,HJ,BTN,ONE_RAISE,QJs,0,0,0,NONE,0
100BB,HJ,BTN,ONE_RAISE,QTs,0,0,0,NONE,0
100BB,HJ,BTN,ONE_RAISE,Q9s,0,0,0,NONE,0
100BB,HJ,BTN,ONE_RAISE,Q8s,0,0,0,NONE,0
100BB,HJ,BTN,ONE_RAISE,Q7s,0,0,0,NONE,0
100BB,HJ,BTN,ONE_RAISE,Q6s,0,0,0,NONE,0
100BB,HJ,BTN,ONE_RAISE,Q5s,0,0,0,NONE,0
100BB,HJ,BTN,ONE_RAISE,Q4s,0,0,0,NONE,0
100BB,HJ,BTN,ONE_RAISE,Q3s,0,0,0,NONE,0
100BB,HJ,BTN,ONE_RAISE,Q2s,0,0,0,NONE,0
100BB,HJ,BTN,ONE_RAISE,JTs,0,0,0,NONE,0
100BB,HJ,BTN,ONE_RAISE,J9s,0,0,0,NONE,0
100BB,HJ,BTN,ONE_RAISE,J8s,0,0,0,NONE,0
100BB,HJ,BTN,ONE_RAISE,J7s,0,0,0,NONE,0
100BB,HJ,BTN,ONE_RAISE,J6s,0,0,0,NONE,0
100BB,HJ,BTN,ONE_RAISE,J5s,0,0,0,NONE,0
100BB,HJ,BTN,ONE_RAISE,J4s,0,0,0,NONE,0
100BB,HJ,BTN,ONE_RAISE,J3s,0,0,0,NONE,0
100BB,HJ,BTN,ONE_RAISE,J2s,0,0,0,NONE,0
100BB,HJ,BTN,ONE_RAISE,T9s,0,0,0,NONE,0
100BB,HJ,BTN,ONE_RAISE,T8s,0,0,0,NONE,0
100BB,HJ,BTN,ONE_RAISE,T7s,0,0,0,NONE,0
100BB,HJ,BTN,ONE_RAISE,T6s,0,0,0,NONE,0
100BB,HJ,BTN,ONE_RAISE,T5s,0,0,0,NONE,0
100BB,HJ,BTN,ONE_RAISE,T4s,0,0,0,NONE,0
100BB,HJ,BTN,ONE_RAISE,T3s,0,0,0,NONE,0
100BB,HJ,BTN,ONE_RAISE,T2s,0,0,0,NONE,0
100BB,HJ,BTN,ONE_RAISE,98s,0,0,0,NONE,0
100BB,HJ,BTN,ONE_RAISE,97s,0,0,0,NONE,0
100BB,HJ,BTN,ONE_RAISE,96s,0,0,0,NONE,0
100BB,HJ,BTN,ONE_RAISE,95s,0,0,0,NONE,0
100BB,HJ,BTN,ONE_RAISE,94s,0,0,0,NONE,0
100BB,HJ,BTN,ONE_RAISE,93s,0,0,0,NONE,0
100BB,HJ,BTN,ONE_RAISE,92s,0,0,0,NONE,0
100BB,HJ,BTN,ONE_RAISE,87s,0,0,0,NONE,0
100BB,HJ,BTN,ONE_RAISE,86s,0,0,0,NONE,0
100BB,HJ,BTN,ONE_RAISE,85s,0,0,0,NONE,0
100BB,HJ,BTN,ONE_RAISE,84s,0,0,0,NONE,0
100BB,HJ,BTN,ONE_RAISE,83s,0,0,0,NONE,0
100BB,HJ,BTN,ONE_RAISE,82s,0,0,0,NONE,0
100BB,HJ,BTN,ONE_RAISE,76s,0,0,0,NONE,0
100BB,HJ,BTN,ONE_RAISE,75s,0,0,0,NONE,0
100BB,HJ,BTN,ONE_RAISE,74s,0,0,0,NONE,0
100BB,HJ,BTN,ONE_RAISE,73s,0,0,0,NONE,0
100BB,HJ,BTN,ONE_RAISE,72s,0,0,0,NONE,0
100BB,HJ,BTN,ONE_RAISE,65s,0,0,0,NONE,0
100BB,HJ,BTN,ONE_RAISE,64s,0,0,0,NONE,0
100BB,HJ,BTN,ONE_RAISE,63s,0,0,0,NONE,0
100BB,HJ,BTN,ONE_RAISE,62s,0,0,0,NONE,0
100BB,HJ,BTN,ONE_RAISE,54s,0,0,0,NONE,0
100BB,HJ,BTN,ONE_RAISE,53s,0,0,0,NONE,0
100BB,HJ,BTN,ONE_RAISE,52s,0,0,0,NONE,0
100BB,HJ,BTN,ONE_RAISE,43s,0,0,0,NONE,0
100BB,HJ,BTN,ONE_RAISE,42s,0,0,0,NONE,0
100BB,HJ,BTN,ONE_RAISE,32s,0,0,0,NONE,0
100BB,HJ,BTN,ONE_RAISE,AKo,0,0,0,NONE,0
100BB,HJ,BTN,ONE_RAISE,AQo,0,0,0,NONE,0
100BB,HJ,BTN,ONE_RAISE,AJo,0,0,0,NONE,0
100BB,HJ,BTN,ONE_RAISE,ATo,0,0,0,NONE,0
100BB,HJ,BTN,ONE_RAISE,A9o,0,0,0,NONE,0
100BB,HJ,BTN,ONE_RAISE,A8o,0,0,0,NONE,0
100BB,HJ,BTN,ONE_RAISE,A7o,0,0,0,NONE,0
100BB,HJ,BTN,ONE_RAISE,A6o,0,0,0,NONE,0
100BB,HJ,BTN,ONE_RAISE,A5o,0,0,0,NONE,0
100BB,HJ,BTN,ONE_RAISE,A4o,0,0,0,NONE,0
100BB,HJ,BTN,ONE_RAISE,A3o,0,0,0,NONE,0
100BB,HJ,BTN,ONE_RAISE,A2o,0,0,0,NONE,0
100BB,HJ,BTN,ONE_RAISE,KQo,0,0,0,NONE,0
100BB,HJ,BTN,ONE_RAISE,KJo,0,0,0,NONE,0
100BB,HJ,BTN,ONE_RAISE,KTo,0,0,0,NONE,0
100BB,HJ,BTN,ONE_RAISE,K9o,0,0,0,NONE,0
100BB,HJ,BTN,ONE_RAISE,K8o,0,0,0,NONE,0
100BB,HJ,BTN,ONE_RAISE,K7o,0,0,0,NONE,0
100BB,HJ,BTN,ONE_RAISE,K6o,0,0,0,NONE,0
100BB,HJ,BTN,ONE_RAISE,K5o,0,0,0,NONE,0
100BB,HJ,BTN,ONE_RAISE,K4o,0,0,0,NONE,0
100BB,HJ,BTN,ONE_RAISE,K3o,0,0,0,NONE,0
100BB,HJ,BTN,ONE_RAISE,K2o,0,0,0,NONE,0
100BB,HJ,BTN,ONE_RAISE,QJo,0,0,0,NONE,0
100BB,HJ,BTN,ONE_RAISE,QTo,0,0,0,NONE,0
100BB,HJ,BTN,ONE_RAISE,Q9o,0,0,0,NONE,0
100BB,HJ,BTN,ONE_RAISE,Q8o,0,0,0,NONE,0
100BB,HJ,BTN,ONE_RAISE,Q7o,0,0,0,NONE,0
100BB,HJ,BTN,ONE_RAISE,Q6o,0,0,0,NONE,0
100BB,HJ,BTN,ONE_RAISE,Q5o,0,0,0,NONE,0
100BB,HJ,BTN,ONE_RAISE,Q4o,0,0,0,NONE,0
100BB,HJ,BTN,ONE_RAISE,Q3o,0,0,0,NONE,0
100BB,HJ,BTN,ONE_RAISE,Q2o,0,0,0,NONE,0
100BB,HJ,BTN,ONE_RAISE,JTo,0,0,0,NONE,0
100BB,HJ,BTN,ONE_RAISE,J9o,0,0,0,NONE,0
100BB,HJ,BTN,ONE_RAISE,J8o,0,0,0,NONE,0
100BB,HJ,BTN,ONE_RAISE,J7o,0,0,0,NONE,0
100BB,HJ,BTN,ONE_RAISE,J6o,0,0,0,NONE,0
100BB,HJ,BTN,ONE_RAISE,J5o,0,0,0,NONE,0
100BB,HJ,BTN,ONE_RAISE,J4o,0,0,0,NONE,0
100BB,HJ,BTN,ONE_RAISE,J3o,0,0,0,NONE,0
100BB,HJ,BTN,ONE_RAISE,J2o,0,0,0,NONE,0
100BB,HJ,BTN,ONE_RAISE,T9o,0,0,0,NONE,0
100BB,HJ,BTN,ONE_RAISE,T8o,0,0,0,NONE,0
100BB,HJ,BTN,ONE_RAISE,T7o,0,0,0,NONE,0
100BB,HJ,BTN,ONE_RAISE,T6o,0,0,0,NONE,0
100BB,HJ,BTN,ONE_RAISE,T5o,0,0,0,NONE,0
100BB,HJ,BTN,ONE_RAISE,T4o,0,0,0,NONE,0
100BB,HJ,BTN,ONE_RAISE,T3o,0,0,0,NONE,0
100BB,HJ,BTN,ONE_RAISE,T2o,0,0,0,NONE,0
100BB,HJ,BTN,ONE_RAISE,98o,0,0,0,NONE,0
100BB,HJ,BTN,ONE_RAISE,97o,0,0,0,NONE,0
100BB,HJ,BTN,ONE_RAISE,96o,0,0,0,NONE,0
100BB,HJ,BTN,ONE_RAISE,95o,0,0,0,NONE,0
100BB,HJ,BTN,ONE_RAISE,94o,0,0,0,NONE,0
100BB,HJ,BTN,ONE_RAISE,93o,0,0,0,NONE,0
100BB,HJ,BTN,ONE_RAISE,92o,0,0,0,NONE,0
100BB,HJ,BTN,ONE_RAISE,87o,0,0,0,NONE,0
100BB,HJ,BTN,ONE_RAISE,86o,0,0,0,NONE,0
100BB,HJ,BTN,ONE_RAISE,85o,0,0,0,NONE,0
100BB,HJ,BTN,ONE_RAISE,84o,0,0,0,NONE,0
100BB,HJ,BTN,ONE_RAISE,83o,0,0,0,NONE,0
100BB,HJ,BTN,ONE_RAISE,82o,0,0,0,NONE,0
100BB,HJ,BTN,ONE_RAISE,76o,0,0,0,NONE,0
100BB,HJ,BTN,ONE_RAISE,75o,0,0,0,NONE,0
100BB,HJ,BTN,ONE_RAISE,74o,0,0,0,NONE,0
100BB,HJ,BTN,ONE_RAISE,73o,0,0,0,NONE,0
100BB,HJ,BTN,ONE_RAISE,72o,0,0,0,NONE,0
100BB,HJ,BTN,ONE_RAISE,65o,0,0,0,NONE,0
100BB,HJ,BTN,ONE_RAISE,64o,0,0,0,NONE,0
100BB,HJ,BTN,ONE_RAISE,63o,0,0,0,NONE,0
100BB,HJ,BTN,ONE_RAISE,62o,0,0,0,NONE,0
100BB,HJ,BTN,ONE_RAISE,54o,0,0,0,NONE,0
100BB,HJ,BTN,ONE_RAISE,53o,0,0,0,NONE,0
100BB,HJ,BTN,ONE_RAISE,52o,0,0,0,NONE,0
100BB,HJ,BTN,ONE_RAISE,43o,0,0,0,NONE,0
100BB,HJ,BTN,ONE_RAISE,42o,0,0,0,NONE,0
100BB,HJ,BTN,ONE_RAISE,32o,0,0,0,NONE,0
100BB,HJ,BTN,THREE_BET,AA,0,0,100,3,1
100BB,HJ,BTN,THREE_BET,KK,0,0,100,3,1
100BB,HJ,BTN,THREE_BET,QQ,0,22,78,3,1
100BB,HJ,BTN,THREE_BET,JJ,0,66,34,3,1
100BB,HJ,BTN,THREE_BET,TT,0,69,31,3,1
100BB,HJ,BTN,THREE_BET,99,0,90,10,3,1
100BB,HJ,BTN,THREE_BET,88,0,90,10,3,1
100BB,HJ,BTN,THREE_BET,77,0,94,6,3,1
100BB,HJ,BTN,THREE_BET,66,0,97,3,3,1
100BB,HJ,BTN,THREE_BET,55,0,100,0,NONE,1
100BB,HJ,BTN,THREE_BET,44,0,100,0,NONE,1
100BB,HJ,BTN,THREE_BET,33,0,100,0,NONE,1
100BB,HJ,BTN,THREE_BET,22,0,100,0,NONE,1
100BB,HJ,BTN,THREE_BET,AKs,0,0,100,3,1
100BB,HJ,BTN,THREE_BET,AQs,0,100,0,NONE,1
100BB,HJ,BTN,THREE_BET,AJs,0,100,0,NONE,1
100BB,HJ,BTN,THREE_BET,ATs,0,97,3,3,1
100BB,HJ,BTN,THREE_BET,A9s,0,83,17,3,1
100BB,HJ,BTN,THREE_BET,A8s,0,36,64,3,1
100BB,HJ,BTN,THREE_BET,A7s,0,65,34,3,1
100BB,HJ,BTN,THREE_BET,A6s,64,15,21,3,1
100BB,HJ,BTN,THREE_BET,A5s,0,52,48,3,1
100BB,HJ,BTN,THREE_BET,A4s,0,48,52,3,1
100BB,HJ,BTN,THREE_BET,A3s,3,68,29,3,1
100BB,HJ,BTN,THREE_BET,A2s,100,0,0,NONE,1
100BB,HJ,BTN,THREE_BET,KQs,0,100,0,NONE,1
100BB,HJ,BTN,THREE_BET,KJs,0,70,30,3,1
100BB,HJ,BTN,THREE_BET,KTs,0,54,46,3,1
100BB,HJ,BTN,THREE_BET,K9s,22,41,37,3,1
100BB,HJ,BTN,THREE_BET,K8s,51,49,0,NONE,1
100BB,HJ,BTN,THREE_BET,K7s,95,5,0,NONE,1
100BB,HJ,BTN,THREE_BET,K6s,100,0,0,NONE,1
100BB,HJ,BTN,THREE_BET,K5s,100,0,0,NONE,1
100BB,HJ,BTN,THREE_BET,K4s,100,0,0,NONE,1
100BB,HJ,BTN,THREE_BET,K3s,100,0,0,NONE,1
100BB,HJ,BTN,THREE_BET,K2s,100,0,0,NONE,1
100BB,HJ,BTN,THREE_BET,QJs,0,100,0,NONE,1
100BB,HJ,BTN,THREE_BET,QTs,0,100,0,NONE,1
100BB,HJ,BTN,THREE_BET,Q9s,92,8,0,NONE,1
100BB,HJ,BTN,THREE_BET,Q8s,100,0,0,NONE,1
100BB,HJ,BTN,THREE_BET,Q7s,100,0,0,NONE,1
100BB,HJ,BTN,THREE_BET,Q6s,100,0,0,NONE,1
100BB,HJ,BTN,THREE_BET,Q5s,100,0,0,NONE,1
100BB,HJ,BTN,THREE_BET,Q4s,100,0,0,NONE,1
100BB,HJ,BTN,THREE_BET,Q3s,100,0,0,NONE,1
100BB,HJ,BTN,THREE_BET,Q2s,100,0,0,NONE,1
100BB,HJ,BTN,THREE_BET,JTs,0,63,37,3,1
100BB,HJ,BTN,THREE_BET,J9s,1,80,19,3,1
100BB,HJ,BTN,THREE_BET,J8s,100,0,0,NONE,1
100BB,HJ,BTN,THREE_BET,J7s,100,0,0,NONE,1
100BB,HJ,BTN,THREE_BET,J6s,100,0,0,NONE,1
100BB,HJ,BTN,THREE_BET,J5s,100,0,0,NONE,1
100BB,HJ,BTN,THREE_BET,J4s,100,0,0,NONE,1
100BB,HJ,BTN,THREE_BET,J3s,100,0,0,NONE,1
100BB,HJ,BTN,THREE_BET,J2s,100,0,0,NONE,1
100BB,HJ,BTN,THREE_BET,T9s,0,72,28,3,1
100BB,HJ,BTN,THREE_BET,T8s,39,61,0,NONE,1
100BB,HJ,BTN,THREE_BET,T7s,100,0,0,NONE,1
100BB,HJ,BTN,THREE_BET,T6s,100,0,0,NONE,1
100BB,HJ,BTN,THREE_BET,T5s,100,0,0,NONE,1
100BB,HJ,BTN,THREE_BET,T4s,100,0,0,NONE,1
100BB,HJ,BTN,THREE_BET,T3s,100,0,0,NONE,1
100BB,HJ,BTN,THREE_BET,T2s,100,0,0,NONE,1
100BB,HJ,BTN,THREE_BET,98s,74,26,0,NONE,1
100BB,HJ,BTN,THREE_BET,97s,100,0,0,NONE,1
100BB,HJ,BTN,THREE_BET,96s,100,0,0,NONE,1
100BB,HJ,BTN,THREE_BET,95s,100,0,0,NONE,1
100BB,HJ,BTN,THREE_BET,94s,100,0,0,NONE,1
100BB,HJ,BTN,THREE_BET,93s,100,0,0,NONE,1
100BB,HJ,BTN,THREE_BET,92s,100,0,0,NONE,1
100BB,HJ,BTN,THREE_BET,87s,3,89,8,3,1
100BB,HJ,BTN,THREE_BET,86s,96,4,0,NONE,1
100BB,HJ,BTN,THREE_BET,85s,100,0,0,NONE,1
100BB,HJ,BTN,THREE_BET,84s,100,0,0,NONE,1
100BB,HJ,BTN,THREE_BET,83s,100,0,0,NONE,1
100BB,HJ,BTN,THREE_BET,82s,100,0,0,NONE,1
100BB,HJ,BTN,THREE_BET,76s,4,77,19,3,1
100BB,HJ,BTN,THREE_BET,75s,100,0,0,NONE,1
100BB,HJ,BTN,THREE_BET,74s,100,0,0,NONE,1
100BB,HJ,BTN,THREE_BET,73s,100,0,0,NONE,1
100BB,HJ,BTN,THREE_BET,72s,100,0,0,NONE,1
100BB,HJ,BTN,THREE_BET,65s,0,100,0,NONE,1
100BB,HJ,BTN,THREE_BET,64s,100,0,0,NONE,1
100BB,HJ,BTN,THREE_BET,63s,100,0,0,NONE,1
100BB,HJ,BTN,THREE_BET,62s,100,0,0,NONE,1
100BB,HJ,BTN,THREE_BET,54s,0,100,0,NONE,1
100BB,HJ,BTN,THREE_BET,53s,100,0,0,NONE,1
100BB,HJ,BTN,THREE_BET,52s,100,0,0,NONE,1
100BB,HJ,BTN,THREE_BET,43s,100,0,0,NONE,1
100BB,HJ,BTN,THREE_BET,42s,100,0,0,NONE,1
100BB,HJ,BTN,THREE_BET,32s,100,0,0,NONE,1
100BB,HJ,BTN,THREE_BET,AKo,0,14,86,3,1
100BB,HJ,BTN,THREE_BET,AQo,0,30,70,3,1
100BB,HJ,BTN,THREE_BET,AJo,83,8,9,3,1
100BB,HJ,BTN,THREE_BET,ATo,100,0,0,NONE,1
100BB,HJ,BTN,THREE_BET,A9o,100,0,0,NONE,1
100BB,HJ,BTN,THREE_BET,A8o,100,0,0,NONE,1
100BB,HJ,BTN,THREE_BET,A7o,100,0,0,NONE,1
100BB,HJ,BTN,THREE_BET,A6o,100,0,0,NONE,1
100BB,HJ,BTN,THREE_BET,A5o,100,0,0,NONE,1
100BB,HJ,BTN,THREE_BET,A4o,100,0,0,NONE,1
100BB,HJ,BTN,THREE_BET,A3o,100,0,0,NONE,1
100BB,HJ,BTN,THREE_BET,A2o,100,0,0,NONE,1
100BB,HJ,BTN,THREE_BET,KQo,43,43,14,3,1
100BB,HJ,BTN,THREE_BET,KJo,14,43,43,NONE,1
100BB,HJ,BTN,THREE_BET,KTo,100,0,0,NONE,1
100BB,HJ,BTN,THREE_BET,K9o,100,0,0,NONE,1
100BB,HJ,BTN,THREE_BET,K8o,100,0,0,NONE,1
100BB,HJ,BTN,THREE_BET,K7o,100,0,0,NONE,1
100BB,HJ,BTN,THREE_BET,K6o,100,0,0,NONE,1
100BB,HJ,BTN,THREE_BET,K5o,100,0,0,NONE,1
100BB,HJ,BTN,THREE_BET,K4o,100,0,0,NONE,1
100BB,HJ,BTN,THREE_BET,K3o,100,0,0,NONE,1
100BB,HJ,BTN,THREE_BET,K2o,100,0,0,NONE,1
100BB,HJ,BTN,THREE_BET,QJo,100,0,0,NONE,1
100BB,HJ,BTN,THREE_BET,QTo,100,0,0,NONE,1
100BB,HJ,BTN,THREE_BET,Q9o,100,0,0,NONE,1
100BB,HJ,BTN,THREE_BET,Q8o,100,0,0,NONE,1
100BB,HJ,BTN,THREE_BET,Q7o,100,0,0,NONE,1
100BB,HJ,BTN,THREE_BET,Q6o,100,0,0,NONE,1
100BB,HJ,BTN,THREE_BET,Q5o,100,0,0,NONE,1
100BB,HJ,BTN,THREE_BET,Q4o,100,0,0,NONE,1
100BB,HJ,BTN,THREE_BET,Q3o,100,0,0,NONE,1
100BB,HJ,BTN,THREE_BET,Q2o,100,0,0,NONE,1
100BB,HJ,BTN,THREE_BET,JTo,100,0,0,NONE,1
100BB,HJ,BTN,THREE_BET,J9o,100,0,0,NONE,1
100BB,HJ,BTN,THREE_BET,J8o,100,0,0,NONE,1
100BB,HJ,BTN,THREE_BET,J7o,100,0,0,NONE,1
100BB,HJ,BTN,THREE_BET,J6o,100,0,0,NONE,1
100BB,HJ,BTN,THREE_BET,J5o,100,0,0,NONE,1
100BB,HJ,BTN,THREE_BET,J4o,100,0,0,NONE,1
100BB,HJ,BTN,THREE_BET,J3o,100,0,0,NONE,1
100BB,HJ,BTN,THREE_BET,J2o,100,0,0,NONE,1
100BB,HJ,BTN,THREE_BET,T9o,100,0,0,NONE,1
100BB,HJ,BTN,THREE_BET,T8o,100,0,0,NONE,1
100BB,HJ,BTN,THREE_BET,T7o,100,0,0,NONE,1
100BB,HJ,BTN,THREE_BET,T6o,100,0,0,NONE,1
100BB,HJ,BTN,THREE_BET,T5o,100,0,0,NONE,1
100BB,HJ,BTN,THREE_BET,T4o,100,0,0,NONE,1
100BB,HJ,BTN,THREE_BET,T3o,100,0,0,NONE,1
100BB,HJ,BTN,THREE_BET,T2o,100,0,0,NONE,1
100BB,HJ,BTN,THREE_BET,98o,100,0,0,NONE,1
100BB,HJ,BTN,THREE_BET,97o,100,0,0,NONE,1
100BB,HJ,BTN,THREE_BET,96o,100,0,0,NONE,1
100BB,HJ,BTN,THREE_BET,95o,100,0,0,NONE,1
100BB,HJ,BTN,THREE_BET,94o,100,0,0,NONE,1
100BB,HJ,BTN,THREE_BET,93o,100,0,0,NONE,1
100BB,HJ,BTN,THREE_BET,92o,100,0,0,NONE,1
100BB,HJ,BTN,THREE_BET,87o,100,0,0,NONE,1
100BB,HJ,BTN,THREE_BET,86o,100,0,0,NONE,1
100BB,HJ,BTN,THREE_BET,85o,100,0,0,NONE,1
100BB,HJ,BTN,THREE_BET,84o,100,0,0,NONE,1
100BB,HJ,BTN,THREE_BET,83o,100,0,0,NONE,1
100BB,HJ,BTN,THREE_BET,82o,100,0,0,NONE,1
100BB,HJ,BTN,THREE_BET,76o,100,0,0,NONE,1
100BB,HJ,BTN,THREE_BET,75o,100,0,0,NONE,1
100BB,HJ,BTN,THREE_BET,74o,100,0,0,NONE,1
100BB,HJ,BTN,THREE_BET,73o,100,0,0,NONE,1
100BB,HJ,BTN,THREE_BET,72o,100,0,0,NONE,1
100BB,HJ,BTN,THREE_BET,65o,100,0,0,NONE,1
100BB,HJ,BTN,THREE_BET,64o,100,0,0,NONE,1
100BB,HJ,BTN,THREE_BET,63o,100,0,0,NONE,1
100BB,HJ,BTN,THREE_BET,62o,100,0,0,NONE,1
100BB,HJ,BTN,THREE_BET,54o,100,0,0,NONE,1
100BB,HJ,BTN,THREE_BET,53o,100,0,0,NONE,1
100BB,HJ,BTN,THREE_BET,52o,100,0,0,NONE,1
100BB,HJ,BTN,THREE_BET,43o,100,0,0,NONE,1
100BB,HJ,BTN,THREE_BET,42o,100,0,0,NONE,1
100BB,HJ,BTN,THREE_BET,32o,100,0,0,NONE,1
100BB,HJ,SB,UNOPENED,AA,0,0,0,NONE,0
100BB,HJ,SB,UNOPENED,KK,0,0,0,NONE,0
100BB,HJ,SB,UNOPENED,QQ,0,0,0,NONE,0
100BB,HJ,SB,UNOPENED,JJ,0,0,0,NONE,0
100BB,HJ,SB,UNOPENED,TT,0,0,0,NONE,0
100BB,HJ,SB,UNOPENED,99,0,0,0,NONE,0
100BB,HJ,SB,UNOPENED,88,0,0,0,NONE,0
100BB,HJ,SB,UNOPENED,77,0,0,0,NONE,0
100BB,HJ,SB,UNOPENED,66,0,0,0,NONE,0
100BB,HJ,SB,UNOPENED,55,0,0,0,NONE,0
100BB,HJ,SB,UNOPENED,44,0,0,0,NONE,0
100BB,HJ,SB,UNOPENED,33,0,0,0,NONE,0
100BB,HJ,SB,UNOPENED,22,0,0,0,NONE,0
100BB,HJ,SB,UNOPENED,AKs,0,0,0,NONE,0
100BB,HJ,SB,UNOPENED,AQs,0,0,0,NONE,0
100BB,HJ,SB,UNOPENED,AJs,0,0,0,NONE,0
100BB,HJ,SB,UNOPENED,ATs,0,0,0,NONE,0
100BB,HJ,SB,UNOPENED,A9s,0,0,0,NONE,0
100BB,HJ,SB,UNOPENED,A8s,0,0,0,NONE,0
100BB,HJ,SB,UNOPENED,A7s,0,0,0,NONE,0
100BB,HJ,SB,UNOPENED,A6s,0,0,0,NONE,0
100BB,HJ,SB,UNOPENED,A5s,0,0,0,NONE,0
100BB,HJ,SB,UNOPENED,A4s,0,0,0,NONE,0
100BB,HJ,SB,UNOPENED,A3s,0,0,0,NONE,0
100BB,HJ,SB,UNOPENED,A2s,0,0,0,NONE,0
100BB,HJ,SB,UNOPENED,KQs,0,0,0,NONE,0
100BB,HJ,SB,UNOPENED,KJs,0,0,0,NONE,0
100BB,HJ,SB,UNOPENED,KTs,0,0,0,NONE,0
100BB,HJ,SB,UNOPENED,K9s,0,0,0,NONE,0
100BB,HJ,SB,UNOPENED,K8s,0,0,0,NONE,0
100BB,HJ,SB,UNOPENED,K7s,0,0,0,NONE,0
100BB,HJ,SB,UNOPENED,K6s,0,0,0,NONE,0
100BB,HJ,SB,UNOPENED,K5s,0,0,0,NONE,0
100BB,HJ,SB,UNOPENED,K4s,0,0,0,NONE,0
100BB,HJ,SB,UNOPENED,K3s,0,0,0,NONE,0
100BB,HJ,SB,UNOPENED,K2s,0,0,0,NONE,0
100BB,HJ,SB,UNOPENED,QJs,0,0,0,NONE,0
100BB,HJ,SB,UNOPENED,QTs,0,0,0,NONE,0
100BB,HJ,SB,UNOPENED,Q9s,0,0,0,NONE,0
100BB,HJ,SB,UNOPENED,Q8s,0,0,0,NONE,0
100BB,HJ,SB,UNOPENED,Q7s,0,0,0,NONE,0
100BB,HJ,SB,UNOPENED,Q6s,0,0,0,NONE,0
100BB,HJ,SB,UNOPENED,Q5s,0,0,0,NONE,0
100BB,HJ,SB,UNOPENED,Q4s,0,0,0,NONE,0
100BB,HJ,SB,UNOPENED,Q3s,0,0,0,NONE,0
100BB,HJ,SB,UNOPENED,Q2s,0,0,0,NONE,0
100BB,HJ,SB,UNOPENED,JTs,0,0,0,NONE,0
100BB,HJ,SB,UNOPENED,J9s,0,0,0,NONE,0
100BB,HJ,SB,UNOPENED,J8s,0,0,0,NONE,0
100BB,HJ,SB,UNOPENED,J7s,0,0,0,NONE,0
100BB,HJ,SB,UNOPENED,J6s,0,0,0,NONE,0
100BB,HJ,SB,UNOPENED,J5s,0,0,0,NONE,0
100BB,HJ,SB,UNOPENED,J4s,0,0,0,NONE,0
100BB,HJ,SB,UNOPENED,J3s,0,0,0,NONE,0
100BB,HJ,SB,UNOPENED,J2s,0,0,0,NONE,0
100BB,HJ,SB,UNOPENED,T9s,0,0,0,NONE,0
100BB,HJ,SB,UNOPENED,T8s,0,0,0,NONE,0
100BB,HJ,SB,UNOPENED,T7s,0,0,0,NONE,0
100BB,HJ,SB,UNOPENED,T6s,0,0,0,NONE,0
100BB,HJ,SB,UNOPENED,T5s,0,0,0,NONE,0
100BB,HJ,SB,UNOPENED,T4s,0,0,0,NONE,0
100BB,HJ,SB,UNOPENED,T3s,0,0,0,NONE,0
100BB,HJ,SB,UNOPENED,T2s,0,0,0,NONE,0
100BB,HJ,SB,UNOPENED,98s,0,0,0,NONE,0
100BB,HJ,SB,UNOPENED,97s,0,0,0,NONE,0
100BB,HJ,SB,UNOPENED,96s,0,0,0,NONE,0
100BB,HJ,SB,UNOPENED,95s,0,0,0,NONE,0
100BB,HJ,SB,UNOPENED,94s,0,0,0,NONE,0
100BB,HJ,SB,UNOPENED,93s,0,0,0,NONE,0
100BB,HJ,SB,UNOPENED,92s,0,0,0,NONE,0
100BB,HJ,SB,UNOPENED,87s,0,0,0,NONE,0
100BB,HJ,SB,UNOPENED,86s,0,0,0,NONE,0
100BB,HJ,SB,UNOPENED,85s,0,0,0,NONE,0
100BB,HJ,SB,UNOPENED,84s,0,0,0,NONE,0
100BB,HJ,SB,UNOPENED,83s,0,0,0,NONE,0
100BB,HJ,SB,UNOPENED,82s,0,0,0,NONE,0
100BB,HJ,SB,UNOPENED,76s,0,0,0,NONE,0
100BB,HJ,SB,UNOPENED,75s,0,0,0,NONE,0
100BB,HJ,SB,UNOPENED,74s,0,0,0,NONE,0
100BB,HJ,SB,UNOPENED,73s,0,0,0,NONE,0
100BB,HJ,SB,UNOPENED,72s,0,0,0,NONE,0
100BB,HJ,SB,UNOPENED,65s,0,0,0,NONE,0
100BB,HJ,SB,UNOPENED,64s,0,0,0,NONE,0
100BB,HJ,SB,UNOPENED,63s,0,0,0,NONE,0
100BB,HJ,SB,UNOPENED,62s,0,0,0,NONE,0
100BB,HJ,SB,UNOPENED,54s,0,0,0,NONE,0
100BB,HJ,SB,UNOPENED,53s,0,0,0,NONE,0
100BB,HJ,SB,UNOPENED,52s,0,0,0,NONE,0
100BB,HJ,SB,UNOPENED,43s,0,0,0,NONE,0
100BB,HJ,SB,UNOPENED,42s,0,0,0,NONE,0
100BB,HJ,SB,UNOPENED,32s,0,0,0,NONE,0
100BB,HJ,SB,UNOPENED,AKo,0,0,0,NONE,0
100BB,HJ,SB,UNOPENED,AQo,0,0,0,NONE,0
100BB,HJ,SB,UNOPENED,AJo,0,0,0,NONE,0
100BB,HJ,SB,UNOPENED,ATo,0,0,0,NONE,0
100BB,HJ,SB,UNOPENED,A9o,0,0,0,NONE,0
100BB,HJ,SB,UNOPENED,A8o,0,0,0,NONE,0
100BB,HJ,SB,UNOPENED,A7o,0,0,0,NONE,0
100BB,HJ,SB,UNOPENED,A6o,0,0,0,NONE,0
100BB,HJ,SB,UNOPENED,A5o,0,0,0,NONE,0
100BB,HJ,SB,UNOPENED,A4o,0,0,0,NONE,0
100BB,HJ,SB,UNOPENED,A3o,0,0,0,NONE,0
100BB,HJ,SB,UNOPENED,A2o,0,0,0,NONE,0
100BB,HJ,SB,UNOPENED,KQo,0,0,0,NONE,0
100BB,HJ,SB,UNOPENED,KJo,0,0,0,NONE,0
100BB,HJ,SB,UNOPENED,KTo,0,0,0,NONE,0
100BB,HJ,SB,UNOPENED,K9o,0,0,0,NONE,0
100BB,HJ,SB,UNOPENED,K8o,0,0,0,NONE,0
100BB,HJ,SB,UNOPENED,K7o,0,0,0,NONE,0
100BB,HJ,SB,UNOPENED,K6o,0,0,0,NONE,0
100BB,HJ,SB,UNOPENED,K5o,0,0,0,NONE,0
100BB,HJ,SB,UNOPENED,K4o,0,0,0,NONE,0
100BB,HJ,SB,UNOPENED,K3o,0,0,0,NONE,0
100BB,HJ,SB,UNOPENED,K2o,0,0,0,NONE,0
100BB,HJ,SB,UNOPENED,QJo,0,0,0,NONE,0
100BB,HJ,SB,UNOPENED,QTo,0,0,0,NONE,0
100BB,HJ,SB,UNOPENED,Q9o,0,0,0,NONE,0
100BB,HJ,SB,UNOPENED,Q8o,0,0,0,NONE,0
100BB,HJ,SB,UNOPENED,Q7o,0,0,0,NONE,0
100BB,HJ,SB,UNOPENED,Q6o,0,0,0,NONE,0
100BB,HJ,SB,UNOPENED,Q5o,0,0,0,NONE,0
100BB,HJ,SB,UNOPENED,Q4o,0,0,0,NONE,0
100BB,HJ,SB,UNOPENED,Q3o,0,0,0,NONE,0
100BB,HJ,SB,UNOPENED,Q2o,0,0,0,NONE,0
100BB,HJ,SB,UNOPENED,JTo,0,0,0,NONE,0
100BB,HJ,SB,UNOPENED,J9o,0,0,0,NONE,0
100BB,HJ,SB,UNOPENED,J8o,0,0,0,NONE,0
100BB,HJ,SB,UNOPENED,J7o,0,0,0,NONE,0
100BB,HJ,SB,UNOPENED,J6o,0,0,0,NONE,0
100BB,HJ,SB,UNOPENED,J5o,0,0,0,NONE,0
100BB,HJ,SB,UNOPENED,J4o,0,0,0,NONE,0
100BB,HJ,SB,UNOPENED,J3o,0,0,0,NONE,0
100BB,HJ,SB,UNOPENED,J2o,0,0,0,NONE,0
100BB,HJ,SB,UNOPENED,T9o,0,0,0,NONE,0
100BB,HJ,SB,UNOPENED,T8o,0,0,0,NONE,0
100BB,HJ,SB,UNOPENED,T7o,0,0,0,NONE,0
100BB,HJ,SB,UNOPENED,T6o,0,0,0,NONE,0
100BB,HJ,SB,UNOPENED,T5o,0,0,0,NONE,0
100BB,HJ,SB,UNOPENED,T4o,0,0,0,NONE,0
100BB,HJ,SB,UNOPENED,T3o,0,0,0,NONE,0
100BB,HJ,SB,UNOPENED,T2o,0,0,0,NONE,0
100BB,HJ,SB,UNOPENED,98o,0,0,0,NONE,0
100BB,HJ,SB,UNOPENED,97o,0,0,0,NONE,0
100BB,HJ,SB,UNOPENED,96o,0,0,0,NONE,0
100BB,HJ,SB,UNOPENED,95o,0,0,0,NONE,0
100BB,HJ,SB,UNOPENED,94o,0,0,0,NONE,0
100BB,HJ,SB,UNOPENED,93o,0,0,0,NONE,0
100BB,HJ,SB,UNOPENED,92o,0,0,0,NONE,0
100BB,HJ,SB,UNOPENED,87o,0,0,0,NONE,0
100BB,HJ,SB,UNOPENED,86o,0,0,0,NONE,0
100BB,HJ,SB,UNOPENED,85o,0,0,0,NONE,0
100BB,HJ,SB,UNOPENED,84o,0,0,0,NONE,0
100BB,HJ,SB,UNOPENED,83o,0,0,0,NONE,0
100BB,HJ,SB,UNOPENED,82o,0,0,0,NONE,0
100BB,HJ,SB,UNOPENED,76o,0,0,0,NONE,0
100BB,HJ,SB,UNOPENED,75o,0,0,0,NONE,0
100BB,HJ,SB,UNOPENED,74o,0,0,0,NONE,0
100BB,HJ,SB,UNOPENED,73o,0,0,0,NONE,0
100BB,HJ,SB,UNOPENED,72o,0,0,0,NONE,0
100BB,HJ,SB,UNOPENED,65o,0,0,0,NONE,0
100BB,HJ,SB,UNOPENED,64o,0,0,0,NONE,0
100BB,HJ,SB,UNOPENED,63o,0,0,0,NONE,0
100BB,HJ,SB,UNOPENED,62o,0,0,0,NONE,0
100BB,HJ,SB,UNOPENED,54o,0,0,0,NONE,0
100BB,HJ,SB,UNOPENED,53o,0,0,0,NONE,0
100BB,HJ,SB,UNOPENED,52o,0,0,0,NONE,0
100BB,HJ,SB,UNOPENED,43o,0,0,0,NONE,0
100BB,HJ,SB,UNOPENED,42o,0,0,0,NONE,0
100BB,HJ,SB,UNOPENED,32o,0,0,0,NONE,0
100BB,HJ,SB,ONE_RAISE,AA,0,0,0,NONE,0
100BB,HJ,SB,ONE_RAISE,KK,0,0,0,NONE,0
100BB,HJ,SB,ONE_RAISE,QQ,0,0,0,NONE,0
100BB,HJ,SB,ONE_RAISE,JJ,0,0,0,NONE,0
100BB,HJ,SB,ONE_RAISE,TT,0,0,0,NONE,0
100BB,HJ,SB,ONE_RAISE,99,0,0,0,NONE,0
100BB,HJ,SB,ONE_RAISE,88,0,0,0,NONE,0
100BB,HJ,SB,ONE_RAISE,77,0,0,0,NONE,0
100BB,HJ,SB,ONE_RAISE,66,0,0,0,NONE,0
100BB,HJ,SB,ONE_RAISE,55,0,0,0,NONE,0
100BB,HJ,SB,ONE_RAISE,44,0,0,0,NONE,0
100BB,HJ,SB,ONE_RAISE,33,0,0,0,NONE,0
100BB,HJ,SB,ONE_RAISE,22,0,0,0,NONE,0
100BB,HJ,SB,ONE_RAISE,AKs,0,0,0,NONE,0
100BB,HJ,SB,ONE_RAISE,AQs,0,0,0,NONE,0
100BB,HJ,SB,ONE_RAISE,AJs,0,0,0,NONE,0
100BB,HJ,SB,ONE_RAISE,ATs,0,0,0,NONE,0
100BB,HJ,SB,ONE_RAISE,A9s,0,0,0,NONE,0
100BB,HJ,SB,ONE_RAISE,A8s,0,0,0,NONE,0
100BB,HJ,SB,ONE_RAISE,A7s,0,0,0,NONE,0
100BB,HJ,SB,ONE_RAISE,A6s,0,0,0,NONE,0
100BB,HJ,SB,ONE_RAISE,A5s,0,0,0,NONE,0
100BB,HJ,SB,ONE_RAISE,A4s,0,0,0,NONE,0
100BB,HJ,SB,ONE_RAISE,A3s,0,0,0,NONE,0
100BB,HJ,SB,ONE_RAISE,A2s,0,0,0,NONE,0
100BB,HJ,SB,ONE_RAISE,KQs,0,0,0,NONE,0
100BB,HJ,SB,ONE_RAISE,KJs,0,0,0,NONE,0
100BB,HJ,SB,ONE_RAISE,KTs,0,0,0,NONE,0
100BB,HJ,SB,ONE_RAISE,K9s,0,0,0,NONE,0
100BB,HJ,SB,ONE_RAISE,K8s,0,0,0,NONE,0
100BB,HJ,SB,ONE_RAISE,K7s,0,0,0,NONE,0
100BB,HJ,SB,ONE_RAISE,K6s,0,0,0,NONE,0
100BB,HJ,SB,ONE_RAISE,K5s,0,0,0,NONE,0
100BB,HJ,SB,ONE_RAISE,K4s,0,0,0,NONE,0
100BB,HJ,SB,ONE_RAISE,K3s,0,0,0,NONE,0
100BB,HJ,SB,ONE_RAISE,K2s,0,0,0,NONE,0
100BB,HJ,SB,ONE_RAISE,QJs,0,0,0,NONE,0
100BB,HJ,SB,ONE_RAISE,QTs,0,0,0,NONE,0
100BB,HJ,SB,ONE_RAISE,Q9s,0,0,0,NONE,0
100BB,HJ,SB,ONE_RAISE,Q8s,0,0,0,NONE,0
100BB,HJ,SB,ONE_RAISE,Q7s,0,0,0,NONE,0
100BB,HJ,SB,ONE_RAISE,Q6s,0,0,0,NONE,0
100BB,HJ,SB,ONE_RAISE,Q5s,0,0,0,NONE,0
100BB,HJ,SB,ONE_RAISE,Q4s,0,0,0,NONE,0
100BB,HJ,SB,ONE_RAISE,Q3s,0,0,0,NONE,0
100BB,HJ,SB,ONE_RAISE,Q2s,0,0,0,NONE,0
100BB,HJ,SB,ONE_RAISE,JTs,0,0,0,NONE,0
100BB,HJ,SB,ONE_RAISE,J9s,0,0,0,NONE,0
100BB,HJ,SB,ONE_RAISE,J8s,0,0,0,NONE,0
100BB,HJ,SB,ONE_RAISE,J7s,0,0,0,NONE,0
100BB,HJ,SB,ONE_RAISE,J6s,0,0,0,NONE,0
100BB,HJ,SB,ONE_RAISE,J5s,0,0,0,NONE,0
100BB,HJ,SB,ONE_RAISE,J4s,0,0,0,NONE,0
100BB,HJ,SB,ONE_RAISE,J3s,0,0,0,NONE,0
100BB,HJ,SB,ONE_RAISE,J2s,0,0,0,NONE,0
100BB,HJ,SB,ONE_RAISE,T9s,0,0,0,NONE,0
100BB,HJ,SB,ONE_RAISE,T8s,0,0,0,NONE,0
100BB,HJ,SB,ONE_RAISE,T7s,0,0,0,NONE,0
100BB,HJ,SB,ONE_RAISE,T6s,0,0,0,NONE,0
100BB,HJ,SB,ONE_RAISE,T5s,0,0,0,NONE,0
100BB,HJ,SB,ONE_RAISE,T4s,0,0,0,NONE,0
100BB,HJ,SB,ONE_RAISE,T3s,0,0,0,NONE,0
100BB,HJ,SB,ONE_RAISE,T2s,0,0,0,NONE,0
100BB,HJ,SB,ONE_RAISE,98s,0,0,0,NONE,0
100BB,HJ,SB,ONE_RAISE,97s,0,0,0,NONE,0
100BB,HJ,SB,ONE_RAISE,96s,0,0,0,NONE,0
100BB,HJ,SB,ONE_RAISE,95s,0,0,0,NONE,0
100BB,HJ,SB,ONE_RAISE,94s,0,0,0,NONE,0
100BB,HJ,SB,ONE_RAISE,93s,0,0,0,NONE,0
100BB,HJ,SB,ONE_RAISE,92s,0,0,0,NONE,0
100BB,HJ,SB,ONE_RAISE,87s,0,0,0,NONE,0
100BB,HJ,SB,ONE_RAISE,86s,0,0,0,NONE,0
100BB,HJ,SB,ONE_RAISE,85s,0,0,0,NONE,0
100BB,HJ,SB,ONE_RAISE,84s,0,0,0,NONE,0
100BB,HJ,SB,ONE_RAISE,83s,0,0,0,NONE,0
100BB,HJ,SB,ONE_RAISE,82s,0,0,0,NONE,0
100BB,HJ,SB,ONE_RAISE,76s,0,0,0,NONE,0
100BB,HJ,SB,ONE_RAISE,75s,0,0,0,NONE,0
100BB,HJ,SB,ONE_RAISE,74s,0,0,0,NONE,0
100BB,HJ,SB,ONE_RAISE,73s,0,0,0,NONE,0
100BB,HJ,SB,ONE_RAISE,72s,0,0,0,NONE,0
100BB,HJ,SB,ONE_RAISE,65s,0,0,0,NONE,0
100BB,HJ,SB,ONE_RAISE,64s,0,0,0,NONE,0
100BB,HJ,SB,ONE_RAISE,63s,0,0,0,NONE,0
100BB,HJ,SB,ONE_RAISE,62s,0,0,0,NONE,0
100BB,HJ,SB,ONE_RAISE,54s,0,0,0,NONE,0
100BB,HJ,SB,ONE_RAISE,53s,0,0,0,NONE,0
100BB,HJ,SB,ONE_RAISE,52s,0,0,0,NONE,0
100BB,HJ,SB,ONE_RAISE,43s,0,0,0,NONE,0
100BB,HJ,SB,ONE_RAISE,42s,0,0,0,NONE,0
100BB,HJ,SB,ONE_RAISE,32s,0,0,0,NONE,0
100BB,HJ,SB,ONE_RAISE,AKo,0,0,0,NONE,0
100BB,HJ,SB,ONE_RAISE,AQo,0,0,0,NONE,0
100BB,HJ,SB,ONE_RAISE,AJo,0,0,0,NONE,0
100BB,HJ,SB,ONE_RAISE,ATo,0,0,0,NONE,0
100BB,HJ,SB,ONE_RAISE,A9o,0,0,0,NONE,0
100BB,HJ,SB,ONE_RAISE,A8o,0,0,0,NONE,0
100BB,HJ,SB,ONE_RAISE,A7o,0,0,0,NONE,0
100BB,HJ,SB,ONE_RAISE,A6o,0,0,0,NONE,0
100BB,HJ,SB,ONE_RAISE,A5o,0,0,0,NONE,0
100BB,HJ,SB,ONE_RAISE,A4o,0,0,0,NONE,0
100BB,HJ,SB,ONE_RAISE,A3o,0,0,0,NONE,0
100BB,HJ,SB,ONE_RAISE,A2o,0,0,0,NONE,0
100BB,HJ,SB,ONE_RAISE,KQo,0,0,0,NONE,0
100BB,HJ,SB,ONE_RAISE,KJo,0,0,0,NONE,0
100BB,HJ,SB,ONE_RAISE,KTo,0,0,0,NONE,0
100BB,HJ,SB,ONE_RAISE,K9o,0,0,0,NONE,0
100BB,HJ,SB,ONE_RAISE,K8o,0,0,0,NONE,0
100BB,HJ,SB,ONE_RAISE,K7o,0,0,0,NONE,0
100BB,HJ,SB,ONE_RAISE,K6o,0,0,0,NONE,0
100BB,HJ,SB,ONE_RAISE,K5o,0,0,0,NONE,0
100BB,HJ,SB,ONE_RAISE,K4o,0,0,0,NONE,0
100BB,HJ,SB,ONE_RAISE,K3o,0,0,0,NONE,0
100BB,HJ,SB,ONE_RAISE,K2o,0,0,0,NONE,0
100BB,HJ,SB,ONE_RAISE,QJo,0,0,0,NONE,0
100BB,HJ,SB,ONE_RAISE,QTo,0,0,0,NONE,0
100BB,HJ,SB,ONE_RAISE,Q9o,0,0,0,NONE,0
100BB,HJ,SB,ONE_RAISE,Q8o,0,0,0,NONE,0
100BB,HJ,SB,ONE_RAISE,Q7o,0,0,0,NONE,0
100BB,HJ,SB,ONE_RAISE,Q6o,0,0,0,NONE,0
100BB,HJ,SB,ONE_RAISE,Q5o,0,0,0,NONE,0
100BB,HJ,SB,ONE_RAISE,Q4o,0,0,0,NONE,0
100BB,HJ,SB,ONE_RAISE,Q3o,0,0,0,NONE,0
100BB,HJ,SB,ONE_RAISE,Q2o,0,0,0,NONE,0
100BB,HJ,SB,ONE_RAISE,JTo,0,0,0,NONE,0
100BB,HJ,SB,ONE_RAISE,J9o,0,0,0,NONE,0
100BB,HJ,SB,ONE_RAISE,J8o,0,0,0,NONE,0
100BB,HJ,SB,ONE_RAISE,J7o,0,0,0,NONE,0
100BB,HJ,SB,ONE_RAISE,J6o,0,0,0,NONE,0
100BB,HJ,SB,ONE_RAISE,J5o,0,0,0,NONE,0
100BB,HJ,SB,ONE_RAISE,J4o,0,0,0,NONE,0
100BB,HJ,SB,ONE_RAISE,J3o,0,0,0,NONE,0
100BB,HJ,SB,ONE_RAISE,J2o,0,0,0,NONE,0
100BB,HJ,SB,ONE_RAISE,T9o,0,0,0,NONE,0
100BB,HJ,SB,ONE_RAISE,T8o,0,0,0,NONE,0
100BB,HJ,SB,ONE_RAISE,T7o,0,0,0,NONE,0
100BB,HJ,SB,ONE_RAISE,T6o,0,0,0,NONE,0
100BB,HJ,SB,ONE_RAISE,T5o,0,0,0,NONE,0
100BB,HJ,SB,ONE_RAISE,T4o,0,0,0,NONE,0
100BB,HJ,SB,ONE_RAISE,T3o,0,0,0,NONE,0
100BB,HJ,SB,ONE_RAISE,T2o,0,0,0,NONE,0
100BB,HJ,SB,ONE_RAISE,98o,0,0,0,NONE,0
100BB,HJ,SB,ONE_RAISE,97o,0,0,0,NONE,0
100BB,HJ,SB,ONE_RAISE,96o,0,0,0,NONE,0
100BB,HJ,SB,ONE_RAISE,95o,0,0,0,NONE,0
100BB,HJ,SB,ONE_RAISE,94o,0,0,0,NONE,0
100BB,HJ,SB,ONE_RAISE,93o,0,0,0,NONE,0
100BB,HJ,SB,ONE_RAISE,92o,0,0,0,NONE,0
100BB,HJ,SB,ONE_RAISE,87o,0,0,0,NONE,0
100BB,HJ,SB,ONE_RAISE,86o,0,0,0,NONE,0
100BB,HJ,SB,ONE_RAISE,85o,0,0,0,NONE,0
100BB,HJ,SB,ONE_RAISE,84o,0,0,0,NONE,0
100BB,HJ,SB,ONE_RAISE,83o,0,0,0,NONE,0
100BB,HJ,SB,ONE_RAISE,82o,0,0,0,NONE,0
100BB,HJ,SB,ONE_RAISE,76o,0,0,0,NONE,0
100BB,HJ,SB,ONE_RAISE,75o,0,0,0,NONE,0
100BB,HJ,SB,ONE_RAISE,74o,0,0,0,NONE,0
100BB,HJ,SB,ONE_RAISE,73o,0,0,0,NONE,0
100BB,HJ,SB,ONE_RAISE,72o,0,0,0,NONE,0
100BB,HJ,SB,ONE_RAISE,65o,0,0,0,NONE,0
100BB,HJ,SB,ONE_RAISE,64o,0,0,0,NONE,0
100BB,HJ,SB,ONE_RAISE,63o,0,0,0,NONE,0
100BB,HJ,SB,ONE_RAISE,62o,0,0,0,NONE,0
100BB,HJ,SB,ONE_RAISE,54o,0,0,0,NONE,0
100BB,HJ,SB,ONE_RAISE,53o,0,0,0,NONE,0
100BB,HJ,SB,ONE_RAISE,52o,0,0,0,NONE,0
100BB,HJ,SB,ONE_RAISE,43o,0,0,0,NONE,0
100BB,HJ,SB,ONE_RAISE,42o,0,0,0,NONE,0
100BB,HJ,SB,ONE_RAISE,32o,0,0,0,NONE,0
100BB,HJ,SB,THREE_BET,AA,0,13,87,2.2,1
100BB,HJ,SB,THREE_BET,KK,0,44,56,2.2,1
100BB,HJ,SB,THREE_BET,QQ,0,100,0,NONE,1
100BB,HJ,SB,THREE_BET,JJ,0,73,27,2.2,1
100BB,HJ,SB,THREE_BET,TT,0,100,0,NONE,1
100BB,HJ,SB,THREE_BET,99,0,100,0,NONE,1
100BB,HJ,SB,THREE_BET,88,0,97,3,2.2,1
100BB,HJ,SB,THREE_BET,77,0,99,1,2.2,1
100BB,HJ,SB,THREE_BET,66,0,100,0,NONE,1
100BB,HJ,SB,THREE_BET,55,0,97,3,2.2,1
100BB,HJ,SB,THREE_BET,44,0,100,0,NONE,1
100BB,HJ,SB,THREE_BET,33,9,91,0,NONE,1
100BB,HJ,SB,THREE_BET,22,71,29,0,NONE,1
100BB,HJ,SB,THREE_BET,AKs,0,79,21,2.2,1
100BB,HJ,SB,THREE_BET,AQs,0,100,0,NONE,1
100BB,HJ,SB,THREE_BET,AJs,0,100,0,NONE,1
100BB,HJ,SB,THREE_BET,ATs,0,100,0,NONE,1
100BB,HJ,SB,THREE_BET,A9s,0,100,0,NONE,1
100BB,HJ,SB,THREE_BET,A8s,0,82,18,2.2,1
100BB,HJ,SB,THREE_BET,A7s,0,73,27,2.2,1
100BB,HJ,SB,THREE_BET,A6s,40,43,17,2.2,1
100BB,HJ,SB,THREE_BET,A5s,0,100,0,NONE,1
100BB,HJ,SB,THREE_BET,A4s,0,100,0,NONE,1
100BB,HJ,SB,THREE_BET,A3s,0,90,10,2.2,1
100BB,HJ,SB,THREE_BET,A2s,40,37,23,2.2,1
100BB,HJ,SB,THREE_BET,KQs,0,100,0,NONE,1
100BB,HJ,SB,THREE_BET,KJs,0,100,0,NONE,1
100BB,HJ,SB,THREE_BET,KTs,0,100,0,NONE,1
100BB,HJ,SB,THREE_BET,K9s,0,56,44,2.2,1
100BB,HJ,SB,THREE_BET,K8s,62,38,0,NONE,1
100BB,HJ,SB,THREE_BET,K7s,66,9,25,2.2,1
100BB,HJ,SB,THREE_BET,K6s,84,9,7,2.2,1
100BB,HJ,SB,THREE_BET,K5s,98,0,2,2.2,1
100BB,HJ,SB,THREE_BET,K4s,100,0,0,NONE,1
100BB,HJ,SB,THREE_BET,K3s,100,0,0,NONE,1
100BB,HJ,SB,THREE_BET,K2s,100,0,0,NONE,1
100BB,HJ,SB,THREE_BET,QJs,0,100,0,NONE,1
100BB,HJ,SB,THREE_BET,QTs,0,100,0,NONE,1
100BB,HJ,SB,THREE_BET,Q9s,61,39,0,NONE,1
100BB,HJ,SB,THREE_BET,Q8s,100,0,0,NONE,1
100BB,HJ,SB,THREE_BET,Q7s,100,0,0,NONE,1
100BB,HJ,SB,THREE_BET,Q6s,100,0,0,NONE,1
100BB,HJ,SB,THREE_BET,Q5s,100,0,0,NONE,1
100BB,HJ,SB,THREE_BET,Q4s,100,0,0,NONE,1
100BB,HJ,SB,THREE_BET,Q3s,100,0,0,NONE,1
100BB,HJ,SB,THREE_BET,Q2s,100,0,0,NONE,1
100BB,HJ,SB,THREE_BET,JTs,0,100,0,NONE,1
100BB,HJ,SB,THREE_BET,J9s,0,100,0,NONE,1
100BB,HJ,SB,THREE_BET,J8s,95,0,5,2.2,1
100BB,HJ,SB,THREE_BET,J7s,100,0,0,NONE,1
100BB,HJ,SB,THREE_BET,J6s,100,0,0,NONE,1
100BB,HJ,SB,THREE_BET,J5s,100,0,0,NONE,1
100BB,HJ,SB,THREE_BET,J4s,100,0,0,NONE,1
100BB,HJ,SB,THREE_BET,J3s,100,0,0,NONE,1
100BB,HJ,SB,THREE_BET,J2s,100,0,0,NONE,1
100BB,HJ,SB,THREE_BET,T9s,0,100,0,NONE,1
100BB,HJ,SB,THREE_BET,T8s,0,87,13,2.2,1
100BB,HJ,SB,THREE_BET,T7s,100,0,0,NONE,1
100BB,HJ,SB,THREE_BET,T6s,100,0,0,NONE,1
100BB,HJ,SB,THREE_BET,T5s,100,0,0,NONE,1
100BB,HJ,SB,THREE_BET,T4s,100,0,0,NONE,1
100BB,HJ,SB,THREE_BET,T3s,100,0,0,NONE,1
100BB,HJ,SB,THREE_BET,T2s,100,0,0,NONE,1
100BB,HJ,SB,THREE_BET,98s,0,100,0,NONE,1
100BB,HJ,SB,THREE_BET,97s,100,0,0,NONE,1
100BB,HJ,SB,THREE_BET,96s,100,0,0,NONE,1
100BB,HJ,SB,THREE_BET,95s,100,0,0,NONE,1
100BB,HJ,SB,THREE_BET,94s,100,0,0,NONE,1
100BB,HJ,SB,THREE_BET,93s,100,0,0,NONE,1
100BB,HJ,SB,THREE_BET,92s,100,0,0,NONE,1
100BB,HJ,SB,THREE_BET,87s,0,85,15,2.2,1
100BB,HJ,SB,THREE_BET,86s,100,0,0,NONE,1
100BB,HJ,SB,THREE_BET,85s,100,0,0,NONE,1
100BB,HJ,SB,THREE_BET,84s,100,0,0,NONE,1
100BB,HJ,SB,THREE_BET,83s,100,0,0,NONE,1
100BB,HJ,SB,THREE_BET,82s,100,0,0,NONE,1
100BB,HJ,SB,THREE_BET,76s,0,100,0,NONE,1
100BB,HJ,SB,THREE_BET,75s,100,0,0,NONE,1
100BB,HJ,SB,THREE_BET,74s,100,0,0,NONE,1
100BB,HJ,SB,THREE_BET,73s,100,0,0,NONE,1
100BB,HJ,SB,THREE_BET,72s,100,0,0,NONE,1
100BB,HJ,SB,THREE_BET,65s,0,100,0,NONE,1
100BB,HJ,SB,THREE_BET,64s,100,0,0,NONE,1
100BB,HJ,SB,THREE_BET,63s,100,0,0,NONE,1
100BB,HJ,SB,THREE_BET,62s,100,0,0,NONE,1
100BB,HJ,SB,THREE_BET,54s,0,100,0,NONE,1
100BB,HJ,SB,THREE_BET,53s,100,0,0,NONE,1
100BB,HJ,SB,THREE_BET,52s,100,0,0,NONE,1
100BB,HJ,SB,THREE_BET,43s,100,0,0,NONE,1
100BB,HJ,SB,THREE_BET,42s,100,0,0,NONE,1
100BB,HJ,SB,THREE_BET,32s,100,0,0,NONE,1
100BB,HJ,SB,THREE_BET,AKo,0,69,31,2.2,1
100BB,HJ,SB,THREE_BET,AQo,0,76,24,2.2,1
100BB,HJ,SB,THREE_BET,AJo,86,0,14,2.2,1
100BB,HJ,SB,THREE_BET,ATo,100,0,0,NONE,1
100BB,HJ,SB,THREE_BET,A9o,100,0,0,NONE,1
100BB,HJ,SB,THREE_BET,A8o,100,0,0,NONE,1
100BB,HJ,SB,THREE_BET,A7o,100,0,0,NONE,1
100BB,HJ,SB,THREE_BET,A6o,100,0,0,NONE,1
100BB,HJ,SB,THREE_BET,A5o,100,0,0,NONE,1
100BB,HJ,SB,THREE_BET,A4o,100,0,0,NONE,1
100BB,HJ,SB,THREE_BET,A3o,100,0,0,NONE,1
100BB,HJ,SB,THREE_BET,A2o,100,0,0,NONE,1
100BB,HJ,SB,THREE_BET,KQo,62,35,3,2.2,1
100BB,HJ,SB,THREE_BET,KJo,97,0,3,2.2,1
100BB,HJ,SB,THREE_BET,KTo,100,0,0,NONE,1
100BB,HJ,SB,THREE_BET,K9o,100,0,0,NONE,1
100BB,HJ,SB,THREE_BET,K8o,100,0,0,NONE,1
100BB,HJ,SB,THREE_BET,K7o,100,0,0,NONE,1
100BB,HJ,SB,THREE_BET,K6o,100,0,0,NONE,1
100BB,HJ,SB,THREE_BET,K5o,100,0,0,NONE,1
100BB,HJ,SB,THREE_BET,K4o,100,0,0,NONE,1
100BB,HJ,SB,THREE_BET,K3o,100,0,0,NONE,1
100BB,HJ,SB,THREE_BET,K2o,100,0,0,NONE,1
100BB,HJ,SB,THREE_BET,QJo,100,0,0,NONE,1
100BB,HJ,SB,THREE_BET,QTo,100,0,0,NONE,1
100BB,HJ,SB,THREE_BET,Q9o,100,0,0,NONE,1
100BB,HJ,SB,THREE_BET,Q8o,100,0,0,NONE,1
100BB,HJ,SB,THREE_BET,Q7o,100,0,0,NONE,1
100BB,HJ,SB,THREE_BET,Q6o,100,0,0,NONE,1
100BB,HJ,SB,THREE_BET,Q5o,100,0,0,NONE,1
100BB,HJ,SB,THREE_BET,Q4o,100,0,0,NONE,1
100BB,HJ,SB,THREE_BET,Q3o,100,0,0,NONE,1
100BB,HJ,SB,THREE_BET,Q2o,100,0,0,NONE,1
100BB,HJ,SB,THREE_BET,JTo,100,0,0,NONE,1
100BB,HJ,SB,THREE_BET,J9o,100,0,0,NONE,1
100BB,HJ,SB,THREE_BET,J8o,100,0,0,NONE,1
100BB,HJ,SB,THREE_BET,J7o,100,0,0,NONE,1
100BB,HJ,SB,THREE_BET,J6o,100,0,0,NONE,1
100BB,HJ,SB,THREE_BET,J5o,100,0,0,NONE,1
100BB,HJ,SB,THREE_BET,J4o,100,0,0,NONE,1
100BB,HJ,SB,THREE_BET,J3o,100,0,0,NONE,1
100BB,HJ,SB,THREE_BET,J2o,100,0,0,NONE,1
100BB,HJ,SB,THREE_BET,T9o,100,0,0,NONE,1
100BB,HJ,SB,THREE_BET,T8o,100,0,0,NONE,1
100BB,HJ,SB,THREE_BET,T7o,100,0,0,NONE,1
100BB,HJ,SB,THREE_BET,T6o,100,0,0,NONE,1
100BB,HJ,SB,THREE_BET,T5o,100,0,0,NONE,1
100BB,HJ,SB,THREE_BET,T4o,100,0,0,NONE,1
100BB,HJ,SB,THREE_BET,T3o,100,0,0,NONE,1
100BB,HJ,SB,THREE_BET,T2o,100,0,0,NONE,1
100BB,HJ,SB,THREE_BET,98o,100,0,0,NONE,1
100BB,HJ,SB,THREE_BET,97o,100,0,0,NONE,1
100BB,HJ,SB,THREE_BET,96o,100,0,0,NONE,1
100BB,HJ,SB,THREE_BET,95o,100,0,0,NONE,1
100BB,HJ,SB,THREE_BET,94o,100,0,0,NONE,1
100BB,HJ,SB,THREE_BET,93o,100,0,0,NONE,1
100BB,HJ,SB,THREE_BET,92o,100,0,0,NONE,1
100BB,HJ,SB,THREE_BET,87o,100,0,0,NONE,1
100BB,HJ,SB,THREE_BET,86o,100,0,0,NONE,1
100BB,HJ,SB,THREE_BET,85o,100,0,0,NONE,1
100BB,HJ,SB,THREE_BET,84o,100,0,0,NONE,1
100BB,HJ,SB,THREE_BET,83o,100,0,0,NONE,1
100BB,HJ,SB,THREE_BET,82o,100,0,0,NONE,1
100BB,HJ,SB,THREE_BET,76o,100,0,0,NONE,1
100BB,HJ,SB,THREE_BET,75o,100,0,0,NONE,1
100BB,HJ,SB,THREE_BET,74o,100,0,0,NONE,1
100BB,HJ,SB,THREE_BET,73o,100,0,0,NONE,1
100BB,HJ,SB,THREE_BET,72o,100,0,0,NONE,1
100BB,HJ,SB,THREE_BET,65o,100,0,0,NONE,1
100BB,HJ,SB,THREE_BET,64o,100,0,0,NONE,1
100BB,HJ,SB,THREE_BET,63o,100,0,0,NONE,1
100BB,HJ,SB,THREE_BET,62o,100,0,0,NONE,1
100BB,HJ,SB,THREE_BET,54o,100,0,0,NONE,1
100BB,HJ,SB,THREE_BET,53o,100,0,0,NONE,1
100BB,HJ,SB,THREE_BET,52o,100,0,0,NONE,1
100BB,HJ,SB,THREE_BET,43o,100,0,0,NONE,1
100BB,HJ,SB,THREE_BET,42o,100,0,0,NONE,1
100BB,HJ,SB,THREE_BET,32o,100,0,0,NONE,1
100BB,HJ,BB,UNOPENED,AA,0,0,0,NONE,0
100BB,HJ,BB,UNOPENED,KK,0,0,0,NONE,0
100BB,HJ,BB,UNOPENED,QQ,0,0,0,NONE,0
100BB,HJ,BB,UNOPENED,JJ,0,0,0,NONE,0
100BB,HJ,BB,UNOPENED,TT,0,0,0,NONE,0
100BB,HJ,BB,UNOPENED,99,0,0,0,NONE,0
100BB,HJ,BB,UNOPENED,88,0,0,0,NONE,0
100BB,HJ,BB,UNOPENED,77,0,0,0,NONE,0
100BB,HJ,BB,UNOPENED,66,0,0,0,NONE,0
100BB,HJ,BB,UNOPENED,55,0,0,0,NONE,0
100BB,HJ,BB,UNOPENED,44,0,0,0,NONE,0
100BB,HJ,BB,UNOPENED,33,0,0,0,NONE,0
100BB,HJ,BB,UNOPENED,22,0,0,0,NONE,0
100BB,HJ,BB,UNOPENED,AKs,0,0,0,NONE,0
100BB,HJ,BB,UNOPENED,AQs,0,0,0,NONE,0
100BB,HJ,BB,UNOPENED,AJs,0,0,0,NONE,0
100BB,HJ,BB,UNOPENED,ATs,0,0,0,NONE,0
100BB,HJ,BB,UNOPENED,A9s,0,0,0,NONE,0
100BB,HJ,BB,UNOPENED,A8s,0,0,0,NONE,0
100BB,HJ,BB,UNOPENED,A7s,0,0,0,NONE,0
100BB,HJ,BB,UNOPENED,A6s,0,0,0,NONE,0
100BB,HJ,BB,UNOPENED,A5s,0,0,0,NONE,0
100BB,HJ,BB,UNOPENED,A4s,0,0,0,NONE,0
100BB,HJ,BB,UNOPENED,A3s,0,0,0,NONE,0
100BB,HJ,BB,UNOPENED,A2s,0,0,0,NONE,0
100BB,HJ,BB,UNOPENED,KQs,0,0,0,NONE,0
100BB,HJ,BB,UNOPENED,KJs,0,0,0,NONE,0
100BB,HJ,BB,UNOPENED,KTs,0,0,0,NONE,0
100BB,HJ,BB,UNOPENED,K9s,0,0,0,NONE,0
100BB,HJ,BB,UNOPENED,K8s,0,0,0,NONE,0
100BB,HJ,BB,UNOPENED,K7s,0,0,0,NONE,0
100BB,HJ,BB,UNOPENED,K6s,0,0,0,NONE,0
100BB,HJ,BB,UNOPENED,K5s,0,0,0,NONE,0
100BB,HJ,BB,UNOPENED,K4s,0,0,0,NONE,0
100BB,HJ,BB,UNOPENED,K3s,0,0,0,NONE,0
100BB,HJ,BB,UNOPENED,K2s,0,0,0,NONE,0
100BB,HJ,BB,UNOPENED,QJs,0,0,0,NONE,0
100BB,HJ,BB,UNOPENED,QTs,0,0,0,NONE,0
100BB,HJ,BB,UNOPENED,Q9s,0,0,0,NONE,0
100BB,HJ,BB,UNOPENED,Q8s,0,0,0,NONE,0
100BB,HJ,BB,UNOPENED,Q7s,0,0,0,NONE,0
100BB,HJ,BB,UNOPENED,Q6s,0,0,0,NONE,0
100BB,HJ,BB,UNOPENED,Q5s,0,0,0,NONE,0
100BB,HJ,BB,UNOPENED,Q4s,0,0,0,NONE,0
100BB,HJ,BB,UNOPENED,Q3s,0,0,0,NONE,0
100BB,HJ,BB,UNOPENED,Q2s,0,0,0,NONE,0
100BB,HJ,BB,UNOPENED,JTs,0,0,0,NONE,0
100BB,HJ,BB,UNOPENED,J9s,0,0,0,NONE,0
100BB,HJ,BB,UNOPENED,J8s,0,0,0,NONE,0
100BB,HJ,BB,UNOPENED,J7s,0,0,0,NONE,0
100BB,HJ,BB,UNOPENED,J6s,0,0,0,NONE,0
100BB,HJ,BB,UNOPENED,J5s,0,0,0,NONE,0
100BB,HJ,BB,UNOPENED,J4s,0,0,0,NONE,0
100BB,HJ,BB,UNOPENED,J3s,0,0,0,NONE,0
100BB,HJ,BB,UNOPENED,J2s,0,0,0,NONE,0
100BB,HJ,BB,UNOPENED,T9s,0,0,0,NONE,0
100BB,HJ,BB,UNOPENED,T8s,0,0,0,NONE,0
100BB,HJ,BB,UNOPENED,T7s,0,0,0,NONE,0
100BB,HJ,BB,UNOPENED,T6s,0,0,0,NONE,0
100BB,HJ,BB,UNOPENED,T5s,0,0,0,NONE,0
100BB,HJ,BB,UNOPENED,T4s,0,0,0,NONE,0
100BB,HJ,BB,UNOPENED,T3s,0,0,0,NONE,0
100BB,HJ,BB,UNOPENED,T2s,0,0,0,NONE,0
100BB,HJ,BB,UNOPENED,98s,0,0,0,NONE,0
100BB,HJ,BB,UNOPENED,97s,0,0,0,NONE,0
100BB,HJ,BB,UNOPENED,96s,0,0,0,NONE,0
100BB,HJ,BB,UNOPENED,95s,0,0,0,NONE,0
100BB,HJ,BB,UNOPENED,94s,0,0,0,NONE,0
100BB,HJ,BB,UNOPENED,93s,0,0,0,NONE,0
100BB,HJ,BB,UNOPENED,92s,0,0,0,NONE,0
100BB,HJ,BB,UNOPENED,87s,0,0,0,NONE,0
100BB,HJ,BB,UNOPENED,86s,0,0,0,NONE,0
100BB,HJ,BB,UNOPENED,85s,0,0,0,NONE,0
100BB,HJ,BB,UNOPENED,84s,0,0,0,NONE,0
100BB,HJ,BB,UNOPENED,83s,0,0,0,NONE,0
100BB,HJ,BB,UNOPENED,82s,0,0,0,NONE,0
100BB,HJ,BB,UNOPENED,76s,0,0,0,NONE,0
100BB,HJ,BB,UNOPENED,75s,0,0,0,NONE,0
100BB,HJ,BB,UNOPENED,74s,0,0,0,NONE,0
100BB,HJ,BB,UNOPENED,73s,0,0,0,NONE,0
100BB,HJ,BB,UNOPENED,72s,0,0,0,NONE,0
100BB,HJ,BB,UNOPENED,65s,0,0,0,NONE,0
100BB,HJ,BB,UNOPENED,64s,0,0,0,NONE,0
100BB,HJ,BB,UNOPENED,63s,0,0,0,NONE,0
100BB,HJ,BB,UNOPENED,62s,0,0,0,NONE,0
100BB,HJ,BB,UNOPENED,54s,0,0,0,NONE,0
100BB,HJ,BB,UNOPENED,53s,0,0,0,NONE,0
100BB,HJ,BB,UNOPENED,52s,0,0,0,NONE,0
100BB,HJ,BB,UNOPENED,43s,0,0,0,NONE,0
100BB,HJ,BB,UNOPENED,42s,0,0,0,NONE,0
100BB,HJ,BB,UNOPENED,32s,0,0,0,NONE,0
100BB,HJ,BB,UNOPENED,AKo,0,0,0,NONE,0
100BB,HJ,BB,UNOPENED,AQo,0,0,0,NONE,0
100BB,HJ,BB,UNOPENED,AJo,0,0,0,NONE,0
100BB,HJ,BB,UNOPENED,ATo,0,0,0,NONE,0
100BB,HJ,BB,UNOPENED,A9o,0,0,0,NONE,0
100BB,HJ,BB,UNOPENED,A8o,0,0,0,NONE,0
100BB,HJ,BB,UNOPENED,A7o,0,0,0,NONE,0
100BB,HJ,BB,UNOPENED,A6o,0,0,0,NONE,0
100BB,HJ,BB,UNOPENED,A5o,0,0,0,NONE,0
100BB,HJ,BB,UNOPENED,A4o,0,0,0,NONE,0
100BB,HJ,BB,UNOPENED,A3o,0,0,0,NONE,0
100BB,HJ,BB,UNOPENED,A2o,0,0,0,NONE,0
100BB,HJ,BB,UNOPENED,KQo,0,0,0,NONE,0
100BB,HJ,BB,UNOPENED,KJo,0,0,0,NONE,0
100BB,HJ,BB,UNOPENED,KTo,0,0,0,NONE,0
100BB,HJ,BB,UNOPENED,K9o,0,0,0,NONE,0
100BB,HJ,BB,UNOPENED,K8o,0,0,0,NONE,0
100BB,HJ,BB,UNOPENED,K7o,0,0,0,NONE,0
100BB,HJ,BB,UNOPENED,K6o,0,0,0,NONE,0
100BB,HJ,BB,UNOPENED,K5o,0,0,0,NONE,0
100BB,HJ,BB,UNOPENED,K4o,0,0,0,NONE,0
100BB,HJ,BB,UNOPENED,K3o,0,0,0,NONE,0
100BB,HJ,BB,UNOPENED,K2o,0,0,0,NONE,0
100BB,HJ,BB,UNOPENED,QJo,0,0,0,NONE,0
100BB,HJ,BB,UNOPENED,QTo,0,0,0,NONE,0
100BB,HJ,BB,UNOPENED,Q9o,0,0,0,NONE,0
100BB,HJ,BB,UNOPENED,Q8o,0,0,0,NONE,0
100BB,HJ,BB,UNOPENED,Q7o,0,0,0,NONE,0
100BB,HJ,BB,UNOPENED,Q6o,0,0,0,NONE,0
100BB,HJ,BB,UNOPENED,Q5o,0,0,0,NONE,0
100BB,HJ,BB,UNOPENED,Q4o,0,0,0,NONE,0
100BB,HJ,BB,UNOPENED,Q3o,0,0,0,NONE,0
100BB,HJ,BB,UNOPENED,Q2o,0,0,0,NONE,0
100BB,HJ,BB,UNOPENED,JTo,0,0,0,NONE,0
100BB,HJ,BB,UNOPENED,J9o,0,0,0,NONE,0
100BB,HJ,BB,UNOPENED,J8o,0,0,0,NONE,0
100BB,HJ,BB,UNOPENED,J7o,0,0,0,NONE,0
100BB,HJ,BB,UNOPENED,J6o,0,0,0,NONE,0
100BB,HJ,BB,UNOPENED,J5o,0,0,0,NONE,0
100BB,HJ,BB,UNOPENED,J4o,0,0,0,NONE,0
100BB,HJ,BB,UNOPENED,J3o,0,0,0,NONE,0
100BB,HJ,BB,UNOPENED,J2o,0,0,0,NONE,0
100BB,HJ,BB,UNOPENED,T9o,0,0,0,NONE,0
100BB,HJ,BB,UNOPENED,T8o,0,0,0,NONE,0
100BB,HJ,BB,UNOPENED,T7o,0,0,0,NONE,0
100BB,HJ,BB,UNOPENED,T6o,0,0,0,NONE,0
100BB,HJ,BB,UNOPENED,T5o,0,0,0,NONE,0
100BB,HJ,BB,UNOPENED,T4o,0,0,0,NONE,0
100BB,HJ,BB,UNOPENED,T3o,0,0,0,NONE,0
100BB,HJ,BB,UNOPENED,T2o,0,0,0,NONE,0
100BB,HJ,BB,UNOPENED,98o,0,0,0,NONE,0
100BB,HJ,BB,UNOPENED,97o,0,0,0,NONE,0
100BB,HJ,BB,UNOPENED,96o,0,0,0,NONE,0
100BB,HJ,BB,UNOPENED,95o,0,0,0,NONE,0
100BB,HJ,BB,UNOPENED,94o,0,0,0,NONE,0
100BB,HJ,BB,UNOPENED,93o,0,0,0,NONE,0
100BB,HJ,BB,UNOPENED,92o,0,0,0,NONE,0
100BB,HJ,BB,UNOPENED,87o,0,0,0,NONE,0
100BB,HJ,BB,UNOPENED,86o,0,0,0,NONE,0
100BB,HJ,BB,UNOPENED,85o,0,0,0,NONE,0
100BB,HJ,BB,UNOPENED,84o,0,0,0,NONE,0
100BB,HJ,BB,UNOPENED,83o,0,0,0,NONE,0
100BB,HJ,BB,UNOPENED,82o,0,0,0,NONE,0
100BB,HJ,BB,UNOPENED,76o,0,0,0,NONE,0
100BB,HJ,BB,UNOPENED,75o,0,0,0,NONE,0
100BB,HJ,BB,UNOPENED,74o,0,0,0,NONE,0
100BB,HJ,BB,UNOPENED,73o,0,0,0,NONE,0
100BB,HJ,BB,UNOPENED,72o,0,0,0,NONE,0
100BB,HJ,BB,UNOPENED,65o,0,0,0,NONE,0
100BB,HJ,BB,UNOPENED,64o,0,0,0,NONE,0
100BB,HJ,BB,UNOPENED,63o,0,0,0,NONE,0
100BB,HJ,BB,UNOPENED,62o,0,0,0,NONE,0
100BB,HJ,BB,UNOPENED,54o,0,0,0,NONE,0
100BB,HJ,BB,UNOPENED,53o,0,0,0,NONE,0
100BB,HJ,BB,UNOPENED,52o,0,0,0,NONE,0
100BB,HJ,BB,UNOPENED,43o,0,0,0,NONE,0
100BB,HJ,BB,UNOPENED,42o,0,0,0,NONE,0
100BB,HJ,BB,UNOPENED,32o,0,0,0,NONE,0
100BB,HJ,BB,ONE_RAISE,AA,0,0,0,NONE,0
100BB,HJ,BB,ONE_RAISE,KK,0,0,0,NONE,0
100BB,HJ,BB,ONE_RAISE,QQ,0,0,0,NONE,0
100BB,HJ,BB,ONE_RAISE,JJ,0,0,0,NONE,0
100BB,HJ,BB,ONE_RAISE,TT,0,0,0,NONE,0
100BB,HJ,BB,ONE_RAISE,99,0,0,0,NONE,0
100BB,HJ,BB,ONE_RAISE,88,0,0,0,NONE,0
100BB,HJ,BB,ONE_RAISE,77,0,0,0,NONE,0
100BB,HJ,BB,ONE_RAISE,66,0,0,0,NONE,0
100BB,HJ,BB,ONE_RAISE,55,0,0,0,NONE,0
100BB,HJ,BB,ONE_RAISE,44,0,0,0,NONE,0
100BB,HJ,BB,ONE_RAISE,33,0,0,0,NONE,0
100BB,HJ,BB,ONE_RAISE,22,0,0,0,NONE,0
100BB,HJ,BB,ONE_RAISE,AKs,0,0,0,NONE,0
100BB,HJ,BB,ONE_RAISE,AQs,0,0,0,NONE,0
100BB,HJ,BB,ONE_RAISE,AJs,0,0,0,NONE,0
100BB,HJ,BB,ONE_RAISE,ATs,0,0,0,NONE,0
100BB,HJ,BB,ONE_RAISE,A9s,0,0,0,NONE,0
100BB,HJ,BB,ONE_RAISE,A8s,0,0,0,NONE,0
100BB,HJ,BB,ONE_RAISE,A7s,0,0,0,NONE,0
100BB,HJ,BB,ONE_RAISE,A6s,0,0,0,NONE,0
100BB,HJ,BB,ONE_RAISE,A5s,0,0,0,NONE,0
100BB,HJ,BB,ONE_RAISE,A4s,0,0,0,NONE,0
100BB,HJ,BB,ONE_RAISE,A3s,0,0,0,NONE,0
100BB,HJ,BB,ONE_RAISE,A2s,0,0,0,NONE,0
100BB,HJ,BB,ONE_RAISE,KQs,0,0,0,NONE,0
100BB,HJ,BB,ONE_RAISE,KJs,0,0,0,NONE,0
100BB,HJ,BB,ONE_RAISE,KTs,0,0,0,NONE,0
100BB,HJ,BB,ONE_RAISE,K9s,0,0,0,NONE,0
100BB,HJ,BB,ONE_RAISE,K8s,0,0,0,NONE,0
100BB,HJ,BB,ONE_RAISE,K7s,0,0,0,NONE,0
100BB,HJ,BB,ONE_RAISE,K6s,0,0,0,NONE,0
100BB,HJ,BB,ONE_RAISE,K5s,0,0,0,NONE,0
100BB,HJ,BB,ONE_RAISE,K4s,0,0,0,NONE,0
100BB,HJ,BB,ONE_RAISE,K3s,0,0,0,NONE,0
100BB,HJ,BB,ONE_RAISE,K2s,0,0,0,NONE,0
100BB,HJ,BB,ONE_RAISE,QJs,0,0,0,NONE,0
100BB,HJ,BB,ONE_RAISE,QTs,0,0,0,NONE,0
100BB,HJ,BB,ONE_RAISE,Q9s,0,0,0,NONE,0
100BB,HJ,BB,ONE_RAISE,Q8s,0,0,0,NONE,0
100BB,HJ,BB,ONE_RAISE,Q7s,0,0,0,NONE,0
100BB,HJ,BB,ONE_RAISE,Q6s,0,0,0,NONE,0
100BB,HJ,BB,ONE_RAISE,Q5s,0,0,0,NONE,0
100BB,HJ,BB,ONE_RAISE,Q4s,0,0,0,NONE,0
100BB,HJ,BB,ONE_RAISE,Q3s,0,0,0,NONE,0
100BB,HJ,BB,ONE_RAISE,Q2s,0,0,0,NONE,0
100BB,HJ,BB,ONE_RAISE,JTs,0,0,0,NONE,0
100BB,HJ,BB,ONE_RAISE,J9s,0,0,0,NONE,0
100BB,HJ,BB,ONE_RAISE,J8s,0,0,0,NONE,0
100BB,HJ,BB,ONE_RAISE,J7s,0,0,0,NONE,0
100BB,HJ,BB,ONE_RAISE,J6s,0,0,0,NONE,0
100BB,HJ,BB,ONE_RAISE,J5s,0,0,0,NONE,0
100BB,HJ,BB,ONE_RAISE,J4s,0,0,0,NONE,0
100BB,HJ,BB,ONE_RAISE,J3s,0,0,0,NONE,0
100BB,HJ,BB,ONE_RAISE,J2s,0,0,0,NONE,0
100BB,HJ,BB,ONE_RAISE,T9s,0,0,0,NONE,0
100BB,HJ,BB,ONE_RAISE,T8s,0,0,0,NONE,0
100BB,HJ,BB,ONE_RAISE,T7s,0,0,0,NONE,0
100BB,HJ,BB,ONE_RAISE,T6s,0,0,0,NONE,0
100BB,HJ,BB,ONE_RAISE,T5s,0,0,0,NONE,0
100BB,HJ,BB,ONE_RAISE,T4s,0,0,0,NONE,0
100BB,HJ,BB,ONE_RAISE,T3s,0,0,0,NONE,0
100BB,HJ,BB,ONE_RAISE,T2s,0,0,0,NONE,0
100BB,HJ,BB,ONE_RAISE,98s,0,0,0,NONE,0
100BB,HJ,BB,ONE_RAISE,97s,0,0,0,NONE,0
100BB,HJ,BB,ONE_RAISE,96s,0,0,0,NONE,0
100BB,HJ,BB,ONE_RAISE,95s,0,0,0,NONE,0
100BB,HJ,BB,ONE_RAISE,94s,0,0,0,NONE,0
100BB,HJ,BB,ONE_RAISE,93s,0,0,0,NONE,0
100BB,HJ,BB,ONE_RAISE,92s,0,0,0,NONE,0
100BB,HJ,BB,ONE_RAISE,87s,0,0,0,NONE,0
100BB,HJ,BB,ONE_RAISE,86s,0,0,0,NONE,0
100BB,HJ,BB,ONE_RAISE,85s,0,0,0,NONE,0
100BB,HJ,BB,ONE_RAISE,84s,0,0,0,NONE,0
100BB,HJ,BB,ONE_RAISE,83s,0,0,0,NONE,0
100BB,HJ,BB,ONE_RAISE,82s,0,0,0,NONE,0
100BB,HJ,BB,ONE_RAISE,76s,0,0,0,NONE,0
100BB,HJ,BB,ONE_RAISE,75s,0,0,0,NONE,0
100BB,HJ,BB,ONE_RAISE,74s,0,0,0,NONE,0
100BB,HJ,BB,ONE_RAISE,73s,0,0,0,NONE,0
100BB,HJ,BB,ONE_RAISE,72s,0,0,0,NONE,0
100BB,HJ,BB,ONE_RAISE,65s,0,0,0,NONE,0
100BB,HJ,BB,ONE_RAISE,64s,0,0,0,NONE,0
100BB,HJ,BB,ONE_RAISE,63s,0,0,0,NONE,0
100BB,HJ,BB,ONE_RAISE,62s,0,0,0,NONE,0
100BB,HJ,BB,ONE_RAISE,54s,0,0,0,NONE,0
100BB,HJ,BB,ONE_RAISE,53s,0,0,0,NONE,0
100BB,HJ,BB,ONE_RAISE,52s,0,0,0,NONE,0
100BB,HJ,BB,ONE_RAISE,43s,0,0,0,NONE,0
100BB,HJ,BB,ONE_RAISE,42s,0,0,0,NONE,0
100BB,HJ,BB,ONE_RAISE,32s,0,0,0,NONE,0
100BB,HJ,BB,ONE_RAISE,AKo,0,0,0,NONE,0
100BB,HJ,BB,ONE_RAISE,AQo,0,0,0,NONE,0
100BB,HJ,BB,ONE_RAISE,AJo,0,0,0,NONE,0
100BB,HJ,BB,ONE_RAISE,ATo,0,0,0,NONE,0
100BB,HJ,BB,ONE_RAISE,A9o,0,0,0,NONE,0
100BB,HJ,BB,ONE_RAISE,A8o,0,0,0,NONE,0
100BB,HJ,BB,ONE_RAISE,A7o,0,0,0,NONE,0
100BB,HJ,BB,ONE_RAISE,A6o,0,0,0,NONE,0
100BB,HJ,BB,ONE_RAISE,A5o,0,0,0,NONE,0
100BB,HJ,BB,ONE_RAISE,A4o,0,0,0,NONE,0
100BB,HJ,BB,ONE_RAISE,A3o,0,0,0,NONE,0
100BB,HJ,BB,ONE_RAISE,A2o,0,0,0,NONE,0
100BB,HJ,BB,ONE_RAISE,KQo,0,0,0,NONE,0
100BB,HJ,BB,ONE_RAISE,KJo,0,0,0,NONE,0
100BB,HJ,BB,ONE_RAISE,KTo,0,0,0,NONE,0
100BB,HJ,BB,ONE_RAISE,K9o,0,0,0,NONE,0
100BB,HJ,BB,ONE_RAISE,K8o,0,0,0,NONE,0
100BB,HJ,BB,ONE_RAISE,K7o,0,0,0,NONE,0
100BB,HJ,BB,ONE_RAISE,K6o,0,0,0,NONE,0
100BB,HJ,BB,ONE_RAISE,K5o,0,0,0,NONE,0
100BB,HJ,BB,ONE_RAISE,K4o,0,0,0,NONE,0
100BB,HJ,BB,ONE_RAISE,K3o,0,0,0,NONE,0
100BB,HJ,BB,ONE_RAISE,K2o,0,0,0,NONE,0
100BB,HJ,BB,ONE_RAISE,QJo,0,0,0,NONE,0
100BB,HJ,BB,ONE_RAISE,QTo,0,0,0,NONE,0
100BB,HJ,BB,ONE_RAISE,Q9o,0,0,0,NONE,0
100BB,HJ,BB,ONE_RAISE,Q8o,0,0,0,NONE,0
100BB,HJ,BB,ONE_RAISE,Q7o,0,0,0,NONE,0
100BB,HJ,BB,ONE_RAISE,Q6o,0,0,0,NONE,0
100BB,HJ,BB,ONE_RAISE,Q5o,0,0,0,NONE,0
100BB,HJ,BB,ONE_RAISE,Q4o,0,0,0,NONE,0
100BB,HJ,BB,ONE_RAISE,Q3o,0,0,0,NONE,0
100BB,HJ,BB,ONE_RAISE,Q2o,0,0,0,NONE,0
100BB,HJ,BB,ONE_RAISE,JTo,0,0,0,NONE,0
100BB,HJ,BB,ONE_RAISE,J9o,0,0,0,NONE,0
100BB,HJ,BB,ONE_RAISE,J8o,0,0,0,NONE,0
100BB,HJ,BB,ONE_RAISE,J7o,0,0,0,NONE,0
100BB,HJ,BB,ONE_RAISE,J6o,0,0,0,NONE,0
100BB,HJ,BB,ONE_RAISE,J5o,0,0,0,NONE,0
100BB,HJ,BB,ONE_RAISE,J4o,0,0,0,NONE,0
100BB,HJ,BB,ONE_RAISE,J3o,0,0,0,NONE,0
100BB,HJ,BB,ONE_RAISE,J2o,0,0,0,NONE,0
100BB,HJ,BB,ONE_RAISE,T9o,0,0,0,NONE,0
100BB,HJ,BB,ONE_RAISE,T8o,0,0,0,NONE,0
100BB,HJ,BB,ONE_RAISE,T7o,0,0,0,NONE,0
100BB,HJ,BB,ONE_RAISE,T6o,0,0,0,NONE,0
100BB,HJ,BB,ONE_RAISE,T5o,0,0,0,NONE,0
100BB,HJ,BB,ONE_RAISE,T4o,0,0,0,NONE,0
100BB,HJ,BB,ONE_RAISE,T3o,0,0,0,NONE,0
100BB,HJ,BB,ONE_RAISE,T2o,0,0,0,NONE,0
100BB,HJ,BB,ONE_RAISE,98o,0,0,0,NONE,0
100BB,HJ,BB,ONE_RAISE,97o,0,0,0,NONE,0
100BB,HJ,BB,ONE_RAISE,96o,0,0,0,NONE,0
100BB,HJ,BB,ONE_RAISE,95o,0,0,0,NONE,0
100BB,HJ,BB,ONE_RAISE,94o,0,0,0,NONE,0
100BB,HJ,BB,ONE_RAISE,93o,0,0,0,NONE,0
100BB,HJ,BB,ONE_RAISE,92o,0,0,0,NONE,0
100BB,HJ,BB,ONE_RAISE,87o,0,0,0,NONE,0
100BB,HJ,BB,ONE_RAISE,86o,0,0,0,NONE,0
100BB,HJ,BB,ONE_RAISE,85o,0,0,0,NONE,0
100BB,HJ,BB,ONE_RAISE,84o,0,0,0,NONE,0
100BB,HJ,BB,ONE_RAISE,83o,0,0,0,NONE,0
100BB,HJ,BB,ONE_RAISE,82o,0,0,0,NONE,0
100BB,HJ,BB,ONE_RAISE,76o,0,0,0,NONE,0
100BB,HJ,BB,ONE_RAISE,75o,0,0,0,NONE,0
100BB,HJ,BB,ONE_RAISE,74o,0,0,0,NONE,0
100BB,HJ,BB,ONE_RAISE,73o,0,0,0,NONE,0
100BB,HJ,BB,ONE_RAISE,72o,0,0,0,NONE,0
100BB,HJ,BB,ONE_RAISE,65o,0,0,0,NONE,0
100BB,HJ,BB,ONE_RAISE,64o,0,0,0,NONE,0
100BB,HJ,BB,ONE_RAISE,63o,0,0,0,NONE,0
100BB,HJ,BB,ONE_RAISE,62o,0,0,0,NONE,0
100BB,HJ,BB,ONE_RAISE,54o,0,0,0,NONE,0
100BB,HJ,BB,ONE_RAISE,53o,0,0,0,NONE,0
100BB,HJ,BB,ONE_RAISE,52o,0,0,0,NONE,0
100BB,HJ,BB,ONE_RAISE,43o,0,0,0,NONE,0
100BB,HJ,BB,ONE_RAISE,42o,0,0,0,NONE,0
100BB,HJ,BB,ONE_RAISE,32o,0,0,0,NONE,0
100BB,HJ,BB,THREE_BET,AA,0,30,70,2.2,1
100BB,HJ,BB,THREE_BET,KK,0,70,30,2.2,1
100BB,HJ,BB,THREE_BET,QQ,0,100,0,NONE,1
100BB,HJ,BB,THREE_BET,JJ,0,90,10,2.2,1
100BB,HJ,BB,THREE_BET,TT,0,100,0,NONE,1
100BB,HJ,BB,THREE_BET,99,0,100,0,NONE,1
100BB,HJ,BB,THREE_BET,88,0,100,0,NONE,1
100BB,HJ,BB,THREE_BET,77,0,100,0,NONE,1
100BB,HJ,BB,THREE_BET,66,0,100,0,NONE,1
100BB,HJ,BB,THREE_BET,55,40,60,0,NONE,1
100BB,HJ,BB,THREE_BET,44,23,77,0,NONE,1
100BB,HJ,BB,THREE_BET,33,81,19,0,NONE,1
100BB,HJ,BB,THREE_BET,22,100,0,0,NONE,1
100BB,HJ,BB,THREE_BET,AKs,0,100,0,NONE,1
100BB,HJ,BB,THREE_BET,AQs,0,100,0,NONE,1
100BB,HJ,BB,THREE_BET,AJs,0,100,0,NONE,1
100BB,HJ,BB,THREE_BET,ATs,0,100,0,NONE,1
100BB,HJ,BB,THREE_BET,A9s,0,100,0,NONE,1
100BB,HJ,BB,THREE_BET,A8s,0,100,0,NONE,1
100BB,HJ,BB,THREE_BET,A7s,0,81,19,2.2,1
100BB,HJ,BB,THREE_BET,A6s,71,23,6,2.2,1
100BB,HJ,BB,THREE_BET,A5s,0,100,0,NONE,1
100BB,HJ,BB,THREE_BET,A4s,0,100,0,NONE,1
100BB,HJ,BB,THREE_BET,A3s,1,54,45,2.2,1
100BB,HJ,BB,THREE_BET,A2s,56,35,9,2.2,1
100BB,HJ,BB,THREE_BET,KQs,0,100,0,NONE,1
100BB,HJ,BB,THREE_BET,KJs,0,100,0,NONE,1
100BB,HJ,BB,THREE_BET,KTs,0,100,0,NONE,1
100BB,HJ,BB,THREE_BET,K9s,55,26,19,2.2,1
100BB,HJ,BB,THREE_BET,K8s,84,13,3,2.2,1
100BB,HJ,BB,THREE_BET,K7s,84,0,16,2.2,1
100BB,HJ,BB,THREE_BET,K6s,89,0,11,2.2,1
100BB,HJ,BB,THREE_BET,K5s,100,0,0,NONE,1
100BB,HJ,BB,THREE_BET,K4s,100,0,0,NONE,1
100BB,HJ,BB,THREE_BET,K3s,100,0,0,NONE,1
100BB,HJ,BB,THREE_BET,K2s,100,0,0,NONE,1
100BB,HJ,BB,THREE_BET,QJs,0,100,0,NONE,1
100BB,HJ,BB,THREE_BET,QTs,0,100,0,NONE,1
100BB,HJ,BB,THREE_BET,Q9s,0,100,0,NONE,1
100BB,HJ,BB,THREE_BET,Q8s,100,0,0,NONE,1
100BB,HJ,BB,THREE_BET,Q7s,100,0,0,NONE,1
100BB,HJ,BB,THREE_BET,Q6s,100,0,0,NONE,1
100BB,HJ,BB,THREE_BET,Q5s,100,0,0,NONE,1
100BB,HJ,BB,THREE_BET,Q4s,100,0,0,NONE,1
100BB,HJ,BB,THREE_BET,Q3s,100,0,0,NONE,1
100BB,HJ,BB,THREE_BET,Q2s,100,0,0,NONE,1
100BB,HJ,BB,THREE_BET,JTs,0,100,0,NONE,1
100BB,HJ,BB,THREE_BET,J9s,0,100,0,NONE,1
100BB,HJ,BB,THREE_BET,J8s,100,0,0,NONE,1
100BB,HJ,BB,THREE_BET,J7s,100,0,0,NONE,1
100BB,HJ,BB,THREE_BET,J6s,100,0,0,NONE,1
100BB,HJ,BB,THREE_BET,J5s,100,0,0,NONE,1
100BB,HJ,BB,THREE_BET,J4s,100,0,0,NONE,1
100BB,HJ,BB,THREE_BET,J3s,100,0,0,NONE,1
100BB,HJ,BB,THREE_BET,J2s,100,0,0,NONE,1
100BB,HJ,BB,THREE_BET,T9s,0,100,0,NONE,1
100BB,HJ,BB,THREE_BET,T8s,56,41,3,2.2,1
100BB,HJ,BB,THREE_BET,T7s,100,0,0,NONE,1
100BB,HJ,BB,THREE_BET,T6s,100,0,0,NONE,1
100BB,HJ,BB,THREE_BET,T5s,100,0,0,NONE,1
100BB,HJ,BB,THREE_BET,T4s,100,0,0,NONE,1
100BB,HJ,BB,THREE_BET,T3s,100,0,0,NONE,1
100BB,HJ,BB,THREE_BET,T2s,100,0,0,NONE,1
100BB,HJ,BB,THREE_BET,98s,85,15,0,NONE,1
100BB,HJ,BB,THREE_BET,97s,100,0,0,NONE,1
100BB,HJ,BB,THREE_BET,96s,100,0,0,NONE,1
100BB,HJ,BB,THREE_BET,95s,100,0,0,NONE,1
100BB,HJ,BB,THREE_BET,94s,100,0,0,NONE,1
100BB,HJ,BB,THREE_BET,93s,100,0,0,NONE,1
100BB,HJ,BB,THREE_BET,92s,100,0,0,NONE,1
100BB,HJ,BB,THREE_BET,87s,12,88,0,NONE,1
100BB,HJ,BB,THREE_BET,86s,100,0,0,NONE,1
100BB,HJ,BB,THREE_BET,85s,100,0,0,NONE,1
100BB,HJ,BB,THREE_BET,84s,100,0,0,NONE,1
100BB,HJ,BB,THREE_BET,83s,100,0,0,NONE,1
100BB,HJ,BB,THREE_BET,82s,100,0,0,NONE,1
100BB,HJ,BB,THREE_BET,76s,5,95,0,NONE,1
100BB,HJ,BB,THREE_BET,75s,100,0,0,NONE,1
100BB,HJ,BB,THREE_BET,74s,100,0,0,NONE,1
100BB,HJ,BB,THREE_BET,73s,100,0,0,NONE,1
100BB,HJ,BB,THREE_BET,72s,100,0,0,NONE,1
100BB,HJ,BB,THREE_BET,65s,11,89,0,NONE,1
100BB,HJ,BB,THREE_BET,64s,100,0,0,NONE,1
100BB,HJ,BB,THREE_BET,63s,100,0,0,NONE,1
100BB,HJ,BB,THREE_BET,62s,100,0,0,NONE,1
100BB,HJ,BB,THREE_BET,54s,30,70,0,NONE,1
100BB,HJ,BB,THREE_BET,53s,100,0,0,NONE,1
100BB,HJ,BB,THREE_BET,52s,100,0,0,NONE,1
100BB,HJ,BB,THREE_BET,43s,100,0,0,NONE,1
100BB,HJ,BB,THREE_BET,42s,100,0,0,NONE,1
100BB,HJ,BB,THREE_BET,32s,100,0,0,NONE,1
100BB,HJ,BB,THREE_BET,AKo,0,52,48,2.2,1
100BB,HJ,BB,THREE_BET,AQo,2,85,13,2.2,1
100BB,HJ,BB,THREE_BET,AJo,100,0,0,NONE,1
100BB,HJ,BB,THREE_BET,ATo,100,0,0,NONE,1
100BB,HJ,BB,THREE_BET,A9o,100,0,0,NONE,1
100BB,HJ,BB,THREE_BET,A8o,100,0,0,NONE,1
100BB,HJ,BB,THREE_BET,A7o,100,0,0,NONE,1
100BB,HJ,BB,THREE_BET,A6o,100,0,0,NONE,1
100BB,HJ,BB,THREE_BET,A5o,100,0,0,NONE,1
100BB,HJ,BB,THREE_BET,A4o,100,0,0,NONE,1
100BB,HJ,BB,THREE_BET,A3o,100,0,0,NONE,1
100BB,HJ,BB,THREE_BET,A2o,100,0,0,NONE,1
100BB,HJ,BB,THREE_BET,KQo,90,10,0,NONE,1
100BB,HJ,BB,THREE_BET,KJo,95,0,5,2.2,1
100BB,HJ,BB,THREE_BET,KTo,100,0,0,NONE,1
100BB,HJ,BB,THREE_BET,K9o,100,0,0,NONE,1
100BB,HJ,BB,THREE_BET,K8o,100,0,0,NONE,1
100BB,HJ,BB,THREE_BET,K7o,100,0,0,NONE,1
100BB,HJ,BB,THREE_BET,K6o,100,0,0,NONE,1
100BB,HJ,BB,THREE_BET,K5o,100,0,0,NONE,1
100BB,HJ,BB,THREE_BET,K4o,100,0,0,NONE,1
100BB,HJ,BB,THREE_BET,K3o,100,0,0,NONE,1
100BB,HJ,BB,THREE_BET,K2o,100,0,0,NONE,1
100BB,HJ,BB,THREE_BET,QJo,100,0,0,NONE,1
100BB,HJ,BB,THREE_BET,QTo,100,0,0,NONE,1
100BB,HJ,BB,THREE_BET,Q9o,100,0,0,NONE,1
100BB,HJ,BB,THREE_BET,Q8o,100,0,0,NONE,1
100BB,HJ,BB,THREE_BET,Q7o,100,0,0,NONE,1
100BB,HJ,BB,THREE_BET,Q6o,100,0,0,NONE,1
100BB,HJ,BB,THREE_BET,Q5o,100,0,0,NONE,1
100BB,HJ,BB,THREE_BET,Q4o,100,0,0,NONE,1
100BB,HJ,BB,THREE_BET,Q3o,100,0,0,NONE,1
100BB,HJ,BB,THREE_BET,Q2o,100,0,0,NONE,1
100BB,HJ,BB,THREE_BET,JTo,100,0,0,NONE,1
100BB,HJ,BB,THREE_BET,J9o,100,0,0,NONE,1
100BB,HJ,BB,THREE_BET,J8o,100,0,0,NONE,1
100BB,HJ,BB,THREE_BET,J7o,100,0,0,NONE,1
100BB,HJ,BB,THREE_BET,J6o,100,0,0,NONE,1
100BB,HJ,BB,THREE_BET,J5o,100,0,0,NONE,1
100BB,HJ,BB,THREE_BET,J4o,100,0,0,NONE,1
100BB,HJ,BB,THREE_BET,J3o,100,0,0,NONE,1
100BB,HJ,BB,THREE_BET,J2o,100,0,0,NONE,1
100BB,HJ,BB,THREE_BET,T9o,100,0,0,NONE,1
100BB,HJ,BB,THREE_BET,T8o,100,0,0,NONE,1
100BB,HJ,BB,THREE_BET,T7o,100,0,0,NONE,1
100BB,HJ,BB,THREE_BET,T6o,100,0,0,NONE,1
100BB,HJ,BB,THREE_BET,T5o,100,0,0,NONE,1
100BB,HJ,BB,THREE_BET,T4o,100,0,0,NONE,1
100BB,HJ,BB,THREE_BET,T3o,100,0,0,NONE,1
100BB,HJ,BB,THREE_BET,T2o,100,0,0,NONE,1
100BB,HJ,BB,THREE_BET,98o,100,0,0,NONE,1
100BB,HJ,BB,THREE_BET,97o,100,0,0,NONE,1
100BB,HJ,BB,THREE_BET,96o,100,0,0,NONE,1
100BB,HJ,BB,THREE_BET,95o,100,0,0,NONE,1
100BB,HJ,BB,THREE_BET,94o,100,0,0,NONE,1
100BB,HJ,BB,THREE_BET,93o,100,0,0,NONE,1
100BB,HJ,BB,THREE_BET,92o,100,0,0,NONE,1
100BB,HJ,BB,THREE_BET,87o,100,0,0,NONE,1
100BB,HJ,BB,THREE_BET,86o,100,0,0,NONE,1
100BB,HJ,BB,THREE_BET,85o,100,0,0,NONE,1
100BB,HJ,BB,THREE_BET,84o,100,0,0,NONE,1
100BB,HJ,BB,THREE_BET,83o,100,0,0,NONE,1
100BB,HJ,BB,THREE_BET,82o,100,0,0,NONE,1
100BB,HJ,BB,THREE_BET,76o,100,0,0,NONE,1
100BB,HJ,BB,THREE_BET,75o,100,0,0,NONE,1
100BB,HJ,BB,THREE_BET,74o,100,0,0,NONE,1
100BB,HJ,BB,THREE_BET,73o,100,0,0,NONE,1
100BB,HJ,BB,THREE_BET,72o,100,0,0,NONE,1
100BB,HJ,BB,THREE_BET,65o,100,0,0,NONE,1
100BB,HJ,BB,THREE_BET,64o,100,0,0,NONE,1
100BB,HJ,BB,THREE_BET,63o,100,0,0,NONE,1
100BB,HJ,BB,THREE_BET,62o,100,0,0,NONE,1
100BB,HJ,BB,THREE_BET,54o,100,0,0,NONE,1
100BB,HJ,BB,THREE_BET,53o,100,0,0,NONE,1
100BB,HJ,BB,THREE_BET,52o,100,0,0,NONE,1
100BB,HJ,BB,THREE_BET,43o,100,0,0,NONE,1
100BB,HJ,BB,THREE_BET,42o,100,0,0,NONE,1
100BB,HJ,BB,THREE_BET,32o,100,0,0,NONE,1
100BB,CO,UTG,UNOPENED,AA,0,0,0,NONE,0
100BB,CO,UTG,UNOPENED,KK,0,0,0,NONE,0
100BB,CO,UTG,UNOPENED,QQ,0,0,0,NONE,0
100BB,CO,UTG,UNOPENED,JJ,0,0,0,NONE,0
100BB,CO,UTG,UNOPENED,TT,0,0,0,NONE,0
100BB,CO,UTG,UNOPENED,99,0,0,0,NONE,0
100BB,CO,UTG,UNOPENED,88,0,0,0,NONE,0
100BB,CO,UTG,UNOPENED,77,0,0,0,NONE,0
100BB,CO,UTG,UNOPENED,66,0,0,0,NONE,0
100BB,CO,UTG,UNOPENED,55,0,0,0,NONE,0
100BB,CO,UTG,UNOPENED,44,0,0,0,NONE,0
100BB,CO,UTG,UNOPENED,33,0,0,0,NONE,0
100BB,CO,UTG,UNOPENED,22,0,0,0,NONE,0
100BB,CO,UTG,UNOPENED,AKs,0,0,0,NONE,0
100BB,CO,UTG,UNOPENED,AQs,0,0,0,NONE,0
100BB,CO,UTG,UNOPENED,AJs,0,0,0,NONE,0
100BB,CO,UTG,UNOPENED,ATs,0,0,0,NONE,0
100BB,CO,UTG,UNOPENED,A9s,0,0,0,NONE,0
100BB,CO,UTG,UNOPENED,A8s,0,0,0,NONE,0
100BB,CO,UTG,UNOPENED,A7s,0,0,0,NONE,0
100BB,CO,UTG,UNOPENED,A6s,0,0,0,NONE,0
100BB,CO,UTG,UNOPENED,A5s,0,0,0,NONE,0
100BB,CO,UTG,UNOPENED,A4s,0,0,0,NONE,0
100BB,CO,UTG,UNOPENED,A3s,0,0,0,NONE,0
100BB,CO,UTG,UNOPENED,A2s,0,0,0,NONE,0
100BB,CO,UTG,UNOPENED,KQs,0,0,0,NONE,0
100BB,CO,UTG,UNOPENED,KJs,0,0,0,NONE,0
100BB,CO,UTG,UNOPENED,KTs,0,0,0,NONE,0
100BB,CO,UTG,UNOPENED,K9s,0,0,0,NONE,0
100BB,CO,UTG,UNOPENED,K8s,0,0,0,NONE,0
100BB,CO,UTG,UNOPENED,K7s,0,0,0,NONE,0
100BB,CO,UTG,UNOPENED,K6s,0,0,0,NONE,0
100BB,CO,UTG,UNOPENED,K5s,0,0,0,NONE,0
100BB,CO,UTG,UNOPENED,K4s,0,0,0,NONE,0
100BB,CO,UTG,UNOPENED,K3s,0,0,0,NONE,0
100BB,CO,UTG,UNOPENED,K2s,0,0,0,NONE,0
100BB,CO,UTG,UNOPENED,QJs,0,0,0,NONE,0
100BB,CO,UTG,UNOPENED,QTs,0,0,0,NONE,0
100BB,CO,UTG,UNOPENED,Q9s,0,0,0,NONE,0
100BB,CO,UTG,UNOPENED,Q8s,0,0,0,NONE,0
100BB,CO,UTG,UNOPENED,Q7s,0,0,0,NONE,0
100BB,CO,UTG,UNOPENED,Q6s,0,0,0,NONE,0
100BB,CO,UTG,UNOPENED,Q5s,0,0,0,NONE,0
100BB,CO,UTG,UNOPENED,Q4s,0,0,0,NONE,0
100BB,CO,UTG,UNOPENED,Q3s,0,0,0,NONE,0
100BB,CO,UTG,UNOPENED,Q2s,0,0,0,NONE,0
100BB,CO,UTG,UNOPENED,JTs,0,0,0,NONE,0
100BB,CO,UTG,UNOPENED,J9s,0,0,0,NONE,0
100BB,CO,UTG,UNOPENED,J8s,0,0,0,NONE,0
100BB,CO,UTG,UNOPENED,J7s,0,0,0,NONE,0
100BB,CO,UTG,UNOPENED,J6s,0,0,0,NONE,0
100BB,CO,UTG,UNOPENED,J5s,0,0,0,NONE,0
100BB,CO,UTG,UNOPENED,J4s,0,0,0,NONE,0
100BB,CO,UTG,UNOPENED,J3s,0,0,0,NONE,0
100BB,CO,UTG,UNOPENED,J2s,0,0,0,NONE,0
100BB,CO,UTG,UNOPENED,T9s,0,0,0,NONE,0
100BB,CO,UTG,UNOPENED,T8s,0,0,0,NONE,0
100BB,CO,UTG,UNOPENED,T7s,0,0,0,NONE,0
100BB,CO,UTG,UNOPENED,T6s,0,0,0,NONE,0
100BB,CO,UTG,UNOPENED,T5s,0,0,0,NONE,0
100BB,CO,UTG,UNOPENED,T4s,0,0,0,NONE,0
100BB,CO,UTG,UNOPENED,T3s,0,0,0,NONE,0
100BB,CO,UTG,UNOPENED,T2s,0,0,0,NONE,0
100BB,CO,UTG,UNOPENED,98s,0,0,0,NONE,0
100BB,CO,UTG,UNOPENED,97s,0,0,0,NONE,0
100BB,CO,UTG,UNOPENED,96s,0,0,0,NONE,0
100BB,CO,UTG,UNOPENED,95s,0,0,0,NONE,0
100BB,CO,UTG,UNOPENED,94s,0,0,0,NONE,0
100BB,CO,UTG,UNOPENED,93s,0,0,0,NONE,0
100BB,CO,UTG,UNOPENED,92s,0,0,0,NONE,0
100BB,CO,UTG,UNOPENED,87s,0,0,0,NONE,0
100BB,CO,UTG,UNOPENED,86s,0,0,0,NONE,0
100BB,CO,UTG,UNOPENED,85s,0,0,0,NONE,0
100BB,CO,UTG,UNOPENED,84s,0,0,0,NONE,0
100BB,CO,UTG,UNOPENED,83s,0,0,0,NONE,0
100BB,CO,UTG,UNOPENED,82s,0,0,0,NONE,0
100BB,CO,UTG,UNOPENED,76s,0,0,0,NONE,0
100BB,CO,UTG,UNOPENED,75s,0,0,0,NONE,0
100BB,CO,UTG,UNOPENED,74s,0,0,0,NONE,0
100BB,CO,UTG,UNOPENED,73s,0,0,0,NONE,0
100BB,CO,UTG,UNOPENED,72s,0,0,0,NONE,0
100BB,CO,UTG,UNOPENED,65s,0,0,0,NONE,0
100BB,CO,UTG,UNOPENED,64s,0,0,0,NONE,0
100BB,CO,UTG,UNOPENED,63s,0,0,0,NONE,0
100BB,CO,UTG,UNOPENED,62s,0,0,0,NONE,0
100BB,CO,UTG,UNOPENED,54s,0,0,0,NONE,0
100BB,CO,UTG,UNOPENED,53s,0,0,0,NONE,0
100BB,CO,UTG,UNOPENED,52s,0,0,0,NONE,0
100BB,CO,UTG,UNOPENED,43s,0,0,0,NONE,0
100BB,CO,UTG,UNOPENED,42s,0,0,0,NONE,0
100BB,CO,UTG,UNOPENED,32s,0,0,0,NONE,0
100BB,CO,UTG,UNOPENED,AKo,0,0,0,NONE,0
100BB,CO,UTG,UNOPENED,AQo,0,0,0,NONE,0
100BB,CO,UTG,UNOPENED,AJo,0,0,0,NONE,0
100BB,CO,UTG,UNOPENED,ATo,0,0,0,NONE,0
100BB,CO,UTG,UNOPENED,A9o,0,0,0,NONE,0
100BB,CO,UTG,UNOPENED,A8o,0,0,0,NONE,0
100BB,CO,UTG,UNOPENED,A7o,0,0,0,NONE,0
100BB,CO,UTG,UNOPENED,A6o,0,0,0,NONE,0
100BB,CO,UTG,UNOPENED,A5o,0,0,0,NONE,0
100BB,CO,UTG,UNOPENED,A4o,0,0,0,NONE,0
100BB,CO,UTG,UNOPENED,A3o,0,0,0,NONE,0
100BB,CO,UTG,UNOPENED,A2o,0,0,0,NONE,0
100BB,CO,UTG,UNOPENED,KQo,0,0,0,NONE,0
100BB,CO,UTG,UNOPENED,KJo,0,0,0,NONE,0
100BB,CO,UTG,UNOPENED,KTo,0,0,0,NONE,0
100BB,CO,UTG,UNOPENED,K9o,0,0,0,NONE,0
100BB,CO,UTG,UNOPENED,K8o,0,0,0,NONE,0
100BB,CO,UTG,UNOPENED,K7o,0,0,0,NONE,0
100BB,CO,UTG,UNOPENED,K6o,0,0,0,NONE,0
100BB,CO,UTG,UNOPENED,K5o,0,0,0,NONE,0
100BB,CO,UTG,UNOPENED,K4o,0,0,0,NONE,0
100BB,CO,UTG,UNOPENED,K3o,0,0,0,NONE,0
100BB,CO,UTG,UNOPENED,K2o,0,0,0,NONE,0
100BB,CO,UTG,UNOPENED,QJo,0,0,0,NONE,0
100BB,CO,UTG,UNOPENED,QTo,0,0,0,NONE,0
100BB,CO,UTG,UNOPENED,Q9o,0,0,0,NONE,0
100BB,CO,UTG,UNOPENED,Q8o,0,0,0,NONE,0
100BB,CO,UTG,UNOPENED,Q7o,0,0,0,NONE,0
100BB,CO,UTG,UNOPENED,Q6o,0,0,0,NONE,0
100BB,CO,UTG,UNOPENED,Q5o,0,0,0,NONE,0
100BB,CO,UTG,UNOPENED,Q4o,0,0,0,NONE,0
100BB,CO,UTG,UNOPENED,Q3o,0,0,0,NONE,0
100BB,CO,UTG,UNOPENED,Q2o,0,0,0,NONE,0
100BB,CO,UTG,UNOPENED,JTo,0,0,0,NONE,0
100BB,CO,UTG,UNOPENED,J9o,0,0,0,NONE,0
100BB,CO,UTG,UNOPENED,J8o,0,0,0,NONE,0
100BB,CO,UTG,UNOPENED,J7o,0,0,0,NONE,0
100BB,CO,UTG,UNOPENED,J6o,0,0,0,NONE,0
100BB,CO,UTG,UNOPENED,J5o,0,0,0,NONE,0
100BB,CO,UTG,UNOPENED,J4o,0,0,0,NONE,0
100BB,CO,UTG,UNOPENED,J3o,0,0,0,NONE,0
100BB,CO,UTG,UNOPENED,J2o,0,0,0,NONE,0
100BB,CO,UTG,UNOPENED,T9o,0,0,0,NONE,0
100BB,CO,UTG,UNOPENED,T8o,0,0,0,NONE,0
100BB,CO,UTG,UNOPENED,T7o,0,0,0,NONE,0
100BB,CO,UTG,UNOPENED,T6o,0,0,0,NONE,0
100BB,CO,UTG,UNOPENED,T5o,0,0,0,NONE,0
100BB,CO,UTG,UNOPENED,T4o,0,0,0,NONE,0
100BB,CO,UTG,UNOPENED,T3o,0,0,0,NONE,0
100BB,CO,UTG,UNOPENED,T2o,0,0,0,NONE,0
100BB,CO,UTG,UNOPENED,98o,0,0,0,NONE,0
100BB,CO,UTG,UNOPENED,97o,0,0,0,NONE,0
100BB,CO,UTG,UNOPENED,96o,0,0,0,NONE,0
100BB,CO,UTG,UNOPENED,95o,0,0,0,NONE,0
100BB,CO,UTG,UNOPENED,94o,0,0,0,NONE,0
100BB,CO,UTG,UNOPENED,93o,0,0,0,NONE,0
100BB,CO,UTG,UNOPENED,92o,0,0,0,NONE,0
100BB,CO,UTG,UNOPENED,87o,0,0,0,NONE,0
100BB,CO,UTG,UNOPENED,86o,0,0,0,NONE,0
100BB,CO,UTG,UNOPENED,85o,0,0,0,NONE,0
100BB,CO,UTG,UNOPENED,84o,0,0,0,NONE,0
100BB,CO,UTG,UNOPENED,83o,0,0,0,NONE,0
100BB,CO,UTG,UNOPENED,82o,0,0,0,NONE,0
100BB,CO,UTG,UNOPENED,76o,0,0,0,NONE,0
100BB,CO,UTG,UNOPENED,75o,0,0,0,NONE,0
100BB,CO,UTG,UNOPENED,74o,0,0,0,NONE,0
100BB,CO,UTG,UNOPENED,73o,0,0,0,NONE,0
100BB,CO,UTG,UNOPENED,72o,0,0,0,NONE,0
100BB,CO,UTG,UNOPENED,65o,0,0,0,NONE,0
100BB,CO,UTG,UNOPENED,64o,0,0,0,NONE,0
100BB,CO,UTG,UNOPENED,63o,0,0,0,NONE,0
100BB,CO,UTG,UNOPENED,62o,0,0,0,NONE,0
100BB,CO,UTG,UNOPENED,54o,0,0,0,NONE,0
100BB,CO,UTG,UNOPENED,53o,0,0,0,NONE,0
100BB,CO,UTG,UNOPENED,52o,0,0,0,NONE,0
100BB,CO,UTG,UNOPENED,43o,0,0,0,NONE,0
100BB,CO,UTG,UNOPENED,42o,0,0,0,NONE,0
100BB,CO,UTG,UNOPENED,32o,0,0,0,NONE,0
100BB,CO,UTG,ONE_RAISE,AA,0,0,100,4,1
100BB,CO,UTG,ONE_RAISE,KK,0,0,100,4,1
100BB,CO,UTG,ONE_RAISE,QQ,0,38,62,4,1
100BB,CO,UTG,ONE_RAISE,JJ,0,70,30,4,1
100BB,CO,UTG,ONE_RAISE,TT,0,66,34,4,1
100BB,CO,UTG,ONE_RAISE,99,0,77,23,4,1
100BB,CO,UTG,ONE_RAISE,88,0,91,9,4,1
100BB,CO,UTG,ONE_RAISE,77,0,100,0,NONE,1
100BB,CO,UTG,ONE_RAISE,66,0,86,14,4,1
100BB,CO,UTG,ONE_RAISE,55,0,100,0,NONE,1
100BB,CO,UTG,ONE_RAISE,44,0,100,0,NONE,1
100BB,CO,UTG,ONE_RAISE,33,0,100,0,NONE,1
100BB,CO,UTG,ONE_RAISE,22,0,100,0,NONE,1
100BB,CO,UTG,ONE_RAISE,AKs,0,0,100,4,1
100BB,CO,UTG,ONE_RAISE,AQs,0,45,55,4,1
100BB,CO,UTG,ONE_RAISE,AJs,0,94,6,4,1
100BB,CO,UTG,ONE_RAISE,ATs,0,94,6,4,1
100BB,CO,UTG,ONE_RAISE,A9s,0,70,30,4,1
100BB,CO,UTG,ONE_RAISE,A8s,0,85,15,4,1
100BB,CO,UTG,ONE_RAISE,A7s,0,74,26,4,1
100BB,CO,UTG,ONE_RAISE,A6s,0,74,26,4,1
100BB,CO,UTG,ONE_RAISE,A5s,0,32,68,4,1
100BB,CO,UTG,ONE_RAISE,A4s,0,89,11,4,1
100BB,CO,UTG,ONE_RAISE,A3s,0,84,16,4,1
100BB,CO,UTG,ONE_RAISE,A2s,0,56,44,4,1
100BB,CO,UTG,ONE_RAISE,KQs,0,96,4,4,1
100BB,CO,UTG,ONE_RAISE,KJs,0,52,48,4,1
100BB,CO,UTG,ONE_RAISE,KTs,0,78,22,4,1
100BB,CO,UTG,ONE_RAISE,K9s,0,71,29,4,1
100BB,CO,UTG,ONE_RAISE,K8s,0,69,31,4,1
100BB,CO,UTG,ONE_RAISE,K7s,1,50,49,4,1
100BB,CO,UTG,ONE_RAISE,K6s,55,21,24,4,1
100BB,CO,UTG,ONE_RAISE,K5s,24,23,53,4,1
100BB,CO,UTG,ONE_RAISE,K4s,100,0,0,NONE,1
100BB,CO,UTG,ONE_RAISE,K3s,100,0,0,NONE,1
100BB,CO,UTG,ONE_RAISE,K2s,100,0,0,NONE,1
100BB,CO,UTG,ONE_RAISE,QJs,0,54,46,4,1
100BB,CO,UTG,ONE_RAISE,QTs,0,90,10,4,1
100BB,CO,UTG,ONE_RAISE,Q9s,0,50,50,4,1
100BB,CO,UTG,ONE_RAISE,Q8s,59,0,41,4,1
100BB,CO,UTG,ONE_RAISE,Q7s,100,0,0,NONE,1
100BB,CO,UTG,ONE_RAISE,Q6s,100,0,0,NONE,1
100BB,CO,UTG,ONE_RAISE,Q5s,100,0,0,NONE,1
100BB,CO,UTG,ONE_RAISE,Q4s,100,0,0,NONE,1
100BB,CO,UTG,ONE_RAISE,Q3s,100,0,0,NONE,1
100BB,CO,UTG,ONE_RAISE,Q2s,100,0,0,NONE,1
100BB,CO,UTG,ONE_RAISE,JTs,0,65,35,4,1
100BB,CO,UTG,ONE_RAISE,J9s,0,60,40,4,1
100BB,CO,UTG,ONE_RAISE,J8s,100,0,0,NONE,1
100BB,CO,UTG,ONE_RAISE,J7s,100,0,0,NONE,1
100BB,CO,UTG,ONE_RAISE,J6s,100,0,0,NONE,1
100BB,CO,UTG,ONE_RAISE,J5s,100,0,0,NONE,1
100BB,CO,UTG,ONE_RAISE,J4s,100,0,0,NONE,1
100BB,CO,UTG,ONE_RAISE,J3s,100,0,0,NONE,1
100BB,CO,UTG,ONE_RAISE,J2s,100,0,0,NONE,1
100BB,CO,UTG,ONE_RAISE,T9s,0,53,47,4,1
100BB,CO,UTG,ONE_RAISE,T8s,0,98,2,4,1
100BB,CO,UTG,ONE_RAISE,T7s,100,0,0,NONE,1
100BB,CO,UTG,ONE_RAISE,T6s,100,0,0,NONE,1
100BB,CO,UTG,ONE_RAISE,T5s,100,0,0,NONE,1
100BB,CO,UTG,ONE_RAISE,T4s,100,0,0,NONE,1
100BB,CO,UTG,ONE_RAISE,T3s,100,0,0,NONE,1
100BB,CO,UTG,ONE_RAISE,T2s,100,0,0,NONE,1
100BB,CO,UTG,ONE_RAISE,98s,0,76,24,4,1
100BB,CO,UTG,ONE_RAISE,97s,46,53,1,4,1
100BB,CO,UTG,ONE_RAISE,96s,100,0,0,NONE,1
100BB,CO,UTG,ONE_RAISE,95s,100,0,0,NONE,1
100BB,CO,UTG,ONE_RAISE,94s,100,0,0,NONE,1
100BB,CO,UTG,ONE_RAISE,93s,100,0,0,NONE,1
100BB,CO,UTG,ONE_RAISE,92s,100,0,0,NONE,1
100BB,CO,UTG,ONE_RAISE,87s,0,50,50,4,1
100BB,CO,UTG,ONE_RAISE,86s,100,0,0,NONE,1
100BB,CO,UTG,ONE_RAISE,85s,100,0,0,NONE,1
100BB,CO,UTG,ONE_RAISE,84s,100,0,0,NONE,1
100BB,CO,UTG,ONE_RAISE,83s,100,0,0,NONE,1
100BB,CO,UTG,ONE_RAISE,82s,100,0,0,NONE,1
100BB,CO,UTG,ONE_RAISE,76s,0,55,45,4,1
100BB,CO,UTG,ONE_RAISE,75s,100,0,0,NONE,1
100BB,CO,UTG,ONE_RAISE,74s,100,0,0,NONE,1
100BB,CO,UTG,ONE_RAISE,73s,100,0,0,NONE,1
100BB,CO,UTG,ONE_RAISE,72s,100,0,0,NONE,1
100BB,CO,UTG,ONE_RAISE,65s,0,43,57,4,1
100BB,CO,UTG,ONE_RAISE,64s,100,0,0,NONE,1
100BB,CO,UTG,ONE_RAISE,63s,100,0,0,NONE,1
100BB,CO,UTG,ONE_RAISE,62s,100,0,0,NONE,1
100BB,CO,UTG,ONE_RAISE,54s,0,64,36,4,1
100BB,CO,UTG,ONE_RAISE,53s,100,0,0,NONE,1
100BB,CO,UTG,ONE_RAISE,52s,100,0,0,NONE,1
100BB,CO,UTG,ONE_RAISE,43s,100,0,0,NONE,1
100BB,CO,UTG,ONE_RAISE,42s,100,0,0,NONE,1
100BB,CO,UTG,ONE_RAISE,32s,100,0,0,NONE,1
100BB,CO,UTG,ONE_RAISE,AKo,0,26,74,4,1
100BB,CO,UTG,ONE_RAISE,AQo,0,67,33,4,1
100BB,CO,UTG,ONE_RAISE,AJo,0,76,24,4,1
100BB,CO,UTG,ONE_RAISE,ATo,10,23,67,4,1
100BB,CO,UTG,ONE_RAISE,A9o,100,0,0,NONE,1
100BB,CO,UTG,ONE_RAISE,A8o,100,0,0,NONE,1
100BB,CO,UTG,ONE_RAISE,A7o,100,0,0,NONE,1
100BB,CO,UTG,ONE_RAISE,A6o,100,0,0,NONE,1
100BB,CO,UTG,ONE_RAISE,A5o,100,0,0,NONE,1
100BB,CO,UTG,ONE_RAISE,A4o,100,0,0,NONE,1
100BB,CO,UTG,ONE_RAISE,A3o,100,0,0,NONE,1
100BB,CO,UTG,ONE_RAISE,A2o,100,0,0,NONE,1
100BB,CO,UTG,ONE_RAISE,KQo,0,63,37,4,1
100BB,CO,UTG,ONE_RAISE,KJo,49,36,15,4,1
100BB,CO,UTG,ONE_RAISE,KTo,100,0,0,NONE,1
100BB,CO,UTG,ONE_RAISE,K9o,100,0,0,NONE,1
100BB,CO,UTG,ONE_RAISE,K8o,100,0,0,NONE,1
100BB,CO,UTG,ONE_RAISE,K7o,100,0,0,NONE,1
100BB,CO,UTG,ONE_RAISE,K6o,100,0,0,NONE,1
100BB,CO,UTG,ONE_RAISE,K5o,100,0,0,NONE,1
100BB,CO,UTG,ONE_RAISE,K4o,100,0,0,NONE,1
100BB,CO,UTG,ONE_RAISE,K3o,100,0,0,NONE,1
100BB,CO,UTG,ONE_RAISE,K2o,100,0,0,NONE,1
100BB,CO,UTG,ONE_RAISE,QJo,69,19,12,4,1
100BB,CO,UTG,ONE_RAISE,QTo,100,0,0,NONE,1
100BB,CO,UTG,ONE_RAISE,Q9o,100,0,0,NONE,1
100BB,CO,UTG,ONE_RAISE,Q8o,100,0,0,NONE,1
100BB,CO,UTG,ONE_RAISE,Q7o,100,0,0,NONE,1
100BB,CO,UTG,ONE_RAISE,Q6o,100,0,0,NONE,1
100BB,CO,UTG,ONE_RAISE,Q5o,100,0,0,NONE,1
100BB,CO,UTG,ONE_RAISE,Q4o,100,0,0,NONE,1
100BB,CO,UTG,ONE_RAISE,Q3o,100,0,0,NONE,1
100BB,CO,UTG,ONE_RAISE,Q2o,100,0,0,NONE,1
100BB,CO,UTG,ONE_RAISE,JTo,80,20,0,NONE,1
100BB,CO,UTG,ONE_RAISE,J9o,100,0,0,NONE,1
100BB,CO,UTG,ONE_RAISE,J8o,100,0,0,NONE,1
100BB,CO,UTG,ONE_RAISE,J7o,100,0,0,NONE,1
100BB,CO,UTG,ONE_RAISE,J6o,100,0,0,NONE,1
100BB,CO,UTG,ONE_RAISE,J5o,100,0,0,NONE,1
100BB,CO,UTG,ONE_RAISE,J4o,100,0,0,NONE,1
100BB,CO,UTG,ONE_RAISE,J3o,100,0,0,NONE,1
100BB,CO,UTG,ONE_RAISE,J2o,100,0,0,NONE,1
100BB,CO,UTG,ONE_RAISE,T9o,100,0,0,NONE,1
100BB,CO,UTG,ONE_RAISE,T8o,100,0,0,NONE,1
100BB,CO,UTG,ONE_RAISE,T7o,100,0,0,NONE,1
100BB,CO,UTG,ONE_RAISE,T6o,100,0,0,NONE,1
100BB,CO,UTG,ONE_RAISE,T5o,100,0,0,NONE,1
100BB,CO,UTG,ONE_RAISE,T4o,100,0,0,NONE,1
100BB,CO,UTG,ONE_RAISE,T3o,100,0,0,NONE,1
100BB,CO,UTG,ONE_RAISE,T2o,100,0,0,NONE,1
100BB,CO,UTG,ONE_RAISE,98o,100,0,0,NONE,1
100BB,CO,UTG,ONE_RAISE,97o,100,0,0,NONE,1
100BB,CO,UTG,ONE_RAISE,96o,100,0,0,NONE,1
100BB,CO,UTG,ONE_RAISE,95o,100,0,0,NONE,1
100BB,CO,UTG,ONE_RAISE,94o,100,0,0,NONE,1
100BB,CO,UTG,ONE_RAISE,93o,100,0,0,NONE,1
100BB,CO,UTG,ONE_RAISE,92o,100,0,0,NONE,1
100BB,CO,UTG,ONE_RAISE,87o,100,0,0,NONE,1
100BB,CO,UTG,ONE_RAISE,86o,100,0,0,NONE,1
100BB,CO,UTG,ONE_RAISE,85o,100,0,0,NONE,1
100BB,CO,UTG,ONE_RAISE,84o,100,0,0,NONE,1
100BB,CO,UTG,ONE_RAISE,83o,100,0,0,NONE,1
100BB,CO,UTG,ONE_RAISE,82o,100,0,0,NONE,1
100BB,CO,UTG,ONE_RAISE,76o,100,0,0,NONE,1
100BB,CO,UTG,ONE_RAISE,75o,100,0,0,NONE,1
100BB,CO,UTG,ONE_RAISE,74o,100,0,0,NONE,1
100BB,CO,UTG,ONE_RAISE,73o,100,0,0,NONE,1
100BB,CO,UTG,ONE_RAISE,72o,100,0,0,NONE,1
100BB,CO,UTG,ONE_RAISE,65o,100,0,0,NONE,1
100BB,CO,UTG,ONE_RAISE,64o,100,0,0,NONE,1
100BB,CO,UTG,ONE_RAISE,63o,100,0,0,NONE,1
100BB,CO,UTG,ONE_RAISE,62o,100,0,0,NONE,1
100BB,CO,UTG,ONE_RAISE,54o,100,0,0,NONE,1
100BB,CO,UTG,ONE_RAISE,53o,100,0,0,NONE,1
100BB,CO,UTG,ONE_RAISE,52o,100,0,0,NONE,1
100BB,CO,UTG,ONE_RAISE,43o,100,0,0,NONE,1
100BB,CO,UTG,ONE_RAISE,42o,100,0,0,NONE,1
100BB,CO,UTG,ONE_RAISE,32o,100,0,0,NONE,1
100BB,CO,UTG,THREE_BET,AA,0,0,0,NONE,0
100BB,CO,UTG,THREE_BET,KK,0,0,0,NONE,0
100BB,CO,UTG,THREE_BET,QQ,0,0,0,NONE,0
100BB,CO,UTG,THREE_BET,JJ,0,0,0,NONE,0
100BB,CO,UTG,THREE_BET,TT,0,0,0,NONE,0
100BB,CO,UTG,THREE_BET,99,0,0,0,NONE,0
100BB,CO,UTG,THREE_BET,88,0,0,0,NONE,0
100BB,CO,UTG,THREE_BET,77,0,0,0,NONE,0
100BB,CO,UTG,THREE_BET,66,0,0,0,NONE,0
100BB,CO,UTG,THREE_BET,55,0,0,0,NONE,0
100BB,CO,UTG,THREE_BET,44,0,0,0,NONE,0
100BB,CO,UTG,THREE_BET,33,0,0,0,NONE,0
100BB,CO,UTG,THREE_BET,22,0,0,0,NONE,0
100BB,CO,UTG,THREE_BET,AKs,0,0,0,NONE,0
100BB,CO,UTG,THREE_BET,AQs,0,0,0,NONE,0
100BB,CO,UTG,THREE_BET,AJs,0,0,0,NONE,0
100BB,CO,UTG,THREE_BET,ATs,0,0,0,NONE,0
100BB,CO,UTG,THREE_BET,A9s,0,0,0,NONE,0
100BB,CO,UTG,THREE_BET,A8s,0,0,0,NONE,0
100BB,CO,UTG,THREE_BET,A7s,0,0,0,NONE,0
100BB,CO,UTG,THREE_BET,A6s,0,0,0,NONE,0
100BB,CO,UTG,THREE_BET,A5s,0,0,0,NONE,0
100BB,CO,UTG,THREE_BET,A4s,0,0,0,NONE,0
100BB,CO,UTG,THREE_BET,A3s,0,0,0,NONE,0
100BB,CO,UTG,THREE_BET,A2s,0,0,0,NONE,0
100BB,CO,UTG,THREE_BET,KQs,0,0,0,NONE,0
100BB,CO,UTG,THREE_BET,KJs,0,0,0,NONE,0
100BB,CO,UTG,THREE_BET,KTs,0,0,0,NONE,0
100BB,CO,UTG,THREE_BET,K9s,0,0,0,NONE,0
100BB,CO,UTG,THREE_BET,K8s,0,0,0,NONE,0
100BB,CO,UTG,THREE_BET,K7s,0,0,0,NONE,0
100BB,CO,UTG,THREE_BET,K6s,0,0,0,NONE,0
100BB,CO,UTG,THREE_BET,K5s,0,0,0,NONE,0
100BB,CO,UTG,THREE_BET,K4s,0,0,0,NONE,0
100BB,CO,UTG,THREE_BET,K3s,0,0,0,NONE,0
100BB,CO,UTG,THREE_BET,K2s,0,0,0,NONE,0
100BB,CO,UTG,THREE_BET,QJs,0,0,0,NONE,0
100BB,CO,UTG,THREE_BET,QTs,0,0,0,NONE,0
100BB,CO,UTG,THREE_BET,Q9s,0,0,0,NONE,0
100BB,CO,UTG,THREE_BET,Q8s,0,0,0,NONE,0
100BB,CO,UTG,THREE_BET,Q7s,0,0,0,NONE,0
100BB,CO,UTG,THREE_BET,Q6s,0,0,0,NONE,0
100BB,CO,UTG,THREE_BET,Q5s,0,0,0,NONE,0
100BB,CO,UTG,THREE_BET,Q4s,0,0,0,NONE,0
100BB,CO,UTG,THREE_BET,Q3s,0,0,0,NONE,0
100BB,CO,UTG,THREE_BET,Q2s,0,0,0,NONE,0
100BB,CO,UTG,THREE_BET,JTs,0,0,0,NONE,0
100BB,CO,UTG,THREE_BET,J9s,0,0,0,NONE,0
100BB,CO,UTG,THREE_BET,J8s,0,0,0,NONE,0
100BB,CO,UTG,THREE_BET,J7s,0,0,0,NONE,0
100BB,CO,UTG,THREE_BET,J6s,0,0,0,NONE,0
100BB,CO,UTG,THREE_BET,J5s,0,0,0,NONE,0
100BB,CO,UTG,THREE_BET,J4s,0,0,0,NONE,0
100BB,CO,UTG,THREE_BET,J3s,0,0,0,NONE,0
100BB,CO,UTG,THREE_BET,J2s,0,0,0,NONE,0
100BB,CO,UTG,THREE_BET,T9s,0,0,0,NONE,0
100BB,CO,UTG,THREE_BET,T8s,0,0,0,NONE,0
100BB,CO,UTG,THREE_BET,T7s,0,0,0,NONE,0
100BB,CO,UTG,THREE_BET,T6s,0,0,0,NONE,0
100BB,CO,UTG,THREE_BET,T5s,0,0,0,NONE,0
100BB,CO,UTG,THREE_BET,T4s,0,0,0,NONE,0
100BB,CO,UTG,THREE_BET,T3s,0,0,0,NONE,0
100BB,CO,UTG,THREE_BET,T2s,0,0,0,NONE,0
100BB,CO,UTG,THREE_BET,98s,0,0,0,NONE,0
100BB,CO,UTG,THREE_BET,97s,0,0,0,NONE,0
100BB,CO,UTG,THREE_BET,96s,0,0,0,NONE,0
100BB,CO,UTG,THREE_BET,95s,0,0,0,NONE,0
100BB,CO,UTG,THREE_BET,94s,0,0,0,NONE,0
100BB,CO,UTG,THREE_BET,93s,0,0,0,NONE,0
100BB,CO,UTG,THREE_BET,92s,0,0,0,NONE,0
100BB,CO,UTG,THREE_BET,87s,0,0,0,NONE,0
100BB,CO,UTG,THREE_BET,86s,0,0,0,NONE,0
100BB,CO,UTG,THREE_BET,85s,0,0,0,NONE,0
100BB,CO,UTG,THREE_BET,84s,0,0,0,NONE,0
100BB,CO,UTG,THREE_BET,83s,0,0,0,NONE,0
100BB,CO,UTG,THREE_BET,82s,0,0,0,NONE,0
100BB,CO,UTG,THREE_BET,76s,0,0,0,NONE,0
100BB,CO,UTG,THREE_BET,75s,0,0,0,NONE,0
100BB,CO,UTG,THREE_BET,74s,0,0,0,NONE,0
100BB,CO,UTG,THREE_BET,73s,0,0,0,NONE,0
100BB,CO,UTG,THREE_BET,72s,0,0,0,NONE,0
100BB,CO,UTG,THREE_BET,65s,0,0,0,NONE,0
100BB,CO,UTG,THREE_BET,64s,0,0,0,NONE,0
100BB,CO,UTG,THREE_BET,63s,0,0,0,NONE,0
100BB,CO,UTG,THREE_BET,62s,0,0,0,NONE,0
100BB,CO,UTG,THREE_BET,54s,0,0,0,NONE,0
100BB,CO,UTG,THREE_BET,53s,0,0,0,NONE,0
100BB,CO,UTG,THREE_BET,52s,0,0,0,NONE,0
100BB,CO,UTG,THREE_BET,43s,0,0,0,NONE,0
100BB,CO,UTG,THREE_BET,42s,0,0,0,NONE,0
100BB,CO,UTG,THREE_BET,32s,0,0,0,NONE,0
100BB,CO,UTG,THREE_BET,AKo,0,0,0,NONE,0
100BB,CO,UTG,THREE_BET,AQo,0,0,0,NONE,0
100BB,CO,UTG,THREE_BET,AJo,0,0,0,NONE,0
100BB,CO,UTG,THREE_BET,ATo,0,0,0,NONE,0
100BB,CO,UTG,THREE_BET,A9o,0,0,0,NONE,0
100BB,CO,UTG,THREE_BET,A8o,0,0,0,NONE,0
100BB,CO,UTG,THREE_BET,A7o,0,0,0,NONE,0
100BB,CO,UTG,THREE_BET,A6o,0,0,0,NONE,0
100BB,CO,UTG,THREE_BET,A5o,0,0,0,NONE,0
100BB,CO,UTG,THREE_BET,A4o,0,0,0,NONE,0
100BB,CO,UTG,THREE_BET,A3o,0,0,0,NONE,0
100BB,CO,UTG,THREE_BET,A2o,0,0,0,NONE,0
100BB,CO,UTG,THREE_BET,KQo,0,0,0,NONE,0
100BB,CO,UTG,THREE_BET,KJo,0,0,0,NONE,0
100BB,CO,UTG,THREE_BET,KTo,0,0,0,NONE,0
100BB,CO,UTG,THREE_BET,K9o,0,0,0,NONE,0
100BB,CO,UTG,THREE_BET,K8o,0,0,0,NONE,0
100BB,CO,UTG,THREE_BET,K7o,0,0,0,NONE,0
100BB,CO,UTG,THREE_BET,K6o,0,0,0,NONE,0
100BB,CO,UTG,THREE_BET,K5o,0,0,0,NONE,0
100BB,CO,UTG,THREE_BET,K4o,0,0,0,NONE,0
100BB,CO,UTG,THREE_BET,K3o,0,0,0,NONE,0
100BB,CO,UTG,THREE_BET,K2o,0,0,0,NONE,0
100BB,CO,UTG,THREE_BET,QJo,0,0,0,NONE,0
100BB,CO,UTG,THREE_BET,QTo,0,0,0,NONE,0
100BB,CO,UTG,THREE_BET,Q9o,0,0,0,NONE,0
100BB,CO,UTG,THREE_BET,Q8o,0,0,0,NONE,0
100BB,CO,UTG,THREE_BET,Q7o,0,0,0,NONE,0
100BB,CO,UTG,THREE_BET,Q6o,0,0,0,NONE,0
100BB,CO,UTG,THREE_BET,Q5o,0,0,0,NONE,0
100BB,CO,UTG,THREE_BET,Q4o,0,0,0,NONE,0
100BB,CO,UTG,THREE_BET,Q3o,0,0,0,NONE,0
100BB,CO,UTG,THREE_BET,Q2o,0,0,0,NONE,0
100BB,CO,UTG,THREE_BET,JTo,0,0,0,NONE,0
100BB,CO,UTG,THREE_BET,J9o,0,0,0,NONE,0
100BB,CO,UTG,THREE_BET,J8o,0,0,0,NONE,0
100BB,CO,UTG,THREE_BET,J7o,0,0,0,NONE,0
100BB,CO,UTG,THREE_BET,J6o,0,0,0,NONE,0
100BB,CO,UTG,THREE_BET,J5o,0,0,0,NONE,0
100BB,CO,UTG,THREE_BET,J4o,0,0,0,NONE,0
100BB,CO,UTG,THREE_BET,J3o,0,0,0,NONE,0
100BB,CO,UTG,THREE_BET,J2o,0,0,0,NONE,0
100BB,CO,UTG,THREE_BET,T9o,0,0,0,NONE,0
100BB,CO,UTG,THREE_BET,T8o,0,0,0,NONE,0
100BB,CO,UTG,THREE_BET,T7o,0,0,0,NONE,0
100BB,CO,UTG,THREE_BET,T6o,0,0,0,NONE,0
100BB,CO,UTG,THREE_BET,T5o,0,0,0,NONE,0
100BB,CO,UTG,THREE_BET,T4o,0,0,0,NONE,0
100BB,CO,UTG,THREE_BET,T3o,0,0,0,NONE,0
100BB,CO,UTG,THREE_BET,T2o,0,0,0,NONE,0
100BB,CO,UTG,THREE_BET,98o,0,0,0,NONE,0
100BB,CO,UTG,THREE_BET,97o,0,0,0,NONE,0
100BB,CO,UTG,THREE_BET,96o,0,0,0,NONE,0
100BB,CO,UTG,THREE_BET,95o,0,0,0,NONE,0
100BB,CO,UTG,THREE_BET,94o,0,0,0,NONE,0
100BB,CO,UTG,THREE_BET,93o,0,0,0,NONE,0
100BB,CO,UTG,THREE_BET,92o,0,0,0,NONE,0
100BB,CO,UTG,THREE_BET,87o,0,0,0,NONE,0
100BB,CO,UTG,THREE_BET,86o,0,0,0,NONE,0
100BB,CO,UTG,THREE_BET,85o,0,0,0,NONE,0
100BB,CO,UTG,THREE_BET,84o,0,0,0,NONE,0
100BB,CO,UTG,THREE_BET,83o,0,0,0,NONE,0
100BB,CO,UTG,THREE_BET,82o,0,0,0,NONE,0
100BB,CO,UTG,THREE_BET,76o,0,0,0,NONE,0
100BB,CO,UTG,THREE_BET,75o,0,0,0,NONE,0
100BB,CO,UTG,THREE_BET,74o,0,0,0,NONE,0
100BB,CO,UTG,THREE_BET,73o,0,0,0,NONE,0
100BB,CO,UTG,THREE_BET,72o,0,0,0,NONE,0
100BB,CO,UTG,THREE_BET,65o,0,0,0,NONE,0
100BB,CO,UTG,THREE_BET,64o,0,0,0,NONE,0
100BB,CO,UTG,THREE_BET,63o,0,0,0,NONE,0
100BB,CO,UTG,THREE_BET,62o,0,0,0,NONE,0
100BB,CO,UTG,THREE_BET,54o,0,0,0,NONE,0
100BB,CO,UTG,THREE_BET,53o,0,0,0,NONE,0
100BB,CO,UTG,THREE_BET,52o,0,0,0,NONE,0
100BB,CO,UTG,THREE_BET,43o,0,0,0,NONE,0
100BB,CO,UTG,THREE_BET,42o,0,0,0,NONE,0
100BB,CO,UTG,THREE_BET,32o,0,0,0,NONE,0
100BB,CO,HJ,UNOPENED,AA,0,0,0,NONE,0
100BB,CO,HJ,UNOPENED,KK,0,0,0,NONE,0
100BB,CO,HJ,UNOPENED,QQ,0,0,0,NONE,0
100BB,CO,HJ,UNOPENED,JJ,0,0,0,NONE,0
100BB,CO,HJ,UNOPENED,TT,0,0,0,NONE,0
100BB,CO,HJ,UNOPENED,99,0,0,0,NONE,0
100BB,CO,HJ,UNOPENED,88,0,0,0,NONE,0
100BB,CO,HJ,UNOPENED,77,0,0,0,NONE,0
100BB,CO,HJ,UNOPENED,66,0,0,0,NONE,0
100BB,CO,HJ,UNOPENED,55,0,0,0,NONE,0
100BB,CO,HJ,UNOPENED,44,0,0,0,NONE,0
100BB,CO,HJ,UNOPENED,33,0,0,0,NONE,0
100BB,CO,HJ,UNOPENED,22,0,0,0,NONE,0
100BB,CO,HJ,UNOPENED,AKs,0,0,0,NONE,0
100BB,CO,HJ,UNOPENED,AQs,0,0,0,NONE,0
100BB,CO,HJ,UNOPENED,AJs,0,0,0,NONE,0
100BB,CO,HJ,UNOPENED,ATs,0,0,0,NONE,0
100BB,CO,HJ,UNOPENED,A9s,0,0,0,NONE,0
100BB,CO,HJ,UNOPENED,A8s,0,0,0,NONE,0
100BB,CO,HJ,UNOPENED,A7s,0,0,0,NONE,0
100BB,CO,HJ,UNOPENED,A6s,0,0,0,NONE,0
100BB,CO,HJ,UNOPENED,A5s,0,0,0,NONE,0
100BB,CO,HJ,UNOPENED,A4s,0,0,0,NONE,0
100BB,CO,HJ,UNOPENED,A3s,0,0,0,NONE,0
100BB,CO,HJ,UNOPENED,A2s,0,0,0,NONE,0
100BB,CO,HJ,UNOPENED,KQs,0,0,0,NONE,0
100BB,CO,HJ,UNOPENED,KJs,0,0,0,NONE,0
100BB,CO,HJ,UNOPENED,KTs,0,0,0,NONE,0
100BB,CO,HJ,UNOPENED,K9s,0,0,0,NONE,0
100BB,CO,HJ,UNOPENED,K8s,0,0,0,NONE,0
100BB,CO,HJ,UNOPENED,K7s,0,0,0,NONE,0
100BB,CO,HJ,UNOPENED,K6s,0,0,0,NONE,0
100BB,CO,HJ,UNOPENED,K5s,0,0,0,NONE,0
100BB,CO,HJ,UNOPENED,K4s,0,0,0,NONE,0
100BB,CO,HJ,UNOPENED,K3s,0,0,0,NONE,0
100BB,CO,HJ,UNOPENED,K2s,0,0,0,NONE,0
100BB,CO,HJ,UNOPENED,QJs,0,0,0,NONE,0
100BB,CO,HJ,UNOPENED,QTs,0,0,0,NONE,0
100BB,CO,HJ,UNOPENED,Q9s,0,0,0,NONE,0
100BB,CO,HJ,UNOPENED,Q8s,0,0,0,NONE,0
100BB,CO,HJ,UNOPENED,Q7s,0,0,0,NONE,0
100BB,CO,HJ,UNOPENED,Q6s,0,0,0,NONE,0
100BB,CO,HJ,UNOPENED,Q5s,0,0,0,NONE,0
100BB,CO,HJ,UNOPENED,Q4s,0,0,0,NONE,0
100BB,CO,HJ,UNOPENED,Q3s,0,0,0,NONE,0
100BB,CO,HJ,UNOPENED,Q2s,0,0,0,NONE,0
100BB,CO,HJ,UNOPENED,JTs,0,0,0,NONE,0
100BB,CO,HJ,UNOPENED,J9s,0,0,0,NONE,0
100BB,CO,HJ,UNOPENED,J8s,0,0,0,NONE,0
100BB,CO,HJ,UNOPENED,J7s,0,0,0,NONE,0
100BB,CO,HJ,UNOPENED,J6s,0,0,0,NONE,0
100BB,CO,HJ,UNOPENED,J5s,0,0,0,NONE,0
100BB,CO,HJ,UNOPENED,J4s,0,0,0,NONE,0
100BB,CO,HJ,UNOPENED,J3s,0,0,0,NONE,0
100BB,CO,HJ,UNOPENED,J2s,0,0,0,NONE,0
100BB,CO,HJ,UNOPENED,T9s,0,0,0,NONE,0
100BB,CO,HJ,UNOPENED,T8s,0,0,0,NONE,0
100BB,CO,HJ,UNOPENED,T7s,0,0,0,NONE,0
100BB,CO,HJ,UNOPENED,T6s,0,0,0,NONE,0
100BB,CO,HJ,UNOPENED,T5s,0,0,0,NONE,0
100BB,CO,HJ,UNOPENED,T4s,0,0,0,NONE,0
100BB,CO,HJ,UNOPENED,T3s,0,0,0,NONE,0
100BB,CO,HJ,UNOPENED,T2s,0,0,0,NONE,0
100BB,CO,HJ,UNOPENED,98s,0,0,0,NONE,0
100BB,CO,HJ,UNOPENED,97s,0,0,0,NONE,0
100BB,CO,HJ,UNOPENED,96s,0,0,0,NONE,0
100BB,CO,HJ,UNOPENED,95s,0,0,0,NONE,0
100BB,CO,HJ,UNOPENED,94s,0,0,0,NONE,0
100BB,CO,HJ,UNOPENED,93s,0,0,0,NONE,0
100BB,CO,HJ,UNOPENED,92s,0,0,0,NONE,0
100BB,CO,HJ,UNOPENED,87s,0,0,0,NONE,0
100BB,CO,HJ,UNOPENED,86s,0,0,0,NONE,0
100BB,CO,HJ,UNOPENED,85s,0,0,0,NONE,0
100BB,CO,HJ,UNOPENED,84s,0,0,0,NONE,0
100BB,CO,HJ,UNOPENED,83s,0,0,0,NONE,0
100BB,CO,HJ,UNOPENED,82s,0,0,0,NONE,0
100BB,CO,HJ,UNOPENED,76s,0,0,0,NONE,0
100BB,CO,HJ,UNOPENED,75s,0,0,0,NONE,0
100BB,CO,HJ,UNOPENED,74s,0,0,0,NONE,0
100BB,CO,HJ,UNOPENED,73s,0,0,0,NONE,0
100BB,CO,HJ,UNOPENED,72s,0,0,0,NONE,0
100BB,CO,HJ,UNOPENED,65s,0,0,0,NONE,0
100BB,CO,HJ,UNOPENED,64s,0,0,0,NONE,0
100BB,CO,HJ,UNOPENED,63s,0,0,0,NONE,0
100BB,CO,HJ,UNOPENED,62s,0,0,0,NONE,0
100BB,CO,HJ,UNOPENED,54s,0,0,0,NONE,0
100BB,CO,HJ,UNOPENED,53s,0,0,0,NONE,0
100BB,CO,HJ,UNOPENED,52s,0,0,0,NONE,0
100BB,CO,HJ,UNOPENED,43s,0,0,0,NONE,0
100BB,CO,HJ,UNOPENED,42s,0,0,0,NONE,0
100BB,CO,HJ,UNOPENED,32s,0,0,0,NONE,0
100BB,CO,HJ,UNOPENED,AKo,0,0,0,NONE,0
100BB,CO,HJ,UNOPENED,AQo,0,0,0,NONE,0
100BB,CO,HJ,UNOPENED,AJo,0,0,0,NONE,0
100BB,CO,HJ,UNOPENED,ATo,0,0,0,NONE,0
100BB,CO,HJ,UNOPENED,A9o,0,0,0,NONE,0
100BB,CO,HJ,UNOPENED,A8o,0,0,0,NONE,0
100BB,CO,HJ,UNOPENED,A7o,0,0,0,NONE,0
100BB,CO,HJ,UNOPENED,A6o,0,0,0,NONE,0
100BB,CO,HJ,UNOPENED,A5o,0,0,0,NONE,0
100BB,CO,HJ,UNOPENED,A4o,0,0,0,NONE,0
100BB,CO,HJ,UNOPENED,A3o,0,0,0,NONE,0
100BB,CO,HJ,UNOPENED,A2o,0,0,0,NONE,0
100BB,CO,HJ,UNOPENED,KQo,0,0,0,NONE,0
100BB,CO,HJ,UNOPENED,KJo,0,0,0,NONE,0
100BB,CO,HJ,UNOPENED,KTo,0,0,0,NONE,0
100BB,CO,HJ,UNOPENED,K9o,0,0,0,NONE,0
100BB,CO,HJ,UNOPENED,K8o,0,0,0,NONE,0
100BB,CO,HJ,UNOPENED,K7o,0,0,0,NONE,0
100BB,CO,HJ,UNOPENED,K6o,0,0,0,NONE,0
100BB,CO,HJ,UNOPENED,K5o,0,0,0,NONE,0
100BB,CO,HJ,UNOPENED,K4o,0,0,0,NONE,0
100BB,CO,HJ,UNOPENED,K3o,0,0,0,NONE,0
100BB,CO,HJ,UNOPENED,K2o,0,0,0,NONE,0
100BB,CO,HJ,UNOPENED,QJo,0,0,0,NONE,0
100BB,CO,HJ,UNOPENED,QTo,0,0,0,NONE,0
100BB,CO,HJ,UNOPENED,Q9o,0,0,0,NONE,0
100BB,CO,HJ,UNOPENED,Q8o,0,0,0,NONE,0
100BB,CO,HJ,UNOPENED,Q7o,0,0,0,NONE,0
100BB,CO,HJ,UNOPENED,Q6o,0,0,0,NONE,0
100BB,CO,HJ,UNOPENED,Q5o,0,0,0,NONE,0
100BB,CO,HJ,UNOPENED,Q4o,0,0,0,NONE,0
100BB,CO,HJ,UNOPENED,Q3o,0,0,0,NONE,0
100BB,CO,HJ,UNOPENED,Q2o,0,0,0,NONE,0
100BB,CO,HJ,UNOPENED,JTo,0,0,0,NONE,0
100BB,CO,HJ,UNOPENED,J9o,0,0,0,NONE,0
100BB,CO,HJ,UNOPENED,J8o,0,0,0,NONE,0
100BB,CO,HJ,UNOPENED,J7o,0,0,0,NONE,0
100BB,CO,HJ,UNOPENED,J6o,0,0,0,NONE,0
100BB,CO,HJ,UNOPENED,J5o,0,0,0,NONE,0
100BB,CO,HJ,UNOPENED,J4o,0,0,0,NONE,0
100BB,CO,HJ,UNOPENED,J3o,0,0,0,NONE,0
100BB,CO,HJ,UNOPENED,J2o,0,0,0,NONE,0
100BB,CO,HJ,UNOPENED,T9o,0,0,0,NONE,0
100BB,CO,HJ,UNOPENED,T8o,0,0,0,NONE,0
100BB,CO,HJ,UNOPENED,T7o,0,0,0,NONE,0
100BB,CO,HJ,UNOPENED,T6o,0,0,0,NONE,0
100BB,CO,HJ,UNOPENED,T5o,0,0,0,NONE,0
100BB,CO,HJ,UNOPENED,T4o,0,0,0,NONE,0
100BB,CO,HJ,UNOPENED,T3o,0,0,0,NONE,0
100BB,CO,HJ,UNOPENED,T2o,0,0,0,NONE,0
100BB,CO,HJ,UNOPENED,98o,0,0,0,NONE,0
100BB,CO,HJ,UNOPENED,97o,0,0,0,NONE,0
100BB,CO,HJ,UNOPENED,96o,0,0,0,NONE,0
100BB,CO,HJ,UNOPENED,95o,0,0,0,NONE,0
100BB,CO,HJ,UNOPENED,94o,0,0,0,NONE,0
100BB,CO,HJ,UNOPENED,93o,0,0,0,NONE,0
100BB,CO,HJ,UNOPENED,92o,0,0,0,NONE,0
100BB,CO,HJ,UNOPENED,87o,0,0,0,NONE,0
100BB,CO,HJ,UNOPENED,86o,0,0,0,NONE,0
100BB,CO,HJ,UNOPENED,85o,0,0,0,NONE,0
100BB,CO,HJ,UNOPENED,84o,0,0,0,NONE,0
100BB,CO,HJ,UNOPENED,83o,0,0,0,NONE,0
100BB,CO,HJ,UNOPENED,82o,0,0,0,NONE,0
100BB,CO,HJ,UNOPENED,76o,0,0,0,NONE,0
100BB,CO,HJ,UNOPENED,75o,0,0,0,NONE,0
100BB,CO,HJ,UNOPENED,74o,0,0,0,NONE,0
100BB,CO,HJ,UNOPENED,73o,0,0,0,NONE,0
100BB,CO,HJ,UNOPENED,72o,0,0,0,NONE,0
100BB,CO,HJ,UNOPENED,65o,0,0,0,NONE,0
100BB,CO,HJ,UNOPENED,64o,0,0,0,NONE,0
100BB,CO,HJ,UNOPENED,63o,0,0,0,NONE,0
100BB,CO,HJ,UNOPENED,62o,0,0,0,NONE,0
100BB,CO,HJ,UNOPENED,54o,0,0,0,NONE,0
100BB,CO,HJ,UNOPENED,53o,0,0,0,NONE,0
100BB,CO,HJ,UNOPENED,52o,0,0,0,NONE,0
100BB,CO,HJ,UNOPENED,43o,0,0,0,NONE,0
100BB,CO,HJ,UNOPENED,42o,0,0,0,NONE,0
100BB,CO,HJ,UNOPENED,32o,0,0,0,NONE,0
100BB,CO,HJ,ONE_RAISE,AA,0,0,100,4,1
100BB,CO,HJ,ONE_RAISE,KK,0,0,100,4,1
100BB,CO,HJ,ONE_RAISE,QQ,0,20,80,4,1
100BB,CO,HJ,ONE_RAISE,JJ,0,61,39,4,1
100BB,CO,HJ,ONE_RAISE,TT,0,72,28,4,1
100BB,CO,HJ,ONE_RAISE,99,0,78,22,4,1
100BB,CO,HJ,ONE_RAISE,88,0,86,14,4,1
100BB,CO,HJ,ONE_RAISE,77,0,98,2,4,1
100BB,CO,HJ,ONE_RAISE,66,0,80,20,4,1
100BB,CO,HJ,ONE_RAISE,55,0,92,8,4,1
100BB,CO,HJ,ONE_RAISE,44,0,100,0,NONE,1
100BB,CO,HJ,ONE_RAISE,33,0,100,0,NONE,1
100BB,CO,HJ,ONE_RAISE,22,0,100,0,NONE,1
100BB,CO,HJ,ONE_RAISE,AKs,0,9,91,4,1
100BB,CO,HJ,ONE_RAISE,AQs,0,32,67,4,1
100BB,CO,HJ,ONE_RAISE,AJs,0,100,0,NONE,1
100BB,CO,HJ,ONE_RAISE,ATs,0,100,0,NONE,1
100BB,CO,HJ,ONE_RAISE,A9s,0,63,37,4,1
100BB,CO,HJ,ONE_RAISE,A8s,0,65,35,4,1
100BB,CO,HJ,ONE_RAISE,A7s,0,81,19,4,1
100BB,CO,HJ,ONE_RAISE,A6s,0,56,44,4,1
100BB,CO,HJ,ONE_RAISE,A5s,0,45,55,4,1
100BB,CO,HJ,ONE_RAISE,A4s,0,72,28,4,1
100BB,CO,HJ,ONE_RAISE,A3s,0,76,24,4,1
100BB,CO,HJ,ONE_RAISE,A2s,0,58,42,4,1
100BB,CO,HJ,ONE_RAISE,KQs,0,91,9,4,1
100BB,CO,HJ,ONE_RAISE,KJs,0,47,53,4,1
100BB,CO,HJ,ONE_RAISE,KTs,0,85,15,4,1
100BB,CO,HJ,ONE_RAISE,K9s,0,73,27,4,1
100BB,CO,HJ,ONE_RAISE,K8s,0,96,4,4,1
100BB,CO,HJ,ONE_RAISE,K7s,0,39,61,4,1
100BB,CO,HJ,ONE_RAISE,K6s,4,55,41,4,1
100BB,CO,HJ,ONE_RAISE,K5s,0,12,88,4,1
100BB,CO,HJ,ONE_RAISE,K4s,100,0,0,NONE,1
100BB,CO,HJ,ONE_RAISE,K3s,100,0,0,NONE,1
100BB,CO,HJ,ONE_RAISE,K2s,100,0,0,NONE,1
100BB,CO,HJ,ONE_RAISE,QJs,0,54,46,4,1
100BB,CO,HJ,ONE_RAISE,QTs,0,98,2,4,1
100BB,CO,HJ,ONE_RAISE,Q9s,0,57,43,4,1
100BB,CO,HJ,ONE_RAISE,Q8s,47,0,53,4,1
100BB,CO,HJ,ONE_RAISE,Q7s,100,0,0,NONE,1
100BB,CO,HJ,ONE_RAISE,Q6s,100,0,0,NONE,1
100BB,CO,HJ,ONE_RAISE,Q5s,100,0,0,NONE,1
100BB,CO,HJ,ONE_RAISE,Q4s,100,0,0,NONE,1
100BB,CO,HJ,ONE_RAISE,Q3s,100,0,0,NONE,1
100BB,CO,HJ,ONE_RAISE,Q2s,100,0,0,NONE,1
100BB,CO,HJ,ONE_RAISE,JTs,0,53,47,4,1
100BB,CO,HJ,ONE_RAISE,J9s,0,53,47,4,1
100BB,CO,HJ,ONE_RAISE,J8s,88,0,12,4,1
100BB,CO,HJ,ONE_RAISE,J7s,100,0,0,NONE,1
100BB,CO,HJ,ONE_RAISE,J6s,100,0,0,NONE,1
100BB,CO,HJ,ONE_RAISE,J5s,100,0,0,NONE,1
100BB,CO,HJ,ONE_RAISE,J4s,100,0,0,NONE,1
100BB,CO,HJ,ONE_RAISE,J3s,100,0,0,NONE,1
100BB,CO,HJ,ONE_RAISE,J2s,100,0,0,NONE,1
100BB,CO,HJ,ONE_RAISE,T9s,0,52,48,4,1
100BB,CO,HJ,ONE_RAISE,T8s,0,83,17,4,1
100BB,CO,HJ,ONE_RAISE,T7s,100,0,0,NONE,1
100BB,CO,HJ,ONE_RAISE,T6s,100,0,0,NONE,1
100BB,CO,HJ,ONE_RAISE,T5s,100,0,0,NONE,1
100BB,CO,HJ,ONE_RAISE,T4s,100,0,0,NONE,1
100BB,CO,HJ,ONE_RAISE,T3s,100,0,0,NONE,1
100BB,CO,HJ,ONE_RAISE,T2s,100,0,0,NONE,1
100BB,CO,HJ,ONE_RAISE,98s,0,79,21,4,1
100BB,CO,HJ,ONE_RAISE,97s,61,39,0,NONE,1
100BB,CO,HJ,ONE_RAISE,96s,100,0,0,NONE,1
100BB,CO,HJ,ONE_RAISE,95s,100,0,0,NONE,1
100BB,CO,HJ,ONE_RAISE,94s,100,0,0,NONE,1
100BB,CO,HJ,ONE_RAISE,93s,100,0,0,NONE,1
100BB,CO,HJ,ONE_RAISE,92s,100,0,0,NONE,1
100BB,CO,HJ,ONE_RAISE,87s,0,52,48,4,1
100BB,CO,HJ,ONE_RAISE,86s,100,0,0,NONE,1
100BB,CO,HJ,ONE_RAISE,85s,100,0,0,NONE,1
100BB,CO,HJ,ONE_RAISE,84s,100,0,0,NONE,1
100BB,CO,HJ,ONE_RAISE,83s,100,0,0,NONE,1
100BB,CO,HJ,ONE_RAISE,82s,100,0,0,NONE,1
100BB,CO,HJ,ONE_RAISE,76s,0,46,54,4,1
100BB,CO,HJ,ONE_RAISE,75s,100,0,0,NONE,1
100BB,CO,HJ,ONE_RAISE,74s,100,0,0,NONE,1
100BB,CO,HJ,ONE_RAISE,73s,100,0,0,NONE,1
100BB,CO,HJ,ONE_RAISE,72s,100,0,0,NONE,1
100BB,CO,HJ,ONE_RAISE,65s,0,44,56,4,1
100BB,CO,HJ,ONE_RAISE,64s,100,0,0,NONE,1
100BB,CO,HJ,ONE_RAISE,63s,100,0,0,NONE,1
100BB,CO,HJ,ONE_RAISE,62s,100,0,0,NONE,1
100BB,CO,HJ,ONE_RAISE,54s,0,59,41,4,1
100BB,CO,HJ,ONE_RAISE,53s,100,0,0,NONE,1
100BB,CO,HJ,ONE_RAISE,52s,100,0,0,NONE,1
100BB,CO,HJ,ONE_RAISE,43s,100,0,0,NONE,1
100BB,CO,HJ,ONE_RAISE,42s,100,0,0,NONE,1
100BB,CO,HJ,ONE_RAISE,32s,100,0,0,NONE,1
100BB,CO,HJ,ONE_RAISE,AKo,0,9,91,4,1
100BB,CO,HJ,ONE_RAISE,AQo,0,64,36,4,1
100BB,CO,HJ,ONE_RAISE,AJo,0,61,39,4,1
100BB,CO,HJ,ONE_RAISE,ATo,0,31,69,4,1
100BB,CO,HJ,ONE_RAISE,A9o,91,0,9,4,1
100BB,CO,HJ,ONE_RAISE,A8o,100,0,0,NONE,1
100BB,CO,HJ,ONE_RAISE,A7o,100,0,0,NONE,1
100BB,CO,HJ,ONE_RAISE,A6o,100,0,0,NONE,1
100BB,CO,HJ,ONE_RAISE,A5o,100,0,0,NONE,1
100BB,CO,HJ,ONE_RAISE,A4o,100,0,0,NONE,1
100BB,CO,HJ,ONE_RAISE,A3o,100,0,0,NONE,1
100BB,CO,HJ,ONE_RAISE,A2o,100,0,0,NONE,1
100BB,CO,HJ,ONE_RAISE,KQo,0,64,36,4,1
100BB,CO,HJ,ONE_RAISE,KJo,0,59,41,4,1
100BB,CO,HJ,ONE_RAISE,KTo,100,0,0,NONE,1
100BB,CO,HJ,ONE_RAISE,K9o,100,0,0,NONE,1
100BB,CO,HJ,ONE_RAISE,K8o,100,0,0,NONE,1
100BB,CO,HJ,ONE_RAISE,K7o,100,0,0,NONE,1
100BB,CO,HJ,ONE_RAISE,K6o,100,0,0,NONE,1
100BB,CO,HJ,ONE_RAISE,K5o,100,0,0,NONE,1
100BB,CO,HJ,ONE_RAISE,K4o,100,0,0,NONE,1
100BB,CO,HJ,ONE_RAISE,K3o,100,0,0,NONE,1
100BB,CO,HJ,ONE_RAISE,K2o,100,0,0,NONE,1
100BB,CO,HJ,ONE_RAISE,QJo,36,34,30,4,1
100BB,CO,HJ,ONE_RAISE,QTo,100,0,0,NONE,1
100BB,CO,HJ,ONE_RAISE,Q9o,100,0,0,NONE,1
100BB,CO,HJ,ONE_RAISE,Q8o,100,0,0,NONE,1
100BB,CO,HJ,ONE_RAISE,Q7o,100,0,0,NONE,1
100BB,CO,HJ,ONE_RAISE,Q6o,100,0,0,NONE,1
100BB,CO,HJ,ONE_RAISE,Q5o,100,0,0,NONE,1
100BB,CO,HJ,ONE_RAISE,Q4o,100,0,0,NONE,1
100BB,CO,HJ,ONE_RAISE,Q3o,100,0,0,NONE,1
100BB,CO,HJ,ONE_RAISE,Q2o,100,0,0,NONE,1
100BB,CO,HJ,ONE_RAISE,JTo,86,14,0,NONE,1
100BB,CO,HJ,ONE_RAISE,J9o,100,0,0,NONE,1
100BB,CO,HJ,ONE_RAISE,J8o,100,0,0,NONE,1
100BB,CO,HJ,ONE_RAISE,J7o,100,0,0,NONE,1
100BB,CO,HJ,ONE_RAISE,J6o,100,0,0,NONE,1
100BB,CO,HJ,ONE_RAISE,J5o,100,0,0,NONE,1
100BB,CO,HJ,ONE_RAISE,J4o,100,0,0,NONE,1
100BB,CO,HJ,ONE_RAISE,J3o,100,0,0,NONE,1
100BB,CO,HJ,ONE_RAISE,J2o,100,0,0,NONE,1
100BB,CO,HJ,ONE_RAISE,T9o,100,0,0,NONE,1
100BB,CO,HJ,ONE_RAISE,T8o,100,0,0,NONE,1
100BB,CO,HJ,ONE_RAISE,T7o,100,0,0,NONE,1
100BB,CO,HJ,ONE_RAISE,T6o,100,0,0,NONE,1
100BB,CO,HJ,ONE_RAISE,T5o,100,0,0,NONE,1
100BB,CO,HJ,ONE_RAISE,T4o,100,0,0,NONE,1
100BB,CO,HJ,ONE_RAISE,T3o,100,0,0,NONE,1
100BB,CO,HJ,ONE_RAISE,T2o,100,0,0,NONE,1
100BB,CO,HJ,ONE_RAISE,98o,100,0,0,NONE,1
100BB,CO,HJ,ONE_RAISE,97o,100,0,0,NONE,1
100BB,CO,HJ,ONE_RAISE,96o,100,0,0,NONE,1
100BB,CO,HJ,ONE_RAISE,95o,100,0,0,NONE,1
100BB,CO,HJ,ONE_RAISE,94o,100,0,0,NONE,1
100BB,CO,HJ,ONE_RAISE,93o,100,0,0,NONE,1
100BB,CO,HJ,ONE_RAISE,92o,100,0,0,NONE,1
100BB,CO,HJ,ONE_RAISE,87o,100,0,0,NONE,1
100BB,CO,HJ,ONE_RAISE,86o,100,0,0,NONE,1
100BB,CO,HJ,ONE_RAISE,85o,100,0,0,NONE,1
100BB,CO,HJ,ONE_RAISE,84o,100,0,0,NONE,1
100BB,CO,HJ,ONE_RAISE,83o,100,0,0,NONE,1
100BB,CO,HJ,ONE_RAISE,82o,100,0,0,NONE,1
100BB,CO,HJ,ONE_RAISE,76o,100,0,0,NONE,1
100BB,CO,HJ,ONE_RAISE,75o,100,0,0,NONE,1
100BB,CO,HJ,ONE_RAISE,74o,100,0,0,NONE,1
100BB,CO,HJ,ONE_RAISE,73o,100,0,0,NONE,1
100BB,CO,HJ,ONE_RAISE,72o,100,0,0,NONE,1
100BB,CO,HJ,ONE_RAISE,65o,100,0,0,NONE,1
100BB,CO,HJ,ONE_RAISE,64o,100,0,0,NONE,1
100BB,CO,HJ,ONE_RAISE,63o,100,0,0,NONE,1
100BB,CO,HJ,ONE_RAISE,62o,100,0,0,NONE,1
100BB,CO,HJ,ONE_RAISE,54o,100,0,0,NONE,1
100BB,CO,HJ,ONE_RAISE,53o,100,0,0,NONE,1
100BB,CO,HJ,ONE_RAISE,52o,100,0,0,NONE,1
100BB,CO,HJ,ONE_RAISE,43o,100,0,0,NONE,1
100BB,CO,HJ,ONE_RAISE,42o,100,0,0,NONE,1
100BB,CO,HJ,ONE_RAISE,32o,100,0,0,NONE,1
100BB,CO,HJ,THREE_BET,AA,0,0,100,2.2,1
100BB,CO,HJ,THREE_BET,KK,0,0,100,2.2,1
100BB,CO,HJ,THREE_BET,QQ,0,0,100,2.2,1
100BB,CO,HJ,THREE_BET,JJ,54,0,46,2.2,1
100BB,CO,HJ,THREE_BET,TT,82,0,18,2.2,1
100BB,CO,HJ,THREE_BET,99,100,0,0,NONE,1
100BB,CO,HJ,THREE_BET,88,96,0,4,2.2,1
100BB,CO,HJ,THREE_BET,77,100,0,0,NONE,1
100BB,CO,HJ,THREE_BET,66,100,0,0,NONE,1
100BB,CO,HJ,THREE_BET,55,100,0,0,NONE,1
100BB,CO,HJ,THREE_BET,44,100,0,0,NONE,1
100BB,CO,HJ,THREE_BET,33,100,0,0,NONE,1
100BB,CO,HJ,THREE_BET,22,100,0,0,NONE,1
100BB,CO,HJ,THREE_BET,AKs,0,0,100,2.2,1
100BB,CO,HJ,THREE_BET,AQs,0,0,100,2.2,1
100BB,CO,HJ,THREE_BET,AJs,62,0,38,2.2,1
100BB,CO,HJ,THREE_BET,ATs,50,0,50,2.2,1
100BB,CO,HJ,THREE_BET,A9s,100,0,0,NONE,1
100BB,CO,HJ,THREE_BET,A8s,99,0,1,2.2,1
100BB,CO,HJ,THREE_BET,A7s,100,0,0,NONE,1
100BB,CO,HJ,THREE_BET,A6s,100,0,0,NONE,1
100BB,CO,HJ,THREE_BET,A5s,31,0,69,2.2,1
100BB,CO,HJ,THREE_BET,A4s,87,0,13,2.2,1
100BB,CO,HJ,THREE_BET,A3s,100,0,0,NONE,1
100BB,CO,HJ,THREE_BET,A2s,100,0,0,NONE,1
100BB,CO,HJ,THREE_BET,KQs,16,0,84,2.2,1
100BB,CO,HJ,THREE_BET,KJs,97,0,3,2.2,1
100BB,CO,HJ,THREE_BET,KTs,63,0,37,2.2,1
100BB,CO,HJ,THREE_BET,K9s,100,0,0,NONE,1
100BB,CO,HJ,THREE_BET,K8s,100,0,0,NONE,1
100BB,CO,HJ,THREE_BET,K7s,100,0,0,NONE,1
100BB,CO,HJ,THREE_BET,K6s,100,0,0,NONE,1
100BB,CO,HJ,THREE_BET,K5s,100,0,0,NONE,1
100BB,CO,HJ,THREE_BET,K4s,100,0,0,NONE,1
100BB,CO,HJ,THREE_BET,K3s,100,0,0,NONE,1
100BB,CO,HJ,THREE_BET,K2s,100,0,0,NONE,1
100BB,CO,HJ,THREE_BET,QJs,100,0,0,NONE,1
100BB,CO,HJ,THREE_BET,QTs,100,0,0,NONE,1
100BB,CO,HJ,THREE_BET,Q9s,100,0,0,NONE,1
100BB,CO,HJ,THREE_BET,Q8s,100,0,0,NONE,1
100BB,CO,HJ,THREE_BET,Q7s,100,0,0,NONE,1
100BB,CO,HJ,THREE_BET,Q6s,100,0,0,NONE,1
100BB,CO,HJ,THREE_BET,Q5s,100,0,0,NONE,1
100BB,CO,HJ,THREE_BET,Q4s,100,0,0,NONE,1
100BB,CO,HJ,THREE_BET,Q3s,100,0,0,NONE,1
100BB,CO,HJ,THREE_BET,Q2s,100,0,0,NONE,1
100BB,CO,HJ,THREE_BET,JTs,100,0,0,NONE,1
100BB,CO,HJ,THREE_BET,J9s,100,0,0,NONE,1
100BB,CO,HJ,THREE_BET,J8s,100,0,0,NONE,1
100BB,CO,HJ,THREE_BET,J7s,100,0,0,NONE,1
100BB,CO,HJ,THREE_BET,J6s,100,0,0,NONE,1
100BB,CO,HJ,THREE_BET,J5s,100,0,0,NONE,1
100BB,CO,HJ,THREE_BET,J4s,100,0,0,NONE,1
100BB,CO,HJ,THREE_BET,J3s,100,0,0,NONE,1
100BB,CO,HJ,THREE_BET,J2s,100,0,0,NONE,1
100BB,CO,HJ,THREE_BET,T9s,100,0,0,NONE,1
100BB,CO,HJ,THREE_BET,T8s,100,0,0,NONE,1
100BB,CO,HJ,THREE_BET,T7s,100,0,0,NONE,1
100BB,CO,HJ,THREE_BET,T6s,100,0,0,NONE,1
100BB,CO,HJ,THREE_BET,T5s,100,0,0,NONE,1
100BB,CO,HJ,THREE_BET,T4s,100,0,0,NONE,1
100BB,CO,HJ,THREE_BET,T3s,100,0,0,NONE,1
100BB,CO,HJ,THREE_BET,T2s,100,0,0,NONE,1
100BB,CO,HJ,THREE_BET,98s,100,0,0,NONE,1
100BB,CO,HJ,THREE_BET,97s,100,0,0,NONE,1
100BB,CO,HJ,THREE_BET,96s,100,0,0,NONE,1
100BB,CO,HJ,THREE_BET,95s,100,0,0,NONE,1
100BB,CO,HJ,THREE_BET,94s,100,0,0,NONE,1
100BB,CO,HJ,THREE_BET,93s,100,0,0,NONE,1
100BB,CO,HJ,THREE_BET,92s,100,0,0,NONE,1
100BB,CO,HJ,THREE_BET,87s,99,0,1,2.2,1
100BB,CO,HJ,THREE_BET,86s,100,0,0,NONE,1
100BB,CO,HJ,THREE_BET,85s,100,0,0,NONE,1
100BB,CO,HJ,THREE_BET,84s,100,0,0,NONE,1
100BB,CO,HJ,THREE_BET,83s,100,0,0,NONE,1
100BB,CO,HJ,THREE_BET,82s,100,0,0,NONE,1
100BB,CO,HJ,THREE_BET,76s,100,0,0,NONE,1
100BB,CO,HJ,THREE_BET,75s,100,0,0,NONE,1
100BB,CO,HJ,THREE_BET,74s,100,0,0,NONE,1
100BB,CO,HJ,THREE_BET,73s,100,0,0,NONE,1
100BB,CO,HJ,THREE_BET,72s,100,0,0,NONE,1
100BB,CO,HJ,THREE_BET,65s,100,0,0,NONE,1
100BB,CO,HJ,THREE_BET,64s,100,0,0,NONE,1
100BB,CO,HJ,THREE_BET,63s,100,0,0,NONE,1
100BB,CO,HJ,THREE_BET,62s,100,0,0,NONE,1
100BB,CO,HJ,THREE_BET,54s,100,0,0,NONE,1
100BB,CO,HJ,THREE_BET,53s,100,0,0,NONE,1
100BB,CO,HJ,THREE_BET,52s,100,0,0,NONE,1
100BB,CO,HJ,THREE_BET,43s,100,0,0,NONE,1
100BB,CO,HJ,THREE_BET,42s,100,0,0,NONE,1
100BB,CO,HJ,THREE_BET,32s,100,0,0,NONE,1
100BB,CO,HJ,THREE_BET,AKo,0,0,100,2.2,1
100BB,CO,HJ,THREE_BET,AQo,100,0,0,NONE,1
100BB,CO,HJ,THREE_BET,AJo,100,0,0,NONE,1
100BB,CO,HJ,THREE_BET,ATo,100,0,0,NONE,1
100BB,CO,HJ,THREE_BET,A9o,100,0,0,NONE,1
100BB,CO,HJ,THREE_BET,A8o,100,0,0,NONE,1
100BB,CO,HJ,THREE_BET,A7o,100,0,0,NONE,1
100BB,CO,HJ,THREE_BET,A6o,100,0,0,NONE,1
100BB,CO,HJ,THREE_BET,A5o,100,0,0,NONE,1
100BB,CO,HJ,THREE_BET,A4o,100,0,0,NONE,1
100BB,CO,HJ,THREE_BET,A3o,100,0,0,NONE,1
100BB,CO,HJ,THREE_BET,A2o,100,0,0,NONE,1
100BB,CO,HJ,THREE_BET,KQo,100,0,0,NONE,1
100BB,CO,HJ,THREE_BET,KJo,100,0,0,NONE,1
100BB,CO,HJ,THREE_BET,KTo,100,0,0,NONE,1
100BB,CO,HJ,THREE_BET,K9o,100,0,0,NONE,1
100BB,CO,HJ,THREE_BET,K8o,100,0,0,NONE,1
100BB,CO,HJ,THREE_BET,K7o,100,0,0,NONE,1
100BB,CO,HJ,THREE_BET,K6o,100,0,0,NONE,1
100BB,CO,HJ,THREE_BET,K5o,100,0,0,NONE,1
100BB,CO,HJ,THREE_BET,K4o,100,0,0,NONE,1
100BB,CO,HJ,THREE_BET,K3o,100,0,0,NONE,1
100BB,CO,HJ,THREE_BET,K2o,100,0,0,NONE,1
100BB,CO,HJ,THREE_BET,QJo,100,0,0,NONE,1
100BB,CO,HJ,THREE_BET,QTo,100,0,0,NONE,1
100BB,CO,HJ,THREE_BET,Q9o,100,0,0,NONE,1
100BB,CO,HJ,THREE_BET,Q8o,100,0,0,NONE,1
100BB,CO,HJ,THREE_BET,Q7o,100,0,0,NONE,1
100BB,CO,HJ,THREE_BET,Q6o,100,0,0,NONE,1
100BB,CO,HJ,THREE_BET,Q5o,100,0,0,NONE,1
100BB,CO,HJ,THREE_BET,Q4o,100,0,0,NONE,1
100BB,CO,HJ,THREE_BET,Q3o,100,0,0,NONE,1
100BB,CO,HJ,THREE_BET,Q2o,100,0,0,NONE,1
100BB,CO,HJ,THREE_BET,JTo,100,0,0,NONE,1
100BB,CO,HJ,THREE_BET,J9o,100,0,0,NONE,1
100BB,CO,HJ,THREE_BET,J8o,100,0,0,NONE,1
100BB,CO,HJ,THREE_BET,J7o,100,0,0,NONE,1
100BB,CO,HJ,THREE_BET,J6o,100,0,0,NONE,1
100BB,CO,HJ,THREE_BET,J5o,100,0,0,NONE,1
100BB,CO,HJ,THREE_BET,J4o,100,0,0,NONE,1
100BB,CO,HJ,THREE_BET,J3o,100,0,0,NONE,1
100BB,CO,HJ,THREE_BET,J2o,100,0,0,NONE,1
100BB,CO,HJ,THREE_BET,T9o,100,0,0,NONE,1
100BB,CO,HJ,THREE_BET,T8o,100,0,0,NONE,1
100BB,CO,HJ,THREE_BET,T7o,100,0,0,NONE,1
100BB,CO,HJ,THREE_BET,T6o,100,0,0,NONE,1
100BB,CO,HJ,THREE_BET,T5o,100,0,0,NONE,1
100BB,CO,HJ,THREE_BET,T4o,100,0,0,NONE,1
100BB,CO,HJ,THREE_BET,T3o,100,0,0,NONE,1
100BB,CO,HJ,THREE_BET,T2o,100,0,0,NONE,1
100BB,CO,HJ,THREE_BET,98o,100,0,0,NONE,1
100BB,CO,HJ,THREE_BET,97o,100,0,0,NONE,1
100BB,CO,HJ,THREE_BET,96o,100,0,0,NONE,1
100BB,CO,HJ,THREE_BET,95o,100,0,0,NONE,1
100BB,CO,HJ,THREE_BET,94o,100,0,0,NONE,1
100BB,CO,HJ,THREE_BET,93o,100,0,0,NONE,1
100BB,CO,HJ,THREE_BET,92o,100,0,0,NONE,1
100BB,CO,HJ,THREE_BET,87o,100,0,0,NONE,1
100BB,CO,HJ,THREE_BET,86o,100,0,0,NONE,1
100BB,CO,HJ,THREE_BET,85o,100,0,0,NONE,1
100BB,CO,HJ,THREE_BET,84o,100,0,0,NONE,1
100BB,CO,HJ,THREE_BET,83o,100,0,0,NONE,1
100BB,CO,HJ,THREE_BET,82o,100,0,0,NONE,1
100BB,CO,HJ,THREE_BET,76o,100,0,0,NONE,1
100BB,CO,HJ,THREE_BET,75o,100,0,0,NONE,1
100BB,CO,HJ,THREE_BET,74o,100,0,0,NONE,1
100BB,CO,HJ,THREE_BET,73o,100,0,0,NONE,1
100BB,CO,HJ,THREE_BET,72o,100,0,0,NONE,1
100BB,CO,HJ,THREE_BET,65o,100,0,0,NONE,1
100BB,CO,HJ,THREE_BET,64o,100,0,0,NONE,1
100BB,CO,HJ,THREE_BET,63o,100,0,0,NONE,1
100BB,CO,HJ,THREE_BET,62o,100,0,0,NONE,1
100BB,CO,HJ,THREE_BET,54o,100,0,0,NONE,1
100BB,CO,HJ,THREE_BET,53o,100,0,0,NONE,1
100BB,CO,HJ,THREE_BET,52o,100,0,0,NONE,1
100BB,CO,HJ,THREE_BET,43o,100,0,0,NONE,1
100BB,CO,HJ,THREE_BET,42o,100,0,0,NONE,1
100BB,CO,HJ,THREE_BET,32o,100,0,0,NONE,1
100BB,CO,CO,UNOPENED,AA,0,0,100,2.2,1
100BB,CO,CO,UNOPENED,KK,0,0,100,2.2,1
100BB,CO,CO,UNOPENED,QQ,0,0,100,2.2,1
100BB,CO,CO,UNOPENED,JJ,0,0,100,2.2,1
100BB,CO,CO,UNOPENED,TT,0,0,100,2.2,1
100BB,CO,CO,UNOPENED,99,0,0,100,2.2,1
100BB,CO,CO,UNOPENED,88,0,0,100,2.2,1
100BB,CO,CO,UNOPENED,77,0,0,100,2.2,1
100BB,CO,CO,UNOPENED,66,0,0,100,2.2,1
100BB,CO,CO,UNOPENED,55,0,0,100,2.2,1
100BB,CO,CO,UNOPENED,44,0,0,100,2.2,1
100BB,CO,CO,UNOPENED,33,0,0,100,2.2,1
100BB,CO,CO,UNOPENED,22,0,0,100,2.2,1
100BB,CO,CO,UNOPENED,AKs,0,0,100,2.2,1
100BB,CO,CO,UNOPENED,AQs,0,0,100,2.2,1
100BB,CO,CO,UNOPENED,AJs,0,0,100,2.2,1
100BB,CO,CO,UNOPENED,ATs,0,0,100,2.2,1
100BB,CO,CO,UNOPENED,A9s,0,0,100,2.2,1
100BB,CO,CO,UNOPENED,A8s,0,0,100,2.2,1
100BB,CO,CO,UNOPENED,A7s,0,0,100,2.2,1
100BB,CO,CO,UNOPENED,A6s,0,0,100,2.2,1
100BB,CO,CO,UNOPENED,A5s,0,0,100,2.2,1
100BB,CO,CO,UNOPENED,A4s,0,0,100,2.2,1
100BB,CO,CO,UNOPENED,A3s,0,0,100,2.2,1
100BB,CO,CO,UNOPENED,A2s,0,0,100,2.2,1
100BB,CO,CO,UNOPENED,KQs,0,0,100,2.2,1
100BB,CO,CO,UNOPENED,KJs,0,0,100,2.2,1
100BB,CO,CO,UNOPENED,KTs,0,0,100,2.2,1
100BB,CO,CO,UNOPENED,K9s,0,0,100,2.2,1
100BB,CO,CO,UNOPENED,K8s,0,0,100,2.2,1
100BB,CO,CO,UNOPENED,K7s,0,0,100,2.2,1
100BB,CO,CO,UNOPENED,K6s,0,0,100,2.2,1
100BB,CO,CO,UNOPENED,K5s,0,0,100,2.2,1
100BB,CO,CO,UNOPENED,K4s,0,0,100,2.2,1
100BB,CO,CO,UNOPENED,K3s,0,0,100,2.2,1
100BB,CO,CO,UNOPENED,K2s,0,0,100,2.2,1
100BB,CO,CO,UNOPENED,QJs,0,0,100,2.2,1
100BB,CO,CO,UNOPENED,QTs,0,0,100,2.2,1
100BB,CO,CO,UNOPENED,Q9s,0,0,100,2.2,1
100BB,CO,CO,UNOPENED,Q8s,0,0,100,2.2,1
100BB,CO,CO,UNOPENED,Q7s,0,0,100,2.2,1
100BB,CO,CO,UNOPENED,Q6s,0,0,100,2.2,1
100BB,CO,CO,UNOPENED,Q5s,0,0,100,2.2,1
100BB,CO,CO,UNOPENED,Q4s,0,0,100,2.2,1
100BB,CO,CO,UNOPENED,Q3s,3,0,97,2.2,1
100BB,CO,CO,UNOPENED,Q2s,100,0,0,NONE,1
100BB,CO,CO,UNOPENED,JTs,0,0,100,2.2,1
100BB,CO,CO,UNOPENED,J9s,0,0,100,2.2,1
100BB,CO,CO,UNOPENED,J8s,0,0,100,2.2,1
100BB,CO,CO,UNOPENED,J7s,0,0,100,2.2,1
100BB,CO,CO,UNOPENED,J6s,0,0,100,2.2,1
100BB,CO,CO,UNOPENED,J5s,0,0,100,2.2,1
100BB,CO,CO,UNOPENED,J4s,100,0,0,NONE,1
100BB,CO,CO,UNOPENED,J3s,100,0,0,NONE,1
100BB,CO,CO,UNOPENED,J2s,100,0,0,NONE,1
100BB,CO,CO,UNOPENED,T9s,0,0,100,2.2,1
100BB,CO,CO,UNOPENED,T8s,0,0,100,2.2,1
100BB,CO,CO,UNOPENED,T7s,0,0,100,2.2,1
100BB,CO,CO,UNOPENED,T6s,4,0,96,2.2,1
100BB,CO,CO,UNOPENED,T5s,100,0,0,NONE,1
100BB,CO,CO,UNOPENED,T4s,100,0,0,NONE,1
100BB,CO,CO,UNOPENED,T3s,100,0,0,NONE,1
100BB,CO,CO,UNOPENED,T2s,100,0,0,NONE,1
100BB,CO,CO,UNOPENED,98s,0,0,100,2.2,1
100BB,CO,CO,UNOPENED,97s,0,0,100,2.2,1
100BB,CO,CO,UNOPENED,96s,0,0,100,2.2,1
100BB,CO,CO,UNOPENED,95s,100,0,0,NONE,1
100BB,CO,CO,UNOPENED,94s,100,0,0,NONE,1
100BB,CO,CO,UNOPENED,93s,100,0,0,NONE,1
100BB,CO,CO,UNOPENED,92s,100,0,0,NONE,1
100BB,CO,CO,UNOPENED,87s,0,0,100,2.2,1
100BB,CO,CO,UNOPENED,86s,0,0,100,2.2,1
100BB,CO,CO,UNOPENED,85s,7,0,93,2.2,1
100BB,CO,CO,UNOPENED,84s,100,0,0,NONE,1
100BB,CO,CO,UNOPENED,83s,100,0,0,NONE,1
100BB,CO,CO,UNOPENED,82s,100,0,0,NONE,1
100BB,CO,CO,UNOPENED,76s,0,0,100,2.2,1
100BB,CO,CO,UNOPENED,75s,0,0,100,2.2,1
100BB,CO,CO,UNOPENED,74s,100,0,0,NONE,1
100BB,CO,CO,UNOPENED,73s,100,0,0,NONE,1
100BB,CO,CO,UNOPENED,72s,100,0,0,NONE,1
100BB,CO,CO,UNOPENED,65s,0,0,100,2.2,1
100BB,CO,CO,UNOPENED,64s,25,0,75,2.2,1
100BB,CO,CO,UNOPENED,63s,100,0,0,NONE,1
100BB,CO,CO,UNOPENED,62s,100,0,0,NONE,1
100BB,CO,CO,UNOPENED,54s,0,0,100,2.2,1
100BB,CO,CO,UNOPENED,53s,100,0,0,NONE,1
100BB,CO,CO,UNOPENED,52s,100,0,0,NONE,1
100BB,CO,CO,UNOPENED,43s,100,0,0,NONE,1
100BB,CO,CO,UNOPENED,42s,100,0,0,NONE,1
100BB,CO,CO,UNOPENED,32s,100,0,0,NONE,1
100BB,CO,CO,UNOPENED,AKo,0,0,100,2.2,1
100BB,CO,CO,UNOPENED,AQo,0,0,100,2.2,1
100BB,CO,CO,UNOPENED,AJo,0,0,100,2.2,1
100BB,CO,CO,UNOPENED,ATo,0,0,100,2.2,1
100BB,CO,CO,UNOPENED,A9o,0,0,100,2.2,1
100BB,CO,CO,UNOPENED,A8o,0,0,100,2.2,1
100BB,CO,CO,UNOPENED,A7o,0,0,100,2.2,1
100BB,CO,CO,UNOPENED,A6o,90,0,10,2.2,1
100BB,CO,CO,UNOPENED,A5o,0,0,100,2.2,1
100BB,CO,CO,UNOPENED,A4o,100,0,0,NONE,1
100BB,CO,CO,UNOPENED,A3o,100,0,0,NONE,1
100BB,CO,CO,UNOPENED,A2o,100,0,0,NONE,1
100BB,CO,CO,UNOPENED,KQo,0,0,100,2.2,1
100BB,CO,CO,UNOPENED,KJo,0,0,100,2.2,1
100BB,CO,CO,UNOPENED,KTo,0,0,100,2.2,1
100BB,CO,CO,UNOPENED,K9o,0,0,100,2.2,1
100BB,CO,CO,UNOPENED,K8o,100,0,0,NONE,1
100BB,CO,CO,UNOPENED,K7o,100,0,0,NONE,1
100BB,CO,CO,UNOPENED,K6o,100,0,0,NONE,1
100BB,CO,CO,UNOPENED,K5o,100,0,0,NONE,1
100BB,CO,CO,UNOPENED,K4o,100,0,0,NONE,1
100BB,CO,CO,UNOPENED,K3o,100,0,0,NONE,1
100BB,CO,CO,UNOPENED,K2o,100,0,0,NONE,1
100BB,CO,CO,UNOPENED,QJo,0,0,100,2.2,1
100BB,CO,CO,UNOPENED,QTo,0,0,100,2.2,1
100BB,CO,CO,UNOPENED,Q9o,48,0,52,2.2,1
100BB,CO,CO,UNOPENED,Q8o,100,0,0,NONE,1
100BB,CO,CO,UNOPENED,Q7o,100,0,0,NONE,1
100BB,CO,CO,UNOPENED,Q6o,100,0,0,NONE,1
100BB,CO,CO,UNOPENED,Q5o,100,0,0,NONE,1
100BB,CO,CO,UNOPENED,Q4o,100,0,0,NONE,1
100BB,CO,CO,UNOPENED,Q3o,100,0,0,NONE,1
100BB,CO,CO,UNOPENED,Q2o,100,0,0,NONE,1
100BB,CO,CO,UNOPENED,JTo,0,0,100,2.2,1
100BB,CO,CO,UNOPENED,J9o,64,0,36,2.2,1
100BB,CO,CO,UNOPENED,J8o,100,0,0,NONE,1
100BB,CO,CO,UNOPENED,J7o,100,0,0,NONE,1
100BB,CO,CO,UNOPENED,J6o,100,0,0,NONE,1
100BB,CO,CO,UNOPENED,J5o,100,0,0,NONE,1
100BB,CO,CO,UNOPENED,J4o,100,0,0,NONE,1
100BB,CO,CO,UNOPENED,J3o,100,0,0,NONE,1
100BB,CO,CO,UNOPENED,J2o,100,0,0,NONE,1
100BB,CO,CO,UNOPENED,T9o,0,0,100,2.2,1
100BB,CO,CO,UNOPENED,T8o,100,0,0,NONE,1
100BB,CO,CO,UNOPENED,T7o,100,0,0,NONE,1
100BB,CO,CO,UNOPENED,T6o,100,0,0,NONE,1
100BB,CO,CO,UNOPENED,T5o,100,0,0,NONE,1
100BB,CO,CO,UNOPENED,T4o,100,0,0,NONE,1
100BB,CO,CO,UNOPENED,T3o,100,0,0,NONE,1
100BB,CO,CO,UNOPENED,T2o,100,0,0,NONE,1
100BB,CO,CO,UNOPENED,98o,100,0,0,NONE,1
100BB,CO,CO,UNOPENED,97o,100,0,0,NONE,1
100BB,CO,CO,UNOPENED,96o,100,0,0,NONE,1
100BB,CO,CO,UNOPENED,95o,100,0,0,NONE,1
100BB,CO,CO,UNOPENED,94o,100,0,0,NONE,1
100BB,CO,CO,UNOPENED,93o,100,0,0,NONE,1
100BB,CO,CO,UNOPENED,92o,100,0,0,NONE,1
100BB,CO,CO,UNOPENED,87o,100,0,0,NONE,1
100BB,CO,CO,UNOPENED,86o,100,0,0,NONE,1
100BB,CO,CO,UNOPENED,85o,100,0,0,NONE,1
100BB,CO,CO,UNOPENED,84o,100,0,0,NONE,1
100BB,CO,CO,UNOPENED,83o,100,0,0,NONE,1
100BB,CO,CO,UNOPENED,82o,100,0,0,NONE,1
100BB,CO,CO,UNOPENED,76o,100,0,0,NONE,1
100BB,CO,CO,UNOPENED,75o,100,0,0,NONE,1
100BB,CO,CO,UNOPENED,74o,100,0,0,NONE,1
100BB,CO,CO,UNOPENED,73o,100,0,0,NONE,1
100BB,CO,CO,UNOPENED,72o,100,0,0,NONE,1
100BB,CO,CO,UNOPENED,65o,100,0,0,NONE,1
100BB,CO,CO,UNOPENED,64o,100,0,0,NONE,1
100BB,CO,CO,UNOPENED,63o,100,0,0,NONE,1
100BB,CO,CO,UNOPENED,62o,100,0,0,NONE,1
100BB,CO,CO,UNOPENED,54o,100,0,0,NONE,1
100BB,CO,CO,UNOPENED,53o,100,0,0,NONE,1
100BB,CO,CO,UNOPENED,52o,100,0,0,NONE,1
100BB,CO,CO,UNOPENED,43o,100,0,0,NONE,1
100BB,CO,CO,UNOPENED,42o,100,0,0,NONE,1
100BB,CO,CO,UNOPENED,32o,100,0,0,NONE,1
100BB,CO,CO,ONE_RAISE,AA,0,0,0,NONE,0
100BB,CO,CO,ONE_RAISE,KK,0,0,0,NONE,0
100BB,CO,CO,ONE_RAISE,QQ,0,0,0,NONE,0
100BB,CO,CO,ONE_RAISE,JJ,0,0,0,NONE,0
100BB,CO,CO,ONE_RAISE,TT,0,0,0,NONE,0
100BB,CO,CO,ONE_RAISE,99,0,0,0,NONE,0
100BB,CO,CO,ONE_RAISE,88,0,0,0,NONE,0
100BB,CO,CO,ONE_RAISE,77,0,0,0,NONE,0
100BB,CO,CO,ONE_RAISE,66,0,0,0,NONE,0
100BB,CO,CO,ONE_RAISE,55,0,0,0,NONE,0
100BB,CO,CO,ONE_RAISE,44,0,0,0,NONE,0
100BB,CO,CO,ONE_RAISE,33,0,0,0,NONE,0
100BB,CO,CO,ONE_RAISE,22,0,0,0,NONE,0
100BB,CO,CO,ONE_RAISE,AKs,0,0,0,NONE,0
100BB,CO,CO,ONE_RAISE,AQs,0,0,0,NONE,0
100BB,CO,CO,ONE_RAISE,AJs,0,0,0,NONE,0
100BB,CO,CO,ONE_RAISE,ATs,0,0,0,NONE,0
100BB,CO,CO,ONE_RAISE,A9s,0,0,0,NONE,0
100BB,CO,CO,ONE_RAISE,A8s,0,0,0,NONE,0
100BB,CO,CO,ONE_RAISE,A7s,0,0,0,NONE,0
100BB,CO,CO,ONE_RAISE,A6s,0,0,0,NONE,0
100BB,CO,CO,ONE_RAISE,A5s,0,0,0,NONE,0
100BB,CO,CO,ONE_RAISE,A4s,0,0,0,NONE,0
100BB,CO,CO,ONE_RAISE,A3s,0,0,0,NONE,0
100BB,CO,CO,ONE_RAISE,A2s,0,0,0,NONE,0
100BB,CO,CO,ONE_RAISE,KQs,0,0,0,NONE,0
100BB,CO,CO,ONE_RAISE,KJs,0,0,0,NONE,0
100BB,CO,CO,ONE_RAISE,KTs,0,0,0,NONE,0
100BB,CO,CO,ONE_RAISE,K9s,0,0,0,NONE,0
100BB,CO,CO,ONE_RAISE,K8s,0,0,0,NONE,0
100BB,CO,CO,ONE_RAISE,K7s,0,0,0,NONE,0
100BB,CO,CO,ONE_RAISE,K6s,0,0,0,NONE,0
100BB,CO,CO,ONE_RAISE,K5s,0,0,0,NONE,0
100BB,CO,CO,ONE_RAISE,K4s,0,0,0,NONE,0
100BB,CO,CO,ONE_RAISE,K3s,0,0,0,NONE,0
100BB,CO,CO,ONE_RAISE,K2s,0,0,0,NONE,0
100BB,CO,CO,ONE_RAISE,QJs,0,0,0,NONE,0
100BB,CO,CO,ONE_RAISE,QTs,0,0,0,NONE,0
100BB,CO,CO,ONE_RAISE,Q9s,0,0,0,NONE,0
100BB,CO,CO,ONE_RAISE,Q8s,0,0,0,NONE,0
100BB,CO,CO,ONE_RAISE,Q7s,0,0,0,NONE,0
100BB,CO,CO,ONE_RAISE,Q6s,0,0,0,NONE,0
100BB,CO,CO,ONE_RAISE,Q5s,0,0,0,NONE,0
100BB,CO,CO,ONE_RAISE,Q4s,0,0,0,NONE,0
100BB,CO,CO,ONE_RAISE,Q3s,0,0,0,NONE,0
100BB,CO,CO,ONE_RAISE,Q2s,0,0,0,NONE,0
100BB,CO,CO,ONE_RAISE,JTs,0,0,0,NONE,0
100BB,CO,CO,ONE_RAISE,J9s,0,0,0,NONE,0
100BB,CO,CO,ONE_RAISE,J8s,0,0,0,NONE,0
100BB,CO,CO,ONE_RAISE,J7s,0,0,0,NONE,0
100BB,CO,CO,ONE_RAISE,J6s,0,0,0,NONE,0
100BB,CO,CO,ONE_RAISE,J5s,0,0,0,NONE,0
100BB,CO,CO,ONE_RAISE,J4s,0,0,0,NONE,0
100BB,CO,CO,ONE_RAISE,J3s,0,0,0,NONE,0
100BB,CO,CO,ONE_RAISE,J2s,0,0,0,NONE,0
100BB,CO,CO,ONE_RAISE,T9s,0,0,0,NONE,0
100BB,CO,CO,ONE_RAISE,T8s,0,0,0,NONE,0
100BB,CO,CO,ONE_RAISE,T7s,0,0,0,NONE,0
100BB,CO,CO,ONE_RAISE,T6s,0,0,0,NONE,0
100BB,CO,CO,ONE_RAISE,T5s,0,0,0,NONE,0
100BB,CO,CO,ONE_RAISE,T4s,0,0,0,NONE,0
100BB,CO,CO,ONE_RAISE,T3s,0,0,0,NONE,0
100BB,CO,CO,ONE_RAISE,T2s,0,0,0,NONE,0
100BB,CO,CO,ONE_RAISE,98s,0,0,0,NONE,0
100BB,CO,CO,ONE_RAISE,97s,0,0,0,NONE,0
100BB,CO,CO,ONE_RAISE,96s,0,0,0,NONE,0
100BB,CO,CO,ONE_RAISE,95s,0,0,0,NONE,0
100BB,CO,CO,ONE_RAISE,94s,0,0,0,NONE,0
100BB,CO,CO,ONE_RAISE,93s,0,0,0,NONE,0
100BB,CO,CO,ONE_RAISE,92s,0,0,0,NONE,0
100BB,CO,CO,ONE_RAISE,87s,0,0,0,NONE,0
100BB,CO,CO,ONE_RAISE,86s,0,0,0,NONE,0
100BB,CO,CO,ONE_RAISE,85s,0,0,0,NONE,0
100BB,CO,CO,ONE_RAISE,84s,0,0,0,NONE,0
100BB,CO,CO,ONE_RAISE,83s,0,0,0,NONE,0
100BB,CO,CO,ONE_RAISE,82s,0,0,0,NONE,0
100BB,CO,CO,ONE_RAISE,76s,0,0,0,NONE,0
100BB,CO,CO,ONE_RAISE,75s,0,0,0,NONE,0
100BB,CO,CO,ONE_RAISE,74s,0,0,0,NONE,0
100BB,CO,CO,ONE_RAISE,73s,0,0,0,NONE,0
100BB,CO,CO,ONE_RAISE,72s,0,0,0,NONE,0
100BB,CO,CO,ONE_RAISE,65s,0,0,0,NONE,0
100BB,CO,CO,ONE_RAISE,64s,0,0,0,NONE,0
100BB,CO,CO,ONE_RAISE,63s,0,0,0,NONE,0
100BB,CO,CO,ONE_RAISE,62s,0,0,0,NONE,0
100BB,CO,CO,ONE_RAISE,54s,0,0,0,NONE,0
100BB,CO,CO,ONE_RAISE,53s,0,0,0,NONE,0
100BB,CO,CO,ONE_RAISE,52s,0,0,0,NONE,0
100BB,CO,CO,ONE_RAISE,43s,0,0,0,NONE,0
100BB,CO,CO,ONE_RAISE,42s,0,0,0,NONE,0
100BB,CO,CO,ONE_RAISE,32s,0,0,0,NONE,0
100BB,CO,CO,ONE_RAISE,AKo,0,0,0,NONE,0
100BB,CO,CO,ONE_RAISE,AQo,0,0,0,NONE,0
100BB,CO,CO,ONE_RAISE,AJo,0,0,0,NONE,0
100BB,CO,CO,ONE_RAISE,ATo,0,0,0,NONE,0
100BB,CO,CO,ONE_RAISE,A9o,0,0,0,NONE,0
100BB,CO,CO,ONE_RAISE,A8o,0,0,0,NONE,0
100BB,CO,CO,ONE_RAISE,A7o,0,0,0,NONE,0
100BB,CO,CO,ONE_RAISE,A6o,0,0,0,NONE,0
100BB,CO,CO,ONE_RAISE,A5o,0,0,0,NONE,0
100BB,CO,CO,ONE_RAISE,A4o,0,0,0,NONE,0
100BB,CO,CO,ONE_RAISE,A3o,0,0,0,NONE,0
100BB,CO,CO,ONE_RAISE,A2o,0,0,0,NONE,0
100BB,CO,CO,ONE_RAISE,KQo,0,0,0,NONE,0
100BB,CO,CO,ONE_RAISE,KJo,0,0,0,NONE,0
100BB,CO,CO,ONE_RAISE,KTo,0,0,0,NONE,0
100BB,CO,CO,ONE_RAISE,K9o,0,0,0,NONE,0
100BB,CO,CO,ONE_RAISE,K8o,0,0,0,NONE,0
100BB,CO,CO,ONE_RAISE,K7o,0,0,0,NONE,0
100BB,CO,CO,ONE_RAISE,K6o,0,0,0,NONE,0
100BB,CO,CO,ONE_RAISE,K5o,0,0,0,NONE,0
100BB,CO,CO,ONE_RAISE,K4o,0,0,0,NONE,0
100BB,CO,CO,ONE_RAISE,K3o,0,0,0,NONE,0
100BB,CO,CO,ONE_RAISE,K2o,0,0,0,NONE,0
100BB,CO,CO,ONE_RAISE,QJo,0,0,0,NONE,0
100BB,CO,CO,ONE_RAISE,QTo,0,0,0,NONE,0
100BB,CO,CO,ONE_RAISE,Q9o,0,0,0,NONE,0
100BB,CO,CO,ONE_RAISE,Q8o,0,0,0,NONE,0
100BB,CO,CO,ONE_RAISE,Q7o,0,0,0,NONE,0
100BB,CO,CO,ONE_RAISE,Q6o,0,0,0,NONE,0
100BB,CO,CO,ONE_RAISE,Q5o,0,0,0,NONE,0
100BB,CO,CO,ONE_RAISE,Q4o,0,0,0,NONE,0
100BB,CO,CO,ONE_RAISE,Q3o,0,0,0,NONE,0
100BB,CO,CO,ONE_RAISE,Q2o,0,0,0,NONE,0
100BB,CO,CO,ONE_RAISE,JTo,0,0,0,NONE,0
100BB,CO,CO,ONE_RAISE,J9o,0,0,0,NONE,0
100BB,CO,CO,ONE_RAISE,J8o,0,0,0,NONE,0
100BB,CO,CO,ONE_RAISE,J7o,0,0,0,NONE,0
100BB,CO,CO,ONE_RAISE,J6o,0,0,0,NONE,0
100BB,CO,CO,ONE_RAISE,J5o,0,0,0,NONE,0
100BB,CO,CO,ONE_RAISE,J4o,0,0,0,NONE,0
100BB,CO,CO,ONE_RAISE,J3o,0,0,0,NONE,0
100BB,CO,CO,ONE_RAISE,J2o,0,0,0,NONE,0
100BB,CO,CO,ONE_RAISE,T9o,0,0,0,NONE,0
100BB,CO,CO,ONE_RAISE,T8o,0,0,0,NONE,0
100BB,CO,CO,ONE_RAISE,T7o,0,0,0,NONE,0
100BB,CO,CO,ONE_RAISE,T6o,0,0,0,NONE,0
100BB,CO,CO,ONE_RAISE,T5o,0,0,0,NONE,0
100BB,CO,CO,ONE_RAISE,T4o,0,0,0,NONE,0
100BB,CO,CO,ONE_RAISE,T3o,0,0,0,NONE,0
100BB,CO,CO,ONE_RAISE,T2o,0,0,0,NONE,0
100BB,CO,CO,ONE_RAISE,98o,0,0,0,NONE,0
100BB,CO,CO,ONE_RAISE,97o,0,0,0,NONE,0
100BB,CO,CO,ONE_RAISE,96o,0,0,0,NONE,0
100BB,CO,CO,ONE_RAISE,95o,0,0,0,NONE,0
100BB,CO,CO,ONE_RAISE,94o,0,0,0,NONE,0
100BB,CO,CO,ONE_RAISE,93o,0,0,0,NONE,0
100BB,CO,CO,ONE_RAISE,92o,0,0,0,NONE,0
100BB,CO,CO,ONE_RAISE,87o,0,0,0,NONE,0
100BB,CO,CO,ONE_RAISE,86o,0,0,0,NONE,0
100BB,CO,CO,ONE_RAISE,85o,0,0,0,NONE,0
100BB,CO,CO,ONE_RAISE,84o,0,0,0,NONE,0
100BB,CO,CO,ONE_RAISE,83o,0,0,0,NONE,0
100BB,CO,CO,ONE_RAISE,82o,0,0,0,NONE,0
100BB,CO,CO,ONE_RAISE,76o,0,0,0,NONE,0
100BB,CO,CO,ONE_RAISE,75o,0,0,0,NONE,0
100BB,CO,CO,ONE_RAISE,74o,0,0,0,NONE,0
100BB,CO,CO,ONE_RAISE,73o,0,0,0,NONE,0
100BB,CO,CO,ONE_RAISE,72o,0,0,0,NONE,0
100BB,CO,CO,ONE_RAISE,65o,0,0,0,NONE,0
100BB,CO,CO,ONE_RAISE,64o,0,0,0,NONE,0
100BB,CO,CO,ONE_RAISE,63o,0,0,0,NONE,0
100BB,CO,CO,ONE_RAISE,62o,0,0,0,NONE,0
100BB,CO,CO,ONE_RAISE,54o,0,0,0,NONE,0
100BB,CO,CO,ONE_RAISE,53o,0,0,0,NONE,0
100BB,CO,CO,ONE_RAISE,52o,0,0,0,NONE,0
100BB,CO,CO,ONE_RAISE,43o,0,0,0,NONE,0
100BB,CO,CO,ONE_RAISE,42o,0,0,0,NONE,0
100BB,CO,CO,ONE_RAISE,32o,0,0,0,NONE,0
100BB,CO,CO,THREE_BET,AA,0,0,0,NONE,0
100BB,CO,CO,THREE_BET,KK,0,0,0,NONE,0
100BB,CO,CO,THREE_BET,QQ,0,0,0,NONE,0
100BB,CO,CO,THREE_BET,JJ,0,0,0,NONE,0
100BB,CO,CO,THREE_BET,TT,0,0,0,NONE,0
100BB,CO,CO,THREE_BET,99,0,0,0,NONE,0
100BB,CO,CO,THREE_BET,88,0,0,0,NONE,0
100BB,CO,CO,THREE_BET,77,0,0,0,NONE,0
100BB,CO,CO,THREE_BET,66,0,0,0,NONE,0
100BB,CO,CO,THREE_BET,55,0,0,0,NONE,0
100BB,CO,CO,THREE_BET,44,0,0,0,NONE,0
100BB,CO,CO,THREE_BET,33,0,0,0,NONE,0
100BB,CO,CO,THREE_BET,22,0,0,0,NONE,0
100BB,CO,CO,THREE_BET,AKs,0,0,0,NONE,0
100BB,CO,CO,THREE_BET,AQs,0,0,0,NONE,0
100BB,CO,CO,THREE_BET,AJs,0,0,0,NONE,0
100BB,CO,CO,THREE_BET,ATs,0,0,0,NONE,0
100BB,CO,CO,THREE_BET,A9s,0,0,0,NONE,0
100BB,CO,CO,THREE_BET,A8s,0,0,0,NONE,0
100BB,CO,CO,THREE_BET,A7s,0,0,0,NONE,0
100BB,CO,CO,THREE_BET,A6s,0,0,0,NONE,0
100BB,CO,CO,THREE_BET,A5s,0,0,0,NONE,0
100BB,CO,CO,THREE_BET,A4s,0,0,0,NONE,0
100BB,CO,CO,THREE_BET,A3s,0,0,0,NONE,0
100BB,CO,CO,THREE_BET,A2s,0,0,0,NONE,0
100BB,CO,CO,THREE_BET,KQs,0,0,0,NONE,0
100BB,CO,CO,THREE_BET,KJs,0,0,0,NONE,0
100BB,CO,CO,THREE_BET,KTs,0,0,0,NONE,0
100BB,CO,CO,THREE_BET,K9s,0,0,0,NONE,0
100BB,CO,CO,THREE_BET,K8s,0,0,0,NONE,0
100BB,CO,CO,THREE_BET,K7s,0,0,0,NONE,0
100BB,CO,CO,THREE_BET,K6s,0,0,0,NONE,0
100BB,CO,CO,THREE_BET,K5s,0,0,0,NONE,0
100BB,CO,CO,THREE_BET,K4s,0,0,0,NONE,0
100BB,CO,CO,THREE_BET,K3s,0,0,0,NONE,0
100BB,CO,CO,THREE_BET,K2s,0,0,0,NONE,0
100BB,CO,CO,THREE_BET,QJs,0,0,0,NONE,0
100BB,CO,CO,THREE_BET,QTs,0,0,0,NONE,0
100BB,CO,CO,THREE_BET,Q9s,0,0,0,NONE,0
100BB,CO,CO,THREE_BET,Q8s,0,0,0,NONE,0
100BB,CO,CO,THREE_BET,Q7s,0,0,0,NONE,0
100BB,CO,CO,THREE_BET,Q6s,0,0,0,NONE,0
100BB,CO,CO,THREE_BET,Q5s,0,0,0,NONE,0
100BB,CO,CO,THREE_BET,Q4s,0,0,0,NONE,0
100BB,CO,CO,THREE_BET,Q3s,0,0,0,NONE,0
100BB,CO,CO,THREE_BET,Q2s,0,0,0,NONE,0
100BB,CO,CO,THREE_BET,JTs,0,0,0,NONE,0
100BB,CO,CO,THREE_BET,J9s,0,0,0,NONE,0
100BB,CO,CO,THREE_BET,J8s,0,0,0,NONE,0
100BB,CO,CO,THREE_BET,J7s,0,0,0,NONE,0
100BB,CO,CO,THREE_BET,J6s,0,0,0,NONE,0
100BB,CO,CO,THREE_BET,J5s,0,0,0,NONE,0
100BB,CO,CO,THREE_BET,J4s,0,0,0,NONE,0
100BB,CO,CO,THREE_BET,J3s,0,0,0,NONE,0
100BB,CO,CO,THREE_BET,J2s,0,0,0,NONE,0
100BB,CO,CO,THREE_BET,T9s,0,0,0,NONE,0
100BB,CO,CO,THREE_BET,T8s,0,0,0,NONE,0
100BB,CO,CO,THREE_BET,T7s,0,0,0,NONE,0
100BB,CO,CO,THREE_BET,T6s,0,0,0,NONE,0
100BB,CO,CO,THREE_BET,T5s,0,0,0,NONE,0
100BB,CO,CO,THREE_BET,T4s,0,0,0,NONE,0
100BB,CO,CO,THREE_BET,T3s,0,0,0,NONE,0
100BB,CO,CO,THREE_BET,T2s,0,0,0,NONE,0
100BB,CO,CO,THREE_BET,98s,0,0,0,NONE,0
100BB,CO,CO,THREE_BET,97s,0,0,0,NONE,0
100BB,CO,CO,THREE_BET,96s,0,0,0,NONE,0
100BB,CO,CO,THREE_BET,95s,0,0,0,NONE,0
100BB,CO,CO,THREE_BET,94s,0,0,0,NONE,0
100BB,CO,CO,THREE_BET,93s,0,0,0,NONE,0
100BB,CO,CO,THREE_BET,92s,0,0,0,NONE,0
100BB,CO,CO,THREE_BET,87s,0,0,0,NONE,0
100BB,CO,CO,THREE_BET,86s,0,0,0,NONE,0
100BB,CO,CO,THREE_BET,85s,0,0,0,NONE,0
100BB,CO,CO,THREE_BET,84s,0,0,0,NONE,0
100BB,CO,CO,THREE_BET,83s,0,0,0,NONE,0
100BB,CO,CO,THREE_BET,82s,0,0,0,NONE,0
100BB,CO,CO,THREE_BET,76s,0,0,0,NONE,0
100BB,CO,CO,THREE_BET,75s,0,0,0,NONE,0
100BB,CO,CO,THREE_BET,74s,0,0,0,NONE,0
100BB,CO,CO,THREE_BET,73s,0,0,0,NONE,0
100BB,CO,CO,THREE_BET,72s,0,0,0,NONE,0
100BB,CO,CO,THREE_BET,65s,0,0,0,NONE,0
100BB,CO,CO,THREE_BET,64s,0,0,0,NONE,0
100BB,CO,CO,THREE_BET,63s,0,0,0,NONE,0
100BB,CO,CO,THREE_BET,62s,0,0,0,NONE,0
100BB,CO,CO,THREE_BET,54s,0,0,0,NONE,0
100BB,CO,CO,THREE_BET,53s,0,0,0,NONE,0
100BB,CO,CO,THREE_BET,52s,0,0,0,NONE,0
100BB,CO,CO,THREE_BET,43s,0,0,0,NONE,0
100BB,CO,CO,THREE_BET,42s,0,0,0,NONE,0
100BB,CO,CO,THREE_BET,32s,0,0,0,NONE,0
100BB,CO,CO,THREE_BET,AKo,0,0,0,NONE,0
100BB,CO,CO,THREE_BET,AQo,0,0,0,NONE,0
100BB,CO,CO,THREE_BET,AJo,0,0,0,NONE,0
100BB,CO,CO,THREE_BET,ATo,0,0,0,NONE,0
100BB,CO,CO,THREE_BET,A9o,0,0,0,NONE,0
100BB,CO,CO,THREE_BET,A8o,0,0,0,NONE,0
100BB,CO,CO,THREE_BET,A7o,0,0,0,NONE,0
100BB,CO,CO,THREE_BET,A6o,0,0,0,NONE,0
100BB,CO,CO,THREE_BET,A5o,0,0,0,NONE,0
100BB,CO,CO,THREE_BET,A4o,0,0,0,NONE,0
100BB,CO,CO,THREE_BET,A3o,0,0,0,NONE,0
100BB,CO,CO,THREE_BET,A2o,0,0,0,NONE,0
100BB,CO,CO,THREE_BET,KQo,0,0,0,NONE,0
100BB,CO,CO,THREE_BET,KJo,0,0,0,NONE,0
100BB,CO,CO,THREE_BET,KTo,0,0,0,NONE,0
100BB,CO,CO,THREE_BET,K9o,0,0,0,NONE,0
100BB,CO,CO,THREE_BET,K8o,0,0,0,NONE,0
100BB,CO,CO,THREE_BET,K7o,0,0,0,NONE,0
100BB,CO,CO,THREE_BET,K6o,0,0,0,NONE,0
100BB,CO,CO,THREE_BET,K5o,0,0,0,NONE,0
100BB,CO,CO,THREE_BET,K4o,0,0,0,NONE,0
100BB,CO,CO,THREE_BET,K3o,0,0,0,NONE,0
100BB,CO,CO,THREE_BET,K2o,0,0,0,NONE,0
100BB,CO,CO,THREE_BET,QJo,0,0,0,NONE,0
100BB,CO,CO,THREE_BET,QTo,0,0,0,NONE,0
100BB,CO,CO,THREE_BET,Q9o,0,0,0,NONE,0
100BB,CO,CO,THREE_BET,Q8o,0,0,0,NONE,0
100BB,CO,CO,THREE_BET,Q7o,0,0,0,NONE,0
100BB,CO,CO,THREE_BET,Q6o,0,0,0,NONE,0
100BB,CO,CO,THREE_BET,Q5o,0,0,0,NONE,0
100BB,CO,CO,THREE_BET,Q4o,0,0,0,NONE,0
100BB,CO,CO,THREE_BET,Q3o,0,0,0,NONE,0
100BB,CO,CO,THREE_BET,Q2o,0,0,0,NONE,0
100BB,CO,CO,THREE_BET,JTo,0,0,0,NONE,0
100BB,CO,CO,THREE_BET,J9o,0,0,0,NONE,0
100BB,CO,CO,THREE_BET,J8o,0,0,0,NONE,0
100BB,CO,CO,THREE_BET,J7o,0,0,0,NONE,0
100BB,CO,CO,THREE_BET,J6o,0,0,0,NONE,0
100BB,CO,CO,THREE_BET,J5o,0,0,0,NONE,0
100BB,CO,CO,THREE_BET,J4o,0,0,0,NONE,0
100BB,CO,CO,THREE_BET,J3o,0,0,0,NONE,0
100BB,CO,CO,THREE_BET,J2o,0,0,0,NONE,0
100BB,CO,CO,THREE_BET,T9o,0,0,0,NONE,0
100BB,CO,CO,THREE_BET,T8o,0,0,0,NONE,0
100BB,CO,CO,THREE_BET,T7o,0,0,0,NONE,0
100BB,CO,CO,THREE_BET,T6o,0,0,0,NONE,0
100BB,CO,CO,THREE_BET,T5o,0,0,0,NONE,0
100BB,CO,CO,THREE_BET,T4o,0,0,0,NONE,0
100BB,CO,CO,THREE_BET,T3o,0,0,0,NONE,0
100BB,CO,CO,THREE_BET,T2o,0,0,0,NONE,0
100BB,CO,CO,THREE_BET,98o,0,0,0,NONE,0
100BB,CO,CO,THREE_BET,97o,0,0,0,NONE,0
100BB,CO,CO,THREE_BET,96o,0,0,0,NONE,0
100BB,CO,CO,THREE_BET,95o,0,0,0,NONE,0
100BB,CO,CO,THREE_BET,94o,0,0,0,NONE,0
100BB,CO,CO,THREE_BET,93o,0,0,0,NONE,0
100BB,CO,CO,THREE_BET,92o,0,0,0,NONE,0
100BB,CO,CO,THREE_BET,87o,0,0,0,NONE,0
100BB,CO,CO,THREE_BET,86o,0,0,0,NONE,0
100BB,CO,CO,THREE_BET,85o,0,0,0,NONE,0
100BB,CO,CO,THREE_BET,84o,0,0,0,NONE,0
100BB,CO,CO,THREE_BET,83o,0,0,0,NONE,0
100BB,CO,CO,THREE_BET,82o,0,0,0,NONE,0
100BB,CO,CO,THREE_BET,76o,0,0,0,NONE,0
100BB,CO,CO,THREE_BET,75o,0,0,0,NONE,0
100BB,CO,CO,THREE_BET,74o,0,0,0,NONE,0
100BB,CO,CO,THREE_BET,73o,0,0,0,NONE,0
100BB,CO,CO,THREE_BET,72o,0,0,0,NONE,0
100BB,CO,CO,THREE_BET,65o,0,0,0,NONE,0
100BB,CO,CO,THREE_BET,64o,0,0,0,NONE,0
100BB,CO,CO,THREE_BET,63o,0,0,0,NONE,0
100BB,CO,CO,THREE_BET,62o,0,0,0,NONE,0
100BB,CO,CO,THREE_BET,54o,0,0,0,NONE,0
100BB,CO,CO,THREE_BET,53o,0,0,0,NONE,0
100BB,CO,CO,THREE_BET,52o,0,0,0,NONE,0
100BB,CO,CO,THREE_BET,43o,0,0,0,NONE,0
100BB,CO,CO,THREE_BET,42o,0,0,0,NONE,0
100BB,CO,CO,THREE_BET,32o,0,0,0,NONE,0
100BB,CO,BTN,UNOPENED,AA,0,0,0,NONE,0
100BB,CO,BTN,UNOPENED,KK,0,0,0,NONE,0
100BB,CO,BTN,UNOPENED,QQ,0,0,0,NONE,0
100BB,CO,BTN,UNOPENED,JJ,0,0,0,NONE,0
100BB,CO,BTN,UNOPENED,TT,0,0,0,NONE,0
100BB,CO,BTN,UNOPENED,99,0,0,0,NONE,0
100BB,CO,BTN,UNOPENED,88,0,0,0,NONE,0
100BB,CO,BTN,UNOPENED,77,0,0,0,NONE,0
100BB,CO,BTN,UNOPENED,66,0,0,0,NONE,0
100BB,CO,BTN,UNOPENED,55,0,0,0,NONE,0
100BB,CO,BTN,UNOPENED,44,0,0,0,NONE,0
100BB,CO,BTN,UNOPENED,33,0,0,0,NONE,0
100BB,CO,BTN,UNOPENED,22,0,0,0,NONE,0
100BB,CO,BTN,UNOPENED,AKs,0,0,0,NONE,0
100BB,CO,BTN,UNOPENED,AQs,0,0,0,NONE,0
100BB,CO,BTN,UNOPENED,AJs,0,0,0,NONE,0
100BB,CO,BTN,UNOPENED,ATs,0,0,0,NONE,0
100BB,CO,BTN,UNOPENED,A9s,0,0,0,NONE,0
100BB,CO,BTN,UNOPENED,A8s,0,0,0,NONE,0
100BB,CO,BTN,UNOPENED,A7s,0,0,0,NONE,0
100BB,CO,BTN,UNOPENED,A6s,0,0,0,NONE,0
100BB,CO,BTN,UNOPENED,A5s,0,0,0,NONE,0
100BB,CO,BTN,UNOPENED,A4s,0,0,0,NONE,0
100BB,CO,BTN,UNOPENED,A3s,0,0,0,NONE,0
100BB,CO,BTN,UNOPENED,A2s,0,0,0,NONE,0
100BB,CO,BTN,UNOPENED,KQs,0,0,0,NONE,0
100BB,CO,BTN,UNOPENED,KJs,0,0,0,NONE,0
100BB,CO,BTN,UNOPENED,KTs,0,0,0,NONE,0
100BB,CO,BTN,UNOPENED,K9s,0,0,0,NONE,0
100BB,CO,BTN,UNOPENED,K8s,0,0,0,NONE,0
100BB,CO,BTN,UNOPENED,K7s,0,0,0,NONE,0
100BB,CO,BTN,UNOPENED,K6s,0,0,0,NONE,0
100BB,CO,BTN,UNOPENED,K5s,0,0,0,NONE,0
100BB,CO,BTN,UNOPENED,K4s,0,0,0,NONE,0
100BB,CO,BTN,UNOPENED,K3s,0,0,0,NONE,0
100BB,CO,BTN,UNOPENED,K2s,0,0,0,NONE,0
100BB,CO,BTN,UNOPENED,QJs,0,0,0,NONE,0
100BB,CO,BTN,UNOPENED,QTs,0,0,0,NONE,0
100BB,CO,BTN,UNOPENED,Q9s,0,0,0,NONE,0
100BB,CO,BTN,UNOPENED,Q8s,0,0,0,NONE,0
100BB,CO,BTN,UNOPENED,Q7s,0,0,0,NONE,0
100BB,CO,BTN,UNOPENED,Q6s,0,0,0,NONE,0
100BB,CO,BTN,UNOPENED,Q5s,0,0,0,NONE,0
100BB,CO,BTN,UNOPENED,Q4s,0,0,0,NONE,0
100BB,CO,BTN,UNOPENED,Q3s,0,0,0,NONE,0
100BB,CO,BTN,UNOPENED,Q2s,0,0,0,NONE,0
100BB,CO,BTN,UNOPENED,JTs,0,0,0,NONE,0
100BB,CO,BTN,UNOPENED,J9s,0,0,0,NONE,0
100BB,CO,BTN,UNOPENED,J8s,0,0,0,NONE,0
100BB,CO,BTN,UNOPENED,J7s,0,0,0,NONE,0
100BB,CO,BTN,UNOPENED,J6s,0,0,0,NONE,0
100BB,CO,BTN,UNOPENED,J5s,0,0,0,NONE,0
100BB,CO,BTN,UNOPENED,J4s,0,0,0,NONE,0
100BB,CO,BTN,UNOPENED,J3s,0,0,0,NONE,0
100BB,CO,BTN,UNOPENED,J2s,0,0,0,NONE,0
100BB,CO,BTN,UNOPENED,T9s,0,0,0,NONE,0
100BB,CO,BTN,UNOPENED,T8s,0,0,0,NONE,0
100BB,CO,BTN,UNOPENED,T7s,0,0,0,NONE,0
100BB,CO,BTN,UNOPENED,T6s,0,0,0,NONE,0
100BB,CO,BTN,UNOPENED,T5s,0,0,0,NONE,0
100BB,CO,BTN,UNOPENED,T4s,0,0,0,NONE,0
100BB,CO,BTN,UNOPENED,T3s,0,0,0,NONE,0
100BB,CO,BTN,UNOPENED,T2s,0,0,0,NONE,0
100BB,CO,BTN,UNOPENED,98s,0,0,0,NONE,0
100BB,CO,BTN,UNOPENED,97s,0,0,0,NONE,0
100BB,CO,BTN,UNOPENED,96s,0,0,0,NONE,0
100BB,CO,BTN,UNOPENED,95s,0,0,0,NONE,0
100BB,CO,BTN,UNOPENED,94s,0,0,0,NONE,0
100BB,CO,BTN,UNOPENED,93s,0,0,0,NONE,0
100BB,CO,BTN,UNOPENED,92s,0,0,0,NONE,0
100BB,CO,BTN,UNOPENED,87s,0,0,0,NONE,0
100BB,CO,BTN,UNOPENED,86s,0,0,0,NONE,0
100BB,CO,BTN,UNOPENED,85s,0,0,0,NONE,0
100BB,CO,BTN,UNOPENED,84s,0,0,0,NONE,0
100BB,CO,BTN,UNOPENED,83s,0,0,0,NONE,0
100BB,CO,BTN,UNOPENED,82s,0,0,0,NONE,0
100BB,CO,BTN,UNOPENED,76s,0,0,0,NONE,0
100BB,CO,BTN,UNOPENED,75s,0,0,0,NONE,0
100BB,CO,BTN,UNOPENED,74s,0,0,0,NONE,0
100BB,CO,BTN,UNOPENED,73s,0,0,0,NONE,0
100BB,CO,BTN,UNOPENED,72s,0,0,0,NONE,0
100BB,CO,BTN,UNOPENED,65s,0,0,0,NONE,0
100BB,CO,BTN,UNOPENED,64s,0,0,0,NONE,0
100BB,CO,BTN,UNOPENED,63s,0,0,0,NONE,0
100BB,CO,BTN,UNOPENED,62s,0,0,0,NONE,0
100BB,CO,BTN,UNOPENED,54s,0,0,0,NONE,0
100BB,CO,BTN,UNOPENED,53s,0,0,0,NONE,0
100BB,CO,BTN,UNOPENED,52s,0,0,0,NONE,0
100BB,CO,BTN,UNOPENED,43s,0,0,0,NONE,0
100BB,CO,BTN,UNOPENED,42s,0,0,0,NONE,0
100BB,CO,BTN,UNOPENED,32s,0,0,0,NONE,0
100BB,CO,BTN,UNOPENED,AKo,0,0,0,NONE,0
100BB,CO,BTN,UNOPENED,AQo,0,0,0,NONE,0
100BB,CO,BTN,UNOPENED,AJo,0,0,0,NONE,0
100BB,CO,BTN,UNOPENED,ATo,0,0,0,NONE,0
100BB,CO,BTN,UNOPENED,A9o,0,0,0,NONE,0
100BB,CO,BTN,UNOPENED,A8o,0,0,0,NONE,0
100BB,CO,BTN,UNOPENED,A7o,0,0,0,NONE,0
100BB,CO,BTN,UNOPENED,A6o,0,0,0,NONE,0
100BB,CO,BTN,UNOPENED,A5o,0,0,0,NONE,0
100BB,CO,BTN,UNOPENED,A4o,0,0,0,NONE,0
100BB,CO,BTN,UNOPENED,A3o,0,0,0,NONE,0
100BB,CO,BTN,UNOPENED,A2o,0,0,0,NONE,0
100BB,CO,BTN,UNOPENED,KQo,0,0,0,NONE,0
100BB,CO,BTN,UNOPENED,KJo,0,0,0,NONE,0
100BB,CO,BTN,UNOPENED,KTo,0,0,0,NONE,0
100BB,CO,BTN,UNOPENED,K9o,0,0,0,NONE,0
100BB,CO,BTN,UNOPENED,K8o,0,0,0,NONE,0
100BB,CO,BTN,UNOPENED,K7o,0,0,0,NONE,0
100BB,CO,BTN,UNOPENED,K6o,0,0,0,NONE,0
100BB,CO,BTN,UNOPENED,K5o,0,0,0,NONE,0
100BB,CO,BTN,UNOPENED,K4o,0,0,0,NONE,0
100BB,CO,BTN,UNOPENED,K3o,0,0,0,NONE,0
100BB,CO,BTN,UNOPENED,K2o,0,0,0,NONE,0
100BB,CO,BTN,UNOPENED,QJo,0,0,0,NONE,0
100BB,CO,BTN,UNOPENED,QTo,0,0,0,NONE,0
100BB,CO,BTN,UNOPENED,Q9o,0,0,0,NONE,0
100BB,CO,BTN,UNOPENED,Q8o,0,0,0,NONE,0
100BB,CO,BTN,UNOPENED,Q7o,0,0,0,NONE,0
100BB,CO,BTN,UNOPENED,Q6o,0,0,0,NONE,0
100BB,CO,BTN,UNOPENED,Q5o,0,0,0,NONE,0
100BB,CO,BTN,UNOPENED,Q4o,0,0,0,NONE,0
100BB,CO,BTN,UNOPENED,Q3o,0,0,0,NONE,0
100BB,CO,BTN,UNOPENED,Q2o,0,0,0,NONE,0
100BB,CO,BTN,UNOPENED,JTo,0,0,0,NONE,0
100BB,CO,BTN,UNOPENED,J9o,0,0,0,NONE,0
100BB,CO,BTN,UNOPENED,J8o,0,0,0,NONE,0
100BB,CO,BTN,UNOPENED,J7o,0,0,0,NONE,0
100BB,CO,BTN,UNOPENED,J6o,0,0,0,NONE,0
100BB,CO,BTN,UNOPENED,J5o,0,0,0,NONE,0
100BB,CO,BTN,UNOPENED,J4o,0,0,0,NONE,0
100BB,CO,BTN,UNOPENED,J3o,0,0,0,NONE,0
100BB,CO,BTN,UNOPENED,J2o,0,0,0,NONE,0
100BB,CO,BTN,UNOPENED,T9o,0,0,0,NONE,0
100BB,CO,BTN,UNOPENED,T8o,0,0,0,NONE,0
100BB,CO,BTN,UNOPENED,T7o,0,0,0,NONE,0
100BB,CO,BTN,UNOPENED,T6o,0,0,0,NONE,0
100BB,CO,BTN,UNOPENED,T5o,0,0,0,NONE,0
100BB,CO,BTN,UNOPENED,T4o,0,0,0,NONE,0
100BB,CO,BTN,UNOPENED,T3o,0,0,0,NONE,0
100BB,CO,BTN,UNOPENED,T2o,0,0,0,NONE,0
100BB,CO,BTN,UNOPENED,98o,0,0,0,NONE,0
100BB,CO,BTN,UNOPENED,97o,0,0,0,NONE,0
100BB,CO,BTN,UNOPENED,96o,0,0,0,NONE,0
100BB,CO,BTN,UNOPENED,95o,0,0,0,NONE,0
100BB,CO,BTN,UNOPENED,94o,0,0,0,NONE,0
100BB,CO,BTN,UNOPENED,93o,0,0,0,NONE,0
100BB,CO,BTN,UNOPENED,92o,0,0,0,NONE,0
100BB,CO,BTN,UNOPENED,87o,0,0,0,NONE,0
100BB,CO,BTN,UNOPENED,86o,0,0,0,NONE,0
100BB,CO,BTN,UNOPENED,85o,0,0,0,NONE,0
100BB,CO,BTN,UNOPENED,84o,0,0,0,NONE,0
100BB,CO,BTN,UNOPENED,83o,0,0,0,NONE,0
100BB,CO,BTN,UNOPENED,82o,0,0,0,NONE,0
100BB,CO,BTN,UNOPENED,76o,0,0,0,NONE,0
100BB,CO,BTN,UNOPENED,75o,0,0,0,NONE,0
100BB,CO,BTN,UNOPENED,74o,0,0,0,NONE,0
100BB,CO,BTN,UNOPENED,73o,0,0,0,NONE,0
100BB,CO,BTN,UNOPENED,72o,0,0,0,NONE,0
100BB,CO,BTN,UNOPENED,65o,0,0,0,NONE,0
100BB,CO,BTN,UNOPENED,64o,0,0,0,NONE,0
100BB,CO,BTN,UNOPENED,63o,0,0,0,NONE,0
100BB,CO,BTN,UNOPENED,62o,0,0,0,NONE,0
100BB,CO,BTN,UNOPENED,54o,0,0,0,NONE,0
100BB,CO,BTN,UNOPENED,53o,0,0,0,NONE,0
100BB,CO,BTN,UNOPENED,52o,0,0,0,NONE,0
100BB,CO,BTN,UNOPENED,43o,0,0,0,NONE,0
100BB,CO,BTN,UNOPENED,42o,0,0,0,NONE,0
100BB,CO,BTN,UNOPENED,32o,0,0,0,NONE,0
100BB,CO,BTN,ONE_RAISE,AA,0,0,0,NONE,0
100BB,CO,BTN,ONE_RAISE,KK,0,0,0,NONE,0
100BB,CO,BTN,ONE_RAISE,QQ,0,0,0,NONE,0
100BB,CO,BTN,ONE_RAISE,JJ,0,0,0,NONE,0
100BB,CO,BTN,ONE_RAISE,TT,0,0,0,NONE,0
100BB,CO,BTN,ONE_RAISE,99,0,0,0,NONE,0
100BB,CO,BTN,ONE_RAISE,88,0,0,0,NONE,0
100BB,CO,BTN,ONE_RAISE,77,0,0,0,NONE,0
100BB,CO,BTN,ONE_RAISE,66,0,0,0,NONE,0
100BB,CO,BTN,ONE_RAISE,55,0,0,0,NONE,0
100BB,CO,BTN,ONE_RAISE,44,0,0,0,NONE,0
100BB,CO,BTN,ONE_RAISE,33,0,0,0,NONE,0
100BB,CO,BTN,ONE_RAISE,22,0,0,0,NONE,0
100BB,CO,BTN,ONE_RAISE,AKs,0,0,0,NONE,0
100BB,CO,BTN,ONE_RAISE,AQs,0,0,0,NONE,0
100BB,CO,BTN,ONE_RAISE,AJs,0,0,0,NONE,0
100BB,CO,BTN,ONE_RAISE,ATs,0,0,0,NONE,0
100BB,CO,BTN,ONE_RAISE,A9s,0,0,0,NONE,0
100BB,CO,BTN,ONE_RAISE,A8s,0,0,0,NONE,0
100BB,CO,BTN,ONE_RAISE,A7s,0,0,0,NONE,0
100BB,CO,BTN,ONE_RAISE,A6s,0,0,0,NONE,0
100BB,CO,BTN,ONE_RAISE,A5s,0,0,0,NONE,0
100BB,CO,BTN,ONE_RAISE,A4s,0,0,0,NONE,0
100BB,CO,BTN,ONE_RAISE,A3s,0,0,0,NONE,0
100BB,CO,BTN,ONE_RAISE,A2s,0,0,0,NONE,0
100BB,CO,BTN,ONE_RAISE,KQs,0,0,0,NONE,0
100BB,CO,BTN,ONE_RAISE,KJs,0,0,0,NONE,0
100BB,CO,BTN,ONE_RAISE,KTs,0,0,0,NONE,0
100BB,CO,BTN,ONE_RAISE,K9s,0,0,0,NONE,0
100BB,CO,BTN,ONE_RAISE,K8s,0,0,0,NONE,0
100BB,CO,BTN,ONE_RAISE,K7s,0,0,0,NONE,0
100BB,CO,BTN,ONE_RAISE,K6s,0,0,0,NONE,0
100BB,CO,BTN,ONE_RAISE,K5s,0,0,0,NONE,0
100BB,CO,BTN,ONE_RAISE,K4s,0,0,0,NONE,0
100BB,CO,BTN,ONE_RAISE,K3s,0,0,0,NONE,0
100BB,CO,BTN,ONE_RAISE,K2s,0,0,0,NONE,0
100BB,CO,BTN,ONE_RAISE,QJs,0,0,0,NONE,0
100BB,CO,BTN,ONE_RAISE,QTs,0,0,0,NONE,0
100BB,CO,BTN,ONE_RAISE,Q9s,0,0,0,NONE,0
100BB,CO,BTN,ONE_RAISE,Q8s,0,0,0,NONE,0
100BB,CO,BTN,ONE_RAISE,Q7s,0,0,0,NONE,0
100BB,CO,BTN,ONE_RAISE,Q6s,0,0,0,NONE,0
100BB,CO,BTN,ONE_RAISE,Q5s,0,0,0,NONE,0
100BB,CO,BTN,ONE_RAISE,Q4s,0,0,0,NONE,0
100BB,CO,BTN,ONE_RAISE,Q3s,0,0,0,NONE,0
100BB,CO,BTN,ONE_RAISE,Q2s,0,0,0,NONE,0
100BB,CO,BTN,ONE_RAISE,JTs,0,0,0,NONE,0
100BB,CO,BTN,ONE_RAISE,J9s,0,0,0,NONE,0
100BB,CO,BTN,ONE_RAISE,J8s,0,0,0,NONE,0
100BB,CO,BTN,ONE_RAISE,J7s,0,0,0,NONE,0
100BB,CO,BTN,ONE_RAISE,J6s,0,0,0,NONE,0
100BB,CO,BTN,ONE_RAISE,J5s,0,0,0,NONE,0
100BB,CO,BTN,ONE_RAISE,J4s,0,0,0,NONE,0
100BB,CO,BTN,ONE_RAISE,J3s,0,0,0,NONE,0
100BB,CO,BTN,ONE_RAISE,J2s,0,0,0,NONE,0
100BB,CO,BTN,ONE_RAISE,T9s,0,0,0,NONE,0
100BB,CO,BTN,ONE_RAISE,T8s,0,0,0,NONE,0
100BB,CO,BTN,ONE_RAISE,T7s,0,0,0,NONE,0
100BB,CO,BTN,ONE_RAISE,T6s,0,0,0,NONE,0
100BB,CO,BTN,ONE_RAISE,T5s,0,0,0,NONE,0
100BB,CO,BTN,ONE_RAISE,T4s,0,0,0,NONE,0
100BB,CO,BTN,ONE_RAISE,T3s,0,0,0,NONE,0
100BB,CO,BTN,ONE_RAISE,T2s,0,0,0,NONE,0
100BB,CO,BTN,ONE_RAISE,98s,0,0,0,NONE,0
100BB,CO,BTN,ONE_RAISE,97s,0,0,0,NONE,0
100BB,CO,BTN,ONE_RAISE,96s,0,0,0,NONE,0
100BB,CO,BTN,ONE_RAISE,95s,0,0,0,NONE,0
100BB,CO,BTN,ONE_RAISE,94s,0,0,0,NONE,0
100BB,CO,BTN,ONE_RAISE,93s,0,0,0,NONE,0
100BB,CO,BTN,ONE_RAISE,92s,0,0,0,NONE,0
100BB,CO,BTN,ONE_RAISE,87s,0,0,0,NONE,0
100BB,CO,BTN,ONE_RAISE,86s,0,0,0,NONE,0
100BB,CO,BTN,ONE_RAISE,85s,0,0,0,NONE,0
100BB,CO,BTN,ONE_RAISE,84s,0,0,0,NONE,0
100BB,CO,BTN,ONE_RAISE,83s,0,0,0,NONE,0
100BB,CO,BTN,ONE_RAISE,82s,0,0,0,NONE,0
100BB,CO,BTN,ONE_RAISE,76s,0,0,0,NONE,0
100BB,CO,BTN,ONE_RAISE,75s,0,0,0,NONE,0
100BB,CO,BTN,ONE_RAISE,74s,0,0,0,NONE,0
100BB,CO,BTN,ONE_RAISE,73s,0,0,0,NONE,0
100BB,CO,BTN,ONE_RAISE,72s,0,0,0,NONE,0
100BB,CO,BTN,ONE_RAISE,65s,0,0,0,NONE,0
100BB,CO,BTN,ONE_RAISE,64s,0,0,0,NONE,0
100BB,CO,BTN,ONE_RAISE,63s,0,0,0,NONE,0
100BB,CO,BTN,ONE_RAISE,62s,0,0,0,NONE,0
100BB,CO,BTN,ONE_RAISE,54s,0,0,0,NONE,0
100BB,CO,BTN,ONE_RAISE,53s,0,0,0,NONE,0
100BB,CO,BTN,ONE_RAISE,52s,0,0,0,NONE,0
100BB,CO,BTN,ONE_RAISE,43s,0,0,0,NONE,0
100BB,CO,BTN,ONE_RAISE,42s,0,0,0,NONE,0
100BB,CO,BTN,ONE_RAISE,32s,0,0,0,NONE,0
100BB,CO,BTN,ONE_RAISE,AKo,0,0,0,NONE,0
100BB,CO,BTN,ONE_RAISE,AQo,0,0,0,NONE,0
100BB,CO,BTN,ONE_RAISE,AJo,0,0,0,NONE,0
100BB,CO,BTN,ONE_RAISE,ATo,0,0,0,NONE,0
100BB,CO,BTN,ONE_RAISE,A9o,0,0,0,NONE,0
100BB,CO,BTN,ONE_RAISE,A8o,0,0,0,NONE,0
100BB,CO,BTN,ONE_RAISE,A7o,0,0,0,NONE,0
100BB,CO,BTN,ONE_RAISE,A6o,0,0,0,NONE,0
100BB,CO,BTN,ONE_RAISE,A5o,0,0,0,NONE,0
100BB,CO,BTN,ONE_RAISE,A4o,0,0,0,NONE,0
100BB,CO,BTN,ONE_RAISE,A3o,0,0,0,NONE,0
100BB,CO,BTN,ONE_RAISE,A2o,0,0,0,NONE,0
100BB,CO,BTN,ONE_RAISE,KQo,0,0,0,NONE,0
100BB,CO,BTN,ONE_RAISE,KJo,0,0,0,NONE,0
100BB,CO,BTN,ONE_RAISE,KTo,0,0,0,NONE,0
100BB,CO,BTN,ONE_RAISE,K9o,0,0,0,NONE,0
100BB,CO,BTN,ONE_RAISE,K8o,0,0,0,NONE,0
100BB,CO,BTN,ONE_RAISE,K7o,0,0,0,NONE,0
100BB,CO,BTN,ONE_RAISE,K6o,0,0,0,NONE,0
100BB,CO,BTN,ONE_RAISE,K5o,0,0,0,NONE,0
100BB,CO,BTN,ONE_RAISE,K4o,0,0,0,NONE,0
100BB,CO,BTN,ONE_RAISE,K3o,0,0,0,NONE,0
100BB,CO,BTN,ONE_RAISE,K2o,0,0,0,NONE,0
100BB,CO,BTN,ONE_RAISE,QJo,0,0,0,NONE,0
100BB,CO,BTN,ONE_RAISE,QTo,0,0,0,NONE,0
100BB,CO,BTN,ONE_RAISE,Q9o,0,0,0,NONE,0
100BB,CO,BTN,ONE_RAISE,Q8o,0,0,0,NONE,0
100BB,CO,BTN,ONE_RAISE,Q7o,0,0,0,NONE,0
100BB,CO,BTN,ONE_RAISE,Q6o,0,0,0,NONE,0
100BB,CO,BTN,ONE_RAISE,Q5o,0,0,0,NONE,0
100BB,CO,BTN,ONE_RAISE,Q4o,0,0,0,NONE,0
100BB,CO,BTN,ONE_RAISE,Q3o,0,0,0,NONE,0
100BB,CO,BTN,ONE_RAISE,Q2o,0,0,0,NONE,0
100BB,CO,BTN,ONE_RAISE,JTo,0,0,0,NONE,0
100BB,CO,BTN,ONE_RAISE,J9o,0,0,0,NONE,0
100BB,CO,BTN,ONE_RAISE,J8o,0,0,0,NONE,0
100BB,CO,BTN,ONE_RAISE,J7o,0,0,0,NONE,0
100BB,CO,BTN,ONE_RAISE,J6o,0,0,0,NONE,0
100BB,CO,BTN,ONE_RAISE,J5o,0,0,0,NONE,0
100BB,CO,BTN,ONE_RAISE,J4o,0,0,0,NONE,0
100BB,CO,BTN,ONE_RAISE,J3o,0,0,0,NONE,0
100BB,CO,BTN,ONE_RAISE,J2o,0,0,0,NONE,0
100BB,CO,BTN,ONE_RAISE,T9o,0,0,0,NONE,0
100BB,CO,BTN,ONE_RAISE,T8o,0,0,0,NONE,0
100BB,CO,BTN,ONE_RAISE,T7o,0,0,0,NONE,0
100BB,CO,BTN,ONE_RAISE,T6o,0,0,0,NONE,0
100BB,CO,BTN,ONE_RAISE,T5o,0,0,0,NONE,0
100BB,CO,BTN,ONE_RAISE,T4o,0,0,0,NONE,0
100BB,CO,BTN,ONE_RAISE,T3o,0,0,0,NONE,0
100BB,CO,BTN,ONE_RAISE,T2o,0,0,0,NONE,0
100BB,CO,BTN,ONE_RAISE,98o,0,0,0,NONE,0
100BB,CO,BTN,ONE_RAISE,97o,0,0,0,NONE,0
100BB,CO,BTN,ONE_RAISE,96o,0,0,0,NONE,0
100BB,CO,BTN,ONE_RAISE,95o,0,0,0,NONE,0
100BB,CO,BTN,ONE_RAISE,94o,0,0,0,NONE,0
100BB,CO,BTN,ONE_RAISE,93o,0,0,0,NONE,0
100BB,CO,BTN,ONE_RAISE,92o,0,0,0,NONE,0
100BB,CO,BTN,ONE_RAISE,87o,0,0,0,NONE,0
100BB,CO,BTN,ONE_RAISE,86o,0,0,0,NONE,0
100BB,CO,BTN,ONE_RAISE,85o,0,0,0,NONE,0
100BB,CO,BTN,ONE_RAISE,84o,0,0,0,NONE,0
100BB,CO,BTN,ONE_RAISE,83o,0,0,0,NONE,0
100BB,CO,BTN,ONE_RAISE,82o,0,0,0,NONE,0
100BB,CO,BTN,ONE_RAISE,76o,0,0,0,NONE,0
100BB,CO,BTN,ONE_RAISE,75o,0,0,0,NONE,0
100BB,CO,BTN,ONE_RAISE,74o,0,0,0,NONE,0
100BB,CO,BTN,ONE_RAISE,73o,0,0,0,NONE,0
100BB,CO,BTN,ONE_RAISE,72o,0,0,0,NONE,0
100BB,CO,BTN,ONE_RAISE,65o,0,0,0,NONE,0
100BB,CO,BTN,ONE_RAISE,64o,0,0,0,NONE,0
100BB,CO,BTN,ONE_RAISE,63o,0,0,0,NONE,0
100BB,CO,BTN,ONE_RAISE,62o,0,0,0,NONE,0
100BB,CO,BTN,ONE_RAISE,54o,0,0,0,NONE,0
100BB,CO,BTN,ONE_RAISE,53o,0,0,0,NONE,0
100BB,CO,BTN,ONE_RAISE,52o,0,0,0,NONE,0
100BB,CO,BTN,ONE_RAISE,43o,0,0,0,NONE,0
100BB,CO,BTN,ONE_RAISE,42o,0,0,0,NONE,0
100BB,CO,BTN,ONE_RAISE,32o,0,0,0,NONE,0
100BB,CO,BTN,THREE_BET,AA,0,0,100,2.5,1
100BB,CO,BTN,THREE_BET,KK,0,0,100,2.5,1
100BB,CO,BTN,THREE_BET,QQ,0,0,100,2.5,1
100BB,CO,BTN,THREE_BET,JJ,0,23,77,2.5,1
100BB,CO,BTN,THREE_BET,TT,0,81,19,2.5,1
100BB,CO,BTN,THREE_BET,99,0,80,20,2.5,1
100BB,CO,BTN,THREE_BET,88,0,94,6,2.5,1
100BB,CO,BTN,THREE_BET,77,0,94,6,2.5,1
100BB,CO,BTN,THREE_BET,66,0,88,12,2.5,1
100BB,CO,BTN,THREE_BET,55,0,100,0,NONE,1
100BB,CO,BTN,THREE_BET,44,0,100,0,NONE,1
100BB,CO,BTN,THREE_BET,33,0,100,0,NONE,1
100BB,CO,BTN,THREE_BET,22,0,100,0,NONE,1
100BB,CO,BTN,THREE_BET,AKs,0,0,100,2.5,1
100BB,CO,BTN,THREE_BET,AQs,0,100,0,NONE,1
100BB,CO,BTN,THREE_BET,AJs,0,100,0,NONE,1
100BB,CO,BTN,THREE_BET,ATs,0,100,0,NONE,1
100BB,CO,BTN,THREE_BET,A9s,0,99,1,2.5,1
100BB,CO,BTN,THREE_BET,A8s,0,65,35,2.5,1
100BB,CO,BTN,THREE_BET,A7s,0,56,44,2.5,1
100BB,CO,BTN,THREE_BET,A6s,0,51,49,2.5,1
100BB,CO,BTN,THREE_BET,A5s,0,51,49,2.5,1
100BB,CO,BTN,THREE_BET,A4s,0,60,40,2.5,1
100BB,CO,BTN,THREE_BET,A3s,0,74,26,2.5,1
100BB,CO,BTN,THREE_BET,A2s,75,8,17,2.5,1
100BB,CO,BTN,THREE_BET,KQs,0,100,0,NONE,1
100BB,CO,BTN,THREE_BET,KJs,0,99,1,2.5,1
100BB,CO,BTN,THREE_BET,KTs,0,92,8,2.5,1
100BB,CO,BTN,THREE_BET,K9s,0,8,92,2.5,1
100BB,CO,BTN,THREE_BET,K8s,28,53,19,2.5,1
100BB,CO,BTN,THREE_BET,K7s,59,41,0,NONE,1
100BB,CO,BTN,THREE_BET,K6s,59,36,5,2.5,1
100BB,CO,BTN,THREE_BET,K5s,100,0,0,NONE,1
100BB,CO,BTN,THREE_BET,K4s,100,0,0,NONE,1
100BB,CO,BTN,THREE_BET,K3s,100,0,0,NONE,1
100BB,CO,BTN,THREE_BET,K2s,100,0,0,NONE,1
100BB,CO,BTN,THREE_BET,QJs,0,100,0,NONE,1
100BB,CO,BTN,THREE_BET,QTs,0,100,0,NONE,1
100BB,CO,BTN,THREE_BET,Q9s,0,100,0,NONE,1
100BB,CO,BTN,THREE_BET,Q8s,100,0,0,NONE,1
100BB,CO,BTN,THREE_BET,Q7s,100,0,0,NONE,1
100BB,CO,BTN,THREE_BET,Q6s,100,0,0,NONE,1
100BB,CO,BTN,THREE_BET,Q5s,100,0,0,NONE,1
100BB,CO,BTN,THREE_BET,Q4s,100,0,0,NONE,1
100BB,CO,BTN,THREE_BET,Q3s,100,0,0,NONE,1
100BB,CO,BTN,THREE_BET,Q2s,100,0,0,NONE,1
100BB,CO,BTN,THREE_BET,JTs,0,68,32,2.5,1
100BB,CO,BTN,THREE_BET,J9s,0,65,35,2.5,1
100BB,CO,BTN,THREE_BET,J8s,100,0,0,NONE,1
100BB,CO,BTN,THREE_BET,J7s,100,0,0,NONE,1
100BB,CO,BTN,THREE_BET,J6s,100,0,0,NONE,1
100BB,CO,BTN,THREE_BET,J5s,100,0,0,NONE,1
100BB,CO,BTN,THREE_BET,J4s,100,0,0,NONE,1
100BB,CO,BTN,THREE_BET,J3s,100,0,0,NONE,1
100BB,CO,BTN,THREE_BET,J2s,100,0,0,NONE,1
100BB,CO,BTN,THREE_BET,T9s,0,72,28,2.5,1
100BB,CO,BTN,THREE_BET,T8s,29,71,0,NONE,1
100BB,CO,BTN,THREE_BET,T7s,100,0,0,NONE,1
100BB,CO,BTN,THREE_BET,T6s,100,0,0,NONE,1
100BB,CO,BTN,THREE_BET,T5s,100,0,0,NONE,1
100BB,CO,BTN,THREE_BET,T4s,100,0,0,NONE,1
100BB,CO,BTN,THREE_BET,T3s,100,0,0,NONE,1
100BB,CO,BTN,THREE_BET,T2s,100,0,0,NONE,1
100BB,CO,BTN,THREE_BET,98s,3,88,9,2.5,1
100BB,CO,BTN,THREE_BET,97s,96,4,0,NONE,1
100BB,CO,BTN,THREE_BET,96s,100,0,0,NONE,1
100BB,CO,BTN,THREE_BET,95s,100,0,0,NONE,1
100BB,CO,BTN,THREE_BET,94s,100,0,0,NONE,1
100BB,CO,BTN,THREE_BET,93s,100,0,0,NONE,1
100BB,CO,BTN,THREE_BET,92s,100,0,0,NONE,1
100BB,CO,BTN,THREE_BET,87s,0,100,0,NONE,1
100BB,CO,BTN,THREE_BET,86s,100,0,0,NONE,1
100BB,CO,BTN,THREE_BET,85s,100,0,0,NONE,1
100BB,CO,BTN,THREE_BET,84s,100,0,0,NONE,1
100BB,CO,BTN,THREE_BET,83s,100,0,0,NONE,1
100BB,CO,BTN,THREE_BET,82s,100,0,0,NONE,1
100BB,CO,BTN,THREE_BET,76s,0,95,5,2.5,1
100BB,CO,BTN,THREE_BET,75s,100,0,0,NONE,1
100BB,CO,BTN,THREE_BET,74s,100,0,0,NONE,1
100BB,CO,BTN,THREE_BET,73s,100,0,0,NONE,1
100BB,CO,BTN,THREE_BET,72s,100,0,0,NONE,1
100BB,CO,BTN,THREE_BET,65s,0,100,0,NONE,1
100BB,CO,BTN,THREE_BET,64s,100,0,0,NONE,1
100BB,CO,BTN,THREE_BET,63s,100,0,0,NONE,1
100BB,CO,BTN,THREE_BET,62s,100,0,0,NONE,1
100BB,CO,BTN,THREE_BET,54s,0,100,0,NONE,1
100BB,CO,BTN,THREE_BET,53s,100,0,0,NONE,1
100BB,CO,BTN,THREE_BET,52s,100,0,0,NONE,1
100BB,CO,BTN,THREE_BET,43s,100,0,0,NONE,1
100BB,CO,BTN,THREE_BET,42s,100,0,0,NONE,1
100BB,CO,BTN,THREE_BET,32s,100,0,0,NONE,1
100BB,CO,BTN,THREE_BET,AKo,0,0,100,2.5,1
100BB,CO,BTN,THREE_BET,AQo,0,27,73,2.5,1
100BB,CO,BTN,THREE_BET,AJo,5,53,42,2.5,1
100BB,CO,BTN,THREE_BET,ATo,100,0,0,NONE,1
100BB,CO,BTN,THREE_BET,A9o,100,0,0,NONE,1
100BB,CO,BTN,THREE_BET,A8o,100,0,0,NONE,1
100BB,CO,BTN,THREE_BET,A7o,100,0,0,NONE,1
100BB,CO,BTN,THREE_BET,A6o,100,0,0,NONE,1
100BB,CO,BTN,THREE_BET,A5o,100,0,0,NONE,1
100BB,CO,BTN,THREE_BET,A4o,100,0,0,NONE,1
100BB,CO,BTN,THREE_BET,A3o,100,0,0,NONE,1
100BB,CO,BTN,THREE_BET,A2o,100,0,0,NONE,1
100BB,CO,BTN,THREE_BET,KQo,0,72,28,2.5,1
100BB,CO,BTN,THREE_BET,KJo,97,0,3,2.5,1
100BB,CO,BTN,THREE_BET,KTo,100,0,0,NONE,1
100BB,CO,BTN,THREE_BET,K9o,100,0,0,NONE,1
100BB,CO,BTN,THREE_BET,K8o,100,0,0,NONE,1
100BB,CO,BTN,THREE_BET,K7o,100,0,0,NONE,1
100BB,CO,BTN,THREE_BET,K6o,100,0,0,NONE,1
100BB,CO,BTN,THREE_BET,K5o,100,0,0,NONE,1
100BB,CO,BTN,THREE_BET,K4o,100,0,0,NONE,1
100BB,CO,BTN,THREE_BET,K3o,100,0,0,NONE,1
100BB,CO,BTN,THREE_BET,K2o,100,0,0,NONE,1
100BB,CO,BTN,THREE_BET,QJo,100,0,0,NONE,1
100BB,CO,BTN,THREE_BET,QTo,100,0,0,NONE,1
100BB,CO,BTN,THREE_BET,Q9o,100,0,0,NONE,1
100BB,CO,BTN,THREE_BET,Q8o,100,0,0,NONE,1
100BB,CO,BTN,THREE_BET,Q7o,100,0,0,NONE,1
100BB,CO,BTN,THREE_BET,Q6o,100,0,0,NONE,1
100BB,CO,BTN,THREE_BET,Q5o,100,0,0,NONE,1
100BB,CO,BTN,THREE_BET,Q4o,100,0,0,NONE,1
100BB,CO,BTN,THREE_BET,Q3o,100,0,0,NONE,1
100BB,CO,BTN,THREE_BET,Q2o,100,0,0,NONE,1
100BB,CO,BTN,THREE_BET,JTo,100,0,0,NONE,1
100BB,CO,BTN,THREE_BET,J9o,100,0,0,NONE,1
100BB,CO,BTN,THREE_BET,J8o,100,0,0,NONE,1
100BB,CO,BTN,THREE_BET,J7o,100,0,0,NONE,1
100BB,CO,BTN,THREE_BET,J6o,100,0,0,NONE,1
100BB,CO,BTN,THREE_BET,J5o,100,0,0,NONE,1
100BB,CO,BTN,THREE_BET,J4o,100,0,0,NONE,1
100BB,CO,BTN,THREE_BET,J3o,100,0,0,NONE,1
100BB,CO,BTN,THREE_BET,J2o,100,0,0,NONE,1
100BB,CO,BTN,THREE_BET,T9o,100,0,0,NONE,1
100BB,CO,BTN,THREE_BET,T8o,100,0,0,NONE,1
100BB,CO,BTN,THREE_BET,T7o,100,0,0,NONE,1
100BB,CO,BTN,THREE_BET,T6o,100,0,0,NONE,1
100BB,CO,BTN,THREE_BET,T5o,100,0,0,NONE,1
100BB,CO,BTN,THREE_BET,T4o,100,0,0,NONE,1
100BB,CO,BTN,THREE_BET,T3o,100,0,0,NONE,1
100BB,CO,BTN,THREE_BET,T2o,100,0,0,NONE,1
100BB,CO,BTN,THREE_BET,98o,100,0,0,NONE,1
100BB,CO,BTN,THREE_BET,97o,100,0,0,NONE,1
100BB,CO,BTN,THREE_BET,96o,100,0,0,NONE,1
100BB,CO,BTN,THREE_BET,95o,100,0,0,NONE,1
100BB,CO,BTN,THREE_BET,94o,100,0,0,NONE,1
100BB,CO,BTN,THREE_BET,93o,100,0,0,NONE,1
100BB,CO,BTN,THREE_BET,92o,100,0,0,NONE,1
100BB,CO,BTN,THREE_BET,87o,100,0,0,NONE,1
100BB,CO,BTN,THREE_BET,86o,100,0,0,NONE,1
100BB,CO,BTN,THREE_BET,85o,100,0,0,NONE,1
100BB,CO,BTN,THREE_BET,84o,100,0,0,NONE,1
100BB,CO,BTN,THREE_BET,83o,100,0,0,NONE,1
100BB,CO,BTN,THREE_BET,82o,100,0,0,NONE,1
100BB,CO,BTN,THREE_BET,76o,100,0,0,NONE,1
100BB,CO,BTN,THREE_BET,75o,100,0,0,NONE,1
100BB,CO,BTN,THREE_BET,74o,100,0,0,NONE,1
100BB,CO,BTN,THREE_BET,73o,100,0,0,NONE,1
100BB,CO,BTN,THREE_BET,72o,100,0,0,NONE,1
100BB,CO,BTN,THREE_BET,65o,100,0,0,NONE,1
100BB,CO,BTN,THREE_BET,64o,100,0,0,NONE,1
100BB,CO,BTN,THREE_BET,63o,100,0,0,NONE,1
100BB,CO,BTN,THREE_BET,62o,100,0,0,NONE,1
100BB,CO,BTN,THREE_BET,54o,100,0,0,NONE,1
100BB,CO,BTN,THREE_BET,53o,100,0,0,NONE,1
100BB,CO,BTN,THREE_BET,52o,100,0,0,NONE,1
100BB,CO,BTN,THREE_BET,43o,100,0,0,NONE,1
100BB,CO,BTN,THREE_BET,42o,100,0,0,NONE,1
100BB,CO,BTN,THREE_BET,32o,100,0,0,NONE,1
100BB,CO,SB,UNOPENED,AA,0,0,0,NONE,0
100BB,CO,SB,UNOPENED,KK,0,0,0,NONE,0
100BB,CO,SB,UNOPENED,QQ,0,0,0,NONE,0
100BB,CO,SB,UNOPENED,JJ,0,0,0,NONE,0
100BB,CO,SB,UNOPENED,TT,0,0,0,NONE,0
100BB,CO,SB,UNOPENED,99,0,0,0,NONE,0
100BB,CO,SB,UNOPENED,88,0,0,0,NONE,0
100BB,CO,SB,UNOPENED,77,0,0,0,NONE,0
100BB,CO,SB,UNOPENED,66,0,0,0,NONE,0
100BB,CO,SB,UNOPENED,55,0,0,0,NONE,0
100BB,CO,SB,UNOPENED,44,0,0,0,NONE,0
100BB,CO,SB,UNOPENED,33,0,0,0,NONE,0
100BB,CO,SB,UNOPENED,22,0,0,0,NONE,0
100BB,CO,SB,UNOPENED,AKs,0,0,0,NONE,0
100BB,CO,SB,UNOPENED,AQs,0,0,0,NONE,0
100BB,CO,SB,UNOPENED,AJs,0,0,0,NONE,0
100BB,CO,SB,UNOPENED,ATs,0,0,0,NONE,0
100BB,CO,SB,UNOPENED,A9s,0,0,0,NONE,0
100BB,CO,SB,UNOPENED,A8s,0,0,0,NONE,0
100BB,CO,SB,UNOPENED,A7s,0,0,0,NONE,0
100BB,CO,SB,UNOPENED,A6s,0,0,0,NONE,0
100BB,CO,SB,UNOPENED,A5s,0,0,0,NONE,0
100BB,CO,SB,UNOPENED,A4s,0,0,0,NONE,0
100BB,CO,SB,UNOPENED,A3s,0,0,0,NONE,0
100BB,CO,SB,UNOPENED,A2s,0,0,0,NONE,0
100BB,CO,SB,UNOPENED,KQs,0,0,0,NONE,0
100BB,CO,SB,UNOPENED,KJs,0,0,0,NONE,0
100BB,CO,SB,UNOPENED,KTs,0,0,0,NONE,0
100BB,CO,SB,UNOPENED,K9s,0,0,0,NONE,0
100BB,CO,SB,UNOPENED,K8s,0,0,0,NONE,0
100BB,CO,SB,UNOPENED,K7s,0,0,0,NONE,0
100BB,CO,SB,UNOPENED,K6s,0,0,0,NONE,0
100BB,CO,SB,UNOPENED,K5s,0,0,0,NONE,0
100BB,CO,SB,UNOPENED,K4s,0,0,0,NONE,0
100BB,CO,SB,UNOPENED,K3s,0,0,0,NONE,0
100BB,CO,SB,UNOPENED,K2s,0,0,0,NONE,0
100BB,CO,SB,UNOPENED,QJs,0,0,0,NONE,0
100BB,CO,SB,UNOPENED,QTs,0,0,0,NONE,0
100BB,CO,SB,UNOPENED,Q9s,0,0,0,NONE,0
100BB,CO,SB,UNOPENED,Q8s,0,0,0,NONE,0
100BB,CO,SB,UNOPENED,Q7s,0,0,0,NONE,0
100BB,CO,SB,UNOPENED,Q6s,0,0,0,NONE,0
100BB,CO,SB,UNOPENED,Q5s,0,0,0,NONE,0
100BB,CO,SB,UNOPENED,Q4s,0,0,0,NONE,0
100BB,CO,SB,UNOPENED,Q3s,0,0,0,NONE,0
100BB,CO,SB,UNOPENED,Q2s,0,0,0,NONE,0
100BB,CO,SB,UNOPENED,JTs,0,0,0,NONE,0
100BB,CO,SB,UNOPENED,J9s,0,0,0,NONE,0
100BB,CO,SB,UNOPENED,J8s,0,0,0,NONE,0
100BB,CO,SB,UNOPENED,J7s,0,0,0,NONE,0
100BB,CO,SB,UNOPENED,J6s,0,0,0,NONE,0
100BB,CO,SB,UNOPENED,J5s,0,0,0,NONE,0
100BB,CO,SB,UNOPENED,J4s,0,0,0,NONE,0
100BB,CO,SB,UNOPENED,J3s,0,0,0,NONE,0
100BB,CO,SB,UNOPENED,J2s,0,0,0,NONE,0
100BB,CO,SB,UNOPENED,T9s,0,0,0,NONE,0
100BB,CO,SB,UNOPENED,T8s,0,0,0,NONE,0
100BB,CO,SB,UNOPENED,T7s,0,0,0,NONE,0
100BB,CO,SB,UNOPENED,T6s,0,0,0,NONE,0
100BB,CO,SB,UNOPENED,T5s,0,0,0,NONE,0
100BB,CO,SB,UNOPENED,T4s,0,0,0,NONE,0
100BB,CO,SB,UNOPENED,T3s,0,0,0,NONE,0
100BB,CO,SB,UNOPENED,T2s,0,0,0,NONE,0
100BB,CO,SB,UNOPENED,98s,0,0,0,NONE,0
100BB,CO,SB,UNOPENED,97s,0,0,0,NONE,0
100BB,CO,SB,UNOPENED,96s,0,0,0,NONE,0
100BB,CO,SB,UNOPENED,95s,0,0,0,NONE,0
100BB,CO,SB,UNOPENED,94s,0,0,0,NONE,0
100BB,CO,SB,UNOPENED,93s,0,0,0,NONE,0
100BB,CO,SB,UNOPENED,92s,0,0,0,NONE,0
100BB,CO,SB,UNOPENED,87s,0,0,0,NONE,0
100BB,CO,SB,UNOPENED,86s,0,0,0,NONE,0
100BB,CO,SB,UNOPENED,85s,0,0,0,NONE,0
100BB,CO,SB,UNOPENED,84s,0,0,0,NONE,0
100BB,CO,SB,UNOPENED,83s,0,0,0,NONE,0
100BB,CO,SB,UNOPENED,82s,0,0,0,NONE,0
100BB,CO,SB,UNOPENED,76s,0,0,0,NONE,0
100BB,CO,SB,UNOPENED,75s,0,0,0,NONE,0
100BB,CO,SB,UNOPENED,74s,0,0,0,NONE,0
100BB,CO,SB,UNOPENED,73s,0,0,0,NONE,0
100BB,CO,SB,UNOPENED,72s,0,0,0,NONE,0
100BB,CO,SB,UNOPENED,65s,0,0,0,NONE,0
100BB,CO,SB,UNOPENED,64s,0,0,0,NONE,0
100BB,CO,SB,UNOPENED,63s,0,0,0,NONE,0
100BB,CO,SB,UNOPENED,62s,0,0,0,NONE,0
100BB,CO,SB,UNOPENED,54s,0,0,0,NONE,0
100BB,CO,SB,UNOPENED,53s,0,0,0,NONE,0
100BB,CO,SB,UNOPENED,52s,0,0,0,NONE,0
100BB,CO,SB,UNOPENED,43s,0,0,0,NONE,0
100BB,CO,SB,UNOPENED,42s,0,0,0,NONE,0
100BB,CO,SB,UNOPENED,32s,0,0,0,NONE,0
100BB,CO,SB,UNOPENED,AKo,0,0,0,NONE,0
100BB,CO,SB,UNOPENED,AQo,0,0,0,NONE,0
100BB,CO,SB,UNOPENED,AJo,0,0,0,NONE,0
100BB,CO,SB,UNOPENED,ATo,0,0,0,NONE,0
100BB,CO,SB,UNOPENED,A9o,0,0,0,NONE,0
100BB,CO,SB,UNOPENED,A8o,0,0,0,NONE,0
100BB,CO,SB,UNOPENED,A7o,0,0,0,NONE,0
100BB,CO,SB,UNOPENED,A6o,0,0,0,NONE,0
100BB,CO,SB,UNOPENED,A5o,0,0,0,NONE,0
100BB,CO,SB,UNOPENED,A4o,0,0,0,NONE,0
100BB,CO,SB,UNOPENED,A3o,0,0,0,NONE,0
100BB,CO,SB,UNOPENED,A2o,0,0,0,NONE,0
100BB,CO,SB,UNOPENED,KQo,0,0,0,NONE,0
100BB,CO,SB,UNOPENED,KJo,0,0,0,NONE,0
100BB,CO,SB,UNOPENED,KTo,0,0,0,NONE,0
100BB,CO,SB,UNOPENED,K9o,0,0,0,NONE,0
100BB,CO,SB,UNOPENED,K8o,0,0,0,NONE,0
100BB,CO,SB,UNOPENED,K7o,0,0,0,NONE,0
100BB,CO,SB,UNOPENED,K6o,0,0,0,NONE,0
100BB,CO,SB,UNOPENED,K5o,0,0,0,NONE,0
100BB,CO,SB,UNOPENED,K4o,0,0,0,NONE,0
100BB,CO,SB,UNOPENED,K3o,0,0,0,NONE,0
100BB,CO,SB,UNOPENED,K2o,0,0,0,NONE,0
100BB,CO,SB,UNOPENED,QJo,0,0,0,NONE,0
100BB,CO,SB,UNOPENED,QTo,0,0,0,NONE,0
100BB,CO,SB,UNOPENED,Q9o,0,0,0,NONE,0
100BB,CO,SB,UNOPENED,Q8o,0,0,0,NONE,0
100BB,CO,SB,UNOPENED,Q7o,0,0,0,NONE,0
100BB,CO,SB,UNOPENED,Q6o,0,0,0,NONE,0
100BB,CO,SB,UNOPENED,Q5o,0,0,0,NONE,0
100BB,CO,SB,UNOPENED,Q4o,0,0,0,NONE,0
100BB,CO,SB,UNOPENED,Q3o,0,0,0,NONE,0
100BB,CO,SB,UNOPENED,Q2o,0,0,0,NONE,0
100BB,CO,SB,UNOPENED,JTo,0,0,0,NONE,0
100BB,CO,SB,UNOPENED,J9o,0,0,0,NONE,0
100BB,CO,SB,UNOPENED,J8o,0,0,0,NONE,0
100BB,CO,SB,UNOPENED,J7o,0,0,0,NONE,0
100BB,CO,SB,UNOPENED,J6o,0,0,0,NONE,0
100BB,CO,SB,UNOPENED,J5o,0,0,0,NONE,0
100BB,CO,SB,UNOPENED,J4o,0,0,0,NONE,0
100BB,CO,SB,UNOPENED,J3o,0,0,0,NONE,0
100BB,CO,SB,UNOPENED,J2o,0,0,0,NONE,0
100BB,CO,SB,UNOPENED,T9o,0,0,0,NONE,0
100BB,CO,SB,UNOPENED,T8o,0,0,0,NONE,0
100BB,CO,SB,UNOPENED,T7o,0,0,0,NONE,0
100BB,CO,SB,UNOPENED,T6o,0,0,0,NONE,0
100BB,CO,SB,UNOPENED,T5o,0,0,0,NONE,0
100BB,CO,SB,UNOPENED,T4o,0,0,0,NONE,0
100BB,CO,SB,UNOPENED,T3o,0,0,0,NONE,0
100BB,CO,SB,UNOPENED,T2o,0,0,0,NONE,0
100BB,CO,SB,UNOPENED,98o,0,0,0,NONE,0
100BB,CO,SB,UNOPENED,97o,0,0,0,NONE,0
100BB,CO,SB,UNOPENED,96o,0,0,0,NONE,0
100BB,CO,SB,UNOPENED,95o,0,0,0,NONE,0
100BB,CO,SB,UNOPENED,94o,0,0,0,NONE,0
100BB,CO,SB,UNOPENED,93o,0,0,0,NONE,0
100BB,CO,SB,UNOPENED,92o,0,0,0,NONE,0
100BB,CO,SB,UNOPENED,87o,0,0,0,NONE,0
100BB,CO,SB,UNOPENED,86o,0,0,0,NONE,0
100BB,CO,SB,UNOPENED,85o,0,0,0,NONE,0
100BB,CO,SB,UNOPENED,84o,0,0,0,NONE,0
100BB,CO,SB,UNOPENED,83o,0,0,0,NONE,0
100BB,CO,SB,UNOPENED,82o,0,0,0,NONE,0
100BB,CO,SB,UNOPENED,76o,0,0,0,NONE,0
100BB,CO,SB,UNOPENED,75o,0,0,0,NONE,0
100BB,CO,SB,UNOPENED,74o,0,0,0,NONE,0
100BB,CO,SB,UNOPENED,73o,0,0,0,NONE,0
100BB,CO,SB,UNOPENED,72o,0,0,0,NONE,0
100BB,CO,SB,UNOPENED,65o,0,0,0,NONE,0
100BB,CO,SB,UNOPENED,64o,0,0,0,NONE,0
100BB,CO,SB,UNOPENED,63o,0,0,0,NONE,0
100BB,CO,SB,UNOPENED,62o,0,0,0,NONE,0
100BB,CO,SB,UNOPENED,54o,0,0,0,NONE,0
100BB,CO,SB,UNOPENED,53o,0,0,0,NONE,0
100BB,CO,SB,UNOPENED,52o,0,0,0,NONE,0
100BB,CO,SB,UNOPENED,43o,0,0,0,NONE,0
100BB,CO,SB,UNOPENED,42o,0,0,0,NONE,0
100BB,CO,SB,UNOPENED,32o,0,0,0,NONE,0
100BB,CO,SB,ONE_RAISE,AA,0,0,0,NONE,0
100BB,CO,SB,ONE_RAISE,KK,0,0,0,NONE,0
100BB,CO,SB,ONE_RAISE,QQ,0,0,0,NONE,0
100BB,CO,SB,ONE_RAISE,JJ,0,0,0,NONE,0
100BB,CO,SB,ONE_RAISE,TT,0,0,0,NONE,0
100BB,CO,SB,ONE_RAISE,99,0,0,0,NONE,0
100BB,CO,SB,ONE_RAISE,88,0,0,0,NONE,0
100BB,CO,SB,ONE_RAISE,77,0,0,0,NONE,0
100BB,CO,SB,ONE_RAISE,66,0,0,0,NONE,0
100BB,CO,SB,ONE_RAISE,55,0,0,0,NONE,0
100BB,CO,SB,ONE_RAISE,44,0,0,0,NONE,0
100BB,CO,SB,ONE_RAISE,33,0,0,0,NONE,0
100BB,CO,SB,ONE_RAISE,22,0,0,0,NONE,0
100BB,CO,SB,ONE_RAISE,AKs,0,0,0,NONE,0
100BB,CO,SB,ONE_RAISE,AQs,0,0,0,NONE,0
100BB,CO,SB,ONE_RAISE,AJs,0,0,0,NONE,0
100BB,CO,SB,ONE_RAISE,ATs,0,0,0,NONE,0
100BB,CO,SB,ONE_RAISE,A9s,0,0,0,NONE,0
100BB,CO,SB,ONE_RAISE,A8s,0,0,0,NONE,0
100BB,CO,SB,ONE_RAISE,A7s,0,0,0,NONE,0
100BB,CO,SB,ONE_RAISE,A6s,0,0,0,NONE,0
100BB,CO,SB,ONE_RAISE,A5s,0,0,0,NONE,0
100BB,CO,SB,ONE_RAISE,A4s,0,0,0,NONE,0
100BB,CO,SB,ONE_RAISE,A3s,0,0,0,NONE,0
100BB,CO,SB,ONE_RAISE,A2s,0,0,0,NONE,0
100BB,CO,SB,ONE_RAISE,KQs,0,0,0,NONE,0
100BB,CO,SB,ONE_RAISE,KJs,0,0,0,NONE,0
100BB,CO,SB,ONE_RAISE,KTs,0,0,0,NONE,0
100BB,CO,SB,ONE_RAISE,K9s,0,0,0,NONE,0
100BB,CO,SB,ONE_RAISE,K8s,0,0,0,NONE,0
100BB,CO,SB,ONE_RAISE,K7s,0,0,0,NONE,0
100BB,CO,SB,ONE_RAISE,K6s,0,0,0,NONE,0
100BB,CO,SB,ONE_RAISE,K5s,0,0,0,NONE,0
100BB,CO,SB,ONE_RAISE,K4s,0,0,0,NONE,0
100BB,CO,SB,ONE_RAISE,K3s,0,0,0,NONE,0
100BB,CO,SB,ONE_RAISE,K2s,0,0,0,NONE,0
100BB,CO,SB,ONE_RAISE,QJs,0,0,0,NONE,0
100BB,CO,SB,ONE_RAISE,QTs,0,0,0,NONE,0
100BB,CO,SB,ONE_RAISE,Q9s,0,0,0,NONE,0
100BB,CO,SB,ONE_RAISE,Q8s,0,0,0,NONE,0
100BB,CO,SB,ONE_RAISE,Q7s,0,0,0,NONE,0
100BB,CO,SB,ONE_RAISE,Q6s,0,0,0,NONE,0
100BB,CO,SB,ONE_RAISE,Q5s,0,0,0,NONE,0
100BB,CO,SB,ONE_RAISE,Q4s,0,0,0,NONE,0
100BB,CO,SB,ONE_RAISE,Q3s,0,0,0,NONE,0
100BB,CO,SB,ONE_RAISE,Q2s,0,0,0,NONE,0
100BB,CO,SB,ONE_RAISE,JTs,0,0,0,NONE,0
100BB,CO,SB,ONE_RAISE,J9s,0,0,0,NONE,0
100BB,CO,SB,ONE_RAISE,J8s,0,0,0,NONE,0
100BB,CO,SB,ONE_RAISE,J7s,0,0,0,NONE,0
100BB,CO,SB,ONE_RAISE,J6s,0,0,0,NONE,0
100BB,CO,SB,ONE_RAISE,J5s,0,0,0,NONE,0
100BB,CO,SB,ONE_RAISE,J4s,0,0,0,NONE,0
100BB,CO,SB,ONE_RAISE,J3s,0,0,0,NONE,0
100BB,CO,SB,ONE_RAISE,J2s,0,0,0,NONE,0
100BB,CO,SB,ONE_RAISE,T9s,0,0,0,NONE,0
100BB,CO,SB,ONE_RAISE,T8s,0,0,0,NONE,0
100BB,CO,SB,ONE_RAISE,T7s,0,0,0,NONE,0
100BB,CO,SB,ONE_RAISE,T6s,0,0,0,NONE,0
100BB,CO,SB,ONE_RAISE,T5s,0,0,0,NONE,0
100BB,CO,SB,ONE_RAISE,T4s,0,0,0,NONE,0
100BB,CO,SB,ONE_RAISE,T3s,0,0,0,NONE,0
100BB,CO,SB,ONE_RAISE,T2s,0,0,0,NONE,0
100BB,CO,SB,ONE_RAISE,98s,0,0,0,NONE,0
100BB,CO,SB,ONE_RAISE,97s,0,0,0,NONE,0
100BB,CO,SB,ONE_RAISE,96s,0,0,0,NONE,0
100BB,CO,SB,ONE_RAISE,95s,0,0,0,NONE,0
100BB,CO,SB,ONE_RAISE,94s,0,0,0,NONE,0
100BB,CO,SB,ONE_RAISE,93s,0,0,0,NONE,0
100BB,CO,SB,ONE_RAISE,92s,0,0,0,NONE,0
100BB,CO,SB,ONE_RAISE,87s,0,0,0,NONE,0
100BB,CO,SB,ONE_RAISE,86s,0,0,0,NONE,0
100BB,CO,SB,ONE_RAISE,85s,0,0,0,NONE,0
100BB,CO,SB,ONE_RAISE,84s,0,0,0,NONE,0
100BB,CO,SB,ONE_RAISE,83s,0,0,0,NONE,0
100BB,CO,SB,ONE_RAISE,82s,0,0,0,NONE,0
100BB,CO,SB,ONE_RAISE,76s,0,0,0,NONE,0
100BB,CO,SB,ONE_RAISE,75s,0,0,0,NONE,0
100BB,CO,SB,ONE_RAISE,74s,0,0,0,NONE,0
100BB,CO,SB,ONE_RAISE,73s,0,0,0,NONE,0
100BB,CO,SB,ONE_RAISE,72s,0,0,0,NONE,0
100BB,CO,SB,ONE_RAISE,65s,0,0,0,NONE,0
100BB,CO,SB,ONE_RAISE,64s,0,0,0,NONE,0
100BB,CO,SB,ONE_RAISE,63s,0,0,0,NONE,0
100BB,CO,SB,ONE_RAISE,62s,0,0,0,NONE,0
100BB,CO,SB,ONE_RAISE,54s,0,0,0,NONE,0
100BB,CO,SB,ONE_RAISE,53s,0,0,0,NONE,0
100BB,CO,SB,ONE_RAISE,52s,0,0,0,NONE,0
100BB,CO,SB,ONE_RAISE,43s,0,0,0,NONE,0
100BB,CO,SB,ONE_RAISE,42s,0,0,0,NONE,0
100BB,CO,SB,ONE_RAISE,32s,0,0,0,NONE,0
100BB,CO,SB,ONE_RAISE,AKo,0,0,0,NONE,0
100BB,CO,SB,ONE_RAISE,AQo,0,0,0,NONE,0
100BB,CO,SB,ONE_RAISE,AJo,0,0,0,NONE,0
100BB,CO,SB,ONE_RAISE,ATo,0,0,0,NONE,0
100BB,CO,SB,ONE_RAISE,A9o,0,0,0,NONE,0
100BB,CO,SB,ONE_RAISE,A8o,0,0,0,NONE,0
100BB,CO,SB,ONE_RAISE,A7o,0,0,0,NONE,0
100BB,CO,SB,ONE_RAISE,A6o,0,0,0,NONE,0
100BB,CO,SB,ONE_RAISE,A5o,0,0,0,NONE,0
100BB,CO,SB,ONE_RAISE,A4o,0,0,0,NONE,0
100BB,CO,SB,ONE_RAISE,A3o,0,0,0,NONE,0
100BB,CO,SB,ONE_RAISE,A2o,0,0,0,NONE,0
100BB,CO,SB,ONE_RAISE,KQo,0,0,0,NONE,0
100BB,CO,SB,ONE_RAISE,KJo,0,0,0,NONE,0
100BB,CO,SB,ONE_RAISE,KTo,0,0,0,NONE,0
100BB,CO,SB,ONE_RAISE,K9o,0,0,0,NONE,0
100BB,CO,SB,ONE_RAISE,K8o,0,0,0,NONE,0
100BB,CO,SB,ONE_RAISE,K7o,0,0,0,NONE,0
100BB,CO,SB,ONE_RAISE,K6o,0,0,0,NONE,0
100BB,CO,SB,ONE_RAISE,K5o,0,0,0,NONE,0
100BB,CO,SB,ONE_RAISE,K4o,0,0,0,NONE,0
100BB,CO,SB,ONE_RAISE,K3o,0,0,0,NONE,0
100BB,CO,SB,ONE_RAISE,K2o,0,0,0,NONE,0
100BB,CO,SB,ONE_RAISE,QJo,0,0,0,NONE,0
100BB,CO,SB,ONE_RAISE,QTo,0,0,0,NONE,0
100BB,CO,SB,ONE_RAISE,Q9o,0,0,0,NONE,0
100BB,CO,SB,ONE_RAISE,Q8o,0,0,0,NONE,0
100BB,CO,SB,ONE_RAISE,Q7o,0,0,0,NONE,0
100BB,CO,SB,ONE_RAISE,Q6o,0,0,0,NONE,0
100BB,CO,SB,ONE_RAISE,Q5o,0,0,0,NONE,0
100BB,CO,SB,ONE_RAISE,Q4o,0,0,0,NONE,0
100BB,CO,SB,ONE_RAISE,Q3o,0,0,0,NONE,0
100BB,CO,SB,ONE_RAISE,Q2o,0,0,0,NONE,0
100BB,CO,SB,ONE_RAISE,JTo,0,0,0,NONE,0
100BB,CO,SB,ONE_RAISE,J9o,0,0,0,NONE,0
100BB,CO,SB,ONE_RAISE,J8o,0,0,0,NONE,0
100BB,CO,SB,ONE_RAISE,J7o,0,0,0,NONE,0
100BB,CO,SB,ONE_RAISE,J6o,0,0,0,NONE,0
100BB,CO,SB,ONE_RAISE,J5o,0,0,0,NONE,0
100BB,CO,SB,ONE_RAISE,J4o,0,0,0,NONE,0
100BB,CO,SB,ONE_RAISE,J3o,0,0,0,NONE,0
100BB,CO,SB,ONE_RAISE,J2o,0,0,0,NONE,0
100BB,CO,SB,ONE_RAISE,T9o,0,0,0,NONE,0
100BB,CO,SB,ONE_RAISE,T8o,0,0,0,NONE,0
100BB,CO,SB,ONE_RAISE,T7o,0,0,0,NONE,0
100BB,CO,SB,ONE_RAISE,T6o,0,0,0,NONE,0
100BB,CO,SB,ONE_RAISE,T5o,0,0,0,NONE,0
100BB,CO,SB,ONE_RAISE,T4o,0,0,0,NONE,0
100BB,CO,SB,ONE_RAISE,T3o,0,0,0,NONE,0
100BB,CO,SB,ONE_RAISE,T2o,0,0,0,NONE,0
100BB,CO,SB,ONE_RAISE,98o,0,0,0,NONE,0
100BB,CO,SB,ONE_RAISE,97o,0,0,0,NONE,0
100BB,CO,SB,ONE_RAISE,96o,0,0,0,NONE,0
100BB,CO,SB,ONE_RAISE,95o,0,0,0,NONE,0
100BB,CO,SB,ONE_RAISE,94o,0,0,0,NONE,0
100BB,CO,SB,ONE_RAISE,93o,0,0,0,NONE,0
100BB,CO,SB,ONE_RAISE,92o,0,0,0,NONE,0
100BB,CO,SB,ONE_RAISE,87o,0,0,0,NONE,0
100BB,CO,SB,ONE_RAISE,86o,0,0,0,NONE,0
100BB,CO,SB,ONE_RAISE,85o,0,0,0,NONE,0
100BB,CO,SB,ONE_RAISE,84o,0,0,0,NONE,0
100BB,CO,SB,ONE_RAISE,83o,0,0,0,NONE,0
100BB,CO,SB,ONE_RAISE,82o,0,0,0,NONE,0
100BB,CO,SB,ONE_RAISE,76o,0,0,0,NONE,0
100BB,CO,SB,ONE_RAISE,75o,0,0,0,NONE,0
100BB,CO,SB,ONE_RAISE,74o,0,0,0,NONE,0
100BB,CO,SB,ONE_RAISE,73o,0,0,0,NONE,0
100BB,CO,SB,ONE_RAISE,72o,0,0,0,NONE,0
100BB,CO,SB,ONE_RAISE,65o,0,0,0,NONE,0
100BB,CO,SB,ONE_RAISE,64o,0,0,0,NONE,0
100BB,CO,SB,ONE_RAISE,63o,0,0,0,NONE,0
100BB,CO,SB,ONE_RAISE,62o,0,0,0,NONE,0
100BB,CO,SB,ONE_RAISE,54o,0,0,0,NONE,0
100BB,CO,SB,ONE_RAISE,53o,0,0,0,NONE,0
100BB,CO,SB,ONE_RAISE,52o,0,0,0,NONE,0
100BB,CO,SB,ONE_RAISE,43o,0,0,0,NONE,0
100BB,CO,SB,ONE_RAISE,42o,0,0,0,NONE,0
100BB,CO,SB,ONE_RAISE,32o,0,0,0,NONE,0
100BB,CO,SB,THREE_BET,AA,0,20,80,2.2,1
100BB,CO,SB,THREE_BET,KK,0,13,87,2.2,1
100BB,CO,SB,THREE_BET,QQ,0,81,19,2.2,1
100BB,CO,SB,THREE_BET,JJ,0,73,27,2.2,1
100BB,CO,SB,THREE_BET,TT,0,94,6,2.2,1
100BB,CO,SB,THREE_BET,99,0,0,0,NONE,1
100BB,CO,SB,THREE_BET,88,0,97,3,2.2,1
100BB,CO,SB,THREE_BET,77,0,99,1,2.2,1
100BB,CO,SB,THREE_BET,66,0,97,3,2.2,1
100BB,CO,SB,THREE_BET,55,0,100,0,NONE,1
100BB,CO,SB,THREE_BET,44,0,100,0,NONE,1
100BB,CO,SB,THREE_BET,33,0,100,0,NONE,1
100BB,CO,SB,THREE_BET,22,11,89,0,NONE,1
100BB,CO,SB,THREE_BET,AKs,0,66,34,2.2,1
100BB,CO,SB,THREE_BET,AQs,0,100,0,NONE,1
100BB,CO,SB,THREE_BET,AJs,0,100,0,NONE,1
100BB,CO,SB,THREE_BET,ATs,0,100,0,NONE,1
100BB,CO,SB,THREE_BET,A9s,0,100,0,NONE,1
100BB,CO,SB,THREE_BET,A8s,0,100,0,NONE,1
100BB,CO,SB,THREE_BET,A7s,0,70,30,2.2,1
100BB,CO,SB,THREE_BET,A6s,0,80,20,2.2,1
100BB,CO,SB,THREE_BET,A5s,0,100,0,NONE,1
100BB,CO,SB,THREE_BET,A4s,0,100,0,NONE,1
100BB,CO,SB,THREE_BET,A3s,0,100,0,NONE,1
100BB,CO,SB,THREE_BET,A2s,0,78,22,2.2,1
100BB,CO,SB,THREE_BET,KQs,0,100,0,NONE,1
100BB,CO,SB,THREE_BET,KJs,0,100,0,NONE,1
100BB,CO,SB,THREE_BET,KTs,0,100,0,NONE,1
100BB,CO,SB,THREE_BET,K9s,0,68,32,2.2,1
100BB,CO,SB,THREE_BET,K8s,36,64,0,NONE,1
100BB,CO,SB,THREE_BET,K7s,27,57,16,2.2,1
100BB,CO,SB,THREE_BET,K6s,52,32,16,2.2,1
100BB,CO,SB,THREE_BET,K5s,42,22,36,2.2,1
100BB,CO,SB,THREE_BET,K4s,100,0,0,NONE,1
100BB,CO,SB,THREE_BET,K3s,100,0,0,NONE,1
100BB,CO,SB,THREE_BET,K2s,100,0,0,NONE,1
100BB,CO,SB,THREE_BET,QJs,0,100,0,NONE,1
100BB,CO,SB,THREE_BET,QTs,0,100,0,NONE,1
100BB,CO,SB,THREE_BET,Q9s,0,100,0,NONE,1
100BB,CO,SB,THREE_BET,Q8s,100,0,0,NONE,1
100BB,CO,SB,THREE_BET,Q7s,100,0,0,NONE,1
100BB,CO,SB,THREE_BET,Q6s,100,0,0,NONE,1
100BB,CO,SB,THREE_BET,Q5s,100,0,0,NONE,1
100BB,CO,SB,THREE_BET,Q4s,100,0,0,NONE,1
100BB,CO,SB,THREE_BET,Q3s,100,0,0,NONE,1
100BB,CO,SB,THREE_BET,Q2s,100,0,0,NONE,1
100BB,CO,SB,THREE_BET,JTs,0,100,0,NONE,1
100BB,CO,SB,THREE_BET,J9s,0,100,0,NONE,1
100BB,CO,SB,THREE_BET,J8s,11,70,19,2.2,1
100BB,CO,SB,THREE_BET,J7s,100,0,0,NONE,1
100BB,CO,SB,THREE_BET,J6s,100,0,0,NONE,1
100BB,CO,SB,THREE_BET,J5s,100,0,0,NONE,1
100BB,CO,SB,THREE_BET,J4s,100,0,0,NONE,1
100BB,CO,SB,THREE_BET,J3s,100,0,0,NONE,1
100BB,CO,SB,THREE_BET,J2s,100,0,0,NONE,1
100BB,CO,SB,THREE_BET,T9s,0,100,0,NONE,1
100BB,CO,SB,THREE_BET,T8s,0,98,2,2.2,1
100BB,CO,SB,THREE_BET,T7s,100,0,0,NONE,1
100BB,CO,SB,THREE_BET,T6s,100,0,0,NONE,1
100BB,CO,SB,THREE_BET,T5s,100,0,0,NONE,1
100BB,CO,SB,THREE_BET,T4s,100,0,0,NONE,1
100BB,CO,SB,THREE_BET,T3s,100,0,0,NONE,1
100BB,CO,SB,THREE_BET,T2s,100,0,0,NONE,1
100BB,CO,SB,THREE_BET,98s,0,90,10,2.2,1
100BB,CO,SB,THREE_BET,97s,0,97,3,2.2,1
100BB,CO,SB,THREE_BET,96s,100,0,0,NONE,1
100BB,CO,SB,THREE_BET,95s,100,0,0,NONE,1
100BB,CO,SB,THREE_BET,94s,100,0,0,NONE,1
100BB,CO,SB,THREE_BET,93s,100,0,0,NONE,1
100BB,CO,SB,THREE_BET,92s,100,0,0,NONE,1
100BB,CO,SB,THREE_BET,87s,0,85,15,2.2,1
100BB,CO,SB,THREE_BET,86s,59,41,0,NONE,1
100BB,CO,SB,THREE_BET,85s,100,0,0,NONE,1
100BB,CO,SB,THREE_BET,84s,100,0,0,NONE,1
100BB,CO,SB,THREE_BET,83s,100,0,0,NONE,1
100BB,CO,SB,THREE_BET,82s,100,0,0,NONE,1
100BB,CO,SB,THREE_BET,76s,0,100,0,NONE,1
100BB,CO,SB,THREE_BET,75s,100,0,0,NONE,1
100BB,CO,SB,THREE_BET,74s,100,0,0,NONE,1
100BB,CO,SB,THREE_BET,73s,100,0,0,NONE,1
100BB,CO,SB,THREE_BET,72s,100,0,0,NONE,1
100BB,CO,SB,THREE_BET,65s,0,100,0,NONE,1
100BB,CO,SB,THREE_BET,64s,93,7,0,NONE,1
100BB,CO,SB,THREE_BET,63s,100,0,0,NONE,1
100BB,CO,SB,THREE_BET,62s,100,0,0,NONE,1
100BB,CO,SB,THREE_BET,54s,0,100,0,NONE,1
100BB,CO,SB,THREE_BET,53s,100,0,0,NONE,1
100BB,CO,SB,THREE_BET,52s,100,0,0,NONE,1
100BB,CO,SB,THREE_BET,43s,100,0,0,NONE,1
100BB,CO,SB,THREE_BET,42s,100,0,0,NONE,1
100BB,CO,SB,THREE_BET,32s,100,0,0,NONE,1
100BB,CO,SB,THREE_BET,AKo,0,52,48,2.2,1
100BB,CO,SB,THREE_BET,AQo,0,89,11,2.2,1
100BB,CO,SB,THREE_BET,AJo,0,67,33,2.2,1
100BB,CO,SB,THREE_BET,ATo,80,0,20,2.2,1
100BB,CO,SB,THREE_BET,A9o,100,0,0,NONE,1
100BB,CO,SB,THREE_BET,A8o,100,0,0,NONE,1
100BB,CO,SB,THREE_BET,A7o,100,0,0,NONE,1
100BB,CO,SB,THREE_BET,A6o,100,0,0,NONE,1
100BB,CO,SB,THREE_BET,A5o,100,0,0,NONE,1
100BB,CO,SB,THREE_BET,A4o,100,0,0,NONE,1
100BB,CO,SB,THREE_BET,A3o,100,0,0,NONE,1
100BB,CO,SB,THREE_BET,A2o,100,0,0,NONE,1
100BB,CO,SB,THREE_BET,KQo,0,96,4,2.2,1
100BB,CO,SB,THREE_BET,KJo,94,0,6,2.2,1
100BB,CO,SB,THREE_BET,KTo,100,0,0,NONE,1
100BB,CO,SB,THREE_BET,K9o,100,0,0,NONE,1
100BB,CO,SB,THREE_BET,K8o,100,0,0,NONE,1
100BB,CO,SB,THREE_BET,K7o,100,0,0,NONE,1
100BB,CO,SB,THREE_BET,K6o,100,0,0,NONE,1
100BB,CO,SB,THREE_BET,K5o,100,0,0,NONE,1
100BB,CO,SB,THREE_BET,K4o,100,0,0,NONE,1
100BB,CO,SB,THREE_BET,K3o,100,0,0,NONE,1
100BB,CO,SB,THREE_BET,K2o,100,0,0,NONE,1
100BB,CO,SB,THREE_BET,QJo,100,0,0,NONE,1
100BB,CO,SB,THREE_BET,QTo,100,0,0,NONE,1
100BB,CO,SB,THREE_BET,Q9o,100,0,0,NONE,1
100BB,CO,SB,THREE_BET,Q8o,100,0,0,NONE,1
100BB,CO,SB,THREE_BET,Q7o,100,0,0,NONE,1
100BB,CO,SB,THREE_BET,Q6o,100,0,0,NONE,1
100BB,CO,SB,THREE_BET,Q5o,100,0,0,NONE,1
100BB,CO,SB,THREE_BET,Q4o,100,0,0,NONE,1
100BB,CO,SB,THREE_BET,Q3o,100,0,0,NONE,1
100BB,CO,SB,THREE_BET,Q2o,100,0,0,NONE,1
100BB,CO,SB,THREE_BET,JTo,100,0,0,NONE,1
100BB,CO,SB,THREE_BET,J9o,100,0,0,NONE,1
100BB,CO,SB,THREE_BET,J8o,100,0,0,NONE,1
100BB,CO,SB,THREE_BET,J7o,100,0,0,NONE,1
100BB,CO,SB,THREE_BET,J6o,100,0,0,NONE,1
100BB,CO,SB,THREE_BET,J5o,100,0,0,NONE,1
100BB,CO,SB,THREE_BET,J4o,100,0,0,NONE,1
100BB,CO,SB,THREE_BET,J3o,100,0,0,NONE,1
100BB,CO,SB,THREE_BET,J2o,100,0,0,NONE,1
100BB,CO,SB,THREE_BET,T9o,100,0,0,NONE,1
100BB,CO,SB,THREE_BET,T8o,100,0,0,NONE,1
100BB,CO,SB,THREE_BET,T7o,100,0,0,NONE,1
100BB,CO,SB,THREE_BET,T6o,100,0,0,NONE,1
100BB,CO,SB,THREE_BET,T5o,100,0,0,NONE,1
100BB,CO,SB,THREE_BET,T4o,100,0,0,NONE,1
100BB,CO,SB,THREE_BET,T3o,100,0,0,NONE,1
100BB,CO,SB,THREE_BET,T2o,100,0,0,NONE,1
100BB,CO,SB,THREE_BET,98o,100,0,0,NONE,1
100BB,CO,SB,THREE_BET,97o,100,0,0,NONE,1
100BB,CO,SB,THREE_BET,96o,100,0,0,NONE,1
100BB,CO,SB,THREE_BET,95o,100,0,0,NONE,1
100BB,CO,SB,THREE_BET,94o,100,0,0,NONE,1
100BB,CO,SB,THREE_BET,93o,100,0,0,NONE,1
100BB,CO,SB,THREE_BET,92o,100,0,0,NONE,1
100BB,CO,SB,THREE_BET,87o,100,0,0,NONE,1
100BB,CO,SB,THREE_BET,86o,100,0,0,NONE,1
100BB,CO,SB,THREE_BET,85o,100,0,0,NONE,1
100BB,CO,SB,THREE_BET,84o,100,0,0,NONE,1
100BB,CO,SB,THREE_BET,83o,100,0,0,NONE,1
100BB,CO,SB,THREE_BET,82o,100,0,0,NONE,1
100BB,CO,SB,THREE_BET,76o,100,0,0,NONE,1
100BB,CO,SB,THREE_BET,75o,100,0,0,NONE,1
100BB,CO,SB,THREE_BET,74o,100,0,0,NONE,1
100BB,CO,SB,THREE_BET,73o,100,0,0,NONE,1
100BB,CO,SB,THREE_BET,72o,100,0,0,NONE,1
100BB,CO,SB,THREE_BET,65o,100,0,0,NONE,1
100BB,CO,SB,THREE_BET,64o,100,0,0,NONE,1
100BB,CO,SB,THREE_BET,63o,100,0,0,NONE,1
100BB,CO,SB,THREE_BET,62o,100,0,0,NONE,1
100BB,CO,SB,THREE_BET,54o,100,0,0,NONE,1
100BB,CO,SB,THREE_BET,53o,100,0,0,NONE,1
100BB,CO,SB,THREE_BET,52o,100,0,0,NONE,1
100BB,CO,SB,THREE_BET,43o,100,0,0,NONE,1
100BB,CO,SB,THREE_BET,42o,100,0,0,NONE,1
100BB,CO,SB,THREE_BET,32o,100,0,0,NONE,1
100BB,CO,BB,UNOPENED,AA,0,0,0,NONE,0
100BB,CO,BB,UNOPENED,KK,0,0,0,NONE,0
100BB,CO,BB,UNOPENED,QQ,0,0,0,NONE,0
100BB,CO,BB,UNOPENED,JJ,0,0,0,NONE,0
100BB,CO,BB,UNOPENED,TT,0,0,0,NONE,0
100BB,CO,BB,UNOPENED,99,0,0,0,NONE,0
100BB,CO,BB,UNOPENED,88,0,0,0,NONE,0
100BB,CO,BB,UNOPENED,77,0,0,0,NONE,0
100BB,CO,BB,UNOPENED,66,0,0,0,NONE,0
100BB,CO,BB,UNOPENED,55,0,0,0,NONE,0
100BB,CO,BB,UNOPENED,44,0,0,0,NONE,0
100BB,CO,BB,UNOPENED,33,0,0,0,NONE,0
100BB,CO,BB,UNOPENED,22,0,0,0,NONE,0
100BB,CO,BB,UNOPENED,AKs,0,0,0,NONE,0
100BB,CO,BB,UNOPENED,AQs,0,0,0,NONE,0
100BB,CO,BB,UNOPENED,AJs,0,0,0,NONE,0
100BB,CO,BB,UNOPENED,ATs,0,0,0,NONE,0
100BB,CO,BB,UNOPENED,A9s,0,0,0,NONE,0
100BB,CO,BB,UNOPENED,A8s,0,0,0,NONE,0
100BB,CO,BB,UNOPENED,A7s,0,0,0,NONE,0
100BB,CO,BB,UNOPENED,A6s,0,0,0,NONE,0
100BB,CO,BB,UNOPENED,A5s,0,0,0,NONE,0
100BB,CO,BB,UNOPENED,A4s,0,0,0,NONE,0
100BB,CO,BB,UNOPENED,A3s,0,0,0,NONE,0
100BB,CO,BB,UNOPENED,A2s,0,0,0,NONE,0
100BB,CO,BB,UNOPENED,KQs,0,0,0,NONE,0
100BB,CO,BB,UNOPENED,KJs,0,0,0,NONE,0
100BB,CO,BB,UNOPENED,KTs,0,0,0,NONE,0
100BB,CO,BB,UNOPENED,K9s,0,0,0,NONE,0
100BB,CO,BB,UNOPENED,K8s,0,0,0,NONE,0
100BB,CO,BB,UNOPENED,K7s,0,0,0,NONE,0
100BB,CO,BB,UNOPENED,K6s,0,0,0,NONE,0
100BB,CO,BB,UNOPENED,K5s,0,0,0,NONE,0
100BB,CO,BB,UNOPENED,K4s,0,0,0,NONE,0
100BB,CO,BB,UNOPENED,K3s,0,0,0,NONE,0
100BB,CO,BB,UNOPENED,K2s,0,0,0,NONE,0
100BB,CO,BB,UNOPENED,QJs,0,0,0,NONE,0
100BB,CO,BB,UNOPENED,QTs,0,0,0,NONE,0
100BB,CO,BB,UNOPENED,Q9s,0,0,0,NONE,0
100BB,CO,BB,UNOPENED,Q8s,0,0,0,NONE,0
100BB,CO,BB,UNOPENED,Q7s,0,0,0,NONE,0
100BB,CO,BB,UNOPENED,Q6s,0,0,0,NONE,0
100BB,CO,BB,UNOPENED,Q5s,0,0,0,NONE,0
100BB,CO,BB,UNOPENED,Q4s,0,0,0,NONE,0
100BB,CO,BB,UNOPENED,Q3s,0,0,0,NONE,0
100BB,CO,BB,UNOPENED,Q2s,0,0,0,NONE,0
100BB,CO,BB,UNOPENED,JTs,0,0,0,NONE,0
100BB,CO,BB,UNOPENED,J9s,0,0,0,NONE,0
100BB,CO,BB,UNOPENED,J8s,0,0,0,NONE,0
100BB,CO,BB,UNOPENED,J7s,0,0,0,NONE,0
100BB,CO,BB,UNOPENED,J6s,0,0,0,NONE,0
100BB,CO,BB,UNOPENED,J5s,0,0,0,NONE,0
100BB,CO,BB,UNOPENED,J4s,0,0,0,NONE,0
100BB,CO,BB,UNOPENED,J3s,0,0,0,NONE,0
100BB,CO,BB,UNOPENED,J2s,0,0,0,NONE,0
100BB,CO,BB,UNOPENED,T9s,0,0,0,NONE,0
100BB,CO,BB,UNOPENED,T8s,0,0,0,NONE,0
100BB,CO,BB,UNOPENED,T7s,0,0,0,NONE,0
100BB,CO,BB,UNOPENED,T6s,0,0,0,NONE,0
100BB,CO,BB,UNOPENED,T5s,0,0,0,NONE,0
100BB,CO,BB,UNOPENED,T4s,0,0,0,NONE,0
100BB,CO,BB,UNOPENED,T3s,0,0,0,NONE,0
100BB,CO,BB,UNOPENED,T2s,0,0,0,NONE,0
100BB,CO,BB,UNOPENED,98s,0,0,0,NONE,0
100BB,CO,BB,UNOPENED,97s,0,0,0,NONE,0
100BB,CO,BB,UNOPENED,96s,0,0,0,NONE,0
100BB,CO,BB,UNOPENED,95s,0,0,0,NONE,0
100BB,CO,BB,UNOPENED,94s,0,0,0,NONE,0
100BB,CO,BB,UNOPENED,93s,0,0,0,NONE,0
100BB,CO,BB,UNOPENED,92s,0,0,0,NONE,0
100BB,CO,BB,UNOPENED,87s,0,0,0,NONE,0
100BB,CO,BB,UNOPENED,86s,0,0,0,NONE,0
100BB,CO,BB,UNOPENED,85s,0,0,0,NONE,0
100BB,CO,BB,UNOPENED,84s,0,0,0,NONE,0
100BB,CO,BB,UNOPENED,83s,0,0,0,NONE,0
100BB,CO,BB,UNOPENED,82s,0,0,0,NONE,0
100BB,CO,BB,UNOPENED,76s,0,0,0,NONE,0
100BB,CO,BB,UNOPENED,75s,0,0,0,NONE,0
100BB,CO,BB,UNOPENED,74s,0,0,0,NONE,0
100BB,CO,BB,UNOPENED,73s,0,0,0,NONE,0
100BB,CO,BB,UNOPENED,72s,0,0,0,NONE,0
100BB,CO,BB,UNOPENED,65s,0,0,0,NONE,0
100BB,CO,BB,UNOPENED,64s,0,0,0,NONE,0
100BB,CO,BB,UNOPENED,63s,0,0,0,NONE,0
100BB,CO,BB,UNOPENED,62s,0,0,0,NONE,0
100BB,CO,BB,UNOPENED,54s,0,0,0,NONE,0
100BB,CO,BB,UNOPENED,53s,0,0,0,NONE,0
100BB,CO,BB,UNOPENED,52s,0,0,0,NONE,0
100BB,CO,BB,UNOPENED,43s,0,0,0,NONE,0
100BB,CO,BB,UNOPENED,42s,0,0,0,NONE,0
100BB,CO,BB,UNOPENED,32s,0,0,0,NONE,0
100BB,CO,BB,UNOPENED,AKo,0,0,0,NONE,0
100BB,CO,BB,UNOPENED,AQo,0,0,0,NONE,0
100BB,CO,BB,UNOPENED,AJo,0,0,0,NONE,0
100BB,CO,BB,UNOPENED,ATo,0,0,0,NONE,0
100BB,CO,BB,UNOPENED,A9o,0,0,0,NONE,0
100BB,CO,BB,UNOPENED,A8o,0,0,0,NONE,0
100BB,CO,BB,UNOPENED,A7o,0,0,0,NONE,0
100BB,CO,BB,UNOPENED,A6o,0,0,0,NONE,0
100BB,CO,BB,UNOPENED,A5o,0,0,0,NONE,0
100BB,CO,BB,UNOPENED,A4o,0,0,0,NONE,0
100BB,CO,BB,UNOPENED,A3o,0,0,0,NONE,0
100BB,CO,BB,UNOPENED,A2o,0,0,0,NONE,0
100BB,CO,BB,UNOPENED,KQo,0,0,0,NONE,0
100BB,CO,BB,UNOPENED,KJo,0,0,0,NONE,0
100BB,CO,BB,UNOPENED,KTo,0,0,0,NONE,0
100BB,CO,BB,UNOPENED,K9o,0,0,0,NONE,0
100BB,CO,BB,UNOPENED,K8o,0,0,0,NONE,0
100BB,CO,BB,UNOPENED,K7o,0,0,0,NONE,0
100BB,CO,BB,UNOPENED,K6o,0,0,0,NONE,0
100BB,CO,BB,UNOPENED,K5o,0,0,0,NONE,0
100BB,CO,BB,UNOPENED,K4o,0,0,0,NONE,0
100BB,CO,BB,UNOPENED,K3o,0,0,0,NONE,0
100BB,CO,BB,UNOPENED,K2o,0,0,0,NONE,0
100BB,CO,BB,UNOPENED,QJo,0,0,0,NONE,0
100BB,CO,BB,UNOPENED,QTo,0,0,0,NONE,0
100BB,CO,BB,UNOPENED,Q9o,0,0,0,NONE,0
100BB,CO,BB,UNOPENED,Q8o,0,0,0,NONE,0
100BB,CO,BB,UNOPENED,Q7o,0,0,0,NONE,0
100BB,CO,BB,UNOPENED,Q6o,0,0,0,NONE,0
100BB,CO,BB,UNOPENED,Q5o,0,0,0,NONE,0
100BB,CO,BB,UNOPENED,Q4o,0,0,0,NONE,0
100BB,CO,BB,UNOPENED,Q3o,0,0,0,NONE,0
100BB,CO,BB,UNOPENED,Q2o,0,0,0,NONE,0
100BB,CO,BB,UNOPENED,JTo,0,0,0,NONE,0
100BB,CO,BB,UNOPENED,J9o,0,0,0,NONE,0
100BB,CO,BB,UNOPENED,J8o,0,0,0,NONE,0
100BB,CO,BB,UNOPENED,J7o,0,0,0,NONE,0
100BB,CO,BB,UNOPENED,J6o,0,0,0,NONE,0
100BB,CO,BB,UNOPENED,J5o,0,0,0,NONE,0
100BB,CO,BB,UNOPENED,J4o,0,0,0,NONE,0
100BB,CO,BB,UNOPENED,J3o,0,0,0,NONE,0
100BB,CO,BB,UNOPENED,J2o,0,0,0,NONE,0
100BB,CO,BB,UNOPENED,T9o,0,0,0,NONE,0
100BB,CO,BB,UNOPENED,T8o,0,0,0,NONE,0
100BB,CO,BB,UNOPENED,T7o,0,0,0,NONE,0
100BB,CO,BB,UNOPENED,T6o,0,0,0,NONE,0
100BB,CO,BB,UNOPENED,T5o,0,0,0,NONE,0
100BB,CO,BB,UNOPENED,T4o,0,0,0,NONE,0
100BB,CO,BB,UNOPENED,T3o,0,0,0,NONE,0
100BB,CO,BB,UNOPENED,T2o,0,0,0,NONE,0
100BB,CO,BB,UNOPENED,98o,0,0,0,NONE,0
100BB,CO,BB,UNOPENED,97o,0,0,0,NONE,0
100BB,CO,BB,UNOPENED,96o,0,0,0,NONE,0
100BB,CO,BB,UNOPENED,95o,0,0,0,NONE,0
100BB,CO,BB,UNOPENED,94o,0,0,0,NONE,0
100BB,CO,BB,UNOPENED,93o,0,0,0,NONE,0
100BB,CO,BB,UNOPENED,92o,0,0,0,NONE,0
100BB,CO,BB,UNOPENED,87o,0,0,0,NONE,0
100BB,CO,BB,UNOPENED,86o,0,0,0,NONE,0
100BB,CO,BB,UNOPENED,85o,0,0,0,NONE,0
100BB,CO,BB,UNOPENED,84o,0,0,0,NONE,0
100BB,CO,BB,UNOPENED,83o,0,0,0,NONE,0
100BB,CO,BB,UNOPENED,82o,0,0,0,NONE,0
100BB,CO,BB,UNOPENED,76o,0,0,0,NONE,0
100BB,CO,BB,UNOPENED,75o,0,0,0,NONE,0
100BB,CO,BB,UNOPENED,74o,0,0,0,NONE,0
100BB,CO,BB,UNOPENED,73o,0,0,0,NONE,0
100BB,CO,BB,UNOPENED,72o,0,0,0,NONE,0
100BB,CO,BB,UNOPENED,65o,0,0,0,NONE,0
100BB,CO,BB,UNOPENED,64o,0,0,0,NONE,0
100BB,CO,BB,UNOPENED,63o,0,0,0,NONE,0
100BB,CO,BB,UNOPENED,62o,0,0,0,NONE,0
100BB,CO,BB,UNOPENED,54o,0,0,0,NONE,0
100BB,CO,BB,UNOPENED,53o,0,0,0,NONE,0
100BB,CO,BB,UNOPENED,52o,0,0,0,NONE,0
100BB,CO,BB,UNOPENED,43o,0,0,0,NONE,0
100BB,CO,BB,UNOPENED,42o,0,0,0,NONE,0
100BB,CO,BB,UNOPENED,32o,0,0,0,NONE,0
100BB,CO,BB,ONE_RAISE,AA,0,0,0,NONE,0
100BB,CO,BB,ONE_RAISE,KK,0,0,0,NONE,0
100BB,CO,BB,ONE_RAISE,QQ,0,0,0,NONE,0
100BB,CO,BB,ONE_RAISE,JJ,0,0,0,NONE,0
100BB,CO,BB,ONE_RAISE,TT,0,0,0,NONE,0
100BB,CO,BB,ONE_RAISE,99,0,0,0,NONE,0
100BB,CO,BB,ONE_RAISE,88,0,0,0,NONE,0
100BB,CO,BB,ONE_RAISE,77,0,0,0,NONE,0
100BB,CO,BB,ONE_RAISE,66,0,0,0,NONE,0
100BB,CO,BB,ONE_RAISE,55,0,0,0,NONE,0
100BB,CO,BB,ONE_RAISE,44,0,0,0,NONE,0
100BB,CO,BB,ONE_RAISE,33,0,0,0,NONE,0
100BB,CO,BB,ONE_RAISE,22,0,0,0,NONE,0
100BB,CO,BB,ONE_RAISE,AKs,0,0,0,NONE,0
100BB,CO,BB,ONE_RAISE,AQs,0,0,0,NONE,0
100BB,CO,BB,ONE_RAISE,AJs,0,0,0,NONE,0
100BB,CO,BB,ONE_RAISE,ATs,0,0,0,NONE,0
100BB,CO,BB,ONE_RAISE,A9s,0,0,0,NONE,0
100BB,CO,BB,ONE_RAISE,A8s,0,0,0,NONE,0
100BB,CO,BB,ONE_RAISE,A7s,0,0,0,NONE,0
100BB,CO,BB,ONE_RAISE,A6s,0,0,0,NONE,0
100BB,CO,BB,ONE_RAISE,A5s,0,0,0,NONE,0
100BB,CO,BB,ONE_RAISE,A4s,0,0,0,NONE,0
100BB,CO,BB,ONE_RAISE,A3s,0,0,0,NONE,0
100BB,CO,BB,ONE_RAISE,A2s,0,0,0,NONE,0
100BB,CO,BB,ONE_RAISE,KQs,0,0,0,NONE,0
100BB,CO,BB,ONE_RAISE,KJs,0,0,0,NONE,0
100BB,CO,BB,ONE_RAISE,KTs,0,0,0,NONE,0
100BB,CO,BB,ONE_RAISE,K9s,0,0,0,NONE,0
100BB,CO,BB,ONE_RAISE,K8s,0,0,0,NONE,0
100BB,CO,BB,ONE_RAISE,K7s,0,0,0,NONE,0
100BB,CO,BB,ONE_RAISE,K6s,0,0,0,NONE,0
100BB,CO,BB,ONE_RAISE,K5s,0,0,0,NONE,0
100BB,CO,BB,ONE_RAISE,K4s,0,0,0,NONE,0
100BB,CO,BB,ONE_RAISE,K3s,0,0,0,NONE,0
100BB,CO,BB,ONE_RAISE,K2s,0,0,0,NONE,0
100BB,CO,BB,ONE_RAISE,QJs,0,0,0,NONE,0
100BB,CO,BB,ONE_RAISE,QTs,0,0,0,NONE,0
100BB,CO,BB,ONE_RAISE,Q9s,0,0,0,NONE,0
100BB,CO,BB,ONE_RAISE,Q8s,0,0,0,NONE,0
100BB,CO,BB,ONE_RAISE,Q7s,0,0,0,NONE,0
100BB,CO,BB,ONE_RAISE,Q6s,0,0,0,NONE,0
100BB,CO,BB,ONE_RAISE,Q5s,0,0,0,NONE,0
100BB,CO,BB,ONE_RAISE,Q4s,0,0,0,NONE,0
100BB,CO,BB,ONE_RAISE,Q3s,0,0,0,NONE,0
100BB,CO,BB,ONE_RAISE,Q2s,0,0,0,NONE,0
100BB,CO,BB,ONE_RAISE,JTs,0,0,0,NONE,0
100BB,CO,BB,ONE_RAISE,J9s,0,0,0,NONE,0
100BB,CO,BB,ONE_RAISE,J8s,0,0,0,NONE,0
100BB,CO,BB,ONE_RAISE,J7s,0,0,0,NONE,0
100BB,CO,BB,ONE_RAISE,J6s,0,0,0,NONE,0
100BB,CO,BB,ONE_RAISE,J5s,0,0,0,NONE,0
100BB,CO,BB,ONE_RAISE,J4s,0,0,0,NONE,0
100BB,CO,BB,ONE_RAISE,J3s,0,0,0,NONE,0
100BB,CO,BB,ONE_RAISE,J2s,0,0,0,NONE,0
100BB,CO,BB,ONE_RAISE,T9s,0,0,0,NONE,0
100BB,CO,BB,ONE_RAISE,T8s,0,0,0,NONE,0
100BB,CO,BB,ONE_RAISE,T7s,0,0,0,NONE,0
100BB,CO,BB,ONE_RAISE,T6s,0,0,0,NONE,0
100BB,CO,BB,ONE_RAISE,T5s,0,0,0,NONE,0
100BB,CO,BB,ONE_RAISE,T4s,0,0,0,NONE,0
100BB,CO,BB,ONE_RAISE,T3s,0,0,0,NONE,0
100BB,CO,BB,ONE_RAISE,T2s,0,0,0,NONE,0
100BB,CO,BB,ONE_RAISE,98s,0,0,0,NONE,0
100BB,CO,BB,ONE_RAISE,97s,0,0,0,NONE,0
100BB,CO,BB,ONE_RAISE,96s,0,0,0,NONE,0
100BB,CO,BB,ONE_RAISE,95s,0,0,0,NONE,0
100BB,CO,BB,ONE_RAISE,94s,0,0,0,NONE,0
100BB,CO,BB,ONE_RAISE,93s,0,0,0,NONE,0
100BB,CO,BB,ONE_RAISE,92s,0,0,0,NONE,0
100BB,CO,BB,ONE_RAISE,87s,0,0,0,NONE,0
100BB,CO,BB,ONE_RAISE,86s,0,0,0,NONE,0
100BB,CO,BB,ONE_RAISE,85s,0,0,0,NONE,0
100BB,CO,BB,ONE_RAISE,84s,0,0,0,NONE,0
100BB,CO,BB,ONE_RAISE,83s,0,0,0,NONE,0
100BB,CO,BB,ONE_RAISE,82s,0,0,0,NONE,0
100BB,CO,BB,ONE_RAISE,76s,0,0,0,NONE,0
100BB,CO,BB,ONE_RAISE,75s,0,0,0,NONE,0
100BB,CO,BB,ONE_RAISE,74s,0,0,0,NONE,0
100BB,CO,BB,ONE_RAISE,73s,0,0,0,NONE,0
100BB,CO,BB,ONE_RAISE,72s,0,0,0,NONE,0
100BB,CO,BB,ONE_RAISE,65s,0,0,0,NONE,0
100BB,CO,BB,ONE_RAISE,64s,0,0,0,NONE,0
100BB,CO,BB,ONE_RAISE,63s,0,0,0,NONE,0
100BB,CO,BB,ONE_RAISE,62s,0,0,0,NONE,0
100BB,CO,BB,ONE_RAISE,54s,0,0,0,NONE,0
100BB,CO,BB,ONE_RAISE,53s,0,0,0,NONE,0
100BB,CO,BB,ONE_RAISE,52s,0,0,0,NONE,0
100BB,CO,BB,ONE_RAISE,43s,0,0,0,NONE,0
100BB,CO,BB,ONE_RAISE,42s,0,0,0,NONE,0
100BB,CO,BB,ONE_RAISE,32s,0,0,0,NONE,0
100BB,CO,BB,ONE_RAISE,AKo,0,0,0,NONE,0
100BB,CO,BB,ONE_RAISE,AQo,0,0,0,NONE,0
100BB,CO,BB,ONE_RAISE,AJo,0,0,0,NONE,0
100BB,CO,BB,ONE_RAISE,ATo,0,0,0,NONE,0
100BB,CO,BB,ONE_RAISE,A9o,0,0,0,NONE,0
100BB,CO,BB,ONE_RAISE,A8o,0,0,0,NONE,0
100BB,CO,BB,ONE_RAISE,A7o,0,0,0,NONE,0
100BB,CO,BB,ONE_RAISE,A6o,0,0,0,NONE,0
100BB,CO,BB,ONE_RAISE,A5o,0,0,0,NONE,0
100BB,CO,BB,ONE_RAISE,A4o,0,0,0,NONE,0
100BB,CO,BB,ONE_RAISE,A3o,0,0,0,NONE,0
100BB,CO,BB,ONE_RAISE,A2o,0,0,0,NONE,0
100BB,CO,BB,ONE_RAISE,KQo,0,0,0,NONE,0
100BB,CO,BB,ONE_RAISE,KJo,0,0,0,NONE,0
100BB,CO,BB,ONE_RAISE,KTo,0,0,0,NONE,0
100BB,CO,BB,ONE_RAISE,K9o,0,0,0,NONE,0
100BB,CO,BB,ONE_RAISE,K8o,0,0,0,NONE,0
100BB,CO,BB,ONE_RAISE,K7o,0,0,0,NONE,0
100BB,CO,BB,ONE_RAISE,K6o,0,0,0,NONE,0
100BB,CO,BB,ONE_RAISE,K5o,0,0,0,NONE,0
100BB,CO,BB,ONE_RAISE,K4o,0,0,0,NONE,0
100BB,CO,BB,ONE_RAISE,K3o,0,0,0,NONE,0
100BB,CO,BB,ONE_RAISE,K2o,0,0,0,NONE,0
100BB,CO,BB,ONE_RAISE,QJo,0,0,0,NONE,0
100BB,CO,BB,ONE_RAISE,QTo,0,0,0,NONE,0
100BB,CO,BB,ONE_RAISE,Q9o,0,0,0,NONE,0
100BB,CO,BB,ONE_RAISE,Q8o,0,0,0,NONE,0
100BB,CO,BB,ONE_RAISE,Q7o,0,0,0,NONE,0
100BB,CO,BB,ONE_RAISE,Q6o,0,0,0,NONE,0
100BB,CO,BB,ONE_RAISE,Q5o,0,0,0,NONE,0
100BB,CO,BB,ONE_RAISE,Q4o,0,0,0,NONE,0
100BB,CO,BB,ONE_RAISE,Q3o,0,0,0,NONE,0
100BB,CO,BB,ONE_RAISE,Q2o,0,0,0,NONE,0
100BB,CO,BB,ONE_RAISE,JTo,0,0,0,NONE,0
100BB,CO,BB,ONE_RAISE,J9o,0,0,0,NONE,0
100BB,CO,BB,ONE_RAISE,J8o,0,0,0,NONE,0
100BB,CO,BB,ONE_RAISE,J7o,0,0,0,NONE,0
100BB,CO,BB,ONE_RAISE,J6o,0,0,0,NONE,0
100BB,CO,BB,ONE_RAISE,J5o,0,0,0,NONE,0
100BB,CO,BB,ONE_RAISE,J4o,0,0,0,NONE,0
100BB,CO,BB,ONE_RAISE,J3o,0,0,0,NONE,0
100BB,CO,BB,ONE_RAISE,J2o,0,0,0,NONE,0
100BB,CO,BB,ONE_RAISE,T9o,0,0,0,NONE,0
100BB,CO,BB,ONE_RAISE,T8o,0,0,0,NONE,0
100BB,CO,BB,ONE_RAISE,T7o,0,0,0,NONE,0
100BB,CO,BB,ONE_RAISE,T6o,0,0,0,NONE,0
100BB,CO,BB,ONE_RAISE,T5o,0,0,0,NONE,0
100BB,CO,BB,ONE_RAISE,T4o,0,0,0,NONE,0
100BB,CO,BB,ONE_RAISE,T3o,0,0,0,NONE,0
100BB,CO,BB,ONE_RAISE,T2o,0,0,0,NONE,0
100BB,CO,BB,ONE_RAISE,98o,0,0,0,NONE,0
100BB,CO,BB,ONE_RAISE,97o,0,0,0,NONE,0
100BB,CO,BB,ONE_RAISE,96o,0,0,0,NONE,0
100BB,CO,BB,ONE_RAISE,95o,0,0,0,NONE,0
100BB,CO,BB,ONE_RAISE,94o,0,0,0,NONE,0
100BB,CO,BB,ONE_RAISE,93o,0,0,0,NONE,0
100BB,CO,BB,ONE_RAISE,92o,0,0,0,NONE,0
100BB,CO,BB,ONE_RAISE,87o,0,0,0,NONE,0
100BB,CO,BB,ONE_RAISE,86o,0,0,0,NONE,0
100BB,CO,BB,ONE_RAISE,85o,0,0,0,NONE,0
100BB,CO,BB,ONE_RAISE,84o,0,0,0,NONE,0
100BB,CO,BB,ONE_RAISE,83o,0,0,0,NONE,0
100BB,CO,BB,ONE_RAISE,82o,0,0,0,NONE,0
100BB,CO,BB,ONE_RAISE,76o,0,0,0,NONE,0
100BB,CO,BB,ONE_RAISE,75o,0,0,0,NONE,0
100BB,CO,BB,ONE_RAISE,74o,0,0,0,NONE,0
100BB,CO,BB,ONE_RAISE,73o,0,0,0,NONE,0
100BB,CO,BB,ONE_RAISE,72o,0,0,0,NONE,0
100BB,CO,BB,ONE_RAISE,65o,0,0,0,NONE,0
100BB,CO,BB,ONE_RAISE,64o,0,0,0,NONE,0
100BB,CO,BB,ONE_RAISE,63o,0,0,0,NONE,0
100BB,CO,BB,ONE_RAISE,62o,0,0,0,NONE,0
100BB,CO,BB,ONE_RAISE,54o,0,0,0,NONE,0
100BB,CO,BB,ONE_RAISE,53o,0,0,0,NONE,0
100BB,CO,BB,ONE_RAISE,52o,0,0,0,NONE,0
100BB,CO,BB,ONE_RAISE,43o,0,0,0,NONE,0
100BB,CO,BB,ONE_RAISE,42o,0,0,0,NONE,0
100BB,CO,BB,ONE_RAISE,32o,0,0,0,NONE,0
100BB,CO,BB,THREE_BET,AA,0,24,76,2.2,1
100BB,CO,BB,THREE_BET,KK,0,32,68,2.2,1
100BB,CO,BB,THREE_BET,QQ,0,100,0,NONE,1
100BB,CO,BB,THREE_BET,JJ,0,81,19,2.2,1
100BB,CO,BB,THREE_BET,TT,0,100,0,NONE,1
100BB,CO,BB,THREE_BET,99,0,100,0,NONE,1
100BB,CO,BB,THREE_BET,88,0,100,0,NONE,1
100BB,CO,BB,THREE_BET,77,0,100,0,NONE,1
100BB,CO,BB,THREE_BET,66,0,100,0,NONE,1
100BB,CO,BB,THREE_BET,55,0,100,0,NONE,1
100BB,CO,BB,THREE_BET,44,0,100,0,NONE,1
100BB,CO,BB,THREE_BET,33,7,93,0,NONE,1
100BB,CO,BB,THREE_BET,22,100,0,0,NONE,1
100BB,CO,BB,THREE_BET,AKs,0,100,0,NONE,1
100BB,CO,BB,THREE_BET,AQs,0,100,0,NONE,1
100BB,CO,BB,THREE_BET,AJs,0,100,0,NONE,1
100BB,CO,BB,THREE_BET,ATs,0,100,0,NONE,1
100BB,CO,BB,THREE_BET,A9s,0,100,0,NONE,1
100BB,CO,BB,THREE_BET,A8s,0,100,0,NONE,1
100BB,CO,BB,THREE_BET,A7s,0,97,3,2.2,1
100BB,CO,BB,THREE_BET,A6s,0,93,7,2.2,1
100BB,CO,BB,THREE_BET,A5s,0,100,0,NONE,1
100BB,CO,BB,THREE_BET,A4s,0,100,0,NONE,1
100BB,CO,BB,THREE_BET,A3s,0,71,29,2.2,1
100BB,CO,BB,THREE_BET,A2s,0,76,24,2.2,1
100BB,CO,BB,THREE_BET,KQs,0,100,0,NONE,1
100BB,CO,BB,THREE_BET,KJs,0,100,0,NONE,1
100BB,CO,BB,THREE_BET,KTs,0,100,0,NONE,1
100BB,CO,BB,THREE_BET,K9s,0,84,16,2.2,1
100BB,CO,BB,THREE_BET,K8s,68,32,0,NONE,1
100BB,CO,BB,THREE_BET,K7s,35,41,24,2.2,1
100BB,CO,BB,THREE_BET,K6s,15,49,36,2.2,1
100BB,CO,BB,THREE_BET,K5s,84,16,0,NONE,1
100BB,CO,BB,THREE_BET,K4s,98,0,2,2.2,1
100BB,CO,BB,THREE_BET,K3s,89,0,11,2.2,1
100BB,CO,BB,THREE_BET,K2s,100,0,0,NONE,1
100BB,CO,BB,THREE_BET,QJs,0,100,0,NONE,1
100BB,CO,BB,THREE_BET,QTs,0,100,0,NONE,1
100BB,CO,BB,THREE_BET,Q9s,0,100,0,NONE,1
100BB,CO,BB,THREE_BET,Q8s,100,0,0,NONE,1
100BB,CO,BB,THREE_BET,Q7s,100,0,0,NONE,1
100BB,CO,BB,THREE_BET,Q6s,100,0,0,NONE,1
100BB,CO,BB,THREE_BET,Q5s,100,0,0,NONE,1
100BB,CO,BB,THREE_BET,Q4s,100,0,0,NONE,1
100BB,CO,BB,THREE_BET,Q3s,100,0,0,NONE,1
100BB,CO,BB,THREE_BET,Q2s,100,0,0,NONE,1
100BB,CO,BB,THREE_BET,JTs,0,100,0,NONE,1
100BB,CO,BB,THREE_BET,J9s,0,100,0,NONE,1
100BB,CO,BB,THREE_BET,J8s,0,96,4,2.2,1
100BB,CO,BB,THREE_BET,J7s,100,0,0,NONE,1
100BB,CO,BB,THREE_BET,J6s,100,0,0,NONE,1
100BB,CO,BB,THREE_BET,J5s,100,0,0,NONE,1
100BB,CO,BB,THREE_BET,J4s,100,0,0,NONE,1
100BB,CO,BB,THREE_BET,J3s,100,0,0,NONE,1
100BB,CO,BB,THREE_BET,J2s,100,0,0,NONE,1
100BB,CO,BB,THREE_BET,T9s,0,100,0,NONE,1
100BB,CO,BB,THREE_BET,T8s,0,96,4,2.2,1
100BB,CO,BB,THREE_BET,T7s,97,0,3,2.2,1
100BB,CO,BB,THREE_BET,T6s,100,0,0,NONE,1
100BB,CO,BB,THREE_BET,T5s,100,0,0,NONE,1
100BB,CO,BB,THREE_BET,T4s,100,0,0,NONE,1
100BB,CO,BB,THREE_BET,T3s,100,0,0,NONE,1
100BB,CO,BB,THREE_BET,T2s,100,0,0,NONE,1
100BB,CO,BB,THREE_BET,98s,0,96,4,2.2,1
100BB,CO,BB,THREE_BET,97s,59,34,7,2.2,1
100BB,CO,BB,THREE_BET,96s,100,0,0,NONE,1
100BB,CO,BB,THREE_BET,95s,100,0,0,NONE,1
100BB,CO,BB,THREE_BET,94s,100,0,0,NONE,1
100BB,CO,BB,THREE_BET,93s,100,0,0,NONE,1
100BB,CO,BB,THREE_BET,92s,100,0,0,NONE,1
100BB,CO,BB,THREE_BET,87s,0,100,0,NONE,1
100BB,CO,BB,THREE_BET,86s,100,0,0,NONE,1
100BB,CO,BB,THREE_BET,85s,100,0,0,NONE,1
100BB,CO,BB,THREE_BET,84s,100,0,0,NONE,1
100BB,CO,BB,THREE_BET,83s,100,0,0,NONE,1
100BB,CO,BB,THREE_BET,82s,100,0,0,NONE,1
100BB,CO,BB,THREE_BET,76s,0,100,0,NONE,1
100BB,CO,BB,THREE_BET,75s,100,0,0,NONE,1
100BB,CO,BB,THREE_BET,74s,100,0,0,NONE,1
100BB,CO,BB,THREE_BET,73s,100,0,0,NONE,1
100BB,CO,BB,THREE_BET,72s,100,0,0,NONE,1
100BB,CO,BB,THREE_BET,65s,0,100,0,NONE,1
100BB,CO,BB,THREE_BET,64s,100,0,0,NONE,1
100BB,CO,BB,THREE_BET,63s,100,0,0,NONE,1
100BB,CO,BB,THREE_BET,62s,100,0,0,NONE,1
100BB,CO,BB,THREE_BET,54s,0,100,0,NONE,1
100BB,CO,BB,THREE_BET,53s,100,0,0,NONE,1
100BB,CO,BB,THREE_BET,52s,100,0,0,NONE,1
100BB,CO,BB,THREE_BET,43s,100,0,0,NONE,1
100BB,CO,BB,THREE_BET,42s,100,0,0,NONE,1
100BB,CO,BB,THREE_BET,32s,100,0,0,NONE,1
100BB,CO,BB,THREE_BET,AKo,0,45,55,2.2,1
100BB,CO,BB,THREE_BET,AQo,0,86,14,2.2,1
100BB,CO,BB,THREE_BET,AJo,42,45,13,2.2,1
100BB,CO,BB,THREE_BET,ATo,87,0,13,2.2,1
100BB,CO,BB,THREE_BET,A9o,100,0,0,NONE,1
100BB,CO,BB,THREE_BET,A8o,100,0,0,NONE,1
100BB,CO,BB,THREE_BET,A7o,100,0,0,NONE,1
100BB,CO,BB,THREE_BET,A6o,100,0,0,NONE,1
100BB,CO,BB,THREE_BET,A5o,100,0,0,NONE,1
100BB,CO,BB,THREE_BET,A4o,100,0,0,NONE,1
100BB,CO,BB,THREE_BET,A3o,100,0,0,NONE,1
100BB,CO,BB,THREE_BET,A2o,100,0,0,NONE,1
100BB,CO,BB,THREE_BET,KQo,0,100,0,NONE,1
100BB,CO,BB,THREE_BET,KJo,84,6,10,2.2,1
100BB,CO,BB,THREE_BET,KTo,100,0,0,NONE,1
100BB,CO,BB,THREE_BET,K9o,100,0,0,NONE,1
100BB,CO,BB,THREE_BET,K8o,100,0,0,NONE,1
100BB,CO,BB,THREE_BET,K7o,100,0,0,NONE,1
100BB,CO,BB,THREE_BET,K6o,100,0,0,NONE,1
100BB,CO,BB,THREE_BET,K5o,100,0,0,NONE,1
100BB,CO,BB,THREE_BET,K4o,100,0,0,NONE,1
100BB,CO,BB,THREE_BET,K3o,100,0,0,NONE,1
100BB,CO,BB,THREE_BET,K2o,100,0,0,NONE,1
100BB,CO,BB,THREE_BET,QJo,98,2,0,NONE,1
100BB,CO,BB,THREE_BET,QTo,100,0,0,NONE,1
100BB,CO,BB,THREE_BET,Q9o,100,0,0,NONE,1
100BB,CO,BB,THREE_BET,Q8o,100,0,0,NONE,1
100BB,CO,BB,THREE_BET,Q7o,100,0,0,NONE,1
100BB,CO,BB,THREE_BET,Q6o,100,0,0,NONE,1
100BB,CO,BB,THREE_BET,Q5o,100,0,0,NONE,1
100BB,CO,BB,THREE_BET,Q4o,100,0,0,NONE,1
100BB,CO,BB,THREE_BET,Q3o,100,0,0,NONE,1
100BB,CO,BB,THREE_BET,Q2o,100,0,0,NONE,1
100BB,CO,BB,THREE_BET,JTo,98,0,2,2.2,1
100BB,CO,BB,THREE_BET,J9o,100,0,0,NONE,1
100BB,CO,BB,THREE_BET,J8o,100,0,0,NONE,1
100BB,CO,BB,THREE_BET,J7o,100,0,0,NONE,1
100BB,CO,BB,THREE_BET,J6o,100,0,0,NONE,1
100BB,CO,BB,THREE_BET,J5o,100,0,0,NONE,1
100BB,CO,BB,THREE_BET,J4o,100,0,0,NONE,1
100BB,CO,BB,THREE_BET,J3o,100,0,0,NONE,1
100BB,CO,BB,THREE_BET,J2o,100,0,0,NONE,1
100BB,CO,BB,THREE_BET,T9o,100,0,0,NONE,1
100BB,CO,BB,THREE_BET,T8o,100,0,0,NONE,1
100BB,CO,BB,THREE_BET,T7o,100,0,0,NONE,1
100BB,CO,BB,THREE_BET,T6o,100,0,0,NONE,1
100BB,CO,BB,THREE_BET,T5o,100,0,0,NONE,1
100BB,CO,BB,THREE_BET,T4o,100,0,0,NONE,1
100BB,CO,BB,THREE_BET,T3o,100,0,0,NONE,1
100BB,CO,BB,THREE_BET,T2o,100,0,0,NONE,1
100BB,CO,BB,THREE_BET,98o,100,0,0,NONE,1
100BB,CO,BB,THREE_BET,97o,100,0,0,NONE,1
100BB,CO,BB,THREE_BET,96o,100,0,0,NONE,1
100BB,CO,BB,THREE_BET,95o,100,0,0,NONE,1
100BB,CO,BB,THREE_BET,94o,100,0,0,NONE,1
100BB,CO,BB,THREE_BET,93o,100,0,0,NONE,1
100BB,CO,BB,THREE_BET,92o,100,0,0,NONE,1
100BB,CO,BB,THREE_BET,87o,100,0,0,NONE,1
100BB,CO,BB,THREE_BET,86o,100,0,0,NONE,1
100BB,CO,BB,THREE_BET,85o,100,0,0,NONE,1
100BB,CO,BB,THREE_BET,84o,100,0,0,NONE,1
100BB,CO,BB,THREE_BET,83o,100,0,0,NONE,1
100BB,CO,BB,THREE_BET,82o,100,0,0,NONE,1
100BB,CO,BB,THREE_BET,76o,100,0,0,NONE,1
100BB,CO,BB,THREE_BET,75o,100,0,0,NONE,1
100BB,CO,BB,THREE_BET,74o,100,0,0,NONE,1
100BB,CO,BB,THREE_BET,73o,100,0,0,NONE,1
100BB,CO,BB,THREE_BET,72o,100,0,0,NONE,1
100BB,CO,BB,THREE_BET,65o,100,0,0,NONE,1
100BB,CO,BB,THREE_BET,64o,100,0,0,NONE,1
100BB,CO,BB,THREE_BET,63o,100,0,0,NONE,1
100BB,CO,BB,THREE_BET,62o,100,0,0,NONE,1
100BB,CO,BB,THREE_BET,54o,100,0,0,NONE,1
100BB,CO,BB,THREE_BET,53o,100,0,0,NONE,1
100BB,CO,BB,THREE_BET,52o,100,0,0,NONE,1
100BB,CO,BB,THREE_BET,43o,100,0,0,NONE,1
100BB,CO,BB,THREE_BET,42o,100,0,0,NONE,1
100BB,CO,BB,THREE_BET,32o,100,0,0,NONE,1
100BB,BTN,UTG,UNOPENED,AA,0,0,0,NONE,0
100BB,BTN,UTG,UNOPENED,KK,0,0,0,NONE,0
100BB,BTN,UTG,UNOPENED,QQ,0,0,0,NONE,0
100BB,BTN,UTG,UNOPENED,JJ,0,0,0,NONE,0
100BB,BTN,UTG,UNOPENED,TT,0,0,0,NONE,0
100BB,BTN,UTG,UNOPENED,99,0,0,0,NONE,0
100BB,BTN,UTG,UNOPENED,88,0,0,0,NONE,0
100BB,BTN,UTG,UNOPENED,77,0,0,0,NONE,0
100BB,BTN,UTG,UNOPENED,66,0,0,0,NONE,0
100BB,BTN,UTG,UNOPENED,55,0,0,0,NONE,0
100BB,BTN,UTG,UNOPENED,44,0,0,0,NONE,0
100BB,BTN,UTG,UNOPENED,33,0,0,0,NONE,0
100BB,BTN,UTG,UNOPENED,22,0,0,0,NONE,0
100BB,BTN,UTG,UNOPENED,AKs,0,0,0,NONE,0
100BB,BTN,UTG,UNOPENED,AQs,0,0,0,NONE,0
100BB,BTN,UTG,UNOPENED,AJs,0,0,0,NONE,0
100BB,BTN,UTG,UNOPENED,ATs,0,0,0,NONE,0
100BB,BTN,UTG,UNOPENED,A9s,0,0,0,NONE,0
100BB,BTN,UTG,UNOPENED,A8s,0,0,0,NONE,0
100BB,BTN,UTG,UNOPENED,A7s,0,0,0,NONE,0
100BB,BTN,UTG,UNOPENED,A6s,0,0,0,NONE,0
100BB,BTN,UTG,UNOPENED,A5s,0,0,0,NONE,0
100BB,BTN,UTG,UNOPENED,A4s,0,0,0,NONE,0
100BB,BTN,UTG,UNOPENED,A3s,0,0,0,NONE,0
100BB,BTN,UTG,UNOPENED,A2s,0,0,0,NONE,0
100BB,BTN,UTG,UNOPENED,KQs,0,0,0,NONE,0
100BB,BTN,UTG,UNOPENED,KJs,0,0,0,NONE,0
100BB,BTN,UTG,UNOPENED,KTs,0,0,0,NONE,0
100BB,BTN,UTG,UNOPENED,K9s,0,0,0,NONE,0
100BB,BTN,UTG,UNOPENED,K8s,0,0,0,NONE,0
100BB,BTN,UTG,UNOPENED,K7s,0,0,0,NONE,0
100BB,BTN,UTG,UNOPENED,K6s,0,0,0,NONE,0
100BB,BTN,UTG,UNOPENED,K5s,0,0,0,NONE,0
100BB,BTN,UTG,UNOPENED,K4s,0,0,0,NONE,0
100BB,BTN,UTG,UNOPENED,K3s,0,0,0,NONE,0
100BB,BTN,UTG,UNOPENED,K2s,0,0,0,NONE,0
100BB,BTN,UTG,UNOPENED,QJs,0,0,0,NONE,0
100BB,BTN,UTG,UNOPENED,QTs,0,0,0,NONE,0
100BB,BTN,UTG,UNOPENED,Q9s,0,0,0,NONE,0
100BB,BTN,UTG,UNOPENED,Q8s,0,0,0,NONE,0
100BB,BTN,UTG,UNOPENED,Q7s,0,0,0,NONE,0
100BB,BTN,UTG,UNOPENED,Q6s,0,0,0,NONE,0
100BB,BTN,UTG,UNOPENED,Q5s,0,0,0,NONE,0
100BB,BTN,UTG,UNOPENED,Q4s,0,0,0,NONE,0
100BB,BTN,UTG,UNOPENED,Q3s,0,0,0,NONE,0
100BB,BTN,UTG,UNOPENED,Q2s,0,0,0,NONE,0
100BB,BTN,UTG,UNOPENED,JTs,0,0,0,NONE,0
100BB,BTN,UTG,UNOPENED,J9s,0,0,0,NONE,0
100BB,BTN,UTG,UNOPENED,J8s,0,0,0,NONE,0
100BB,BTN,UTG,UNOPENED,J7s,0,0,0,NONE,0
100BB,BTN,UTG,UNOPENED,J6s,0,0,0,NONE,0
100BB,BTN,UTG,UNOPENED,J5s,0,0,0,NONE,0
100BB,BTN,UTG,UNOPENED,J4s,0,0,0,NONE,0
100BB,BTN,UTG,UNOPENED,J3s,0,0,0,NONE,0
100BB,BTN,UTG,UNOPENED,J2s,0,0,0,NONE,0
100BB,BTN,UTG,UNOPENED,T9s,0,0,0,NONE,0
100BB,BTN,UTG,UNOPENED,T8s,0,0,0,NONE,0
100BB,BTN,UTG,UNOPENED,T7s,0,0,0,NONE,0
100BB,BTN,UTG,UNOPENED,T6s,0,0,0,NONE,0
100BB,BTN,UTG,UNOPENED,T5s,0,0,0,NONE,0
100BB,BTN,UTG,UNOPENED,T4s,0,0,0,NONE,0
100BB,BTN,UTG,UNOPENED,T3s,0,0,0,NONE,0
100BB,BTN,UTG,UNOPENED,T2s,0,0,0,NONE,0
100BB,BTN,UTG,UNOPENED,98s,0,0,0,NONE,0
100BB,BTN,UTG,UNOPENED,97s,0,0,0,NONE,0
100BB,BTN,UTG,UNOPENED,96s,0,0,0,NONE,0
100BB,BTN,UTG,UNOPENED,95s,0,0,0,NONE,0
100BB,BTN,UTG,UNOPENED,94s,0,0,0,NONE,0
100BB,BTN,UTG,UNOPENED,93s,0,0,0,NONE,0
100BB,BTN,UTG,UNOPENED,92s,0,0,0,NONE,0
100BB,BTN,UTG,UNOPENED,87s,0,0,0,NONE,0
100BB,BTN,UTG,UNOPENED,86s,0,0,0,NONE,0
100BB,BTN,UTG,UNOPENED,85s,0,0,0,NONE,0
100BB,BTN,UTG,UNOPENED,84s,0,0,0,NONE,0
100BB,BTN,UTG,UNOPENED,83s,0,0,0,NONE,0
100BB,BTN,UTG,UNOPENED,82s,0,0,0,NONE,0
100BB,BTN,UTG,UNOPENED,76s,0,0,0,NONE,0
100BB,BTN,UTG,UNOPENED,75s,0,0,0,NONE,0
100BB,BTN,UTG,UNOPENED,74s,0,0,0,NONE,0
100BB,BTN,UTG,UNOPENED,73s,0,0,0,NONE,0
100BB,BTN,UTG,UNOPENED,72s,0,0,0,NONE,0
100BB,BTN,UTG,UNOPENED,65s,0,0,0,NONE,0
100BB,BTN,UTG,UNOPENED,64s,0,0,0,NONE,0
100BB,BTN,UTG,UNOPENED,63s,0,0,0,NONE,0
100BB,BTN,UTG,UNOPENED,62s,0,0,0,NONE,0
100BB,BTN,UTG,UNOPENED,54s,0,0,0,NONE,0
100BB,BTN,UTG,UNOPENED,53s,0,0,0,NONE,0
100BB,BTN,UTG,UNOPENED,52s,0,0,0,NONE,0
100BB,BTN,UTG,UNOPENED,43s,0,0,0,NONE,0
100BB,BTN,UTG,UNOPENED,42s,0,0,0,NONE,0
100BB,BTN,UTG,UNOPENED,32s,0,0,0,NONE,0
100BB,BTN,UTG,UNOPENED,AKo,0,0,0,NONE,0
100BB,BTN,UTG,UNOPENED,AQo,0,0,0,NONE,0
100BB,BTN,UTG,UNOPENED,AJo,0,0,0,NONE,0
100BB,BTN,UTG,UNOPENED,ATo,0,0,0,NONE,0
100BB,BTN,UTG,UNOPENED,A9o,0,0,0,NONE,0
100BB,BTN,UTG,UNOPENED,A8o,0,0,0,NONE,0
100BB,BTN,UTG,UNOPENED,A7o,0,0,0,NONE,0
100BB,BTN,UTG,UNOPENED,A6o,0,0,0,NONE,0
100BB,BTN,UTG,UNOPENED,A5o,0,0,0,NONE,0
100BB,BTN,UTG,UNOPENED,A4o,0,0,0,NONE,0
100BB,BTN,UTG,UNOPENED,A3o,0,0,0,NONE,0
100BB,BTN,UTG,UNOPENED,A2o,0,0,0,NONE,0
100BB,BTN,UTG,UNOPENED,KQo,0,0,0,NONE,0
100BB,BTN,UTG,UNOPENED,KJo,0,0,0,NONE,0
100BB,BTN,UTG,UNOPENED,KTo,0,0,0,NONE,0
100BB,BTN,UTG,UNOPENED,K9o,0,0,0,NONE,0
100BB,BTN,UTG,UNOPENED,K8o,0,0,0,NONE,0
100BB,BTN,UTG,UNOPENED,K7o,0,0,0,NONE,0
100BB,BTN,UTG,UNOPENED,K6o,0,0,0,NONE,0
100BB,BTN,UTG,UNOPENED,K5o,0,0,0,NONE,0
100BB,BTN,UTG,UNOPENED,K4o,0,0,0,NONE,0
100BB,BTN,UTG,UNOPENED,K3o,0,0,0,NONE,0
100BB,BTN,UTG,UNOPENED,K2o,0,0,0,NONE,0
100BB,BTN,UTG,UNOPENED,QJo,0,0,0,NONE,0
100BB,BTN,UTG,UNOPENED,QTo,0,0,0,NONE,0
100BB,BTN,UTG,UNOPENED,Q9o,0,0,0,NONE,0
100BB,BTN,UTG,UNOPENED,Q8o,0,0,0,NONE,0
100BB,BTN,UTG,UNOPENED,Q7o,0,0,0,NONE,0
100BB,BTN,UTG,UNOPENED,Q6o,0,0,0,NONE,0
100BB,BTN,UTG,UNOPENED,Q5o,0,0,0,NONE,0
100BB,BTN,UTG,UNOPENED,Q4o,0,0,0,NONE,0
100BB,BTN,UTG,UNOPENED,Q3o,0,0,0,NONE,0
100BB,BTN,UTG,UNOPENED,Q2o,0,0,0,NONE,0
100BB,BTN,UTG,UNOPENED,JTo,0,0,0,NONE,0
100BB,BTN,UTG,UNOPENED,J9o,0,0,0,NONE,0
100BB,BTN,UTG,UNOPENED,J8o,0,0,0,NONE,0
100BB,BTN,UTG,UNOPENED,J7o,0,0,0,NONE,0
100BB,BTN,UTG,UNOPENED,J6o,0,0,0,NONE,0
100BB,BTN,UTG,UNOPENED,J5o,0,0,0,NONE,0
100BB,BTN,UTG,UNOPENED,J4o,0,0,0,NONE,0
100BB,BTN,UTG,UNOPENED,J3o,0,0,0,NONE,0
100BB,BTN,UTG,UNOPENED,J2o,0,0,0,NONE,0
100BB,BTN,UTG,UNOPENED,T9o,0,0,0,NONE,0
100BB,BTN,UTG,UNOPENED,T8o,0,0,0,NONE,0
100BB,BTN,UTG,UNOPENED,T7o,0,0,0,NONE,0
100BB,BTN,UTG,UNOPENED,T6o,0,0,0,NONE,0
100BB,BTN,UTG,UNOPENED,T5o,0,0,0,NONE,0
100BB,BTN,UTG,UNOPENED,T4o,0,0,0,NONE,0
100BB,BTN,UTG,UNOPENED,T3o,0,0,0,NONE,0
100BB,BTN,UTG,UNOPENED,T2o,0,0,0,NONE,0
100BB,BTN,UTG,UNOPENED,98o,0,0,0,NONE,0
100BB,BTN,UTG,UNOPENED,97o,0,0,0,NONE,0
100BB,BTN,UTG,UNOPENED,96o,0,0,0,NONE,0
100BB,BTN,UTG,UNOPENED,95o,0,0,0,NONE,0
100BB,BTN,UTG,UNOPENED,94o,0,0,0,NONE,0
100BB,BTN,UTG,UNOPENED,93o,0,0,0,NONE,0
100BB,BTN,UTG,UNOPENED,92o,0,0,0,NONE,0
100BB,BTN,UTG,UNOPENED,87o,0,0,0,NONE,0
100BB,BTN,UTG,UNOPENED,86o,0,0,0,NONE,0
100BB,BTN,UTG,UNOPENED,85o,0,0,0,NONE,0
100BB,BTN,UTG,UNOPENED,84o,0,0,0,NONE,0
100BB,BTN,UTG,UNOPENED,83o,0,0,0,NONE,0
100BB,BTN,UTG,UNOPENED,82o,0,0,0,NONE,0
100BB,BTN,UTG,UNOPENED,76o,0,0,0,NONE,0
100BB,BTN,UTG,UNOPENED,75o,0,0,0,NONE,0
100BB,BTN,UTG,UNOPENED,74o,0,0,0,NONE,0
100BB,BTN,UTG,UNOPENED,73o,0,0,0,NONE,0
100BB,BTN,UTG,UNOPENED,72o,0,0,0,NONE,0
100BB,BTN,UTG,UNOPENED,65o,0,0,0,NONE,0
100BB,BTN,UTG,UNOPENED,64o,0,0,0,NONE,0
100BB,BTN,UTG,UNOPENED,63o,0,0,0,NONE,0
100BB,BTN,UTG,UNOPENED,62o,0,0,0,NONE,0
100BB,BTN,UTG,UNOPENED,54o,0,0,0,NONE,0
100BB,BTN,UTG,UNOPENED,53o,0,0,0,NONE,0
100BB,BTN,UTG,UNOPENED,52o,0,0,0,NONE,0
100BB,BTN,UTG,UNOPENED,43o,0,0,0,NONE,0
100BB,BTN,UTG,UNOPENED,42o,0,0,0,NONE,0
100BB,BTN,UTG,UNOPENED,32o,0,0,0,NONE,0
100BB,BTN,UTG,ONE_RAISE,AA,0,0,100,4,1
100BB,BTN,UTG,ONE_RAISE,KK,0,0,100,4,1
100BB,BTN,UTG,ONE_RAISE,QQ,0,21,79,4,1
100BB,BTN,UTG,ONE_RAISE,JJ,0,68,32,4,1
100BB,BTN,UTG,ONE_RAISE,TT,0,63,37,4,1
100BB,BTN,UTG,ONE_RAISE,99,0,83,17,4,1
100BB,BTN,UTG,ONE_RAISE,88,0,90,10,4,1
100BB,BTN,UTG,ONE_RAISE,77,0,100,0,NONE,1
100BB,BTN,UTG,ONE_RAISE,66,0,96,4,4,1
100BB,BTN,UTG,ONE_RAISE,55,0,100,0,NONE,1
100BB,BTN,UTG,ONE_RAISE,44,0,100,0,NONE,1
100BB,BTN,UTG,ONE_RAISE,33,0,100,0,NONE,1
100BB,BTN,UTG,ONE_RAISE,22,0,100,0,NONE,1
100BB,BTN,UTG,ONE_RAISE,AKs,0,0,100,4,1
100BB,BTN,UTG,ONE_RAISE,AQs,0,40,60,4,1
100BB,BTN,UTG,ONE_RAISE,AJs,0,100,0,NONE,1
100BB,BTN,UTG,ONE_RAISE,ATs,0,95,5,4,1
100BB,BTN,UTG,ONE_RAISE,A9s,0,70,30,4,1
100BB,BTN,UTG,ONE_RAISE,A8s,0,87,13,4,1
100BB,BTN,UTG,ONE_RAISE,A7s,0,100,0,NONE,1
100BB,BTN,UTG,ONE_RAISE,A6s,0,89,11,4,1
100BB,BTN,UTG,ONE_RAISE,A5s,0,55,45,4,1
100BB,BTN,UTG,ONE_RAISE,A4s,0,82,18,4,1
100BB,BTN,UTG,ONE_RAISE,A3s,0,100,0,NONE,1
100BB,BTN,UTG,ONE_RAISE,A2s,0,84,16,4,1
100BB,BTN,UTG,ONE_RAISE,KQs,0,100,0,NONE,1
100BB,BTN,UTG,ONE_RAISE,KJs,0,30,70,4,1
100BB,BTN,UTG,ONE_RAISE,KTs,0,73,27,4,1
100BB,BTN,UTG,ONE_RAISE,K9s,0,98,2,4,1
100BB,BTN,UTG,ONE_RAISE,K8s,0,100,0,NONE,1
100BB,BTN,UTG,ONE_RAISE,K7s,0,59,41,4,1
100BB,BTN,UTG,ONE_RAISE,K6s,0,67,33,4,1
100BB,BTN,UTG,ONE_RAISE,K5s,0,40,60,4,1
100BB,BTN,UTG,ONE_RAISE,K4s,0,65,35,4,1
100BB,BTN,UTG,ONE_RAISE,K3s,16,84,0,NONE,1
100BB,BTN,UTG,ONE_RAISE,K2s,100,0,0,NONE,1
100BB,BTN,UTG,ONE_RAISE,QJs,0,64,36,4,1
100BB,BTN,UTG,ONE_RAISE,QTs,0,90,10,4,1
100BB,BTN,UTG,ONE_RAISE,Q9s,0,100,0,NONE,1
100BB,BTN,UTG,ONE_RAISE,Q8s,0,25,75,4,1
100BB,BTN,UTG,ONE_RAISE,Q7s,67,9,24,4,1
100BB,BTN,UTG,ONE_RAISE,Q6s,94,0,6,4,1
100BB,BTN,UTG,ONE_RAISE,Q5s,94,3,3,4,1
100BB,BTN,UTG,ONE_RAISE,Q4s,100,0,0,NONE,1
100BB,BTN,UTG,ONE_RAISE,Q3s,100,0,0,NONE,1
100BB,BTN,UTG,ONE_RAISE,Q2s,100,0,0,NONE,1
100BB,BTN,UTG,ONE_RAISE,JTs,0,37,63,4,1
100BB,BTN,UTG,ONE_RAISE,J9s,0,75,25,4,1
100BB,BTN,UTG,ONE_RAISE,J8s,0,80,20,4,1
100BB,BTN,UTG,ONE_RAISE,J7s,100,0,0,NONE,1
100BB,BTN,UTG,ONE_RAISE,J6s,100,0,0,NONE,1
100BB,BTN,UTG,ONE_RAISE,J5s,100,0,0,NONE,1
100BB,BTN,UTG,ONE_RAISE,J4s,100,0,0,NONE,1
100BB,BTN,UTG,ONE_RAISE,J3s,100,0,0,NONE,1
100BB,BTN,UTG,ONE_RAISE,J2s,100,0,0,NONE,1
100BB,BTN,UTG,ONE_RAISE,T9s,0,63,37,4,1
100BB,BTN,UTG,ONE_RAISE,T8s,0,100,0,NONE,1
100BB,BTN,UTG,ONE_RAISE,T7s,0,84,16,4,1
100BB,BTN,UTG,ONE_RAISE,T6s,100,0,0,NONE,1
100BB,BTN,UTG,ONE_RAISE,T5s,100,0,0,NONE,1
100BB,BTN,UTG,ONE_RAISE,T4s,100,0,0,NONE,1
100BB,BTN,UTG,ONE_RAISE,T3s,100,0,0,NONE,1
100BB,BTN,UTG,ONE_RAISE,T2s,100,0,0,NONE,1
100BB,BTN,UTG,ONE_RAISE,98s,0,79,21,4,1
100BB,BTN,UTG,ONE_RAISE,97s,0,96,4,4,1
100BB,BTN,UTG,ONE_RAISE,96s,84,8,8,4,1
100BB,BTN,UTG,ONE_RAISE,95s,100,0,0,NONE,1
100BB,BTN,UTG,ONE_RAISE,94s,100,0,0,NONE,1
100BB,BTN,UTG,ONE_RAISE,93s,100,0,0,NONE,1
100BB,BTN,UTG,ONE_RAISE,92s,100,0,0,NONE,1
100BB,BTN,UTG,ONE_RAISE,87s,0,33,67,4,1
100BB,BTN,UTG,ONE_RAISE,86s,0,100,0,NONE,1
100BB,BTN,UTG,ONE_RAISE,85s,100,0,0,NONE,1
100BB,BTN,UTG,ONE_RAISE,84s,100,0,0,NONE,1
100BB,BTN,UTG,ONE_RAISE,83s,100,0,0,NONE,1
100BB,BTN,UTG,ONE_RAISE,82s,100,0,0,NONE,1
100BB,BTN,UTG,ONE_RAISE,76s,0,54,46,4,1
100BB,BTN,UTG,ONE_RAISE,75s,0,100,0,NONE,1
100BB,BTN,UTG,ONE_RAISE,74s,100,0,0,NONE,1
100BB,BTN,UTG,ONE_RAISE,73s,100,0,0,NONE,1
100BB,BTN,UTG,ONE_RAISE,72s,100,0,0,NONE,1
100BB,BTN,UTG,ONE_RAISE,65s,0,35,65,4,1
100BB,BTN,UTG,ONE_RAISE,64s,0,100,0,NONE,1
100BB,BTN,UTG,ONE_RAISE,63s,100,0,0,NONE,1
100BB,BTN,UTG,ONE_RAISE,62s,100,0,0,NONE,1
100BB,BTN,UTG,ONE_RAISE,54s,0,54,46,4,1
100BB,BTN,UTG,ONE_RAISE,53s,0,100,0,NONE,1
100BB,BTN,UTG,ONE_RAISE,52s,100,0,0,NONE,1
100BB,BTN,UTG,ONE_RAISE,43s,100,0,0,NONE,1
100BB,BTN,UTG,ONE_RAISE,42s,100,0,0,NONE,1
100BB,BTN,UTG,ONE_RAISE,32s,100,0,0,NONE,1
100BB,BTN,UTG,ONE_RAISE,AKo,0,22,78,4,1
100BB,BTN,UTG,ONE_RAISE,AQo,0,65,35,4,1
100BB,BTN,UTG,ONE_RAISE,AJo,0,90,10,4,1
100BB,BTN,UTG,ONE_RAISE,ATo,0,46,54,4,1
100BB,BTN,UTG,ONE_RAISE,A9o,72,0,28,4,1
100BB,BTN,UTG,ONE_RAISE,A8o,100,0,0,NONE,1
100BB,BTN,UTG,ONE_RAISE,A7o,100,0,0,NONE,1
100BB,BTN,UTG,ONE_RAISE,A6o,100,0,0,NONE,1
100BB,BTN,UTG,ONE_RAISE,A5o,84,0,16,4,1
100BB,BTN,UTG,ONE_RAISE,A4o,100,0,0,NONE,1
100BB,BTN,UTG,ONE_RAISE,A3o,100,0,0,NONE,1
100BB,BTN,UTG,ONE_RAISE,A2o,100,0,0,NONE,1
100BB,BTN,UTG,ONE_RAISE,KQo,0,77,23,4,1
100BB,BTN,UTG,ONE_RAISE,KJo,0,83,17,4,1
100BB,BTN,UTG,ONE_RAISE,KTo,51,34,15,4,1
100BB,BTN,UTG,ONE_RAISE,K9o,100,0,0,NONE,1
100BB,BTN,UTG,ONE_RAISE,K8o,100,0,0,NONE,1
100BB,BTN,UTG,ONE_RAISE,K7o,100,0,0,NONE,1
100BB,BTN,UTG,ONE_RAISE,K6o,100,0,0,NONE,1
100BB,BTN,UTG,ONE_RAISE,K5o,100,0,0,NONE,1
100BB,BTN,UTG,ONE_RAISE,K4o,100,0,0,NONE,1
100BB,BTN,UTG,ONE_RAISE,K3o,100,0,0,NONE,1
100BB,BTN,UTG,ONE_RAISE,K2o,100,0,0,NONE,1
100BB,BTN,UTG,ONE_RAISE,QJo,0,66,34,4,1
100BB,BTN,UTG,ONE_RAISE,QTo,63,30,7,4,1
100BB,BTN,UTG,ONE_RAISE,Q9o,100,0,0,NONE,1
100BB,BTN,UTG,ONE_RAISE,Q8o,100,0,0,NONE,1
100BB,BTN,UTG,ONE_RAISE,Q7o,100,0,0,NONE,1
100BB,BTN,UTG,ONE_RAISE,Q6o,100,0,0,NONE,1
100BB,BTN,UTG,ONE_RAISE,Q5o,100,0,0,NONE,1
100BB,BTN,UTG,ONE_RAISE,Q4o,100,0,0,NONE,1
100BB,BTN,UTG,ONE_RAISE,Q3o,100,0,0,NONE,1
100BB,BTN,UTG,ONE_RAISE,Q2o,100,0,0,NONE,1
100BB,BTN,UTG,ONE_RAISE,JTo,13,87,0,NONE,1
100BB,BTN,UTG,ONE_RAISE,J9o,100,0,0,NONE,1
100BB,BTN,UTG,ONE_RAISE,J8o,100,0,0,NONE,1
100BB,BTN,UTG,ONE_RAISE,J7o,100,0,0,NONE,1
100BB,BTN,UTG,ONE_RAISE,J6o,100,0,0,NONE,1
100BB,BTN,UTG,ONE_RAISE,J5o,100,0,0,NONE,1
100BB,BTN,UTG,ONE_RAISE,J4o,100,0,0,NONE,1
100BB,BTN,UTG,ONE_RAISE,J3o,100,0,0,NONE,1
100BB,BTN,UTG,ONE_RAISE,J2o,100,0,0,NONE,1
100BB,BTN,UTG,ONE_RAISE,T9o,100,0,0,NONE,1
100BB,BTN,UTG,ONE_RAISE,T8o,100,0,0,NONE,1
100BB,BTN,UTG,ONE_RAISE,T7o,100,0,0,NONE,1
100BB,BTN,UTG,ONE_RAISE,T6o,100,0,0,NONE,1
100BB,BTN,UTG,ONE_RAISE,T5o,100,0,0,NONE,1
100BB,BTN,UTG,ONE_RAISE,T4o,100,0,0,NONE,1
100BB,BTN,UTG,ONE_RAISE,T3o,100,0,0,NONE,1
100BB,BTN,UTG,ONE_RAISE,T2o,100,0,0,NONE,1
100BB,BTN,UTG,ONE_RAISE,98o,100,0,0,NONE,1
100BB,BTN,UTG,ONE_RAISE,97o,100,0,0,NONE,1
100BB,BTN,UTG,ONE_RAISE,96o,100,0,0,NONE,1
100BB,BTN,UTG,ONE_RAISE,95o,100,0,0,NONE,1
100BB,BTN,UTG,ONE_RAISE,94o,100,0,0,NONE,1
100BB,BTN,UTG,ONE_RAISE,93o,100,0,0,NONE,1
100BB,BTN,UTG,ONE_RAISE,92o,100,0,0,NONE,1
100BB,BTN,UTG,ONE_RAISE,87o,100,0,0,NONE,1
100BB,BTN,UTG,ONE_RAISE,86o,100,0,0,NONE,1
100BB,BTN,UTG,ONE_RAISE,85o,100,0,0,NONE,1
100BB,BTN,UTG,ONE_RAISE,84o,100,0,0,NONE,1
100BB,BTN,UTG,ONE_RAISE,83o,100,0,0,NONE,1
100BB,BTN,UTG,ONE_RAISE,82o,100,0,0,NONE,1
100BB,BTN,UTG,ONE_RAISE,76o,100,0,0,NONE,1
100BB,BTN,UTG,ONE_RAISE,75o,100,0,0,NONE,1
100BB,BTN,UTG,ONE_RAISE,74o,100,0,0,NONE,1
100BB,BTN,UTG,ONE_RAISE,73o,100,0,0,NONE,1
100BB,BTN,UTG,ONE_RAISE,72o,100,0,0,NONE,1
100BB,BTN,UTG,ONE_RAISE,65o,100,0,0,NONE,1
100BB,BTN,UTG,ONE_RAISE,64o,100,0,0,NONE,1
100BB,BTN,UTG,ONE_RAISE,63o,100,0,0,NONE,1
100BB,BTN,UTG,ONE_RAISE,62o,100,0,0,NONE,1
100BB,BTN,UTG,ONE_RAISE,54o,100,0,0,NONE,1
100BB,BTN,UTG,ONE_RAISE,53o,100,0,0,NONE,1
100BB,BTN,UTG,ONE_RAISE,52o,100,0,0,NONE,1
100BB,BTN,UTG,ONE_RAISE,43o,100,0,0,NONE,1
100BB,BTN,UTG,ONE_RAISE,42o,100,0,0,NONE,1
100BB,BTN,UTG,ONE_RAISE,32o,100,0,0,NONE,1
100BB,BTN,UTG,THREE_BET,AA,0,0,0,NONE,0
100BB,BTN,UTG,THREE_BET,KK,0,0,0,NONE,0
100BB,BTN,UTG,THREE_BET,QQ,0,0,0,NONE,0
100BB,BTN,UTG,THREE_BET,JJ,0,0,0,NONE,0
100BB,BTN,UTG,THREE_BET,TT,0,0,0,NONE,0
100BB,BTN,UTG,THREE_BET,99,0,0,0,NONE,0
100BB,BTN,UTG,THREE_BET,88,0,0,0,NONE,0
100BB,BTN,UTG,THREE_BET,77,0,0,0,NONE,0
100BB,BTN,UTG,THREE_BET,66,0,0,0,NONE,0
100BB,BTN,UTG,THREE_BET,55,0,0,0,NONE,0
100BB,BTN,UTG,THREE_BET,44,0,0,0,NONE,0
100BB,BTN,UTG,THREE_BET,33,0,0,0,NONE,0
100BB,BTN,UTG,THREE_BET,22,0,0,0,NONE,0
100BB,BTN,UTG,THREE_BET,AKs,0,0,0,NONE,0
100BB,BTN,UTG,THREE_BET,AQs,0,0,0,NONE,0
100BB,BTN,UTG,THREE_BET,AJs,0,0,0,NONE,0
100BB,BTN,UTG,THREE_BET,ATs,0,0,0,NONE,0
100BB,BTN,UTG,THREE_BET,A9s,0,0,0,NONE,0
100BB,BTN,UTG,THREE_BET,A8s,0,0,0,NONE,0
100BB,BTN,UTG,THREE_BET,A7s,0,0,0,NONE,0
100BB,BTN,UTG,THREE_BET,A6s,0,0,0,NONE,0
100BB,BTN,UTG,THREE_BET,A5s,0,0,0,NONE,0
100BB,BTN,UTG,THREE_BET,A4s,0,0,0,NONE,0
100BB,BTN,UTG,THREE_BET,A3s,0,0,0,NONE,0
100BB,BTN,UTG,THREE_BET,A2s,0,0,0,NONE,0
100BB,BTN,UTG,THREE_BET,KQs,0,0,0,NONE,0
100BB,BTN,UTG,THREE_BET,KJs,0,0,0,NONE,0
100BB,BTN,UTG,THREE_BET,KTs,0,0,0,NONE,0
100BB,BTN,UTG,THREE_BET,K9s,0,0,0,NONE,0
100BB,BTN,UTG,THREE_BET,K8s,0,0,0,NONE,0
100BB,BTN,UTG,THREE_BET,K7s,0,0,0,NONE,0
100BB,BTN,UTG,THREE_BET,K6s,0,0,0,NONE,0
100BB,BTN,UTG,THREE_BET,K5s,0,0,0,NONE,0
100BB,BTN,UTG,THREE_BET,K4s,0,0,0,NONE,0
100BB,BTN,UTG,THREE_BET,K3s,0,0,0,NONE,0
100BB,BTN,UTG,THREE_BET,K2s,0,0,0,NONE,0
100BB,BTN,UTG,THREE_BET,QJs,0,0,0,NONE,0
100BB,BTN,UTG,THREE_BET,QTs,0,0,0,NONE,0
100BB,BTN,UTG,THREE_BET,Q9s,0,0,0,NONE,0
100BB,BTN,UTG,THREE_BET,Q8s,0,0,0,NONE,0
100BB,BTN,UTG,THREE_BET,Q7s,0,0,0,NONE,0
100BB,BTN,UTG,THREE_BET,Q6s,0,0,0,NONE,0
100BB,BTN,UTG,THREE_BET,Q5s,0,0,0,NONE,0
100BB,BTN,UTG,THREE_BET,Q4s,0,0,0,NONE,0
100BB,BTN,UTG,THREE_BET,Q3s,0,0,0,NONE,0
100BB,BTN,UTG,THREE_BET,Q2s,0,0,0,NONE,0
100BB,BTN,UTG,THREE_BET,JTs,0,0,0,NONE,0
100BB,BTN,UTG,THREE_BET,J9s,0,0,0,NONE,0
100BB,BTN,UTG,THREE_BET,J8s,0,0,0,NONE,0
100BB,BTN,UTG,THREE_BET,J7s,0,0,0,NONE,0
100BB,BTN,UTG,THREE_BET,J6s,0,0,0,NONE,0
100BB,BTN,UTG,THREE_BET,J5s,0,0,0,NONE,0
100BB,BTN,UTG,THREE_BET,J4s,0,0,0,NONE,0
100BB,BTN,UTG,THREE_BET,J3s,0,0,0,NONE,0
100BB,BTN,UTG,THREE_BET,J2s,0,0,0,NONE,0
100BB,BTN,UTG,THREE_BET,T9s,0,0,0,NONE,0
100BB,BTN,UTG,THREE_BET,T8s,0,0,0,NONE,0
100BB,BTN,UTG,THREE_BET,T7s,0,0,0,NONE,0
100BB,BTN,UTG,THREE_BET,T6s,0,0,0,NONE,0
100BB,BTN,UTG,THREE_BET,T5s,0,0,0,NONE,0
100BB,BTN,UTG,THREE_BET,T4s,0,0,0,NONE,0
100BB,BTN,UTG,THREE_BET,T3s,0,0,0,NONE,0
100BB,BTN,UTG,THREE_BET,T2s,0,0,0,NONE,0
100BB,BTN,UTG,THREE_BET,98s,0,0,0,NONE,0
100BB,BTN,UTG,THREE_BET,97s,0,0,0,NONE,0
100BB,BTN,UTG,THREE_BET,96s,0,0,0,NONE,0
100BB,BTN,UTG,THREE_BET,95s,0,0,0,NONE,0
100BB,BTN,UTG,THREE_BET,94s,0,0,0,NONE,0
100BB,BTN,UTG,THREE_BET,93s,0,0,0,NONE,0
100BB,BTN,UTG,THREE_BET,92s,0,0,0,NONE,0
100BB,BTN,UTG,THREE_BET,87s,0,0,0,NONE,0
100BB,BTN,UTG,THREE_BET,86s,0,0,0,NONE,0
100BB,BTN,UTG,THREE_BET,85s,0,0,0,NONE,0
100BB,BTN,UTG,THREE_BET,84s,0,0,0,NONE,0
100BB,BTN,UTG,THREE_BET,83s,0,0,0,NONE,0
100BB,BTN,UTG,THREE_BET,82s,0,0,0,NONE,0
100BB,BTN,UTG,THREE_BET,76s,0,0,0,NONE,0
100BB,BTN,UTG,THREE_BET,75s,0,0,0,NONE,0
100BB,BTN,UTG,THREE_BET,74s,0,0,0,NONE,0
100BB,BTN,UTG,THREE_BET,73s,0,0,0,NONE,0
100BB,BTN,UTG,THREE_BET,72s,0,0,0,NONE,0
100BB,BTN,UTG,THREE_BET,65s,0,0,0,NONE,0
100BB,BTN,UTG,THREE_BET,64s,0,0,0,NONE,0
100BB,BTN,UTG,THREE_BET,63s,0,0,0,NONE,0
100BB,BTN,UTG,THREE_BET,62s,0,0,0,NONE,0
100BB,BTN,UTG,THREE_BET,54s,0,0,0,NONE,0
100BB,BTN,UTG,THREE_BET,53s,0,0,0,NONE,0
100BB,BTN,UTG,THREE_BET,52s,0,0,0,NONE,0
100BB,BTN,UTG,THREE_BET,43s,0,0,0,NONE,0
100BB,BTN,UTG,THREE_BET,42s,0,0,0,NONE,0
100BB,BTN,UTG,THREE_BET,32s,0,0,0,NONE,0
100BB,BTN,UTG,THREE_BET,AKo,0,0,0,NONE,0
100BB,BTN,UTG,THREE_BET,AQo,0,0,0,NONE,0
100BB,BTN,UTG,THREE_BET,AJo,0,0,0,NONE,0
100BB,BTN,UTG,THREE_BET,ATo,0,0,0,NONE,0
100BB,BTN,UTG,THREE_BET,A9o,0,0,0,NONE,0
100BB,BTN,UTG,THREE_BET,A8o,0,0,0,NONE,0
100BB,BTN,UTG,THREE_BET,A7o,0,0,0,NONE,0
100BB,BTN,UTG,THREE_BET,A6o,0,0,0,NONE,0
100BB,BTN,UTG,THREE_BET,A5o,0,0,0,NONE,0
100BB,BTN,UTG,THREE_BET,A4o,0,0,0,NONE,0
100BB,BTN,UTG,THREE_BET,A3o,0,0,0,NONE,0
100BB,BTN,UTG,THREE_BET,A2o,0,0,0,NONE,0
100BB,BTN,UTG,THREE_BET,KQo,0,0,0,NONE,0
100BB,BTN,UTG,THREE_BET,KJo,0,0,0,NONE,0
100BB,BTN,UTG,THREE_BET,KTo,0,0,0,NONE,0
100BB,BTN,UTG,THREE_BET,K9o,0,0,0,NONE,0
100BB,BTN,UTG,THREE_BET,K8o,0,0,0,NONE,0
100BB,BTN,UTG,THREE_BET,K7o,0,0,0,NONE,0
100BB,BTN,UTG,THREE_BET,K6o,0,0,0,NONE,0
100BB,BTN,UTG,THREE_BET,K5o,0,0,0,NONE,0
100BB,BTN,UTG,THREE_BET,K4o,0,0,0,NONE,0
100BB,BTN,UTG,THREE_BET,K3o,0,0,0,NONE,0
100BB,BTN,UTG,THREE_BET,K2o,0,0,0,NONE,0
100BB,BTN,UTG,THREE_BET,QJo,0,0,0,NONE,0
100BB,BTN,UTG,THREE_BET,QTo,0,0,0,NONE,0
100BB,BTN,UTG,THREE_BET,Q9o,0,0,0,NONE,0
100BB,BTN,UTG,THREE_BET,Q8o,0,0,0,NONE,0
100BB,BTN,UTG,THREE_BET,Q7o,0,0,0,NONE,0
100BB,BTN,UTG,THREE_BET,Q6o,0,0,0,NONE,0
100BB,BTN,UTG,THREE_BET,Q5o,0,0,0,NONE,0
100BB,BTN,UTG,THREE_BET,Q4o,0,0,0,NONE,0
100BB,BTN,UTG,THREE_BET,Q3o,0,0,0,NONE,0
100BB,BTN,UTG,THREE_BET,Q2o,0,0,0,NONE,0
100BB,BTN,UTG,THREE_BET,JTo,0,0,0,NONE,0
100BB,BTN,UTG,THREE_BET,J9o,0,0,0,NONE,0
100BB,BTN,UTG,THREE_BET,J8o,0,0,0,NONE,0
100BB,BTN,UTG,THREE_BET,J7o,0,0,0,NONE,0
100BB,BTN,UTG,THREE_BET,J6o,0,0,0,NONE,0
100BB,BTN,UTG,THREE_BET,J5o,0,0,0,NONE,0
100BB,BTN,UTG,THREE_BET,J4o,0,0,0,NONE,0
100BB,BTN,UTG,THREE_BET,J3o,0,0,0,NONE,0
100BB,BTN,UTG,THREE_BET,J2o,0,0,0,NONE,0
100BB,BTN,UTG,THREE_BET,T9o,0,0,0,NONE,0
100BB,BTN,UTG,THREE_BET,T8o,0,0,0,NONE,0
100BB,BTN,UTG,THREE_BET,T7o,0,0,0,NONE,0
100BB,BTN,UTG,THREE_BET,T6o,0,0,0,NONE,0
100BB,BTN,UTG,THREE_BET,T5o,0,0,0,NONE,0
100BB,BTN,UTG,THREE_BET,T4o,0,0,0,NONE,0
100BB,BTN,UTG,THREE_BET,T3o,0,0,0,NONE,0
100BB,BTN,UTG,THREE_BET,T2o,0,0,0,NONE,0
100BB,BTN,UTG,THREE_BET,98o,0,0,0,NONE,0
100BB,BTN,UTG,THREE_BET,97o,0,0,0,NONE,0
100BB,BTN,UTG,THREE_BET,96o,0,0,0,NONE,0
100BB,BTN,UTG,THREE_BET,95o,0,0,0,NONE,0
100BB,BTN,UTG,THREE_BET,94o,0,0,0,NONE,0
100BB,BTN,UTG,THREE_BET,93o,0,0,0,NONE,0
100BB,BTN,UTG,THREE_BET,92o,0,0,0,NONE,0
100BB,BTN,UTG,THREE_BET,87o,0,0,0,NONE,0
100BB,BTN,UTG,THREE_BET,86o,0,0,0,NONE,0
100BB,BTN,UTG,THREE_BET,85o,0,0,0,NONE,0
100BB,BTN,UTG,THREE_BET,84o,0,0,0,NONE,0
100BB,BTN,UTG,THREE_BET,83o,0,0,0,NONE,0
100BB,BTN,UTG,THREE_BET,82o,0,0,0,NONE,0
100BB,BTN,UTG,THREE_BET,76o,0,0,0,NONE,0
100BB,BTN,UTG,THREE_BET,75o,0,0,0,NONE,0
100BB,BTN,UTG,THREE_BET,74o,0,0,0,NONE,0
100BB,BTN,UTG,THREE_BET,73o,0,0,0,NONE,0
100BB,BTN,UTG,THREE_BET,72o,0,0,0,NONE,0
100BB,BTN,UTG,THREE_BET,65o,0,0,0,NONE,0
100BB,BTN,UTG,THREE_BET,64o,0,0,0,NONE,0
100BB,BTN,UTG,THREE_BET,63o,0,0,0,NONE,0
100BB,BTN,UTG,THREE_BET,62o,0,0,0,NONE,0
100BB,BTN,UTG,THREE_BET,54o,0,0,0,NONE,0
100BB,BTN,UTG,THREE_BET,53o,0,0,0,NONE,0
100BB,BTN,UTG,THREE_BET,52o,0,0,0,NONE,0
100BB,BTN,UTG,THREE_BET,43o,0,0,0,NONE,0
100BB,BTN,UTG,THREE_BET,42o,0,0,0,NONE,0
100BB,BTN,UTG,THREE_BET,32o,0,0,0,NONE,0
100BB,BTN,HJ,UNOPENED,AA,0,0,0,NONE,0
100BB,BTN,HJ,UNOPENED,KK,0,0,0,NONE,0
100BB,BTN,HJ,UNOPENED,QQ,0,0,0,NONE,0
100BB,BTN,HJ,UNOPENED,JJ,0,0,0,NONE,0
100BB,BTN,HJ,UNOPENED,TT,0,0,0,NONE,0
100BB,BTN,HJ,UNOPENED,99,0,0,0,NONE,0
100BB,BTN,HJ,UNOPENED,88,0,0,0,NONE,0
100BB,BTN,HJ,UNOPENED,77,0,0,0,NONE,0
100BB,BTN,HJ,UNOPENED,66,0,0,0,NONE,0
100BB,BTN,HJ,UNOPENED,55,0,0,0,NONE,0
100BB,BTN,HJ,UNOPENED,44,0,0,0,NONE,0
100BB,BTN,HJ,UNOPENED,33,0,0,0,NONE,0
100BB,BTN,HJ,UNOPENED,22,0,0,0,NONE,0
100BB,BTN,HJ,UNOPENED,AKs,0,0,0,NONE,0
100BB,BTN,HJ,UNOPENED,AQs,0,0,0,NONE,0
100BB,BTN,HJ,UNOPENED,AJs,0,0,0,NONE,0
100BB,BTN,HJ,UNOPENED,ATs,0,0,0,NONE,0
100BB,BTN,HJ,UNOPENED,A9s,0,0,0,NONE,0
100BB,BTN,HJ,UNOPENED,A8s,0,0,0,NONE,0
100BB,BTN,HJ,UNOPENED,A7s,0,0,0,NONE,0
100BB,BTN,HJ,UNOPENED,A6s,0,0,0,NONE,0
100BB,BTN,HJ,UNOPENED,A5s,0,0,0,NONE,0
100BB,BTN,HJ,UNOPENED,A4s,0,0,0,NONE,0
100BB,BTN,HJ,UNOPENED,A3s,0,0,0,NONE,0
100BB,BTN,HJ,UNOPENED,A2s,0,0,0,NONE,0
100BB,BTN,HJ,UNOPENED,KQs,0,0,0,NONE,0
100BB,BTN,HJ,UNOPENED,KJs,0,0,0,NONE,0
100BB,BTN,HJ,UNOPENED,KTs,0,0,0,NONE,0
100BB,BTN,HJ,UNOPENED,K9s,0,0,0,NONE,0
100BB,BTN,HJ,UNOPENED,K8s,0,0,0,NONE,0
100BB,BTN,HJ,UNOPENED,K7s,0,0,0,NONE,0
100BB,BTN,HJ,UNOPENED,K6s,0,0,0,NONE,0
100BB,BTN,HJ,UNOPENED,K5s,0,0,0,NONE,0
100BB,BTN,HJ,UNOPENED,K4s,0,0,0,NONE,0
100BB,BTN,HJ,UNOPENED,K3s,0,0,0,NONE,0
100BB,BTN,HJ,UNOPENED,K2s,0,0,0,NONE,0
100BB,BTN,HJ,UNOPENED,QJs,0,0,0,NONE,0
100BB,BTN,HJ,UNOPENED,QTs,0,0,0,NONE,0
100BB,BTN,HJ,UNOPENED,Q9s,0,0,0,NONE,0
100BB,BTN,HJ,UNOPENED,Q8s,0,0,0,NONE,0
100BB,BTN,HJ,UNOPENED,Q7s,0,0,0,NONE,0
100BB,BTN,HJ,UNOPENED,Q6s,0,0,0,NONE,0
100BB,BTN,HJ,UNOPENED,Q5s,0,0,0,NONE,0
100BB,BTN,HJ,UNOPENED,Q4s,0,0,0,NONE,0
100BB,BTN,HJ,UNOPENED,Q3s,0,0,0,NONE,0
100BB,BTN,HJ,UNOPENED,Q2s,0,0,0,NONE,0
100BB,BTN,HJ,UNOPENED,JTs,0,0,0,NONE,0
100BB,BTN,HJ,UNOPENED,J9s,0,0,0,NONE,0
100BB,BTN,HJ,UNOPENED,J8s,0,0,0,NONE,0
100BB,BTN,HJ,UNOPENED,J7s,0,0,0,NONE,0
100BB,BTN,HJ,UNOPENED,J6s,0,0,0,NONE,0
100BB,BTN,HJ,UNOPENED,J5s,0,0,0,NONE,0
100BB,BTN,HJ,UNOPENED,J4s,0,0,0,NONE,0
100BB,BTN,HJ,UNOPENED,J3s,0,0,0,NONE,0
100BB,BTN,HJ,UNOPENED,J2s,0,0,0,NONE,0
100BB,BTN,HJ,UNOPENED,T9s,0,0,0,NONE,0
100BB,BTN,HJ,UNOPENED,T8s,0,0,0,NONE,0
100BB,BTN,HJ,UNOPENED,T7s,0,0,0,NONE,0
100BB,BTN,HJ,UNOPENED,T6s,0,0,0,NONE,0
100BB,BTN,HJ,UNOPENED,T5s,0,0,0,NONE,0
100BB,BTN,HJ,UNOPENED,T4s,0,0,0,NONE,0
100BB,BTN,HJ,UNOPENED,T3s,0,0,0,NONE,0
100BB,BTN,HJ,UNOPENED,T2s,0,0,0,NONE,0
100BB,BTN,HJ,UNOPENED,98s,0,0,0,NONE,0
100BB,BTN,HJ,UNOPENED,97s,0,0,0,NONE,0
100BB,BTN,HJ,UNOPENED,96s,0,0,0,NONE,0
100BB,BTN,HJ,UNOPENED,95s,0,0,0,NONE,0
100BB,BTN,HJ,UNOPENED,94s,0,0,0,NONE,0
100BB,BTN,HJ,UNOPENED,93s,0,0,0,NONE,0
100BB,BTN,HJ,UNOPENED,92s,0,0,0,NONE,0
100BB,BTN,HJ,UNOPENED,87s,0,0,0,NONE,0
100BB,BTN,HJ,UNOPENED,86s,0,0,0,NONE,0
100BB,BTN,HJ,UNOPENED,85s,0,0,0,NONE,0
100BB,BTN,HJ,UNOPENED,84s,0,0,0,NONE,0
100BB,BTN,HJ,UNOPENED,83s,0,0,0,NONE,0
100BB,BTN,HJ,UNOPENED,82s,0,0,0,NONE,0
100BB,BTN,HJ,UNOPENED,76s,0,0,0,NONE,0
100BB,BTN,HJ,UNOPENED,75s,0,0,0,NONE,0
100BB,BTN,HJ,UNOPENED,74s,0,0,0,NONE,0
100BB,BTN,HJ,UNOPENED,73s,0,0,0,NONE,0
100BB,BTN,HJ,UNOPENED,72s,0,0,0,NONE,0
100BB,BTN,HJ,UNOPENED,65s,0,0,0,NONE,0
100BB,BTN,HJ,UNOPENED,64s,0,0,0,NONE,0
100BB,BTN,HJ,UNOPENED,63s,0,0,0,NONE,0
100BB,BTN,HJ,UNOPENED,62s,0,0,0,NONE,0
100BB,BTN,HJ,UNOPENED,54s,0,0,0,NONE,0
100BB,BTN,HJ,UNOPENED,53s,0,0,0,NONE,0
100BB,BTN,HJ,UNOPENED,52s,0,0,0,NONE,0
100BB,BTN,HJ,UNOPENED,43s,0,0,0,NONE,0
100BB,BTN,HJ,UNOPENED,42s,0,0,0,NONE,0
100BB,BTN,HJ,UNOPENED,32s,0,0,0,NONE,0
100BB,BTN,HJ,UNOPENED,AKo,0,0,0,NONE,0
100BB,BTN,HJ,UNOPENED,AQo,0,0,0,NONE,0
100BB,BTN,HJ,UNOPENED,AJo,0,0,0,NONE,0
100BB,BTN,HJ,UNOPENED,ATo,0,0,0,NONE,0
100BB,BTN,HJ,UNOPENED,A9o,0,0,0,NONE,0
100BB,BTN,HJ,UNOPENED,A8o,0,0,0,NONE,0
100BB,BTN,HJ,UNOPENED,A7o,0,0,0,NONE,0
100BB,BTN,HJ,UNOPENED,A6o,0,0,0,NONE,0
100BB,BTN,HJ,UNOPENED,A5o,0,0,0,NONE,0
100BB,BTN,HJ,UNOPENED,A4o,0,0,0,NONE,0
100BB,BTN,HJ,UNOPENED,A3o,0,0,0,NONE,0
100BB,BTN,HJ,UNOPENED,A2o,0,0,0,NONE,0
100BB,BTN,HJ,UNOPENED,KQo,0,0,0,NONE,0
100BB,BTN,HJ,UNOPENED,KJo,0,0,0,NONE,0
100BB,BTN,HJ,UNOPENED,KTo,0,0,0,NONE,0
100BB,BTN,HJ,UNOPENED,K9o,0,0,0,NONE,0
100BB,BTN,HJ,UNOPENED,K8o,0,0,0,NONE,0
100BB,BTN,HJ,UNOPENED,K7o,0,0,0,NONE,0
100BB,BTN,HJ,UNOPENED,K6o,0,0,0,NONE,0
100BB,BTN,HJ,UNOPENED,K5o,0,0,0,NONE,0
100BB,BTN,HJ,UNOPENED,K4o,0,0,0,NONE,0
100BB,BTN,HJ,UNOPENED,K3o,0,0,0,NONE,0
100BB,BTN,HJ,UNOPENED,K2o,0,0,0,NONE,0
100BB,BTN,HJ,UNOPENED,QJo,0,0,0,NONE,0
100BB,BTN,HJ,UNOPENED,QTo,0,0,0,NONE,0
100BB,BTN,HJ,UNOPENED,Q9o,0,0,0,NONE,0
100BB,BTN,HJ,UNOPENED,Q8o,0,0,0,NONE,0
100BB,BTN,HJ,UNOPENED,Q7o,0,0,0,NONE,0
100BB,BTN,HJ,UNOPENED,Q6o,0,0,0,NONE,0
100BB,BTN,HJ,UNOPENED,Q5o,0,0,0,NONE,0
100BB,BTN,HJ,UNOPENED,Q4o,0,0,0,NONE,0
100BB,BTN,HJ,UNOPENED,Q3o,0,0,0,NONE,0
100BB,BTN,HJ,UNOPENED,Q2o,0,0,0,NONE,0
100BB,BTN,HJ,UNOPENED,JTo,0,0,0,NONE,0
100BB,BTN,HJ,UNOPENED,J9o,0,0,0,NONE,0
100BB,BTN,HJ,UNOPENED,J8o,0,0,0,NONE,0
100BB,BTN,HJ,UNOPENED,J7o,0,0,0,NONE,0
100BB,BTN,HJ,UNOPENED,J6o,0,0,0,NONE,0
100BB,BTN,HJ,UNOPENED,J5o,0,0,0,NONE,0
100BB,BTN,HJ,UNOPENED,J4o,0,0,0,NONE,0
100BB,BTN,HJ,UNOPENED,J3o,0,0,0,NONE,0
100BB,BTN,HJ,UNOPENED,J2o,0,0,0,NONE,0
100BB,BTN,HJ,UNOPENED,T9o,0,0,0,NONE,0
100BB,BTN,HJ,UNOPENED,T8o,0,0,0,NONE,0
100BB,BTN,HJ,UNOPENED,T7o,0,0,0,NONE,0
100BB,BTN,HJ,UNOPENED,T6o,0,0,0,NONE,0
100BB,BTN,HJ,UNOPENED,T5o,0,0,0,NONE,0
100BB,BTN,HJ,UNOPENED,T4o,0,0,0,NONE,0
100BB,BTN,HJ,UNOPENED,T3o,0,0,0,NONE,0
100BB,BTN,HJ,UNOPENED,T2o,0,0,0,NONE,0
100BB,BTN,HJ,UNOPENED,98o,0,0,0,NONE,0
100BB,BTN,HJ,UNOPENED,97o,0,0,0,NONE,0
100BB,BTN,HJ,UNOPENED,96o,0,0,0,NONE,0
100BB,BTN,HJ,UNOPENED,95o,0,0,0,NONE,0
100BB,BTN,HJ,UNOPENED,94o,0,0,0,NONE,0
100BB,BTN,HJ,UNOPENED,93o,0,0,0,NONE,0
100BB,BTN,HJ,UNOPENED,92o,0,0,0,NONE,0
100BB,BTN,HJ,UNOPENED,87o,0,0,0,NONE,0
100BB,BTN,HJ,UNOPENED,86o,0,0,0,NONE,0
100BB,BTN,HJ,UNOPENED,85o,0,0,0,NONE,0
100BB,BTN,HJ,UNOPENED,84o,0,0,0,NONE,0
100BB,BTN,HJ,UNOPENED,83o,0,0,0,NONE,0
100BB,BTN,HJ,UNOPENED,82o,0,0,0,NONE,0
100BB,BTN,HJ,UNOPENED,76o,0,0,0,NONE,0
100BB,BTN,HJ,UNOPENED,75o,0,0,0,NONE,0
100BB,BTN,HJ,UNOPENED,74o,0,0,0,NONE,0
100BB,BTN,HJ,UNOPENED,73o,0,0,0,NONE,0
100BB,BTN,HJ,UNOPENED,72o,0,0,0,NONE,0
100BB,BTN,HJ,UNOPENED,65o,0,0,0,NONE,0
100BB,BTN,HJ,UNOPENED,64o,0,0,0,NONE,0
100BB,BTN,HJ,UNOPENED,63o,0,0,0,NONE,0
100BB,BTN,HJ,UNOPENED,62o,0,0,0,NONE,0
100BB,BTN,HJ,UNOPENED,54o,0,0,0,NONE,0
100BB,BTN,HJ,UNOPENED,53o,0,0,0,NONE,0
100BB,BTN,HJ,UNOPENED,52o,0,0,0,NONE,0
100BB,BTN,HJ,UNOPENED,43o,0,0,0,NONE,0
100BB,BTN,HJ,UNOPENED,42o,0,0,0,NONE,0
100BB,BTN,HJ,UNOPENED,32o,0,0,0,NONE,0
100BB,BTN,HJ,ONE_RAISE,AA,0,0,100,4,1
100BB,BTN,HJ,ONE_RAISE,KK,0,0,100,4,1
100BB,BTN,HJ,ONE_RAISE,QQ,0,7,93,4,1
100BB,BTN,HJ,ONE_RAISE,JJ,0,57,43,4,1
100BB,BTN,HJ,ONE_RAISE,TT,0,64,36,4,1
100BB,BTN,HJ,ONE_RAISE,99,0,78,22,4,1
100BB,BTN,HJ,ONE_RAISE,88,0,82,18,4,1
100BB,BTN,HJ,ONE_RAISE,77,0,97,3,4,1
100BB,BTN,HJ,ONE_RAISE,66,0,83,17,4,1
100BB,BTN,HJ,ONE_RAISE,55,0,100,0,NONE,1
100BB,BTN,HJ,ONE_RAISE,44,0,100,0,NONE,1
100BB,BTN,HJ,ONE_RAISE,33,0,100,0,NONE,1
100BB,BTN,HJ,ONE_RAISE,22,0,100,0,NONE,1
100BB,BTN,HJ,ONE_RAISE,AKs,0,0,100,4,1
100BB,BTN,HJ,ONE_RAISE,AQs,0,5,95,4,1
100BB,BTN,HJ,ONE_RAISE,AJs,0,100,0,NONE,1
100BB,BTN,HJ,ONE_RAISE,ATs,0,89,11,4,1
100BB,BTN,HJ,ONE_RAISE,A9s,0,98,2,4,1
100BB,BTN,HJ,ONE_RAISE,A8s,0,65,35,4,1
100BB,BTN,HJ,ONE_RAISE,A7s,0,77,23,4,1
100BB,BTN,HJ,ONE_RAISE,A6s,0,100,0,NONE,1
100BB,BTN,HJ,ONE_RAISE,A5s,0,42,58,4,1
100BB,BTN,HJ,ONE_RAISE,A4s,0,83,17,4,1
100BB,BTN,HJ,ONE_RAISE,A3s,0,85,15,4,1
100BB,BTN,HJ,ONE_RAISE,A2s,0,87,13,4,1
100BB,BTN,HJ,ONE_RAISE,KQs,0,94,6,4,1
100BB,BTN,HJ,ONE_RAISE,KJs,0,63,37,4,1
100BB,BTN,HJ,ONE_RAISE,KTs,0,64,36,4,1
100BB,BTN,HJ,ONE_RAISE,K9s,0,83,17,4,1
100BB,BTN,HJ,ONE_RAISE,K8s,0,100,0,NONE,1
100BB,BTN,HJ,ONE_RAISE,K7s,0,92,8,4,1
100BB,BTN,HJ,ONE_RAISE,K6s,0,55,45,4,1
100BB,BTN,HJ,ONE_RAISE,K5s,0,46,54,4,1
100BB,BTN,HJ,ONE_RAISE,K4s,0,77,23,4,1
100BB,BTN,HJ,ONE_RAISE,K3s,0,81,19,4,1
100BB,BTN,HJ,ONE_RAISE,K2s,91,9,0,NONE,1
100BB,BTN,HJ,ONE_RAISE,QJs,0,75,25,4,1
100BB,BTN,HJ,ONE_RAISE,QTs,0,97,3,4,1
100BB,BTN,HJ,ONE_RAISE,Q9s,0,100,0,NONE,1
100BB,BTN,HJ,ONE_RAISE,Q8s,0,51,49,4,1
100BB,BTN,HJ,ONE_RAISE,Q7s,14,28,58,4,1
100BB,BTN,HJ,ONE_RAISE,Q6s,53,0,47,4,1
100BB,BTN,HJ,ONE_RAISE,Q5s,79,17,4,4,1
100BB,BTN,HJ,ONE_RAISE,Q4s,100,0,0,NONE,1
100BB,BTN,HJ,ONE_RAISE,Q3s,100,0,0,NONE,1
100BB,BTN,HJ,ONE_RAISE,Q2s,100,0,0,NONE,1
100BB,BTN,HJ,ONE_RAISE,JTs,0,17,83,4,1
100BB,BTN,HJ,ONE_RAISE,J9s,0,48,52,4,1
100BB,BTN,HJ,ONE_RAISE,J8s,0,60,40,4,1
100BB,BTN,HJ,ONE_RAISE,J7s,100,0,0,NONE,1
100BB,BTN,HJ,ONE_RAISE,J6s,100,0,0,NONE,1
100BB,BTN,HJ,ONE_RAISE,J5s,100,0,0,NONE,1
100BB,BTN,HJ,ONE_RAISE,J4s,100,0,0,NONE,1
100BB,BTN,HJ,ONE_RAISE,J3s,100,0,0,NONE,1
100BB,BTN,HJ,ONE_RAISE,J2s,100,0,0,NONE,1
100BB,BTN,HJ,ONE_RAISE,T9s,0,53,47,4,1
100BB,BTN,HJ,ONE_RAISE,T8s,0,78,22,4,1
100BB,BTN,HJ,ONE_RAISE,T7s,0,95,5,4,1
100BB,BTN,HJ,ONE_RAISE,T6s,100,0,0,NONE,1
100BB,BTN,HJ,ONE_RAISE,T5s,100,0,0,NONE,1
100BB,BTN,HJ,ONE_RAISE,T4s,100,0,0,NONE,1
100BB,BTN,HJ,ONE_RAISE,T3s,100,0,0,NONE,1
100BB,BTN,HJ,ONE_RAISE,T2s,100,0,0,NONE,1
100BB,BTN,HJ,ONE_RAISE,98s,0,88,12,4,1
100BB,BTN,HJ,ONE_RAISE,97s,0,100,0,NONE,1
100BB,BTN,HJ,ONE_RAISE,96s,99,1,0,NONE,1
100BB,BTN,HJ,ONE_RAISE,95s,100,0,0,NONE,1
100BB,BTN,HJ,ONE_RAISE,94s,100,0,0,NONE,1
100BB,BTN,HJ,ONE_RAISE,93s,100,0,0,NONE,1
100BB,BTN,HJ,ONE_RAISE,92s,100,0,0,NONE,1
100BB,BTN,HJ,ONE_RAISE,87s,0,48,52,4,1
100BB,BTN,HJ,ONE_RAISE,86s,0,100,0,NONE,1
100BB,BTN,HJ,ONE_RAISE,85s,100,0,0,NONE,1
100BB,BTN,HJ,ONE_RAISE,84s,100,0,0,NONE,1
100BB,BTN,HJ,ONE_RAISE,83s,100,0,0,NONE,1
100BB,BTN,HJ,ONE_RAISE,82s,100,0,0,NONE,1
100BB,BTN,HJ,ONE_RAISE,76s,0,38,62,4,1
100BB,BTN,HJ,ONE_RAISE,75s,0,100,0,NONE,1
100BB,BTN,HJ,ONE_RAISE,74s,100,0,0,NONE,1
100BB,BTN,HJ,ONE_RAISE,73s,100,0,0,NONE,1
100BB,BTN,HJ,ONE_RAISE,72s,100,0,0,NONE,1
100BB,BTN,HJ,ONE_RAISE,65s,0,42,58,4,1
100BB,BTN,HJ,ONE_RAISE,64s,0,100,0,NONE,1
100BB,BTN,HJ,ONE_RAISE,63s,100,0,0,NONE,1
100BB,BTN,HJ,ONE_RAISE,62s,100,0,0,NONE,1
100BB,BTN,HJ,ONE_RAISE,54s,0,46,54,4,1
100BB,BTN,HJ,ONE_RAISE,53s,0,100,0,NONE,1
100BB,BTN,HJ,ONE_RAISE,52s,100,0,0,NONE,1
100BB,BTN,HJ,ONE_RAISE,43s,84,16,0,NONE,1
100BB,BTN,HJ,ONE_RAISE,42s,100,0,0,NONE,1
100BB,BTN,HJ,ONE_RAISE,32s,100,0,0,NONE,1
100BB,BTN,HJ,ONE_RAISE,AKo,0,8,92,4,1
100BB,BTN,HJ,ONE_RAISE,AQo,0,62,38,4,1
100BB,BTN,HJ,ONE_RAISE,AJo,0,78,22,4,1
100BB,BTN,HJ,ONE_RAISE,ATo,0,70,30,4,1
100BB,BTN,HJ,ONE_RAISE,A9o,18,19,63,4,1
100BB,BTN,HJ,ONE_RAISE,A8o,94,0,6,4,1
100BB,BTN,HJ,ONE_RAISE,A7o,100,0,0,NONE,1
100BB,BTN,HJ,ONE_RAISE,A6o,100,0,0,NONE,1
100BB,BTN,HJ,ONE_RAISE,A5o,73,0,27,4,1
100BB,BTN,HJ,ONE_RAISE,A4o,100,0,0,NONE,1
100BB,BTN,HJ,ONE_RAISE,A3o,100,0,0,NONE,1
100BB,BTN,HJ,ONE_RAISE,A2o,100,0,0,NONE,1
100BB,BTN,HJ,ONE_RAISE,KQo,0,81,19,4,1
100BB,BTN,HJ,ONE_RAISE,KJo,0,66,34,4,1
100BB,BTN,HJ,ONE_RAISE,KTo,0,64,36,4,1
100BB,BTN,HJ,ONE_RAISE,K9o,100,0,0,NONE,1
100BB,BTN,HJ,ONE_RAISE,K8o,100,0,0,NONE,1
100BB,BTN,HJ,ONE_RAISE,K7o,100,0,0,NONE,1
100BB,BTN,HJ,ONE_RAISE,K6o,100,0,0,NONE,1
100BB,BTN,HJ,ONE_RAISE,K5o,100,0,0,NONE,1
100BB,BTN,HJ,ONE_RAISE,K4o,100,0,0,NONE,1
100BB,BTN,HJ,ONE_RAISE,K3o,100,0,0,NONE,1
100BB,BTN,HJ,ONE_RAISE,K2o,100,0,0,NONE,1
100BB,BTN,HJ,ONE_RAISE,QJo,0,63,37,4,1
100BB,BTN,HJ,ONE_RAISE,QTo,44,41,15,4,1
100BB,BTN,HJ,ONE_RAISE,Q9o,100,0,0,NONE,1
100BB,BTN,HJ,ONE_RAISE,Q8o,100,0,0,NONE,1
100BB,BTN,HJ,ONE_RAISE,Q7o,100,0,0,NONE,1
100BB,BTN,HJ,ONE_RAISE,Q6o,100,0,0,NONE,1
100BB,BTN,HJ,ONE_RAISE,Q5o,100,0,0,NONE,1
100BB,BTN,HJ,ONE_RAISE,Q4o,100,0,0,NONE,1
100BB,BTN,HJ,ONE_RAISE,Q3o,100,0,0,NONE,1
100BB,BTN,HJ,ONE_RAISE,Q2o,100,0,0,NONE,1
100BB,BTN,HJ,ONE_RAISE,JTo,4,93,3,4,1
100BB,BTN,HJ,ONE_RAISE,J9o,100,0,0,NONE,1
100BB,BTN,HJ,ONE_RAISE,J8o,100,0,0,NONE,1
100BB,BTN,HJ,ONE_RAISE,J7o,100,0,0,NONE,1
100BB,BTN,HJ,ONE_RAISE,J6o,100,0,0,NONE,1
100BB,BTN,HJ,ONE_RAISE,J5o,100,0,0,NONE,1
100BB,BTN,HJ,ONE_RAISE,J4o,100,0,0,NONE,1
100BB,BTN,HJ,ONE_RAISE,J3o,100,0,0,NONE,1
100BB,BTN,HJ,ONE_RAISE,J2o,100,0,0,NONE,1
100BB,BTN,HJ,ONE_RAISE,T9o,100,0,0,NONE,1
100BB,BTN,HJ,ONE_RAISE,T8o,100,0,0,NONE,1
100BB,BTN,HJ,ONE_RAISE,T7o,100,0,0,NONE,1
100BB,BTN,HJ,ONE_RAISE,T6o,100,0,0,NONE,1
100BB,BTN,HJ,ONE_RAISE,T5o,100,0,0,NONE,1
100BB,BTN,HJ,ONE_RAISE,T4o,100,0,0,NONE,1
100BB,BTN,HJ,ONE_RAISE,T3o,100,0,0,NONE,1
100BB,BTN,HJ,ONE_RAISE,T2o,100,0,0,NONE,1
100BB,BTN,HJ,ONE_RAISE,98o,100,0,0,NONE,1
100BB,BTN,HJ,ONE_RAISE,97o,100,0,0,NONE,1
100BB,BTN,HJ,ONE_RAISE,96o,100,0,0,NONE,1
100BB,BTN,HJ,ONE_RAISE,95o,100,0,0,NONE,1
100BB,BTN,HJ,ONE_RAISE,94o,100,0,0,NONE,1
100BB,BTN,HJ,ONE_RAISE,93o,100,0,0,NONE,1
100BB,BTN,HJ,ONE_RAISE,92o,100,0,0,NONE,1
100BB,BTN,HJ,ONE_RAISE,87o,100,0,0,NONE,1
100BB,BTN,HJ,ONE_RAISE,86o,100,0,0,NONE,1
100BB,BTN,HJ,ONE_RAISE,85o,100,0,0,NONE,1
100BB,BTN,HJ,ONE_RAISE,84o,100,0,0,NONE,1
100BB,BTN,HJ,ONE_RAISE,83o,100,0,0,NONE,1
100BB,BTN,HJ,ONE_RAISE,82o,100,0,0,NONE,1
100BB,BTN,HJ,ONE_RAISE,76o,100,0,0,NONE,1
100BB,BTN,HJ,ONE_RAISE,75o,100,0,0,NONE,1
100BB,BTN,HJ,ONE_RAISE,74o,100,0,0,NONE,1
100BB,BTN,HJ,ONE_RAISE,73o,100,0,0,NONE,1
100BB,BTN,HJ,ONE_RAISE,72o,100,0,0,NONE,1
100BB,BTN,HJ,ONE_RAISE,65o,100,0,0,NONE,1
100BB,BTN,HJ,ONE_RAISE,64o,100,0,0,NONE,1
100BB,BTN,HJ,ONE_RAISE,63o,100,0,0,NONE,1
100BB,BTN,HJ,ONE_RAISE,62o,100,0,0,NONE,1
100BB,BTN,HJ,ONE_RAISE,54o,100,0,0,NONE,1
100BB,BTN,HJ,ONE_RAISE,53o,100,0,0,NONE,1
100BB,BTN,HJ,ONE_RAISE,52o,100,0,0,NONE,1
100BB,BTN,HJ,ONE_RAISE,43o,100,0,0,NONE,1
100BB,BTN,HJ,ONE_RAISE,42o,100,0,0,NONE,1
100BB,BTN,HJ,ONE_RAISE,32o,100,0,0,NONE,1
100BB,BTN,HJ,THREE_BET,AA,0,0,100,2.2,1
100BB,BTN,HJ,THREE_BET,KK,0,0,100,2.2,1
100BB,BTN,HJ,THREE_BET,QQ,0,0,100,2.2,1
100BB,BTN,HJ,THREE_BET,JJ,39,0,61,2.2,1
100BB,BTN,HJ,THREE_BET,TT,82,0,18,2.2,1
100BB,BTN,HJ,THREE_BET,99,100,0,0,NONE,1
100BB,BTN,HJ,THREE_BET,88,95,0,5,2.2,1
100BB,BTN,HJ,THREE_BET,77,99,0,1,2.2,1
100BB,BTN,HJ,THREE_BET,66,100,0,0,NONE,1
100BB,BTN,HJ,THREE_BET,55,100,0,0,NONE,1
100BB,BTN,HJ,THREE_BET,44,100,0,0,NONE,1
100BB,BTN,HJ,THREE_BET,33,100,0,0,NONE,1
100BB,BTN,HJ,THREE_BET,22,100,0,0,NONE,1
100BB,BTN,HJ,THREE_BET,AKs,0,0,100,2.2,1
100BB,BTN,HJ,THREE_BET,AQs,0,0,100,2.2,1
100BB,BTN,HJ,THREE_BET,AJs,45,0,55,2.2,1
100BB,BTN,HJ,THREE_BET,ATs,45,0,55,2.2,1
100BB,BTN,HJ,THREE_BET,A9s,100,0,0,NONE,1
100BB,BTN,HJ,THREE_BET,A8s,78,0,22,2.2,1
100BB,BTN,HJ,THREE_BET,A7s,100,0,0,NONE,1
100BB,BTN,HJ,THREE_BET,A6s,100,0,0,NONE,1
100BB,BTN,HJ,THREE_BET,A5s,42,0,58,2.2,1
100BB,BTN,HJ,THREE_BET,A4s,96,0,4,2.2,1
100BB,BTN,HJ,THREE_BET,A3s,100,0,0,NONE,1
100BB,BTN,HJ,THREE_BET,A2s,100,0,0,NONE,1
100BB,BTN,HJ,THREE_BET,KQs,0,0,100,2.2,1
100BB,BTN,HJ,THREE_BET,KJs,93,0,7,2.2,1
100BB,BTN,HJ,THREE_BET,KTs,67,0,33,2.2,1
100BB,BTN,HJ,THREE_BET,K9s,100,0,0,NONE,1
100BB,BTN,HJ,THREE_BET,K8s,100,0,0,NONE,1
100BB,BTN,HJ,THREE_BET,K7s,99,0,1,2.2,1
100BB,BTN,HJ,THREE_BET,K6s,100,0,0,NONE,1
100BB,BTN,HJ,THREE_BET,K5s,100,0,0,NONE,1
100BB,BTN,HJ,THREE_BET,K4s,100,0,0,NONE,1
100BB,BTN,HJ,THREE_BET,K3s,100,0,0,NONE,1
100BB,BTN,HJ,THREE_BET,K2s,100,0,0,NONE,1
100BB,BTN,HJ,THREE_BET,QJs,100,0,0,NONE,1
100BB,BTN,HJ,THREE_BET,QTs,100,0,0,NONE,1
100BB,BTN,HJ,THREE_BET,Q9s,100,0,0,NONE,1
100BB,BTN,HJ,THREE_BET,Q8s,100,0,0,NONE,1
100BB,BTN,HJ,THREE_BET,Q7s,100,0,0,NONE,1
100BB,BTN,HJ,THREE_BET,Q6s,100,0,0,NONE,1
100BB,BTN,HJ,THREE_BET,Q5s,100,0,0,NONE,1
100BB,BTN,HJ,THREE_BET,Q4s,100,0,0,NONE,1
100BB,BTN,HJ,THREE_BET,Q3s,100,0,0,NONE,1
100BB,BTN,HJ,THREE_BET,Q2s,100,0,0,NONE,1
100BB,BTN,HJ,THREE_BET,JTs,100,0,0,NONE,1
100BB,BTN,HJ,THREE_BET,J9s,100,0,0,NONE,1
100BB,BTN,HJ,THREE_BET,J8s,100,0,0,NONE,1
100BB,BTN,HJ,THREE_BET,J7s,100,0,0,NONE,1
100BB,BTN,HJ,THREE_BET,J6s,100,0,0,NONE,1
100BB,BTN,HJ,THREE_BET,J5s,100,0,0,NONE,1
100BB,BTN,HJ,THREE_BET,J4s,100,0,0,NONE,1
100BB,BTN,HJ,THREE_BET,J3s,100,0,0,NONE,1
100BB,BTN,HJ,THREE_BET,J2s,100,0,0,NONE,1
100BB,BTN,HJ,THREE_BET,T9s,100,0,0,NONE,1
100BB,BTN,HJ,THREE_BET,T8s,100,0,0,NONE,1
100BB,BTN,HJ,THREE_BET,T7s,100,0,0,NONE,1
100BB,BTN,HJ,THREE_BET,T6s,100,0,0,NONE,1
100BB,BTN,HJ,THREE_BET,T5s,100,0,0,NONE,1
100BB,BTN,HJ,THREE_BET,T4s,100,0,0,NONE,1
100BB,BTN,HJ,THREE_BET,T3s,100,0,0,NONE,1
100BB,BTN,HJ,THREE_BET,T2s,100,0,0,NONE,1
100BB,BTN,HJ,THREE_BET,98s,100,0,0,NONE,1
100BB,BTN,HJ,THREE_BET,97s,100,0,0,NONE,1
100BB,BTN,HJ,THREE_BET,96s,100,0,0,NONE,1
100BB,BTN,HJ,THREE_BET,95s,100,0,0,NONE,1
100BB,BTN,HJ,THREE_BET,94s,100,0,0,NONE,1
100BB,BTN,HJ,THREE_BET,93s,100,0,0,NONE,1
100BB,BTN,HJ,THREE_BET,92s,100,0,0,NONE,1
100BB,BTN,HJ,THREE_BET,87s,100,0,0,NONE,1
100BB,BTN,HJ,THREE_BET,86s,100,0,0,NONE,1
100BB,BTN,HJ,THREE_BET,85s,100,0,0,NONE,1
100BB,BTN,HJ,THREE_BET,84s,100,0,0,NONE,1
100BB,BTN,HJ,THREE_BET,83s,100,0,0,NONE,1
100BB,BTN,HJ,THREE_BET,82s,100,0,0,NONE,1
100BB,BTN,HJ,THREE_BET,76s,98,0,2,2.2,1
100BB,BTN,HJ,THREE_BET,75s,100,0,0,NONE,1
100BB,BTN,HJ,THREE_BET,74s,100,0,0,NONE,1
100BB,BTN,HJ,THREE_BET,73s,100,0,0,NONE,1
100BB,BTN,HJ,THREE_BET,72s,100,0,0,NONE,1
100BB,BTN,HJ,THREE_BET,65s,100,0,0,NONE,1
100BB,BTN,HJ,THREE_BET,64s,100,0,0,NONE,1
100BB,BTN,HJ,THREE_BET,63s,100,0,0,NONE,1
100BB,BTN,HJ,THREE_BET,62s,100,0,0,NONE,1
100BB,BTN,HJ,THREE_BET,54s,100,0,0,NONE,1
100BB,BTN,HJ,THREE_BET,53s,100,0,0,NONE,1
100BB,BTN,HJ,THREE_BET,52s,100,0,0,NONE,1
100BB,BTN,HJ,THREE_BET,43s,100,0,0,NONE,1
100BB,BTN,HJ,THREE_BET,42s,100,0,0,NONE,1
100BB,BTN,HJ,THREE_BET,32s,100,0,0,NONE,1
100BB,BTN,HJ,THREE_BET,AKo,0,0,100,2.2,1
100BB,BTN,HJ,THREE_BET,AQo,100,0,0,NONE,1
100BB,BTN,HJ,THREE_BET,AJo,100,0,0,NONE,1
100BB,BTN,HJ,THREE_BET,ATo,100,0,0,NONE,1
100BB,BTN,HJ,THREE_BET,A9o,100,0,0,NONE,1
100BB,BTN,HJ,THREE_BET,A8o,100,0,0,NONE,1
100BB,BTN,HJ,THREE_BET,A7o,100,0,0,NONE,1
100BB,BTN,HJ,THREE_BET,A6o,100,0,0,NONE,1
100BB,BTN,HJ,THREE_BET,A5o,100,0,0,NONE,1
100BB,BTN,HJ,THREE_BET,A4o,100,0,0,NONE,1
100BB,BTN,HJ,THREE_BET,A3o,100,0,0,NONE,1
100BB,BTN,HJ,THREE_BET,A2o,100,0,0,NONE,1
100BB,BTN,HJ,THREE_BET,KQo,100,0,0,NONE,1
100BB,BTN,HJ,THREE_BET,KJo,100,0,0,NONE,1
100BB,BTN,HJ,THREE_BET,KTo,100,0,0,NONE,1
100BB,BTN,HJ,THREE_BET,K9o,100,0,0,NONE,1
100BB,BTN,HJ,THREE_BET,K8o,100,0,0,NONE,1
100BB,BTN,HJ,THREE_BET,K7o,100,0,0,NONE,1
100BB,BTN,HJ,THREE_BET,K6o,100,0,0,NONE,1
100BB,BTN,HJ,THREE_BET,K5o,100,0,0,NONE,1
100BB,BTN,HJ,THREE_BET,K4o,100,0,0,NONE,1
100BB,BTN,HJ,THREE_BET,K3o,100,0,0,NONE,1
100BB,BTN,HJ,THREE_BET,K2o,100,0,0,NONE,1
100BB,BTN,HJ,THREE_BET,QJo,100,0,0,NONE,1
100BB,BTN,HJ,THREE_BET,QTo,100,0,0,NONE,1
100BB,BTN,HJ,THREE_BET,Q9o,100,0,0,NONE,1
100BB,BTN,HJ,THREE_BET,Q8o,100,0,0,NONE,1
100BB,BTN,HJ,THREE_BET,Q7o,100,0,0,NONE,1
100BB,BTN,HJ,THREE_BET,Q6o,100,0,0,NONE,1
100BB,BTN,HJ,THREE_BET,Q5o,100,0,0,NONE,1
100BB,BTN,HJ,THREE_BET,Q4o,100,0,0,NONE,1
100BB,BTN,HJ,THREE_BET,Q3o,100,0,0,NONE,1
100BB,BTN,HJ,THREE_BET,Q2o,100,0,0,NONE,1
100BB,BTN,HJ,THREE_BET,JTo,100,0,0,NONE,1
100BB,BTN,HJ,THREE_BET,J9o,100,0,0,NONE,1
100BB,BTN,HJ,THREE_BET,J8o,100,0,0,NONE,1
100BB,BTN,HJ,THREE_BET,J7o,100,0,0,NONE,1
100BB,BTN,HJ,THREE_BET,J6o,100,0,0,NONE,1
100BB,BTN,HJ,THREE_BET,J5o,100,0,0,NONE,1
100BB,BTN,HJ,THREE_BET,J4o,100,0,0,NONE,1
100BB,BTN,HJ,THREE_BET,J3o,100,0,0,NONE,1
100BB,BTN,HJ,THREE_BET,J2o,100,0,0,NONE,1
100BB,BTN,HJ,THREE_BET,T9o,100,0,0,NONE,1
100BB,BTN,HJ,THREE_BET,T8o,100,0,0,NONE,1
100BB,BTN,HJ,THREE_BET,T7o,100,0,0,NONE,1
100BB,BTN,HJ,THREE_BET,T6o,100,0,0,NONE,1
100BB,BTN,HJ,THREE_BET,T5o,100,0,0,NONE,1
100BB,BTN,HJ,THREE_BET,T4o,100,0,0,NONE,1
100BB,BTN,HJ,THREE_BET,T3o,100,0,0,NONE,1
100BB,BTN,HJ,THREE_BET,T2o,100,0,0,NONE,1
100BB,BTN,HJ,THREE_BET,98o,100,0,0,NONE,1
100BB,BTN,HJ,THREE_BET,97o,100,0,0,NONE,1
100BB,BTN,HJ,THREE_BET,96o,100,0,0,NONE,1
100BB,BTN,HJ,THREE_BET,95o,100,0,0,NONE,1
100BB,BTN,HJ,THREE_BET,94o,100,0,0,NONE,1
100BB,BTN,HJ,THREE_BET,93o,100,0,0,NONE,1
100BB,BTN,HJ,THREE_BET,92o,100,0,0,NONE,1
100BB,BTN,HJ,THREE_BET,87o,100,0,0,NONE,1
100BB,BTN,HJ,THREE_BET,86o,100,0,0,NONE,1
100BB,BTN,HJ,THREE_BET,85o,100,0,0,NONE,1
100BB,BTN,HJ,THREE_BET,84o,100,0,0,NONE,1
100BB,BTN,HJ,THREE_BET,83o,100,0,0,NONE,1
100BB,BTN,HJ,THREE_BET,82o,100,0,0,NONE,1
100BB,BTN,HJ,THREE_BET,76o,100,0,0,NONE,1
100BB,BTN,HJ,THREE_BET,75o,100,0,0,NONE,1
100BB,BTN,HJ,THREE_BET,74o,100,0,0,NONE,1
100BB,BTN,HJ,THREE_BET,73o,100,0,0,NONE,1
100BB,BTN,HJ,THREE_BET,72o,100,0,0,NONE,1
100BB,BTN,HJ,THREE_BET,65o,100,0,0,NONE,1
100BB,BTN,HJ,THREE_BET,64o,100,0,0,NONE,1
100BB,BTN,HJ,THREE_BET,63o,100,0,0,NONE,1
100BB,BTN,HJ,THREE_BET,62o,100,0,0,NONE,1
100BB,BTN,HJ,THREE_BET,54o,100,0,0,NONE,1
100BB,BTN,HJ,THREE_BET,53o,100,0,0,NONE,1
100BB,BTN,HJ,THREE_BET,52o,100,0,0,NONE,1
100BB,BTN,HJ,THREE_BET,43o,100,0,0,NONE,1
100BB,BTN,HJ,THREE_BET,42o,100,0,0,NONE,1
100BB,BTN,HJ,THREE_BET,32o,100,0,0,NONE,0
100BB,BTN,CO,UNOPENED,AA,0,0,0,NONE,0
100BB,BTN,CO,UNOPENED,KK,0,0,0,NONE,0
100BB,BTN,CO,UNOPENED,QQ,0,0,0,NONE,0
100BB,BTN,CO,UNOPENED,JJ,0,0,0,NONE,0
100BB,BTN,CO,UNOPENED,TT,0,0,0,NONE,0
100BB,BTN,CO,UNOPENED,99,0,0,0,NONE,0
100BB,BTN,CO,UNOPENED,88,0,0,0,NONE,0
100BB,BTN,CO,UNOPENED,77,0,0,0,NONE,0
100BB,BTN,CO,UNOPENED,66,0,0,0,NONE,0
100BB,BTN,CO,UNOPENED,55,0,0,0,NONE,0
100BB,BTN,CO,UNOPENED,44,0,0,0,NONE,0
100BB,BTN,CO,UNOPENED,33,0,0,0,NONE,0
100BB,BTN,CO,UNOPENED,22,0,0,0,NONE,0
100BB,BTN,CO,UNOPENED,AKs,0,0,0,NONE,0
100BB,BTN,CO,UNOPENED,AQs,0,0,0,NONE,0
100BB,BTN,CO,UNOPENED,AJs,0,0,0,NONE,0
100BB,BTN,CO,UNOPENED,ATs,0,0,0,NONE,0
100BB,BTN,CO,UNOPENED,A9s,0,0,0,NONE,0
100BB,BTN,CO,UNOPENED,A8s,0,0,0,NONE,0
100BB,BTN,CO,UNOPENED,A7s,0,0,0,NONE,0
100BB,BTN,CO,UNOPENED,A6s,0,0,0,NONE,0
100BB,BTN,CO,UNOPENED,A5s,0,0,0,NONE,0
100BB,BTN,CO,UNOPENED,A4s,0,0,0,NONE,0
100BB,BTN,CO,UNOPENED,A3s,0,0,0,NONE,0
100BB,BTN,CO,UNOPENED,A2s,0,0,0,NONE,0
100BB,BTN,CO,UNOPENED,KQs,0,0,0,NONE,0
100BB,BTN,CO,UNOPENED,KJs,0,0,0,NONE,0
100BB,BTN,CO,UNOPENED,KTs,0,0,0,NONE,0
100BB,BTN,CO,UNOPENED,K9s,0,0,0,NONE,0
100BB,BTN,CO,UNOPENED,K8s,0,0,0,NONE,0
100BB,BTN,CO,UNOPENED,K7s,0,0,0,NONE,0
100BB,BTN,CO,UNOPENED,K6s,0,0,0,NONE,0
100BB,BTN,CO,UNOPENED,K5s,0,0,0,NONE,0
100BB,BTN,CO,UNOPENED,K4s,0,0,0,NONE,0
100BB,BTN,CO,UNOPENED,K3s,0,0,0,NONE,0
100BB,BTN,CO,UNOPENED,K2s,0,0,0,NONE,0
100BB,BTN,CO,UNOPENED,QJs,0,0,0,NONE,0
100BB,BTN,CO,UNOPENED,QTs,0,0,0,NONE,0
100BB,BTN,CO,UNOPENED,Q9s,0,0,0,NONE,0
100BB,BTN,CO,UNOPENED,Q8s,0,0,0,NONE,0
100BB,BTN,CO,UNOPENED,Q7s,0,0,0,NONE,0
100BB,BTN,CO,UNOPENED,Q6s,0,0,0,NONE,0
100BB,BTN,CO,UNOPENED,Q5s,0,0,0,NONE,0
100BB,BTN,CO,UNOPENED,Q4s,0,0,0,NONE,0
100BB,BTN,CO,UNOPENED,Q3s,0,0,0,NONE,0
100BB,BTN,CO,UNOPENED,Q2s,0,0,0,NONE,0
100BB,BTN,CO,UNOPENED,JTs,0,0,0,NONE,0
100BB,BTN,CO,UNOPENED,J9s,0,0,0,NONE,0
100BB,BTN,CO,UNOPENED,J8s,0,0,0,NONE,0
100BB,BTN,CO,UNOPENED,J7s,0,0,0,NONE,0
100BB,BTN,CO,UNOPENED,J6s,0,0,0,NONE,0
100BB,BTN,CO,UNOPENED,J5s,0,0,0,NONE,0
100BB,BTN,CO,UNOPENED,J4s,0,0,0,NONE,0
100BB,BTN,CO,UNOPENED,J3s,0,0,0,NONE,0
100BB,BTN,CO,UNOPENED,J2s,0,0,0,NONE,0
100BB,BTN,CO,UNOPENED,T9s,0,0,0,NONE,0
100BB,BTN,CO,UNOPENED,T8s,0,0,0,NONE,0
100BB,BTN,CO,UNOPENED,T7s,0,0,0,NONE,0
100BB,BTN,CO,UNOPENED,T6s,0,0,0,NONE,0
100BB,BTN,CO,UNOPENED,T5s,0,0,0,NONE,0
100BB,BTN,CO,UNOPENED,T4s,0,0,0,NONE,0
100BB,BTN,CO,UNOPENED,T3s,0,0,0,NONE,0
100BB,BTN,CO,UNOPENED,T2s,0,0,0,NONE,0
100BB,BTN,CO,UNOPENED,98s,0,0,0,NONE,0
100BB,BTN,CO,UNOPENED,97s,0,0,0,NONE,0
100BB,BTN,CO,UNOPENED,96s,0,0,0,NONE,0
100BB,BTN,CO,UNOPENED,95s,0,0,0,NONE,0
100BB,BTN,CO,UNOPENED,94s,0,0,0,NONE,0
100BB,BTN,CO,UNOPENED,93s,0,0,0,NONE,0
100BB,BTN,CO,UNOPENED,92s,0,0,0,NONE,0
100BB,BTN,CO,UNOPENED,87s,0,0,0,NONE,0
100BB,BTN,CO,UNOPENED,86s,0,0,0,NONE,0
100BB,BTN,CO,UNOPENED,85s,0,0,0,NONE,0
100BB,BTN,CO,UNOPENED,84s,0,0,0,NONE,0
100BB,BTN,CO,UNOPENED,83s,0,0,0,NONE,0
100BB,BTN,CO,UNOPENED,82s,0,0,0,NONE,0
100BB,BTN,CO,UNOPENED,76s,0,0,0,NONE,0
100BB,BTN,CO,UNOPENED,75s,0,0,0,NONE,0
100BB,BTN,CO,UNOPENED,74s,0,0,0,NONE,0
100BB,BTN,CO,UNOPENED,73s,0,0,0,NONE,0
100BB,BTN,CO,UNOPENED,72s,0,0,0,NONE,0
100BB,BTN,CO,UNOPENED,65s,0,0,0,NONE,0
100BB,BTN,CO,UNOPENED,64s,0,0,0,NONE,0
100BB,BTN,CO,UNOPENED,63s,0,0,0,NONE,0
100BB,BTN,CO,UNOPENED,62s,0,0,0,NONE,0
100BB,BTN,CO,UNOPENED,54s,0,0,0,NONE,0
100BB,BTN,CO,UNOPENED,53s,0,0,0,NONE,0
100BB,BTN,CO,UNOPENED,52s,0,0,0,NONE,0
100BB,BTN,CO,UNOPENED,43s,0,0,0,NONE,0
100BB,BTN,CO,UNOPENED,42s,0,0,0,NONE,0
100BB,BTN,CO,UNOPENED,32s,0,0,0,NONE,0
100BB,BTN,CO,UNOPENED,AKo,0,0,0,NONE,0
100BB,BTN,CO,UNOPENED,AQo,0,0,0,NONE,0
100BB,BTN,CO,UNOPENED,AJo,0,0,0,NONE,0
100BB,BTN,CO,UNOPENED,ATo,0,0,0,NONE,0
100BB,BTN,CO,UNOPENED,A9o,0,0,0,NONE,0
100BB,BTN,CO,UNOPENED,A8o,0,0,0,NONE,0
100BB,BTN,CO,UNOPENED,A7o,0,0,0,NONE,0
100BB,BTN,CO,UNOPENED,A6o,0,0,0,NONE,0
100BB,BTN,CO,UNOPENED,A5o,0,0,0,NONE,0
100BB,BTN,CO,UNOPENED,A4o,0,0,0,NONE,0
100BB,BTN,CO,UNOPENED,A3o,0,0,0,NONE,0
100BB,BTN,CO,UNOPENED,A2o,0,0,0,NONE,0
100BB,BTN,CO,UNOPENED,KQo,0,0,0,NONE,0
100BB,BTN,CO,UNOPENED,KJo,0,0,0,NONE,0
100BB,BTN,CO,UNOPENED,KTo,0,0,0,NONE,0
100BB,BTN,CO,UNOPENED,K9o,0,0,0,NONE,0
100BB,BTN,CO,UNOPENED,K8o,0,0,0,NONE,0
100BB,BTN,CO,UNOPENED,K7o,0,0,0,NONE,0
100BB,BTN,CO,UNOPENED,K6o,0,0,0,NONE,0
100BB,BTN,CO,UNOPENED,K5o,0,0,0,NONE,0
100BB,BTN,CO,UNOPENED,K4o,0,0,0,NONE,0
100BB,BTN,CO,UNOPENED,K3o,0,0,0,NONE,0
100BB,BTN,CO,UNOPENED,K2o,0,0,0,NONE,0
100BB,BTN,CO,UNOPENED,QJo,0,0,0,NONE,0
100BB,BTN,CO,UNOPENED,QTo,0,0,0,NONE,0
100BB,BTN,CO,UNOPENED,Q9o,0,0,0,NONE,0
100BB,BTN,CO,UNOPENED,Q8o,0,0,0,NONE,0
100BB,BTN,CO,UNOPENED,Q7o,0,0,0,NONE,0
100BB,BTN,CO,UNOPENED,Q6o,0,0,0,NONE,0
100BB,BTN,CO,UNOPENED,Q5o,0,0,0,NONE,0
100BB,BTN,CO,UNOPENED,Q4o,0,0,0,NONE,0
100BB,BTN,CO,UNOPENED,Q3o,0,0,0,NONE,0
100BB,BTN,CO,UNOPENED,Q2o,0,0,0,NONE,0
100BB,BTN,CO,UNOPENED,JTo,0,0,0,NONE,0
100BB,BTN,CO,UNOPENED,J9o,0,0,0,NONE,0
100BB,BTN,CO,UNOPENED,J8o,0,0,0,NONE,0
100BB,BTN,CO,UNOPENED,J7o,0,0,0,NONE,0
100BB,BTN,CO,UNOPENED,J6o,0,0,0,NONE,0
100BB,BTN,CO,UNOPENED,J5o,0,0,0,NONE,0
100BB,BTN,CO,UNOPENED,J4o,0,0,0,NONE,0
100BB,BTN,CO,UNOPENED,J3o,0,0,0,NONE,0
100BB,BTN,CO,UNOPENED,J2o,0,0,0,NONE,0
100BB,BTN,CO,UNOPENED,T9o,0,0,0,NONE,0
100BB,BTN,CO,UNOPENED,T8o,0,0,0,NONE,0
100BB,BTN,CO,UNOPENED,T7o,0,0,0,NONE,0
100BB,BTN,CO,UNOPENED,T6o,0,0,0,NONE,0
100BB,BTN,CO,UNOPENED,T5o,0,0,0,NONE,0
100BB,BTN,CO,UNOPENED,T4o,0,0,0,NONE,0
100BB,BTN,CO,UNOPENED,T3o,0,0,0,NONE,0
100BB,BTN,CO,UNOPENED,T2o,0,0,0,NONE,0
100BB,BTN,CO,UNOPENED,98o,0,0,0,NONE,0
100BB,BTN,CO,UNOPENED,97o,0,0,0,NONE,0
100BB,BTN,CO,UNOPENED,96o,0,0,0,NONE,0
100BB,BTN,CO,UNOPENED,95o,0,0,0,NONE,0
100BB,BTN,CO,UNOPENED,94o,0,0,0,NONE,0
100BB,BTN,CO,UNOPENED,93o,0,0,0,NONE,0
100BB,BTN,CO,UNOPENED,92o,0,0,0,NONE,0
100BB,BTN,CO,UNOPENED,87o,0,0,0,NONE,0
100BB,BTN,CO,UNOPENED,86o,0,0,0,NONE,0
100BB,BTN,CO,UNOPENED,85o,0,0,0,NONE,0
100BB,BTN,CO,UNOPENED,84o,0,0,0,NONE,0
100BB,BTN,CO,UNOPENED,83o,0,0,0,NONE,0
100BB,BTN,CO,UNOPENED,82o,0,0,0,NONE,0
100BB,BTN,CO,UNOPENED,76o,0,0,0,NONE,0
100BB,BTN,CO,UNOPENED,75o,0,0,0,NONE,0
100BB,BTN,CO,UNOPENED,74o,0,0,0,NONE,0
100BB,BTN,CO,UNOPENED,73o,0,0,0,NONE,0
100BB,BTN,CO,UNOPENED,72o,0,0,0,NONE,0
100BB,BTN,CO,UNOPENED,65o,0,0,0,NONE,0
100BB,BTN,CO,UNOPENED,64o,0,0,0,NONE,0
100BB,BTN,CO,UNOPENED,63o,0,0,0,NONE,0
100BB,BTN,CO,UNOPENED,62o,0,0,0,NONE,0
100BB,BTN,CO,UNOPENED,54o,0,0,0,NONE,0
100BB,BTN,CO,UNOPENED,53o,0,0,0,NONE,0
100BB,BTN,CO,UNOPENED,52o,0,0,0,NONE,0
100BB,BTN,CO,UNOPENED,43o,0,0,0,NONE,0
100BB,BTN,CO,UNOPENED,42o,0,0,0,NONE,0
100BB,BTN,CO,UNOPENED,32o,0,0,0,NONE,0
100BB,BTN,CO,ONE_RAISE,AA,0,0,100,4,1
100BB,BTN,CO,ONE_RAISE,KK,0,0,100,4,1
100BB,BTN,CO,ONE_RAISE,QQ,0,3,97,4,1
100BB,BTN,CO,ONE_RAISE,JJ,0,34,66,4,1
100BB,BTN,CO,ONE_RAISE,TT,0,69,31,4,1
100BB,BTN,CO,ONE_RAISE,99,0,80,20,4,1
100BB,BTN,CO,ONE_RAISE,88,0,86,14,4,1
100BB,BTN,CO,ONE_RAISE,77,0,98,2,4,1
100BB,BTN,CO,ONE_RAISE,66,0,75,25,4,1
100BB,BTN,CO,ONE_RAISE,55,0,100,0,NONE,1
100BB,BTN,CO,ONE_RAISE,44,0,100,0,NONE,1
100BB,BTN,CO,ONE_RAISE,33,0,100,0,NONE,1
100BB,BTN,CO,ONE_RAISE,22,0,100,0,NONE,1
100BB,BTN,CO,ONE_RAISE,AKs,0,0,100,4,1
100BB,BTN,CO,ONE_RAISE,AQs,0,19,81,4,1
100BB,BTN,CO,ONE_RAISE,AJs,0,100,0,NONE,1
100BB,BTN,CO,ONE_RAISE,ATs,0,100,0,NONE,1
100BB,BTN,CO,ONE_RAISE,A9s,0,100,0,NONE,1
100BB,BTN,CO,ONE_RAISE,A8s,0,100,0,NONE,1
100BB,BTN,CO,ONE_RAISE,A7s,0,68,32,4,1
100BB,BTN,CO,ONE_RAISE,A6s,0,100,0,NONE,1
100BB,BTN,CO,ONE_RAISE,A5s,0,80,20,4,1
100BB,BTN,CO,ONE_RAISE,A4s,0,74,26,4,1
100BB,BTN,CO,ONE_RAISE,A3s,0,54,46,4,1
100BB,BTN,CO,ONE_RAISE,A2s,0,76,24,4,1
100BB,BTN,CO,ONE_RAISE,KQs,0,92,8,4,1
100BB,BTN,CO,ONE_RAISE,KJs,0,69,31,4,1
100BB,BTN,CO,ONE_RAISE,KTs,0,69,31,4,1
100BB,BTN,CO,ONE_RAISE,K9s,0,90,10,4,1
100BB,BTN,CO,ONE_RAISE,K8s,0,93,7,4,1
100BB,BTN,CO,ONE_RAISE,K7s,0,98,2,4,1
100BB,BTN,CO,ONE_RAISE,K6s,0,72,28,4,1
100BB,BTN,CO,ONE_RAISE,K5s,0,44,56,4,1
100BB,BTN,CO,ONE_RAISE,K4s,0,61,39,4,1
100BB,BTN,CO,ONE_RAISE,K3s,0,94,6,4,1
100BB,BTN,CO,ONE_RAISE,K2s,0,64,36,4,1
100BB,BTN,CO,ONE_RAISE,QJs,0,75,25,4,1
100BB,BTN,CO,ONE_RAISE,QTs,0,78,22,4,1
100BB,BTN,CO,ONE_RAISE,Q9s,0,66,34,4,1
100BB,BTN,CO,ONE_RAISE,Q8s,0,95,5,4,1
100BB,BTN,CO,ONE_RAISE,Q7s,0,41,59,4,1
100BB,BTN,CO,ONE_RAISE,Q6s,0,22,78,4,1
100BB,BTN,CO,ONE_RAISE,Q5s,58,41,1,4,1
100BB,BTN,CO,ONE_RAISE,Q4s,95,2,3,4,1
100BB,BTN,CO,ONE_RAISE,Q3s,100,0,0,NONE,1
100BB,BTN,CO,ONE_RAISE,Q2s,100,0,0,NONE,1
100BB,BTN,CO,ONE_RAISE,JTs,0,17,83,4,1
100BB,BTN,CO,ONE_RAISE,J9s,0,86,14,4,1
100BB,BTN,CO,ONE_RAISE,J8s,0,76,24,4,1
100BB,BTN,CO,ONE_RAISE,J7s,12,1,87,4,1
100BB,BTN,CO,ONE_RAISE,J6s,100,0,0,NONE,1
100BB,BTN,CO,ONE_RAISE,J5s,100,0,0,NONE,1
100BB,BTN,CO,ONE_RAISE,J4s,100,0,0,NONE,1
100BB,BTN,CO,ONE_RAISE,J3s,100,0,0,NONE,1
100BB,BTN,CO,ONE_RAISE,J2s,100,0,0,NONE,1
100BB,BTN,CO,ONE_RAISE,T9s,0,46,54,4,1
100BB,BTN,CO,ONE_RAISE,T8s,0,55,45,4,1
100BB,BTN,CO,ONE_RAISE,T7s,0,100,0,NONE,1
100BB,BTN,CO,ONE_RAISE,T6s,100,0,0,NONE,1
100BB,BTN,CO,ONE_RAISE,T5s,100,0,0,NONE,1
100BB,BTN,CO,ONE_RAISE,T4s,100,0,0,NONE,1
100BB,BTN,CO,ONE_RAISE,T3s,100,0,0,NONE,1
100BB,BTN,CO,ONE_RAISE,T2s,100,0,0,NONE,1
100BB,BTN,CO,ONE_RAISE,98s,0,67,33,4,1
100BB,BTN,CO,ONE_RAISE,97s,0,100,0,NONE,1
100BB,BTN,CO,ONE_RAISE,96s,100,0,0,NONE,1
100BB,BTN,CO,ONE_RAISE,95s,100,0,0,NONE,1
100BB,BTN,CO,ONE_RAISE,94s,100,0,0,NONE,1
100BB,BTN,CO,ONE_RAISE,93s,100,0,0,NONE,1
100BB,BTN,CO,ONE_RAISE,92s,100,0,0,NONE,1
100BB,BTN,CO,ONE_RAISE,87s,0,40,60,4,1
100BB,BTN,CO,ONE_RAISE,86s,0,100,0,NONE,1
100BB,BTN,CO,ONE_RAISE,85s,100,0,0,NONE,1
100BB,BTN,CO,ONE_RAISE,84s,100,0,0,NONE,1
100BB,BTN,CO,ONE_RAISE,83s,100,0,0,NONE,1
100BB,BTN,CO,ONE_RAISE,82s,100,0,0,NONE,1
100BB,BTN,CO,ONE_RAISE,76s,0,36,64,4,1
100BB,BTN,CO,ONE_RAISE,75s,0,100,0,NONE,1
100BB,BTN,CO,ONE_RAISE,74s,100,0,0,NONE,1
100BB,BTN,CO,ONE_RAISE,73s,100,0,0,NONE,1
100BB,BTN,CO,ONE_RAISE,72s,100,0,0,NONE,1
100BB,BTN,CO,ONE_RAISE,65s,0,41,59,4,1
100BB,BTN,CO,ONE_RAISE,64s,0,100,0,NONE,1
100BB,BTN,CO,ONE_RAISE,63s,100,0,0,NONE,1
100BB,BTN,CO,ONE_RAISE,62s,100,0,0,NONE,1
100BB,BTN,CO,ONE_RAISE,54s,0,40,60,4,1
100BB,BTN,CO,ONE_RAISE,53s,0,100,0,NONE,1
100BB,BTN,CO,ONE_RAISE,52s,100,0,0,NONE,1
100BB,BTN,CO,ONE_RAISE,43s,100,0,0,NONE,1
100BB,BTN,CO,ONE_RAISE,42s,100,0,0,NONE,1
100BB,BTN,CO,ONE_RAISE,32s,100,0,0,NONE,1
100BB,BTN,CO,ONE_RAISE,AKo,0,0,100,4,1
100BB,BTN,CO,ONE_RAISE,AQo,0,49,51,4,1
100BB,BTN,CO,ONE_RAISE,AJo,0,68,32,4,1
100BB,BTN,CO,ONE_RAISE,ATo,0,72,28,4,1
100BB,BTN,CO,ONE_RAISE,A9o,0,58,42,4,1
100BB,BTN,CO,ONE_RAISE,A8o,36,0,64,4,1
100BB,BTN,CO,ONE_RAISE,A7o,100,0,0,NONE,1
100BB,BTN,CO,ONE_RAISE,A6o,100,0,0,NONE,1
100BB,BTN,CO,ONE_RAISE,A5o,55,0,45,4,1
100BB,BTN,CO,ONE_RAISE,A4o,100,0,0,NONE,1
100BB,BTN,CO,ONE_RAISE,A3o,100,0,0,NONE,1
100BB,BTN,CO,ONE_RAISE,A2o,100,0,0,NONE,1
100BB,BTN,CO,ONE_RAISE,KQo,0,72,28,4,1
100BB,BTN,CO,ONE_RAISE,KJo,0,70,30,4,1
100BB,BTN,CO,ONE_RAISE,KTo,0,49,51,4,1
100BB,BTN,CO,ONE_RAISE,K9o,100,0,0,NONE,1
100BB,BTN,CO,ONE_RAISE,K8o,100,0,0,NONE,1
100BB,BTN,CO,ONE_RAISE,K7o,100,0,0,NONE,1
100BB,BTN,CO,ONE_RAISE,K6o,100,0,0,NONE,1
100BB,BTN,CO,ONE_RAISE,K5o,100,0,0,NONE,1
100BB,BTN,CO,ONE_RAISE,K4o,100,0,0,NONE,1
100BB,BTN,CO,ONE_RAISE,K3o,100,0,0,NONE,1
100BB,BTN,CO,ONE_RAISE,K2o,100,0,0,NONE,1
100BB,BTN,CO,ONE_RAISE,QJo,0,64,36,4,1
100BB,BTN,CO,ONE_RAISE,QTo,0,69,31,4,1
100BB,BTN,CO,ONE_RAISE,Q9o,100,0,0,NONE,1
100BB,BTN,CO,ONE_RAISE,Q8o,100,0,0,NONE,1
100BB,BTN,CO,ONE_RAISE,Q7o,100,0,0,NONE,1
100BB,BTN,CO,ONE_RAISE,Q6o,100,0,0,NONE,1
100BB,BTN,CO,ONE_RAISE,Q5o,100,0,0,NONE,1
100BB,BTN,CO,ONE_RAISE,Q4o,100,0,0,NONE,1
100BB,BTN,CO,ONE_RAISE,Q3o,100,0,0,NONE,1
100BB,BTN,CO,ONE_RAISE,Q2o,100,0,0,NONE,1
100BB,BTN,CO,ONE_RAISE,JTo,0,85,15,4,1
100BB,BTN,CO,ONE_RAISE,J9o,100,0,0,NONE,1
100BB,BTN,CO,ONE_RAISE,J8o,100,0,0,NONE,1
100BB,BTN,CO,ONE_RAISE,J7o,100,0,0,NONE,1
100BB,BTN,CO,ONE_RAISE,J6o,100,0,0,NONE,1
100BB,BTN,CO,ONE_RAISE,J5o,100,0,0,NONE,1
100BB,BTN,CO,ONE_RAISE,J4o,100,0,0,NONE,1
100BB,BTN,CO,ONE_RAISE,J3o,100,0,0,NONE,1
100BB,BTN,CO,ONE_RAISE,J2o,100,0,0,NONE,1
100BB,BTN,CO,ONE_RAISE,T9o,100,0,0,NONE,1
100BB,BTN,CO,ONE_RAISE,T8o,100,0,0,NONE,1
100BB,BTN,CO,ONE_RAISE,T7o,100,0,0,NONE,1
100BB,BTN,CO,ONE_RAISE,T6o,100,0,0,NONE,1
100BB,BTN,CO,ONE_RAISE,T5o,100,0,0,NONE,1
100BB,BTN,CO,ONE_RAISE,T4o,100,0,0,NONE,1
100BB,BTN,CO,ONE_RAISE,T3o,100,0,0,NONE,1
100BB,BTN,CO,ONE_RAISE,T2o,100,0,0,NONE,1
100BB,BTN,CO,ONE_RAISE,98o,100,0,0,NONE,1
100BB,BTN,CO,ONE_RAISE,97o,100,0,0,NONE,1
100BB,BTN,CO,ONE_RAISE,96o,100,0,0,NONE,1
100BB,BTN,CO,ONE_RAISE,95o,100,0,0,NONE,1
100BB,BTN,CO,ONE_RAISE,94o,100,0,0,NONE,1
100BB,BTN,CO,ONE_RAISE,93o,100,0,0,NONE,1
100BB,BTN,CO,ONE_RAISE,92o,100,0,0,NONE,1
100BB,BTN,CO,ONE_RAISE,87o,100,0,0,NONE,1
100BB,BTN,CO,ONE_RAISE,86o,100,0,0,NONE,1
100BB,BTN,CO,ONE_RAISE,85o,100,0,0,NONE,1
100BB,BTN,CO,ONE_RAISE,84o,100,0,0,NONE,1
100BB,BTN,CO,ONE_RAISE,83o,100,0,0,NONE,1
100BB,BTN,CO,ONE_RAISE,82o,100,0,0,NONE,1
100BB,BTN,CO,ONE_RAISE,76o,100,0,0,NONE,1
100BB,BTN,CO,ONE_RAISE,75o,100,0,0,NONE,1
100BB,BTN,CO,ONE_RAISE,74o,100,0,0,NONE,1
100BB,BTN,CO,ONE_RAISE,73o,100,0,0,NONE,1
100BB,BTN,CO,ONE_RAISE,72o,100,0,0,NONE,1
100BB,BTN,CO,ONE_RAISE,65o,100,0,0,NONE,1
100BB,BTN,CO,ONE_RAISE,64o,100,0,0,NONE,1
100BB,BTN,CO,ONE_RAISE,63o,100,0,0,NONE,1
100BB,BTN,CO,ONE_RAISE,62o,100,0,0,NONE,1
100BB,BTN,CO,ONE_RAISE,54o,100,0,0,NONE,1
100BB,BTN,CO,ONE_RAISE,53o,100,0,0,NONE,1
100BB,BTN,CO,ONE_RAISE,52o,100,0,0,NONE,1
100BB,BTN,CO,ONE_RAISE,43o,100,0,0,NONE,1
100BB,BTN,CO,ONE_RAISE,42o,100,0,0,NONE,1
100BB,BTN,CO,ONE_RAISE,32o,100,0,0,NONE,1
100BB,BTN,CO,THREE_BET,AA,0,0,100,2.2,1
100BB,BTN,CO,THREE_BET,KK,0,0,100,2.2,1
100BB,BTN,CO,THREE_BET,QQ,0,0,100,2.2,1
100BB,BTN,CO,THREE_BET,JJ,53,0,47,2.2,1
100BB,BTN,CO,THREE_BET,TT,100,0,0,NONE,1
100BB,BTN,CO,THREE_BET,99,100,0,0,NONE,1
100BB,BTN,CO,THREE_BET,88,100,0,0,NONE,1
100BB,BTN,CO,THREE_BET,77,100,0,0,NONE,1
100BB,BTN,CO,THREE_BET,66,100,0,0,NONE,1
100BB,BTN,CO,THREE_BET,55,100,0,0,NONE,1
100BB,BTN,CO,THREE_BET,44,100,0,0,NONE,1
100BB,BTN,CO,THREE_BET,33,100,0,0,NONE,1
100BB,BTN,CO,THREE_BET,22,100,0,0,NONE,1
100BB,BTN,CO,THREE_BET,AKs,0,0,100,2.2,1
100BB,BTN,CO,THREE_BET,AQs,0,0,100,2.2,1
100BB,BTN,CO,THREE_BET,AJs,40,0,60,2.2,1
100BB,BTN,CO,THREE_BET,ATs,68,0,32,2.2,1
100BB,BTN,CO,THREE_BET,A9s,74,0,26,2.2,1
100BB,BTN,CO,THREE_BET,A8s,93,0,7,2.2,1
100BB,BTN,CO,THREE_BET,A7s,88,0,12,2.2,1
100BB,BTN,CO,THREE_BET,A6s,99,0,1,2.2,1
100BB,BTN,CO,THREE_BET,A5s,38,0,62,2.2,1
100BB,BTN,CO,THREE_BET,A4s,97,0,3,2.2,1
100BB,BTN,CO,THREE_BET,A3s,98,0,2,2.2,1
100BB,BTN,CO,THREE_BET,A2s,100,0,0,NONE,1
100BB,BTN,CO,THREE_BET,KQs,0,0,100,2.2,1
100BB,BTN,CO,THREE_BET,KJs,76,0,24,2.2,1
100BB,BTN,CO,THREE_BET,KTs,87,0,13,2.2,1
100BB,BTN,CO,THREE_BET,K9s,100,0,0,NONE,1
100BB,BTN,CO,THREE_BET,K8s,100,0,0,NONE,1
100BB,BTN,CO,THREE_BET,K7s,91,0,9,2.2,1
100BB,BTN,CO,THREE_BET,K6s,93,0,7,2.2,1
100BB,BTN,CO,THREE_BET,K5s,100,0,0,NONE,1
100BB,BTN,CO,THREE_BET,K4s,100,0,0,NONE,1
100BB,BTN,CO,THREE_BET,K3s,100,0,0,NONE,1
100BB,BTN,CO,THREE_BET,K2s,100,0,0,NONE,1
100BB,BTN,CO,THREE_BET,QJs,100,0,0,NONE,1
100BB,BTN,CO,THREE_BET,QTs,100,0,0,NONE,1
100BB,BTN,CO,THREE_BET,Q9s,100,0,0,NONE,1
100BB,BTN,CO,THREE_BET,Q8s,100,0,0,NONE,1
100BB,BTN,CO,THREE_BET,Q7s,100,0,0,NONE,1
100BB,BTN,CO,THREE_BET,Q6s,100,0,0,NONE,1
100BB,BTN,CO,THREE_BET,Q5s,100,0,0,NONE,1
100BB,BTN,CO,THREE_BET,Q4s,100,0,0,NONE,1
100BB,BTN,CO,THREE_BET,Q3s,100,0,0,NONE,1
100BB,BTN,CO,THREE_BET,Q2s,100,0,0,NONE,1
100BB,BTN,CO,THREE_BET,JTs,100,0,0,NONE,1
100BB,BTN,CO,THREE_BET,J9s,100,0,0,NONE,1
100BB,BTN,CO,THREE_BET,J8s,100,0,0,NONE,1
100BB,BTN,CO,THREE_BET,J7s,100,0,0,NONE,1
100BB,BTN,CO,THREE_BET,J6s,100,0,0,NONE,1
100BB,BTN,CO,THREE_BET,J5s,100,0,0,NONE,1
100BB,BTN,CO,THREE_BET,J4s,100,0,0,NONE,1
100BB,BTN,CO,THREE_BET,J3s,100,0,0,NONE,1
100BB,BTN,CO,THREE_BET,J2s,100,0,0,NONE,1
100BB,BTN,CO,THREE_BET,T9s,100,0,0,NONE,1
100BB,BTN,CO,THREE_BET,T8s,100,0,0,NONE,1
100BB,BTN,CO,THREE_BET,T7s,100,0,0,NONE,1
100BB,BTN,CO,THREE_BET,T6s,100,0,0,NONE,1
100BB,BTN,CO,THREE_BET,T5s,100,0,0,NONE,1
100BB,BTN,CO,THREE_BET,T4s,100,0,0,NONE,1
100BB,BTN,CO,THREE_BET,T3s,100,0,0,NONE,1
100BB,BTN,CO,THREE_BET,T2s,100,0,0,NONE,1
100BB,BTN,CO,THREE_BET,98s,100,0,0,NONE,1
100BB,BTN,CO,THREE_BET,97s,100,0,0,NONE,1
100BB,BTN,CO,THREE_BET,96s,100,0,0,NONE,1
100BB,BTN,CO,THREE_BET,95s,100,0,0,NONE,1
100BB,BTN,CO,THREE_BET,94s,100,0,0,NONE,1
100BB,BTN,CO,THREE_BET,93s,100,0,0,NONE,1
100BB,BTN,CO,THREE_BET,92s,100,0,0,NONE,1
100BB,BTN,CO,THREE_BET,87s,100,0,0,NONE,1
100BB,BTN,CO,THREE_BET,86s,100,0,0,NONE,1
100BB,BTN,CO,THREE_BET,85s,100,0,0,NONE,1
100BB,BTN,CO,THREE_BET,84s,100,0,0,NONE,1
100BB,BTN,CO,THREE_BET,83s,100,0,0,NONE,1
100BB,BTN,CO,THREE_BET,82s,100,0,0,NONE,1
100BB,BTN,CO,THREE_BET,76s,100,0,0,NONE,1
100BB,BTN,CO,THREE_BET,75s,100,0,0,NONE,1
100BB,BTN,CO,THREE_BET,74s,100,0,0,NONE,1
100BB,BTN,CO,THREE_BET,73s,100,0,0,NONE,1
100BB,BTN,CO,THREE_BET,72s,100,0,0,NONE,1
100BB,BTN,CO,THREE_BET,65s,100,0,0,NONE,1
100BB,BTN,CO,THREE_BET,64s,100,0,0,NONE,1
100BB,BTN,CO,THREE_BET,63s,100,0,0,NONE,1
100BB,BTN,CO,THREE_BET,62s,100,0,0,NONE,1
100BB,BTN,CO,THREE_BET,54s,100,0,0,NONE,1
100BB,BTN,CO,THREE_BET,53s,100,0,0,NONE,1
100BB,BTN,CO,THREE_BET,52s,100,0,0,NONE,1
100BB,BTN,CO,THREE_BET,43s,100,0,0,NONE,1
100BB,BTN,CO,THREE_BET,42s,100,0,0,NONE,1
100BB,BTN,CO,THREE_BET,32s,100,0,0,NONE,1
100BB,BTN,CO,THREE_BET,AKo,0,0,100,2.2,1
100BB,BTN,CO,THREE_BET,AQo,100,0,0,NONE,1
100BB,BTN,CO,THREE_BET,AJo,100,0,0,NONE,1
100BB,BTN,CO,THREE_BET,ATo,100,0,0,NONE,1
100BB,BTN,CO,THREE_BET,A9o,100,0,0,NONE,1
100BB,BTN,CO,THREE_BET,A8o,100,0,0,NONE,1
100BB,BTN,CO,THREE_BET,A7o,100,0,0,NONE,1
100BB,BTN,CO,THREE_BET,A6o,100,0,0,NONE,1
100BB,BTN,CO,THREE_BET,A5o,100,0,0,NONE,1
100BB,BTN,CO,THREE_BET,A4o,100,0,0,NONE,1
100BB,BTN,CO,THREE_BET,A3o,100,0,0,NONE,1
100BB,BTN,CO,THREE_BET,A2o,100,0,0,NONE,1
100BB,BTN,CO,THREE_BET,KQo,100,0,0,NONE,1
100BB,BTN,CO,THREE_BET,KJo,100,0,0,NONE,1
100BB,BTN,CO,THREE_BET,KTo,100,0,0,NONE,1
100BB,BTN,CO,THREE_BET,K9o,100,0,0,NONE,1
100BB,BTN,CO,THREE_BET,K8o,100,0,0,NONE,1
100BB,BTN,CO,THREE_BET,K7o,100,0,0,NONE,1
100BB,BTN,CO,THREE_BET,K6o,100,0,0,NONE,1
100BB,BTN,CO,THREE_BET,K5o,100,0,0,NONE,1
100BB,BTN,CO,THREE_BET,K4o,100,0,0,NONE,1
100BB,BTN,CO,THREE_BET,K3o,100,0,0,NONE,1
100BB,BTN,CO,THREE_BET,K2o,100,0,0,NONE,1
100BB,BTN,CO,THREE_BET,QJo,100,0,0,NONE,1
100BB,BTN,CO,THREE_BET,QTo,100,0,0,NONE,1
100BB,BTN,CO,THREE_BET,Q9o,100,0,0,NONE,1
100BB,BTN,CO,THREE_BET,Q8o,100,0,0,NONE,1
100BB,BTN,CO,THREE_BET,Q7o,100,0,0,NONE,1
100BB,BTN,CO,THREE_BET,Q6o,100,0,0,NONE,1
100BB,BTN,CO,THREE_BET,Q5o,100,0,0,NONE,1
100BB,BTN,CO,THREE_BET,Q4o,100,0,0,NONE,1
100BB,BTN,CO,THREE_BET,Q3o,100,0,0,NONE,1
100BB,BTN,CO,THREE_BET,Q2o,100,0,0,NONE,1
100BB,BTN,CO,THREE_BET,JTo,100,0,0,NONE,1
100BB,BTN,CO,THREE_BET,J9o,100,0,0,NONE,1
100BB,BTN,CO,THREE_BET,J8o,100,0,0,NONE,1
100BB,BTN,CO,THREE_BET,J7o,100,0,0,NONE,1
100BB,BTN,CO,THREE_BET,J6o,100,0,0,NONE,1
100BB,BTN,CO,THREE_BET,J5o,100,0,0,NONE,1
100BB,BTN,CO,THREE_BET,J4o,100,0,0,NONE,1
100BB,BTN,CO,THREE_BET,J3o,100,0,0,NONE,1
100BB,BTN,CO,THREE_BET,J2o,100,0,0,NONE,1
100BB,BTN,CO,THREE_BET,T9o,100,0,0,NONE,1
100BB,BTN,CO,THREE_BET,T8o,100,0,0,NONE,1
100BB,BTN,CO,THREE_BET,T7o,100,0,0,NONE,1
100BB,BTN,CO,THREE_BET,T6o,100,0,0,NONE,1
100BB,BTN,CO,THREE_BET,T5o,100,0,0,NONE,1
100BB,BTN,CO,THREE_BET,T4o,100,0,0,NONE,1
100BB,BTN,CO,THREE_BET,T3o,100,0,0,NONE,1
100BB,BTN,CO,THREE_BET,T2o,100,0,0,NONE,1
100BB,BTN,CO,THREE_BET,98o,100,0,0,NONE,1
100BB,BTN,CO,THREE_BET,97o,100,0,0,NONE,1
100BB,BTN,CO,THREE_BET,96o,100,0,0,NONE,1
100BB,BTN,CO,THREE_BET,95o,100,0,0,NONE,1
100BB,BTN,CO,THREE_BET,94o,100,0,0,NONE,1
100BB,BTN,CO,THREE_BET,93o,100,0,0,NONE,1
100BB,BTN,CO,THREE_BET,92o,100,0,0,NONE,1
100BB,BTN,CO,THREE_BET,87o,100,0,0,NONE,1
100BB,BTN,CO,THREE_BET,86o,100,0,0,NONE,1
100BB,BTN,CO,THREE_BET,85o,100,0,0,NONE,1
100BB,BTN,CO,THREE_BET,84o,100,0,0,NONE,1
100BB,BTN,CO,THREE_BET,83o,100,0,0,NONE,1
100BB,BTN,CO,THREE_BET,82o,100,0,0,NONE,1
100BB,BTN,CO,THREE_BET,76o,100,0,0,NONE,1
100BB,BTN,CO,THREE_BET,75o,100,0,0,NONE,1
100BB,BTN,CO,THREE_BET,74o,100,0,0,NONE,1
100BB,BTN,CO,THREE_BET,73o,100,0,0,NONE,1
100BB,BTN,CO,THREE_BET,72o,100,0,0,NONE,1
100BB,BTN,CO,THREE_BET,65o,100,0,0,NONE,1
100BB,BTN,CO,THREE_BET,64o,100,0,0,NONE,1
100BB,BTN,CO,THREE_BET,63o,100,0,0,NONE,1
100BB,BTN,CO,THREE_BET,62o,100,0,0,NONE,1
100BB,BTN,CO,THREE_BET,54o,100,0,0,NONE,1
100BB,BTN,CO,THREE_BET,53o,100,0,0,NONE,1
100BB,BTN,CO,THREE_BET,52o,100,0,0,NONE,1
100BB,BTN,CO,THREE_BET,43o,100,0,0,NONE,1
100BB,BTN,CO,THREE_BET,42o,100,0,0,NONE,1
100BB,BTN,CO,THREE_BET,32o,100,0,0,NONE,1
100BB,BTN,BTN,UNOPENED,AA,0,0,100,2.5,1
100BB,BTN,BTN,UNOPENED,KK,0,0,100,2.5,1
100BB,BTN,BTN,UNOPENED,QQ,0,0,100,2.5,1
100BB,BTN,BTN,UNOPENED,JJ,0,0,100,2.5,1
100BB,BTN,BTN,UNOPENED,TT,0,0,100,2.5,1
100BB,BTN,BTN,UNOPENED,99,0,0,100,2.5,1
100BB,BTN,BTN,UNOPENED,88,0,0,100,2.5,1
100BB,BTN,BTN,UNOPENED,77,0,0,100,2.5,1
100BB,BTN,BTN,UNOPENED,66,0,0,100,2.5,1
100BB,BTN,BTN,UNOPENED,55,0,0,100,2.5,1
100BB,BTN,BTN,UNOPENED,44,0,0,100,2.5,1
100BB,BTN,BTN,UNOPENED,33,0,0,100,2.5,1
100BB,BTN,BTN,UNOPENED,22,0,0,100,2.5,1
100BB,BTN,BTN,UNOPENED,AKs,0,0,100,2.5,1
100BB,BTN,BTN,UNOPENED,AQs,0,0,100,2.5,1
100BB,BTN,BTN,UNOPENED,AJs,0,0,100,2.5,1
100BB,BTN,BTN,UNOPENED,ATs,0,0,100,2.5,1
100BB,BTN,BTN,UNOPENED,A9s,0,0,100,2.5,1
100BB,BTN,BTN,UNOPENED,A8s,0,0,100,2.5,1
100BB,BTN,BTN,UNOPENED,A7s,0,0,100,2.5,1
100BB,BTN,BTN,UNOPENED,A6s,0,0,100,2.5,1
100BB,BTN,BTN,UNOPENED,A5s,0,0,100,2.5,1
100BB,BTN,BTN,UNOPENED,A4s,0,0,100,2.5,1
100BB,BTN,BTN,UNOPENED,A3s,0,0,100,2.5,1
100BB,BTN,BTN,UNOPENED,A2s,0,0,100,2.5,1
100BB,BTN,BTN,UNOPENED,KQs,0,0,100,2.5,1
100BB,BTN,BTN,UNOPENED,KJs,0,0,100,2.5,1
100BB,BTN,BTN,UNOPENED,KTs,0,0,100,2.5,1
100BB,BTN,BTN,UNOPENED,K9s,0,0,100,2.5,1
100BB,BTN,BTN,UNOPENED,K8s,0,0,100,2.5,1
100BB,BTN,BTN,UNOPENED,K7s,0,0,100,2.5,1
100BB,BTN,BTN,UNOPENED,K6s,0,0,100,2.5,1
100BB,BTN,BTN,UNOPENED,K5s,0,0,100,2.5,1
100BB,BTN,BTN,UNOPENED,K4s,0,0,100,2.5,1
100BB,BTN,BTN,UNOPENED,K3s,0,0,100,2.5,1
100BB,BTN,BTN,UNOPENED,K2s,0,0,100,2.5,1
100BB,BTN,BTN,UNOPENED,QJs,0,0,100,2.5,1
100BB,BTN,BTN,UNOPENED,QTs,0,0,100,2.5,1
100BB,BTN,BTN,UNOPENED,Q9s,0,0,100,2.5,1
100BB,BTN,BTN,UNOPENED,Q8s,0,0,100,2.5,1
100BB,BTN,BTN,UNOPENED,Q7s,0,0,100,2.5,1
100BB,BTN,BTN,UNOPENED,Q6s,0,0,100,2.5,1
100BB,BTN,BTN,UNOPENED,Q5s,0,0,100,2.5,1
100BB,BTN,BTN,UNOPENED,Q4s,0,0,100,2.5,1
100BB,BTN,BTN,UNOPENED,Q3s,0,0,100,2.5,1
100BB,BTN,BTN,UNOPENED,Q2s,0,0,100,2.5,1
100BB,BTN,BTN,UNOPENED,JTs,0,0,100,2.5,1
100BB,BTN,BTN,UNOPENED,J9s,0,0,100,2.5,1
100BB,BTN,BTN,UNOPENED,J8s,0,0,100,2.5,1
100BB,BTN,BTN,UNOPENED,J7s,0,0,100,2.5,1
100BB,BTN,BTN,UNOPENED,J6s,0,0,100,2.5,1
100BB,BTN,BTN,UNOPENED,J5s,0,0,100,2.5,1
100BB,BTN,BTN,UNOPENED,J4s,0,0,100,2.5,1
100BB,BTN,BTN,UNOPENED,J3s,0,0,100,2.5,1
100BB,BTN,BTN,UNOPENED,J2s,0,0,100,2.5,1
100BB,BTN,BTN,UNOPENED,T9s,0,0,100,2.5,1
100BB,BTN,BTN,UNOPENED,T8s,0,0,100,2.5,1
100BB,BTN,BTN,UNOPENED,T7s,0,0,100,2.5,1
100BB,BTN,BTN,UNOPENED,T6s,0,0,100,2.5,1
100BB,BTN,BTN,UNOPENED,T5s,0,0,100,2.5,1
100BB,BTN,BTN,UNOPENED,T4s,0,0,100,2.5,1
100BB,BTN,BTN,UNOPENED,T3s,0,0,100,2.5,1
100BB,BTN,BTN,UNOPENED,T2s,100,0,0,NONE,1
100BB,BTN,BTN,UNOPENED,98s,0,0,100,2.5,1
100BB,BTN,BTN,UNOPENED,97s,0,0,100,2.5,1
100BB,BTN,BTN,UNOPENED,96s,0,0,100,2.5,1
100BB,BTN,BTN,UNOPENED,95s,0,0,100,2.5,1
100BB,BTN,BTN,UNOPENED,94s,100,0,0,NONE,1
100BB,BTN,BTN,UNOPENED,93s,100,0,0,NONE,1
100BB,BTN,BTN,UNOPENED,92s,100,0,0,NONE,1
100BB,BTN,BTN,UNOPENED,87s,0,0,100,2.5,1
100BB,BTN,BTN,UNOPENED,86s,0,0,100,2.5,1
100BB,BTN,BTN,UNOPENED,85s,0,0,100,2.5,1
100BB,BTN,BTN,UNOPENED,84s,100,0,0,NONE,1
100BB,BTN,BTN,UNOPENED,83s,100,0,0,NONE,1
100BB,BTN,BTN,UNOPENED,82s,100,0,0,NONE,1
100BB,BTN,BTN,UNOPENED,76s,0,0,100,2.5,1
100BB,BTN,BTN,UNOPENED,75s,0,0,100,2.5,1
100BB,BTN,BTN,UNOPENED,74s,0,0,100,2.5,1
100BB,BTN,BTN,UNOPENED,73s,100,0,0,NONE,1
100BB,BTN,BTN,UNOPENED,72s,100,0,0,NONE,1
100BB,BTN,BTN,UNOPENED,65s,0,0,100,2.5,1
100BB,BTN,BTN,UNOPENED,64s,0,0,100,2.5,1
100BB,BTN,BTN,UNOPENED,63s,97,0,3,2.5,1
100BB,BTN,BTN,UNOPENED,62s,100,0,0,NONE,1
100BB,BTN,BTN,UNOPENED,54s,0,0,100,2.5,1
100BB,BTN,BTN,UNOPENED,53s,0,0,100,2.5,1
100BB,BTN,BTN,UNOPENED,52s,100,0,0,NONE,1
100BB,BTN,BTN,UNOPENED,43s,0,0,100,2.5,1
100BB,BTN,BTN,UNOPENED,42s,100,0,0,NONE,1
100BB,BTN,BTN,UNOPENED,32s,100,0,0,NONE,1
100BB,BTN,BTN,UNOPENED,AKo,0,0,100,2.5,1
100BB,BTN,BTN,UNOPENED,AQo,0,0,100,2.5,1
100BB,BTN,BTN,UNOPENED,AJo,0,0,100,2.5,1
100BB,BTN,BTN,UNOPENED,ATo,0,0,100,2.5,1
100BB,BTN,BTN,UNOPENED,A9o,0,0,100,2.5,1
100BB,BTN,BTN,UNOPENED,A8o,0,0,100,2.5,1
100BB,BTN,BTN,UNOPENED,A7o,0,0,100,2.5,1
100BB,BTN,BTN,UNOPENED,A6o,0,0,100,2.5,1
100BB,BTN,BTN,UNOPENED,A5o,0,0,100,2.5,1
100BB,BTN,BTN,UNOPENED,A4o,0,0,100,2.5,1
100BB,BTN,BTN,UNOPENED,A3o,0,0,100,2.5,1
100BB,BTN,BTN,UNOPENED,A2o,0,0,100,2.5,1
100BB,BTN,BTN,UNOPENED,KQo,0,0,100,2.5,1
100BB,BTN,BTN,UNOPENED,KJo,0,0,100,2.5,1
100BB,BTN,BTN,UNOPENED,KTo,0,0,100,2.5,1
100BB,BTN,BTN,UNOPENED,K9o,0,0,100,2.5,1
100BB,BTN,BTN,UNOPENED,K8o,0,0,100,2.5,1
100BB,BTN,BTN,UNOPENED,K7o,0,0,100,2.5,1
100BB,BTN,BTN,UNOPENED,K6o,0,0,100,2.5,1
100BB,BTN,BTN,UNOPENED,K5o,0,0,100,2.5,1
100BB,BTN,BTN,UNOPENED,K4o,100,0,0,NONE,1
100BB,BTN,BTN,UNOPENED,K3o,100,0,0,NONE,1
100BB,BTN,BTN,UNOPENED,K2o,100,0,0,NONE,1
100BB,BTN,BTN,UNOPENED,QJo,0,0,100,2.5,1
100BB,BTN,BTN,UNOPENED,QTo,0,0,100,2.5,1
100BB,BTN,BTN,UNOPENED,Q9o,0,0,100,2.5,1
100BB,BTN,BTN,UNOPENED,Q8o,0,0,100,2.5,1
100BB,BTN,BTN,UNOPENED,Q7o,62,0,38,2.5,1
100BB,BTN,BTN,UNOPENED,Q6o,100,0,0,NONE,1
100BB,BTN,BTN,UNOPENED,Q5o,100,0,0,NONE,1
100BB,BTN,BTN,UNOPENED,Q4o,100,0,0,NONE,1
100BB,BTN,BTN,UNOPENED,Q3o,100,0,0,NONE,1
100BB,BTN,BTN,UNOPENED,Q2o,100,0,0,NONE,1
100BB,BTN,BTN,UNOPENED,JTo,0,0,100,2.5,1
100BB,BTN,BTN,UNOPENED,J9o,0,0,100,2.5,1
100BB,BTN,BTN,UNOPENED,J8o,0,0,100,2.5,1
100BB,BTN,BTN,UNOPENED,J7o,100,0,0,NONE,1
100BB,BTN,BTN,UNOPENED,J6o,100,0,0,NONE,1
100BB,BTN,BTN,UNOPENED,J5o,100,0,0,NONE,1
100BB,BTN,BTN,UNOPENED,J4o,100,0,0,NONE,1
100BB,BTN,BTN,UNOPENED,J3o,100,0,0,NONE,1
100BB,BTN,BTN,UNOPENED,J2o,100,0,0,NONE,1
100BB,BTN,BTN,UNOPENED,T9o,0,0,100,2.5,1
100BB,BTN,BTN,UNOPENED,T8o,0,0,100,2.5,1
100BB,BTN,BTN,UNOPENED,T7o,56,0,44,2.5,1
100BB,BTN,BTN,UNOPENED,T6o,100,0,0,NONE,1
100BB,BTN,BTN,UNOPENED,T5o,100,0,0,NONE,1
100BB,BTN,BTN,UNOPENED,T4o,100,0,0,NONE,1
100BB,BTN,BTN,UNOPENED,T3o,100,0,0,NONE,1
100BB,BTN,BTN,UNOPENED,T2o,100,0,0,NONE,1
100BB,BTN,BTN,UNOPENED,98o,0,0,100,2.5,1
100BB,BTN,BTN,UNOPENED,97o,59,0,41,2.5,1
100BB,BTN,BTN,UNOPENED,96o,100,0,0,NONE,1
100BB,BTN,BTN,UNOPENED,95o,100,0,0,NONE,1
100BB,BTN,BTN,UNOPENED,94o,100,0,0,NONE,1
100BB,BTN,BTN,UNOPENED,93o,100,0,0,NONE,1
100BB,BTN,BTN,UNOPENED,92o,100,0,0,NONE,1
100BB,BTN,BTN,UNOPENED,87o,0,0,100,2.5,1
100BB,BTN,BTN,UNOPENED,86o,100,0,0,NONE,1
100BB,BTN,BTN,UNOPENED,85o,100,0,0,NONE,1
100BB,BTN,BTN,UNOPENED,84o,100,0,0,NONE,1
100BB,BTN,BTN,UNOPENED,83o,100,0,0,NONE,1
100BB,BTN,BTN,UNOPENED,82o,100,0,0,NONE,1
100BB,BTN,BTN,UNOPENED,76o,100,0,0,NONE,1
100BB,BTN,BTN,UNOPENED,75o,100,0,0,NONE,1
100BB,BTN,BTN,UNOPENED,74o,100,0,0,NONE,1
100BB,BTN,BTN,UNOPENED,73o,100,0,0,NONE,1
100BB,BTN,BTN,UNOPENED,72o,100,0,0,NONE,1
100BB,BTN,BTN,UNOPENED,65o,100,0,0,NONE,1
100BB,BTN,BTN,UNOPENED,64o,100,0,0,NONE,1
100BB,BTN,BTN,UNOPENED,63o,100,0,0,NONE,1
100BB,BTN,BTN,UNOPENED,62o,100,0,0,NONE,1
100BB,BTN,BTN,UNOPENED,54o,100,0,0,NONE,1
100BB,BTN,BTN,UNOPENED,53o,100,0,0,NONE,1
100BB,BTN,BTN,UNOPENED,52o,100,0,0,NONE,1
100BB,BTN,BTN,UNOPENED,43o,100,0,0,NONE,1
100BB,BTN,BTN,UNOPENED,42o,100,0,0,NONE,1
100BB,BTN,BTN,UNOPENED,32o,100,0,0,NONE,1
100BB,BTN,BTN,ONE_RAISE,AA,0,0,0,NONE,0
100BB,BTN,BTN,ONE_RAISE,KK,0,0,0,NONE,0
100BB,BTN,BTN,ONE_RAISE,QQ,0,0,0,NONE,0
100BB,BTN,BTN,ONE_RAISE,JJ,0,0,0,NONE,0
100BB,BTN,BTN,ONE_RAISE,TT,0,0,0,NONE,0
100BB,BTN,BTN,ONE_RAISE,99,0,0,0,NONE,0
100BB,BTN,BTN,ONE_RAISE,88,0,0,0,NONE,0
100BB,BTN,BTN,ONE_RAISE,77,0,0,0,NONE,0
100BB,BTN,BTN,ONE_RAISE,66,0,0,0,NONE,0
100BB,BTN,BTN,ONE_RAISE,55,0,0,0,NONE,0
100BB,BTN,BTN,ONE_RAISE,44,0,0,0,NONE,0
100BB,BTN,BTN,ONE_RAISE,33,0,0,0,NONE,0
100BB,BTN,BTN,ONE_RAISE,22,0,0,0,NONE,0
100BB,BTN,BTN,ONE_RAISE,AKs,0,0,0,NONE,0
100BB,BTN,BTN,ONE_RAISE,AQs,0,0,0,NONE,0
100BB,BTN,BTN,ONE_RAISE,AJs,0,0,0,NONE,0
100BB,BTN,BTN,ONE_RAISE,ATs,0,0,0,NONE,0
100BB,BTN,BTN,ONE_RAISE,A9s,0,0,0,NONE,0
100BB,BTN,BTN,ONE_RAISE,A8s,0,0,0,NONE,0
100BB,BTN,BTN,ONE_RAISE,A7s,0,0,0,NONE,0
100BB,BTN,BTN,ONE_RAISE,A6s,0,0,0,NONE,0
100BB,BTN,BTN,ONE_RAISE,A5s,0,0,0,NONE,0
100BB,BTN,BTN,ONE_RAISE,A4s,0,0,0,NONE,0
100BB,BTN,BTN,ONE_RAISE,A3s,0,0,0,NONE,0
100BB,BTN,BTN,ONE_RAISE,A2s,0,0,0,NONE,0
100BB,BTN,BTN,ONE_RAISE,KQs,0,0,0,NONE,0
100BB,BTN,BTN,ONE_RAISE,KJs,0,0,0,NONE,0
100BB,BTN,BTN,ONE_RAISE,KTs,0,0,0,NONE,0
100BB,BTN,BTN,ONE_RAISE,K9s,0,0,0,NONE,0
100BB,BTN,BTN,ONE_RAISE,K8s,0,0,0,NONE,0
100BB,BTN,BTN,ONE_RAISE,K7s,0,0,0,NONE,0
100BB,BTN,BTN,ONE_RAISE,K6s,0,0,0,NONE,0
100BB,BTN,BTN,ONE_RAISE,K5s,0,0,0,NONE,0
100BB,BTN,BTN,ONE_RAISE,K4s,0,0,0,NONE,0
100BB,BTN,BTN,ONE_RAISE,K3s,0,0,0,NONE,0
100BB,BTN,BTN,ONE_RAISE,K2s,0,0,0,NONE,0
100BB,BTN,BTN,ONE_RAISE,QJs,0,0,0,NONE,0
100BB,BTN,BTN,ONE_RAISE,QTs,0,0,0,NONE,0
100BB,BTN,BTN,ONE_RAISE,Q9s,0,0,0,NONE,0
100BB,BTN,BTN,ONE_RAISE,Q8s,0,0,0,NONE,0
100BB,BTN,BTN,ONE_RAISE,Q7s,0,0,0,NONE,0
100BB,BTN,BTN,ONE_RAISE,Q6s,0,0,0,NONE,0
100BB,BTN,BTN,ONE_RAISE,Q5s,0,0,0,NONE,0
100BB,BTN,BTN,ONE_RAISE,Q4s,0,0,0,NONE,0
100BB,BTN,BTN,ONE_RAISE,Q3s,0,0,0,NONE,0
100BB,BTN,BTN,ONE_RAISE,Q2s,0,0,0,NONE,0
100BB,BTN,BTN,ONE_RAISE,JTs,0,0,0,NONE,0
100BB,BTN,BTN,ONE_RAISE,J9s,0,0,0,NONE,0
100BB,BTN,BTN,ONE_RAISE,J8s,0,0,0,NONE,0
100BB,BTN,BTN,ONE_RAISE,J7s,0,0,0,NONE,0
100BB,BTN,BTN,ONE_RAISE,J6s,0,0,0,NONE,0
100BB,BTN,BTN,ONE_RAISE,J5s,0,0,0,NONE,0
100BB,BTN,BTN,ONE_RAISE,J4s,0,0,0,NONE,0
100BB,BTN,BTN,ONE_RAISE,J3s,0,0,0,NONE,0
100BB,BTN,BTN,ONE_RAISE,J2s,0,0,0,NONE,0
100BB,BTN,BTN,ONE_RAISE,T9s,0,0,0,NONE,0
100BB,BTN,BTN,ONE_RAISE,T8s,0,0,0,NONE,0
100BB,BTN,BTN,ONE_RAISE,T7s,0,0,0,NONE,0
100BB,BTN,BTN,ONE_RAISE,T6s,0,0,0,NONE,0
100BB,BTN,BTN,ONE_RAISE,T5s,0,0,0,NONE,0
100BB,BTN,BTN,ONE_RAISE,T4s,0,0,0,NONE,0
100BB,BTN,BTN,ONE_RAISE,T3s,0,0,0,NONE,0
100BB,BTN,BTN,ONE_RAISE,T2s,0,0,0,NONE,0
100BB,BTN,BTN,ONE_RAISE,98s,0,0,0,NONE,0
100BB,BTN,BTN,ONE_RAISE,97s,0,0,0,NONE,0
100BB,BTN,BTN,ONE_RAISE,96s,0,0,0,NONE,0
100BB,BTN,BTN,ONE_RAISE,95s,0,0,0,NONE,0
100BB,BTN,BTN,ONE_RAISE,94s,0,0,0,NONE,0
100BB,BTN,BTN,ONE_RAISE,93s,0,0,0,NONE,0
100BB,BTN,BTN,ONE_RAISE,92s,0,0,0,NONE,0
100BB,BTN,BTN,ONE_RAISE,87s,0,0,0,NONE,0
100BB,BTN,BTN,ONE_RAISE,86s,0,0,0,NONE,0
100BB,BTN,BTN,ONE_RAISE,85s,0,0,0,NONE,0
100BB,BTN,BTN,ONE_RAISE,84s,0,0,0,NONE,0
100BB,BTN,BTN,ONE_RAISE,83s,0,0,0,NONE,0
100BB,BTN,BTN,ONE_RAISE,82s,0,0,0,NONE,0
100BB,BTN,BTN,ONE_RAISE,76s,0,0,0,NONE,0
100BB,BTN,BTN,ONE_RAISE,75s,0,0,0,NONE,0
100BB,BTN,BTN,ONE_RAISE,74s,0,0,0,NONE,0
100BB,BTN,BTN,ONE_RAISE,73s,0,0,0,NONE,0
100BB,BTN,BTN,ONE_RAISE,72s,0,0,0,NONE,0
100BB,BTN,BTN,ONE_RAISE,65s,0,0,0,NONE,0
100BB,BTN,BTN,ONE_RAISE,64s,0,0,0,NONE,0
100BB,BTN,BTN,ONE_RAISE,63s,0,0,0,NONE,0
100BB,BTN,BTN,ONE_RAISE,62s,0,0,0,NONE,0
100BB,BTN,BTN,ONE_RAISE,54s,0,0,0,NONE,0
100BB,BTN,BTN,ONE_RAISE,53s,0,0,0,NONE,0
100BB,BTN,BTN,ONE_RAISE,52s,0,0,0,NONE,0
100BB,BTN,BTN,ONE_RAISE,43s,0,0,0,NONE,0
100BB,BTN,BTN,ONE_RAISE,42s,0,0,0,NONE,0
100BB,BTN,BTN,ONE_RAISE,32s,0,0,0,NONE,0
100BB,BTN,BTN,ONE_RAISE,AKo,0,0,0,NONE,0
100BB,BTN,BTN,ONE_RAISE,AQo,0,0,0,NONE,0
100BB,BTN,BTN,ONE_RAISE,AJo,0,0,0,NONE,0
100BB,BTN,BTN,ONE_RAISE,ATo,0,0,0,NONE,0
100BB,BTN,BTN,ONE_RAISE,A9o,0,0,0,NONE,0
100BB,BTN,BTN,ONE_RAISE,A8o,0,0,0,NONE,0
100BB,BTN,BTN,ONE_RAISE,A7o,0,0,0,NONE,0
100BB,BTN,BTN,ONE_RAISE,A6o,0,0,0,NONE,0
100BB,BTN,BTN,ONE_RAISE,A5o,0,0,0,NONE,0
100BB,BTN,BTN,ONE_RAISE,A4o,0,0,0,NONE,0
100BB,BTN,BTN,ONE_RAISE,A3o,0,0,0,NONE,0
100BB,BTN,BTN,ONE_RAISE,A2o,0,0,0,NONE,0
100BB,BTN,BTN,ONE_RAISE,KQo,0,0,0,NONE,0
100BB,BTN,BTN,ONE_RAISE,KJo,0,0,0,NONE,0
100BB,BTN,BTN,ONE_RAISE,KTo,0,0,0,NONE,0
100BB,BTN,BTN,ONE_RAISE,K9o,0,0,0,NONE,0
100BB,BTN,BTN,ONE_RAISE,K8o,0,0,0,NONE,0
100BB,BTN,BTN,ONE_RAISE,K7o,0,0,0,NONE,0
100BB,BTN,BTN,ONE_RAISE,K6o,0,0,0,NONE,0
100BB,BTN,BTN,ONE_RAISE,K5o,0,0,0,NONE,0
100BB,BTN,BTN,ONE_RAISE,K4o,0,0,0,NONE,0
100BB,BTN,BTN,ONE_RAISE,K3o,0,0,0,NONE,0
100BB,BTN,BTN,ONE_RAISE,K2o,0,0,0,NONE,0
100BB,BTN,BTN,ONE_RAISE,QJo,0,0,0,NONE,0
100BB,BTN,BTN,ONE_RAISE,QTo,0,0,0,NONE,0
100BB,BTN,BTN,ONE_RAISE,Q9o,0,0,0,NONE,0
100BB,BTN,BTN,ONE_RAISE,Q8o,0,0,0,NONE,0
100BB,BTN,BTN,ONE_RAISE,Q7o,0,0,0,NONE,0
100BB,BTN,BTN,ONE_RAISE,Q6o,0,0,0,NONE,0
100BB,BTN,BTN,ONE_RAISE,Q5o,0,0,0,NONE,0
100BB,BTN,BTN,ONE_RAISE,Q4o,0,0,0,NONE,0
100BB,BTN,BTN,ONE_RAISE,Q3o,0,0,0,NONE,0
100BB,BTN,BTN,ONE_RAISE,Q2o,0,0,0,NONE,0
100BB,BTN,BTN,ONE_RAISE,JTo,0,0,0,NONE,0
100BB,BTN,BTN,ONE_RAISE,J9o,0,0,0,NONE,0
100BB,BTN,BTN,ONE_RAISE,J8o,0,0,0,NONE,0
100BB,BTN,BTN,ONE_RAISE,J7o,0,0,0,NONE,0
100BB,BTN,BTN,ONE_RAISE,J6o,0,0,0,NONE,0
100BB,BTN,BTN,ONE_RAISE,J5o,0,0,0,NONE,0
100BB,BTN,BTN,ONE_RAISE,J4o,0,0,0,NONE,0
100BB,BTN,BTN,ONE_RAISE,J3o,0,0,0,NONE,0
100BB,BTN,BTN,ONE_RAISE,J2o,0,0,0,NONE,0
100BB,BTN,BTN,ONE_RAISE,T9o,0,0,0,NONE,0
100BB,BTN,BTN,ONE_RAISE,T8o,0,0,0,NONE,0
100BB,BTN,BTN,ONE_RAISE,T7o,0,0,0,NONE,0
100BB,BTN,BTN,ONE_RAISE,T6o,0,0,0,NONE,0
100BB,BTN,BTN,ONE_RAISE,T5o,0,0,0,NONE,0
100BB,BTN,BTN,ONE_RAISE,T4o,0,0,0,NONE,0
100BB,BTN,BTN,ONE_RAISE,T3o,0,0,0,NONE,0
100BB,BTN,BTN,ONE_RAISE,T2o,0,0,0,NONE,0
100BB,BTN,BTN,ONE_RAISE,98o,0,0,0,NONE,0
100BB,BTN,BTN,ONE_RAISE,97o,0,0,0,NONE,0
100BB,BTN,BTN,ONE_RAISE,96o,0,0,0,NONE,0
100BB,BTN,BTN,ONE_RAISE,95o,0,0,0,NONE,0
100BB,BTN,BTN,ONE_RAISE,94o,0,0,0,NONE,0
100BB,BTN,BTN,ONE_RAISE,93o,0,0,0,NONE,0
100BB,BTN,BTN,ONE_RAISE,92o,0,0,0,NONE,0
100BB,BTN,BTN,ONE_RAISE,87o,0,0,0,NONE,0
100BB,BTN,BTN,ONE_RAISE,86o,0,0,0,NONE,0
100BB,BTN,BTN,ONE_RAISE,85o,0,0,0,NONE,0
100BB,BTN,BTN,ONE_RAISE,84o,0,0,0,NONE,0
100BB,BTN,BTN,ONE_RAISE,83o,0,0,0,NONE,0
100BB,BTN,BTN,ONE_RAISE,82o,0,0,0,NONE,0
100BB,BTN,BTN,ONE_RAISE,76o,0,0,0,NONE,0
100BB,BTN,BTN,ONE_RAISE,75o,0,0,0,NONE,0
100BB,BTN,BTN,ONE_RAISE,74o,0,0,0,NONE,0
100BB,BTN,BTN,ONE_RAISE,73o,0,0,0,NONE,0
100BB,BTN,BTN,ONE_RAISE,72o,0,0,0,NONE,0
100BB,BTN,BTN,ONE_RAISE,65o,0,0,0,NONE,0
100BB,BTN,BTN,ONE_RAISE,64o,0,0,0,NONE,0
100BB,BTN,BTN,ONE_RAISE,63o,0,0,0,NONE,0
100BB,BTN,BTN,ONE_RAISE,62o,0,0,0,NONE,0
100BB,BTN,BTN,ONE_RAISE,54o,0,0,0,NONE,0
100BB,BTN,BTN,ONE_RAISE,53o,0,0,0,NONE,0
100BB,BTN,BTN,ONE_RAISE,52o,0,0,0,NONE,0
100BB,BTN,BTN,ONE_RAISE,43o,0,0,0,NONE,0
100BB,BTN,BTN,ONE_RAISE,42o,0,0,0,NONE,0
100BB,BTN,BTN,ONE_RAISE,32o,0,0,0,NONE,0
100BB,BTN,BTN,THREE_BET,AA,0,0,0,NONE,0
100BB,BTN,BTN,THREE_BET,KK,0,0,0,NONE,0
100BB,BTN,BTN,THREE_BET,QQ,0,0,0,NONE,0
100BB,BTN,BTN,THREE_BET,JJ,0,0,0,NONE,0
100BB,BTN,BTN,THREE_BET,TT,0,0,0,NONE,0
100BB,BTN,BTN,THREE_BET,99,0,0,0,NONE,0
100BB,BTN,BTN,THREE_BET,88,0,0,0,NONE,0
100BB,BTN,BTN,THREE_BET,77,0,0,0,NONE,0
100BB,BTN,BTN,THREE_BET,66,0,0,0,NONE,0
100BB,BTN,BTN,THREE_BET,55,0,0,0,NONE,0
100BB,BTN,BTN,THREE_BET,44,0,0,0,NONE,0
100BB,BTN,BTN,THREE_BET,33,0,0,0,NONE,0
100BB,BTN,BTN,THREE_BET,22,0,0,0,NONE,0
100BB,BTN,BTN,THREE_BET,AKs,0,0,0,NONE,0
100BB,BTN,BTN,THREE_BET,AQs,0,0,0,NONE,0
100BB,BTN,BTN,THREE_BET,AJs,0,0,0,NONE,0
100BB,BTN,BTN,THREE_BET,ATs,0,0,0,NONE,0
100BB,BTN,BTN,THREE_BET,A9s,0,0,0,NONE,0
100BB,BTN,BTN,THREE_BET,A8s,0,0,0,NONE,0
100BB,BTN,BTN,THREE_BET,A7s,0,0,0,NONE,0
100BB,BTN,BTN,THREE_BET,A6s,0,0,0,NONE,0
100BB,BTN,BTN,THREE_BET,A5s,0,0,0,NONE,0
100BB,BTN,BTN,THREE_BET,A4s,0,0,0,NONE,0
100BB,BTN,BTN,THREE_BET,A3s,0,0,0,NONE,0
100BB,BTN,BTN,THREE_BET,A2s,0,0,0,NONE,0
100BB,BTN,BTN,THREE_BET,KQs,0,0,0,NONE,0
100BB,BTN,BTN,THREE_BET,KJs,0,0,0,NONE,0
100BB,BTN,BTN,THREE_BET,KTs,0,0,0,NONE,0
100BB,BTN,BTN,THREE_BET,K9s,0,0,0,NONE,0
100BB,BTN,BTN,THREE_BET,K8s,0,0,0,NONE,0
100BB,BTN,BTN,THREE_BET,K7s,0,0,0,NONE,0
100BB,BTN,BTN,THREE_BET,K6s,0,0,0,NONE,0
100BB,BTN,BTN,THREE_BET,K5s,0,0,0,NONE,0
100BB,BTN,BTN,THREE_BET,K4s,0,0,0,NONE,0
100BB,BTN,BTN,THREE_BET,K3s,0,0,0,NONE,0
100BB,BTN,BTN,THREE_BET,K2s,0,0,0,NONE,0
100BB,BTN,BTN,THREE_BET,QJs,0,0,0,NONE,0
100BB,BTN,BTN,THREE_BET,QTs,0,0,0,NONE,0
100BB,BTN,BTN,THREE_BET,Q9s,0,0,0,NONE,0
100BB,BTN,BTN,THREE_BET,Q8s,0,0,0,NONE,0
100BB,BTN,BTN,THREE_BET,Q7s,0,0,0,NONE,0
100BB,BTN,BTN,THREE_BET,Q6s,0,0,0,NONE,0
100BB,BTN,BTN,THREE_BET,Q5s,0,0,0,NONE,0
100BB,BTN,BTN,THREE_BET,Q4s,0,0,0,NONE,0
100BB,BTN,BTN,THREE_BET,Q3s,0,0,0,NONE,0
100BB,BTN,BTN,THREE_BET,Q2s,0,0,0,NONE,0
100BB,BTN,BTN,THREE_BET,JTs,0,0,0,NONE,0
100BB,BTN,BTN,THREE_BET,J9s,0,0,0,NONE,0
100BB,BTN,BTN,THREE_BET,J8s,0,0,0,NONE,0
100BB,BTN,BTN,THREE_BET,J7s,0,0,0,NONE,0
100BB,BTN,BTN,THREE_BET,J6s,0,0,0,NONE,0
100BB,BTN,BTN,THREE_BET,J5s,0,0,0,NONE,0
100BB,BTN,BTN,THREE_BET,J4s,0,0,0,NONE,0
100BB,BTN,BTN,THREE_BET,J3s,0,0,0,NONE,0
100BB,BTN,BTN,THREE_BET,J2s,0,0,0,NONE,0
100BB,BTN,BTN,THREE_BET,T9s,0,0,0,NONE,0
100BB,BTN,BTN,THREE_BET,T8s,0,0,0,NONE,0
100BB,BTN,BTN,THREE_BET,T7s,0,0,0,NONE,0
100BB,BTN,BTN,THREE_BET,T6s,0,0,0,NONE,0
100BB,BTN,BTN,THREE_BET,T5s,0,0,0,NONE,0
100BB,BTN,BTN,THREE_BET,T4s,0,0,0,NONE,0
100BB,BTN,BTN,THREE_BET,T3s,0,0,0,NONE,0
100BB,BTN,BTN,THREE_BET,T2s,0,0,0,NONE,0
100BB,BTN,BTN,THREE_BET,98s,0,0,0,NONE,0
100BB,BTN,BTN,THREE_BET,97s,0,0,0,NONE,0
100BB,BTN,BTN,THREE_BET,96s,0,0,0,NONE,0
100BB,BTN,BTN,THREE_BET,95s,0,0,0,NONE,0
100BB,BTN,BTN,THREE_BET,94s,0,0,0,NONE,0
100BB,BTN,BTN,THREE_BET,93s,0,0,0,NONE,0
100BB,BTN,BTN,THREE_BET,92s,0,0,0,NONE,0
100BB,BTN,BTN,THREE_BET,87s,0,0,0,NONE,0
100BB,BTN,BTN,THREE_BET,86s,0,0,0,NONE,0
100BB,BTN,BTN,THREE_BET,85s,0,0,0,NONE,0
100BB,BTN,BTN,THREE_BET,84s,0,0,0,NONE,0
100BB,BTN,BTN,THREE_BET,83s,0,0,0,NONE,0
100BB,BTN,BTN,THREE_BET,82s,0,0,0,NONE,0
100BB,BTN,BTN,THREE_BET,76s,0,0,0,NONE,0
100BB,BTN,BTN,THREE_BET,75s,0,0,0,NONE,0
100BB,BTN,BTN,THREE_BET,74s,0,0,0,NONE,0
100BB,BTN,BTN,THREE_BET,73s,0,0,0,NONE,0
100BB,BTN,BTN,THREE_BET,72s,0,0,0,NONE,0
100BB,BTN,BTN,THREE_BET,65s,0,0,0,NONE,0
100BB,BTN,BTN,THREE_BET,64s,0,0,0,NONE,0
100BB,BTN,BTN,THREE_BET,63s,0,0,0,NONE,0
100BB,BTN,BTN,THREE_BET,62s,0,0,0,NONE,0
100BB,BTN,BTN,THREE_BET,54s,0,0,0,NONE,0
100BB,BTN,BTN,THREE_BET,53s,0,0,0,NONE,0
100BB,BTN,BTN,THREE_BET,52s,0,0,0,NONE,0
100BB,BTN,BTN,THREE_BET,43s,0,0,0,NONE,0
100BB,BTN,BTN,THREE_BET,42s,0,0,0,NONE,0
100BB,BTN,BTN,THREE_BET,32s,0,0,0,NONE,0
100BB,BTN,BTN,THREE_BET,AKo,0,0,0,NONE,0
100BB,BTN,BTN,THREE_BET,AQo,0,0,0,NONE,0
100BB,BTN,BTN,THREE_BET,AJo,0,0,0,NONE,0
100BB,BTN,BTN,THREE_BET,ATo,0,0,0,NONE,0
100BB,BTN,BTN,THREE_BET,A9o,0,0,0,NONE,0
100BB,BTN,BTN,THREE_BET,A8o,0,0,0,NONE,0
100BB,BTN,BTN,THREE_BET,A7o,0,0,0,NONE,0
100BB,BTN,BTN,THREE_BET,A6o,0,0,0,NONE,0
100BB,BTN,BTN,THREE_BET,A5o,0,0,0,NONE,0
100BB,BTN,BTN,THREE_BET,A4o,0,0,0,NONE,0
100BB,BTN,BTN,THREE_BET,A3o,0,0,0,NONE,0
100BB,BTN,BTN,THREE_BET,A2o,0,0,0,NONE,0
100BB,BTN,BTN,THREE_BET,KQo,0,0,0,NONE,0
100BB,BTN,BTN,THREE_BET,KJo,0,0,0,NONE,0
100BB,BTN,BTN,THREE_BET,KTo,0,0,0,NONE,0
100BB,BTN,BTN,THREE_BET,K9o,0,0,0,NONE,0
100BB,BTN,BTN,THREE_BET,K8o,0,0,0,NONE,0
100BB,BTN,BTN,THREE_BET,K7o,0,0,0,NONE,0
100BB,BTN,BTN,THREE_BET,K6o,0,0,0,NONE,0
100BB,BTN,BTN,THREE_BET,K5o,0,0,0,NONE,0
100BB,BTN,BTN,THREE_BET,K4o,0,0,0,NONE,0
100BB,BTN,BTN,THREE_BET,K3o,0,0,0,NONE,0
100BB,BTN,BTN,THREE_BET,K2o,0,0,0,NONE,0
100BB,BTN,BTN,THREE_BET,QJo,0,0,0,NONE,0
100BB,BTN,BTN,THREE_BET,QTo,0,0,0,NONE,0
100BB,BTN,BTN,THREE_BET,Q9o,0,0,0,NONE,0
100BB,BTN,BTN,THREE_BET,Q8o,0,0,0,NONE,0
100BB,BTN,BTN,THREE_BET,Q7o,0,0,0,NONE,0
100BB,BTN,BTN,THREE_BET,Q6o,0,0,0,NONE,0
100BB,BTN,BTN,THREE_BET,Q5o,0,0,0,NONE,0
100BB,BTN,BTN,THREE_BET,Q4o,0,0,0,NONE,0
100BB,BTN,BTN,THREE_BET,Q3o,0,0,0,NONE,0
100BB,BTN,BTN,THREE_BET,Q2o,0,0,0,NONE,0
100BB,BTN,BTN,THREE_BET,JTo,0,0,0,NONE,0
100BB,BTN,BTN,THREE_BET,J9o,0,0,0,NONE,0
100BB,BTN,BTN,THREE_BET,J8o,0,0,0,NONE,0
100BB,BTN,BTN,THREE_BET,J7o,0,0,0,NONE,0
100BB,BTN,BTN,THREE_BET,J6o,0,0,0,NONE,0
100BB,BTN,BTN,THREE_BET,J5o,0,0,0,NONE,0
100BB,BTN,BTN,THREE_BET,J4o,0,0,0,NONE,0
100BB,BTN,BTN,THREE_BET,J3o,0,0,0,NONE,0
100BB,BTN,BTN,THREE_BET,J2o,0,0,0,NONE,0
100BB,BTN,BTN,THREE_BET,T9o,0,0,0,NONE,0
100BB,BTN,BTN,THREE_BET,T8o,0,0,0,NONE,0
100BB,BTN,BTN,THREE_BET,T7o,0,0,0,NONE,0
100BB,BTN,BTN,THREE_BET,T6o,0,0,0,NONE,0
100BB,BTN,BTN,THREE_BET,T5o,0,0,0,NONE,0
100BB,BTN,BTN,THREE_BET,T4o,0,0,0,NONE,0
100BB,BTN,BTN,THREE_BET,T3o,0,0,0,NONE,0
100BB,BTN,BTN,THREE_BET,T2o,0,0,0,NONE,0
100BB,BTN,BTN,THREE_BET,98o,0,0,0,NONE,0
100BB,BTN,BTN,THREE_BET,97o,0,0,0,NONE,0
100BB,BTN,BTN,THREE_BET,96o,0,0,0,NONE,0
100BB,BTN,BTN,THREE_BET,95o,0,0,0,NONE,0
100BB,BTN,BTN,THREE_BET,94o,0,0,0,NONE,0
100BB,BTN,BTN,THREE_BET,93o,0,0,0,NONE,0
100BB,BTN,BTN,THREE_BET,92o,0,0,0,NONE,0
100BB,BTN,BTN,THREE_BET,87o,0,0,0,NONE,0
100BB,BTN,BTN,THREE_BET,86o,0,0,0,NONE,0
100BB,BTN,BTN,THREE_BET,85o,0,0,0,NONE,0
100BB,BTN,BTN,THREE_BET,84o,0,0,0,NONE,0
100BB,BTN,BTN,THREE_BET,83o,0,0,0,NONE,0
100BB,BTN,BTN,THREE_BET,82o,0,0,0,NONE,0
100BB,BTN,BTN,THREE_BET,76o,0,0,0,NONE,0
100BB,BTN,BTN,THREE_BET,75o,0,0,0,NONE,0
100BB,BTN,BTN,THREE_BET,74o,0,0,0,NONE,0
100BB,BTN,BTN,THREE_BET,73o,0,0,0,NONE,0
100BB,BTN,BTN,THREE_BET,72o,0,0,0,NONE,0
100BB,BTN,BTN,THREE_BET,65o,0,0,0,NONE,0
100BB,BTN,BTN,THREE_BET,64o,0,0,0,NONE,0
100BB,BTN,BTN,THREE_BET,63o,0,0,0,NONE,0
100BB,BTN,BTN,THREE_BET,62o,0,0,0,NONE,0
100BB,BTN,BTN,THREE_BET,54o,0,0,0,NONE,0
100BB,BTN,BTN,THREE_BET,53o,0,0,0,NONE,0
100BB,BTN,BTN,THREE_BET,52o,0,0,0,NONE,0
100BB,BTN,BTN,THREE_BET,43o,0,0,0,NONE,0
100BB,BTN,BTN,THREE_BET,42o,0,0,0,NONE,0
100BB,BTN,BTN,THREE_BET,32o,0,0,0,NONE,0
100BB,BTN,SB,UNOPENED,AA,0,0,0,NONE,0
100BB,BTN,SB,UNOPENED,KK,0,0,0,NONE,0
100BB,BTN,SB,UNOPENED,QQ,0,0,0,NONE,0
100BB,BTN,SB,UNOPENED,JJ,0,0,0,NONE,0
100BB,BTN,SB,UNOPENED,TT,0,0,0,NONE,0
100BB,BTN,SB,UNOPENED,99,0,0,0,NONE,0
100BB,BTN,SB,UNOPENED,88,0,0,0,NONE,0
100BB,BTN,SB,UNOPENED,77,0,0,0,NONE,0
100BB,BTN,SB,UNOPENED,66,0,0,0,NONE,0
100BB,BTN,SB,UNOPENED,55,0,0,0,NONE,0
100BB,BTN,SB,UNOPENED,44,0,0,0,NONE,0
100BB,BTN,SB,UNOPENED,33,0,0,0,NONE,0
100BB,BTN,SB,UNOPENED,22,0,0,0,NONE,0
100BB,BTN,SB,UNOPENED,AKs,0,0,0,NONE,0
100BB,BTN,SB,UNOPENED,AQs,0,0,0,NONE,0
100BB,BTN,SB,UNOPENED,AJs,0,0,0,NONE,0
100BB,BTN,SB,UNOPENED,ATs,0,0,0,NONE,0
100BB,BTN,SB,UNOPENED,A9s,0,0,0,NONE,0
100BB,BTN,SB,UNOPENED,A8s,0,0,0,NONE,0
100BB,BTN,SB,UNOPENED,A7s,0,0,0,NONE,0
100BB,BTN,SB,UNOPENED,A6s,0,0,0,NONE,0
100BB,BTN,SB,UNOPENED,A5s,0,0,0,NONE,0
100BB,BTN,SB,UNOPENED,A4s,0,0,0,NONE,0
100BB,BTN,SB,UNOPENED,A3s,0,0,0,NONE,0
100BB,BTN,SB,UNOPENED,A2s,0,0,0,NONE,0
100BB,BTN,SB,UNOPENED,KQs,0,0,0,NONE,0
100BB,BTN,SB,UNOPENED,KJs,0,0,0,NONE,0
100BB,BTN,SB,UNOPENED,KTs,0,0,0,NONE,0
100BB,BTN,SB,UNOPENED,K9s,0,0,0,NONE,0
100BB,BTN,SB,UNOPENED,K8s,0,0,0,NONE,0
100BB,BTN,SB,UNOPENED,K7s,0,0,0,NONE,0
100BB,BTN,SB,UNOPENED,K6s,0,0,0,NONE,0
100BB,BTN,SB,UNOPENED,K5s,0,0,0,NONE,0
100BB,BTN,SB,UNOPENED,K4s,0,0,0,NONE,0
100BB,BTN,SB,UNOPENED,K3s,0,0,0,NONE,0
100BB,BTN,SB,UNOPENED,K2s,0,0,0,NONE,0
100BB,BTN,SB,UNOPENED,QJs,0,0,0,NONE,0
100BB,BTN,SB,UNOPENED,QTs,0,0,0,NONE,0
100BB,BTN,SB,UNOPENED,Q9s,0,0,0,NONE,0
100BB,BTN,SB,UNOPENED,Q8s,0,0,0,NONE,0
100BB,BTN,SB,UNOPENED,Q7s,0,0,0,NONE,0
100BB,BTN,SB,UNOPENED,Q6s,0,0,0,NONE,0
100BB,BTN,SB,UNOPENED,Q5s,0,0,0,NONE,0
100BB,BTN,SB,UNOPENED,Q4s,0,0,0,NONE,0
100BB,BTN,SB,UNOPENED,Q3s,0,0,0,NONE,0
100BB,BTN,SB,UNOPENED,Q2s,0,0,0,NONE,0
100BB,BTN,SB,UNOPENED,JTs,0,0,0,NONE,0
100BB,BTN,SB,UNOPENED,J9s,0,0,0,NONE,0
100BB,BTN,SB,UNOPENED,J8s,0,0,0,NONE,0
100BB,BTN,SB,UNOPENED,J7s,0,0,0,NONE,0
100BB,BTN,SB,UNOPENED,J6s,0,0,0,NONE,0
100BB,BTN,SB,UNOPENED,J5s,0,0,0,NONE,0
100BB,BTN,SB,UNOPENED,J4s,0,0,0,NONE,0
100BB,BTN,SB,UNOPENED,J3s,0,0,0,NONE,0
100BB,BTN,SB,UNOPENED,J2s,0,0,0,NONE,0
100BB,BTN,SB,UNOPENED,T9s,0,0,0,NONE,0
100BB,BTN,SB,UNOPENED,T8s,0,0,0,NONE,0
100BB,BTN,SB,UNOPENED,T7s,0,0,0,NONE,0
100BB,BTN,SB,UNOPENED,T6s,0,0,0,NONE,0
100BB,BTN,SB,UNOPENED,T5s,0,0,0,NONE,0
100BB,BTN,SB,UNOPENED,T4s,0,0,0,NONE,0
100BB,BTN,SB,UNOPENED,T3s,0,0,0,NONE,0
100BB,BTN,SB,UNOPENED,T2s,0,0,0,NONE,0
100BB,BTN,SB,UNOPENED,98s,0,0,0,NONE,0
100BB,BTN,SB,UNOPENED,97s,0,0,0,NONE,0
100BB,BTN,SB,UNOPENED,96s,0,0,0,NONE,0
100BB,BTN,SB,UNOPENED,95s,0,0,0,NONE,0
100BB,BTN,SB,UNOPENED,94s,0,0,0,NONE,0
100BB,BTN,SB,UNOPENED,93s,0,0,0,NONE,0
100BB,BTN,SB,UNOPENED,92s,0,0,0,NONE,0
100BB,BTN,SB,UNOPENED,87s,0,0,0,NONE,0
100BB,BTN,SB,UNOPENED,86s,0,0,0,NONE,0
100BB,BTN,SB,UNOPENED,85s,0,0,0,NONE,0
100BB,BTN,SB,UNOPENED,84s,0,0,0,NONE,0
100BB,BTN,SB,UNOPENED,83s,0,0,0,NONE,0
100BB,BTN,SB,UNOPENED,82s,0,0,0,NONE,0
100BB,BTN,SB,UNOPENED,76s,0,0,0,NONE,0
100BB,BTN,SB,UNOPENED,75s,0,0,0,NONE,0
100BB,BTN,SB,UNOPENED,74s,0,0,0,NONE,0
100BB,BTN,SB,UNOPENED,73s,0,0,0,NONE,0
100BB,BTN,SB,UNOPENED,72s,0,0,0,NONE,0
100BB,BTN,SB,UNOPENED,65s,0,0,0,NONE,0
100BB,BTN,SB,UNOPENED,64s,0,0,0,NONE,0
100BB,BTN,SB,UNOPENED,63s,0,0,0,NONE,0
100BB,BTN,SB,UNOPENED,62s,0,0,0,NONE,0
100BB,BTN,SB,UNOPENED,54s,0,0,0,NONE,0
100BB,BTN,SB,UNOPENED,53s,0,0,0,NONE,0
100BB,BTN,SB,UNOPENED,52s,0,0,0,NONE,0
100BB,BTN,SB,UNOPENED,43s,0,0,0,NONE,0
100BB,BTN,SB,UNOPENED,42s,0,0,0,NONE,0
100BB,BTN,SB,UNOPENED,32s,0,0,0,NONE,0
100BB,BTN,SB,UNOPENED,AKo,0,0,0,NONE,0
100BB,BTN,SB,UNOPENED,AQo,0,0,0,NONE,0
100BB,BTN,SB,UNOPENED,AJo,0,0,0,NONE,0
100BB,BTN,SB,UNOPENED,ATo,0,0,0,NONE,0
100BB,BTN,SB,UNOPENED,A9o,0,0,0,NONE,0
100BB,BTN,SB,UNOPENED,A8o,0,0,0,NONE,0
100BB,BTN,SB,UNOPENED,A7o,0,0,0,NONE,0
100BB,BTN,SB,UNOPENED,A6o,0,0,0,NONE,0
100BB,BTN,SB,UNOPENED,A5o,0,0,0,NONE,0
100BB,BTN,SB,UNOPENED,A4o,0,0,0,NONE,0
100BB,BTN,SB,UNOPENED,A3o,0,0,0,NONE,0
100BB,BTN,SB,UNOPENED,A2o,0,0,0,NONE,0
100BB,BTN,SB,UNOPENED,KQo,0,0,0,NONE,0
100BB,BTN,SB,UNOPENED,KJo,0,0,0,NONE,0
100BB,BTN,SB,UNOPENED,KTo,0,0,0,NONE,0
100BB,BTN,SB,UNOPENED,K9o,0,0,0,NONE,0
100BB,BTN,SB,UNOPENED,K8o,0,0,0,NONE,0
100BB,BTN,SB,UNOPENED,K7o,0,0,0,NONE,0
100BB,BTN,SB,UNOPENED,K6o,0,0,0,NONE,0
100BB,BTN,SB,UNOPENED,K5o,0,0,0,NONE,0
100BB,BTN,SB,UNOPENED,K4o,0,0,0,NONE,0
100BB,BTN,SB,UNOPENED,K3o,0,0,0,NONE,0
100BB,BTN,SB,UNOPENED,K2o,0,0,0,NONE,0
100BB,BTN,SB,UNOPENED,QJo,0,0,0,NONE,0
100BB,BTN,SB,UNOPENED,QTo,0,0,0,NONE,0
100BB,BTN,SB,UNOPENED,Q9o,0,0,0,NONE,0
100BB,BTN,SB,UNOPENED,Q8o,0,0,0,NONE,0
100BB,BTN,SB,UNOPENED,Q7o,0,0,0,NONE,0
100BB,BTN,SB,UNOPENED,Q6o,0,0,0,NONE,0
100BB,BTN,SB,UNOPENED,Q5o,0,0,0,NONE,0
100BB,BTN,SB,UNOPENED,Q4o,0,0,0,NONE,0
100BB,BTN,SB,UNOPENED,Q3o,0,0,0,NONE,0
100BB,BTN,SB,UNOPENED,Q2o,0,0,0,NONE,0
100BB,BTN,SB,UNOPENED,JTo,0,0,0,NONE,0
100BB,BTN,SB,UNOPENED,J9o,0,0,0,NONE,0
100BB,BTN,SB,UNOPENED,J8o,0,0,0,NONE,0
100BB,BTN,SB,UNOPENED,J7o,0,0,0,NONE,0
100BB,BTN,SB,UNOPENED,J6o,0,0,0,NONE,0
100BB,BTN,SB,UNOPENED,J5o,0,0,0,NONE,0
100BB,BTN,SB,UNOPENED,J4o,0,0,0,NONE,0
100BB,BTN,SB,UNOPENED,J3o,0,0,0,NONE,0
100BB,BTN,SB,UNOPENED,J2o,0,0,0,NONE,0
100BB,BTN,SB,UNOPENED,T9o,0,0,0,NONE,0
100BB,BTN,SB,UNOPENED,T8o,0,0,0,NONE,0
100BB,BTN,SB,UNOPENED,T7o,0,0,0,NONE,0
100BB,BTN,SB,UNOPENED,T6o,0,0,0,NONE,0
100BB,BTN,SB,UNOPENED,T5o,0,0,0,NONE,0
100BB,BTN,SB,UNOPENED,T4o,0,0,0,NONE,0
100BB,BTN,SB,UNOPENED,T3o,0,0,0,NONE,0
100BB,BTN,SB,UNOPENED,T2o,0,0,0,NONE,0
100BB,BTN,SB,UNOPENED,98o,0,0,0,NONE,0
100BB,BTN,SB,UNOPENED,97o,0,0,0,NONE,0
100BB,BTN,SB,UNOPENED,96o,0,0,0,NONE,0
100BB,BTN,SB,UNOPENED,95o,0,0,0,NONE,0
100BB,BTN,SB,UNOPENED,94o,0,0,0,NONE,0
100BB,BTN,SB,UNOPENED,93o,0,0,0,NONE,0
100BB,BTN,SB,UNOPENED,92o,0,0,0,NONE,0
100BB,BTN,SB,UNOPENED,87o,0,0,0,NONE,0
100BB,BTN,SB,UNOPENED,86o,0,0,0,NONE,0
100BB,BTN,SB,UNOPENED,85o,0,0,0,NONE,0
100BB,BTN,SB,UNOPENED,84o,0,0,0,NONE,0
100BB,BTN,SB,UNOPENED,83o,0,0,0,NONE,0
100BB,BTN,SB,UNOPENED,82o,0,0,0,NONE,0
100BB,BTN,SB,UNOPENED,76o,0,0,0,NONE,0
100BB,BTN,SB,UNOPENED,75o,0,0,0,NONE,0
100BB,BTN,SB,UNOPENED,74o,0,0,0,NONE,0
100BB,BTN,SB,UNOPENED,73o,0,0,0,NONE,0
100BB,BTN,SB,UNOPENED,72o,0,0,0,NONE,0
100BB,BTN,SB,UNOPENED,65o,0,0,0,NONE,0
100BB,BTN,SB,UNOPENED,64o,0,0,0,NONE,0
100BB,BTN,SB,UNOPENED,63o,0,0,0,NONE,0
100BB,BTN,SB,UNOPENED,62o,0,0,0,NONE,0
100BB,BTN,SB,UNOPENED,54o,0,0,0,NONE,0
100BB,BTN,SB,UNOPENED,53o,0,0,0,NONE,0
100BB,BTN,SB,UNOPENED,52o,0,0,0,NONE,0
100BB,BTN,SB,UNOPENED,43o,0,0,0,NONE,0
100BB,BTN,SB,UNOPENED,42o,0,0,0,NONE,0
100BB,BTN,SB,UNOPENED,32o,0,0,0,NONE,0
100BB,BTN,SB,ONE_RAISE,AA,0,0,0,NONE,0
100BB,BTN,SB,ONE_RAISE,KK,0,0,0,NONE,0
100BB,BTN,SB,ONE_RAISE,QQ,0,0,0,NONE,0
100BB,BTN,SB,ONE_RAISE,JJ,0,0,0,NONE,0
100BB,BTN,SB,ONE_RAISE,TT,0,0,0,NONE,0
100BB,BTN,SB,ONE_RAISE,99,0,0,0,NONE,0
100BB,BTN,SB,ONE_RAISE,88,0,0,0,NONE,0
100BB,BTN,SB,ONE_RAISE,77,0,0,0,NONE,0
100BB,BTN,SB,ONE_RAISE,66,0,0,0,NONE,0
100BB,BTN,SB,ONE_RAISE,55,0,0,0,NONE,0
100BB,BTN,SB,ONE_RAISE,44,0,0,0,NONE,0
100BB,BTN,SB,ONE_RAISE,33,0,0,0,NONE,0
100BB,BTN,SB,ONE_RAISE,22,0,0,0,NONE,0
100BB,BTN,SB,ONE_RAISE,AKs,0,0,0,NONE,0
100BB,BTN,SB,ONE_RAISE,AQs,0,0,0,NONE,0
100BB,BTN,SB,ONE_RAISE,AJs,0,0,0,NONE,0
100BB,BTN,SB,ONE_RAISE,ATs,0,0,0,NONE,0
100BB,BTN,SB,ONE_RAISE,A9s,0,0,0,NONE,0
100BB,BTN,SB,ONE_RAISE,A8s,0,0,0,NONE,0
100BB,BTN,SB,ONE_RAISE,A7s,0,0,0,NONE,0
100BB,BTN,SB,ONE_RAISE,A6s,0,0,0,NONE,0
100BB,BTN,SB,ONE_RAISE,A5s,0,0,0,NONE,0
100BB,BTN,SB,ONE_RAISE,A4s,0,0,0,NONE,0
100BB,BTN,SB,ONE_RAISE,A3s,0,0,0,NONE,0
100BB,BTN,SB,ONE_RAISE,A2s,0,0,0,NONE,0
100BB,BTN,SB,ONE_RAISE,KQs,0,0,0,NONE,0
100BB,BTN,SB,ONE_RAISE,KJs,0,0,0,NONE,0
100BB,BTN,SB,ONE_RAISE,KTs,0,0,0,NONE,0
100BB,BTN,SB,ONE_RAISE,K9s,0,0,0,NONE,0
100BB,BTN,SB,ONE_RAISE,K8s,0,0,0,NONE,0
100BB,BTN,SB,ONE_RAISE,K7s,0,0,0,NONE,0
100BB,BTN,SB,ONE_RAISE,K6s,0,0,0,NONE,0
100BB,BTN,SB,ONE_RAISE,K5s,0,0,0,NONE,0
100BB,BTN,SB,ONE_RAISE,K4s,0,0,0,NONE,0
100BB,BTN,SB,ONE_RAISE,K3s,0,0,0,NONE,0
100BB,BTN,SB,ONE_RAISE,K2s,0,0,0,NONE,0
100BB,BTN,SB,ONE_RAISE,QJs,0,0,0,NONE,0
100BB,BTN,SB,ONE_RAISE,QTs,0,0,0,NONE,0
100BB,BTN,SB,ONE_RAISE,Q9s,0,0,0,NONE,0
100BB,BTN,SB,ONE_RAISE,Q8s,0,0,0,NONE,0
100BB,BTN,SB,ONE_RAISE,Q7s,0,0,0,NONE,0
100BB,BTN,SB,ONE_RAISE,Q6s,0,0,0,NONE,0
100BB,BTN,SB,ONE_RAISE,Q5s,0,0,0,NONE,0
100BB,BTN,SB,ONE_RAISE,Q4s,0,0,0,NONE,0
100BB,BTN,SB,ONE_RAISE,Q3s,0,0,0,NONE,0
100BB,BTN,SB,ONE_RAISE,Q2s,0,0,0,NONE,0
100BB,BTN,SB,ONE_RAISE,JTs,0,0,0,NONE,0
100BB,BTN,SB,ONE_RAISE,J9s,0,0,0,NONE,0
100BB,BTN,SB,ONE_RAISE,J8s,0,0,0,NONE,0
100BB,BTN,SB,ONE_RAISE,J7s,0,0,0,NONE,0
100BB,BTN,SB,ONE_RAISE,J6s,0,0,0,NONE,0
100BB,BTN,SB,ONE_RAISE,J5s,0,0,0,NONE,0
100BB,BTN,SB,ONE_RAISE,J4s,0,0,0,NONE,0
100BB,BTN,SB,ONE_RAISE,J3s,0,0,0,NONE,0
100BB,BTN,SB,ONE_RAISE,J2s,0,0,0,NONE,0
100BB,BTN,SB,ONE_RAISE,T9s,0,0,0,NONE,0
100BB,BTN,SB,ONE_RAISE,T8s,0,0,0,NONE,0
100BB,BTN,SB,ONE_RAISE,T7s,0,0,0,NONE,0
100BB,BTN,SB,ONE_RAISE,T6s,0,0,0,NONE,0
100BB,BTN,SB,ONE_RAISE,T5s,0,0,0,NONE,0
100BB,BTN,SB,ONE_RAISE,T4s,0,0,0,NONE,0
100BB,BTN,SB,ONE_RAISE,T3s,0,0,0,NONE,0
100BB,BTN,SB,ONE_RAISE,T2s,0,0,0,NONE,0
100BB,BTN,SB,ONE_RAISE,98s,0,0,0,NONE,0
100BB,BTN,SB,ONE_RAISE,97s,0,0,0,NONE,0
100BB,BTN,SB,ONE_RAISE,96s,0,0,0,NONE,0
100BB,BTN,SB,ONE_RAISE,95s,0,0,0,NONE,0
100BB,BTN,SB,ONE_RAISE,94s,0,0,0,NONE,0
100BB,BTN,SB,ONE_RAISE,93s,0,0,0,NONE,0
100BB,BTN,SB,ONE_RAISE,92s,0,0,0,NONE,0
100BB,BTN,SB,ONE_RAISE,87s,0,0,0,NONE,0
100BB,BTN,SB,ONE_RAISE,86s,0,0,0,NONE,0
100BB,BTN,SB,ONE_RAISE,85s,0,0,0,NONE,0
100BB,BTN,SB,ONE_RAISE,84s,0,0,0,NONE,0
100BB,BTN,SB,ONE_RAISE,83s,0,0,0,NONE,0
100BB,BTN,SB,ONE_RAISE,82s,0,0,0,NONE,0
100BB,BTN,SB,ONE_RAISE,76s,0,0,0,NONE,0
100BB,BTN,SB,ONE_RAISE,75s,0,0,0,NONE,0
100BB,BTN,SB,ONE_RAISE,74s,0,0,0,NONE,0
100BB,BTN,SB,ONE_RAISE,73s,0,0,0,NONE,0
100BB,BTN,SB,ONE_RAISE,72s,0,0,0,NONE,0
100BB,BTN,SB,ONE_RAISE,65s,0,0,0,NONE,0
100BB,BTN,SB,ONE_RAISE,64s,0,0,0,NONE,0
100BB,BTN,SB,ONE_RAISE,63s,0,0,0,NONE,0
100BB,BTN,SB,ONE_RAISE,62s,0,0,0,NONE,0
100BB,BTN,SB,ONE_RAISE,54s,0,0,0,NONE,0
100BB,BTN,SB,ONE_RAISE,53s,0,0,0,NONE,0
100BB,BTN,SB,ONE_RAISE,52s,0,0,0,NONE,0
100BB,BTN,SB,ONE_RAISE,43s,0,0,0,NONE,0
100BB,BTN,SB,ONE_RAISE,42s,0,0,0,NONE,0
100BB,BTN,SB,ONE_RAISE,32s,0,0,0,NONE,0
100BB,BTN,SB,ONE_RAISE,AKo,0,0,0,NONE,0
100BB,BTN,SB,ONE_RAISE,AQo,0,0,0,NONE,0
100BB,BTN,SB,ONE_RAISE,AJo,0,0,0,NONE,0
100BB,BTN,SB,ONE_RAISE,ATo,0,0,0,NONE,0
100BB,BTN,SB,ONE_RAISE,A9o,0,0,0,NONE,0
100BB,BTN,SB,ONE_RAISE,A8o,0,0,0,NONE,0
100BB,BTN,SB,ONE_RAISE,A7o,0,0,0,NONE,0
100BB,BTN,SB,ONE_RAISE,A6o,0,0,0,NONE,0
100BB,BTN,SB,ONE_RAISE,A5o,0,0,0,NONE,0
100BB,BTN,SB,ONE_RAISE,A4o,0,0,0,NONE,0
100BB,BTN,SB,ONE_RAISE,A3o,0,0,0,NONE,0
100BB,BTN,SB,ONE_RAISE,A2o,0,0,0,NONE,0
100BB,BTN,SB,ONE_RAISE,KQo,0,0,0,NONE,0
100BB,BTN,SB,ONE_RAISE,KJo,0,0,0,NONE,0
100BB,BTN,SB,ONE_RAISE,KTo,0,0,0,NONE,0
100BB,BTN,SB,ONE_RAISE,K9o,0,0,0,NONE,0
100BB,BTN,SB,ONE_RAISE,K8o,0,0,0,NONE,0
100BB,BTN,SB,ONE_RAISE,K7o,0,0,0,NONE,0
100BB,BTN,SB,ONE_RAISE,K6o,0,0,0,NONE,0
100BB,BTN,SB,ONE_RAISE,K5o,0,0,0,NONE,0
100BB,BTN,SB,ONE_RAISE,K4o,0,0,0,NONE,0
100BB,BTN,SB,ONE_RAISE,K3o,0,0,0,NONE,0
100BB,BTN,SB,ONE_RAISE,K2o,0,0,0,NONE,0
100BB,BTN,SB,ONE_RAISE,QJo,0,0,0,NONE,0
100BB,BTN,SB,ONE_RAISE,QTo,0,0,0,NONE,0
100BB,BTN,SB,ONE_RAISE,Q9o,0,0,0,NONE,0
100BB,BTN,SB,ONE_RAISE,Q8o,0,0,0,NONE,0
100BB,BTN,SB,ONE_RAISE,Q7o,0,0,0,NONE,0
100BB,BTN,SB,ONE_RAISE,Q6o,0,0,0,NONE,0
100BB,BTN,SB,ONE_RAISE,Q5o,0,0,0,NONE,0
100BB,BTN,SB,ONE_RAISE,Q4o,0,0,0,NONE,0
100BB,BTN,SB,ONE_RAISE,Q3o,0,0,0,NONE,0
100BB,BTN,SB,ONE_RAISE,Q2o,0,0,0,NONE,0
100BB,BTN,SB,ONE_RAISE,JTo,0,0,0,NONE,0
100BB,BTN,SB,ONE_RAISE,J9o,0,0,0,NONE,0
100BB,BTN,SB,ONE_RAISE,J8o,0,0,0,NONE,0
100BB,BTN,SB,ONE_RAISE,J7o,0,0,0,NONE,0
100BB,BTN,SB,ONE_RAISE,J6o,0,0,0,NONE,0
100BB,BTN,SB,ONE_RAISE,J5o,0,0,0,NONE,0
100BB,BTN,SB,ONE_RAISE,J4o,0,0,0,NONE,0
100BB,BTN,SB,ONE_RAISE,J3o,0,0,0,NONE,0
100BB,BTN,SB,ONE_RAISE,J2o,0,0,0,NONE,0
100BB,BTN,SB,ONE_RAISE,T9o,0,0,0,NONE,0
100BB,BTN,SB,ONE_RAISE,T8o,0,0,0,NONE,0
100BB,BTN,SB,ONE_RAISE,T7o,0,0,0,NONE,0
100BB,BTN,SB,ONE_RAISE,T6o,0,0,0,NONE,0
100BB,BTN,SB,ONE_RAISE,T5o,0,0,0,NONE,0
100BB,BTN,SB,ONE_RAISE,T4o,0,0,0,NONE,0
100BB,BTN,SB,ONE_RAISE,T3o,0,0,0,NONE,0
100BB,BTN,SB,ONE_RAISE,T2o,0,0,0,NONE,0
100BB,BTN,SB,ONE_RAISE,98o,0,0,0,NONE,0
100BB,BTN,SB,ONE_RAISE,97o,0,0,0,NONE,0
100BB,BTN,SB,ONE_RAISE,96o,0,0,0,NONE,0
100BB,BTN,SB,ONE_RAISE,95o,0,0,0,NONE,0
100BB,BTN,SB,ONE_RAISE,94o,0,0,0,NONE,0
100BB,BTN,SB,ONE_RAISE,93o,0,0,0,NONE,0
100BB,BTN,SB,ONE_RAISE,92o,0,0,0,NONE,0
100BB,BTN,SB,ONE_RAISE,87o,0,0,0,NONE,0
100BB,BTN,SB,ONE_RAISE,86o,0,0,0,NONE,0
100BB,BTN,SB,ONE_RAISE,85o,0,0,0,NONE,0
100BB,BTN,SB,ONE_RAISE,84o,0,0,0,NONE,0
100BB,BTN,SB,ONE_RAISE,83o,0,0,0,NONE,0
100BB,BTN,SB,ONE_RAISE,82o,0,0,0,NONE,0
100BB,BTN,SB,ONE_RAISE,76o,0,0,0,NONE,0
100BB,BTN,SB,ONE_RAISE,75o,0,0,0,NONE,0
100BB,BTN,SB,ONE_RAISE,74o,0,0,0,NONE,0
100BB,BTN,SB,ONE_RAISE,73o,0,0,0,NONE,0
100BB,BTN,SB,ONE_RAISE,72o,0,0,0,NONE,0
100BB,BTN,SB,ONE_RAISE,65o,0,0,0,NONE,0
100BB,BTN,SB,ONE_RAISE,64o,0,0,0,NONE,0
100BB,BTN,SB,ONE_RAISE,63o,0,0,0,NONE,0
100BB,BTN,SB,ONE_RAISE,62o,0,0,0,NONE,0
100BB,BTN,SB,ONE_RAISE,54o,0,0,0,NONE,0
100BB,BTN,SB,ONE_RAISE,53o,0,0,0,NONE,0
100BB,BTN,SB,ONE_RAISE,52o,0,0,0,NONE,0
100BB,BTN,SB,ONE_RAISE,43o,0,0,0,NONE,0
100BB,BTN,SB,ONE_RAISE,42o,0,0,0,NONE,0
100BB,BTN,SB,ONE_RAISE,32o,0,0,0,NONE,0
100BB,BTN,SB,THREE_BET,AA,0,41,59,2.2,1
100BB,BTN,SB,THREE_BET,KK,0,5,95,2.2,1
100BB,BTN,SB,THREE_BET,QQ,0,15,85,2.2,1
100BB,BTN,SB,THREE_BET,JJ,0,65,35,2.2,1
100BB,BTN,SB,THREE_BET,TT,0,70,30,2.2,1
100BB,BTN,SB,THREE_BET,99,0,91,9,2.2,1
100BB,BTN,SB,THREE_BET,88,0,92,8,2.2,1
100BB,BTN,SB,THREE_BET,77,0,100,0,NONE,1
100BB,BTN,SB,THREE_BET,66,0,100,0,NONE,1
100BB,BTN,SB,THREE_BET,55,0,100,0,NONE,1
100BB,BTN,SB,THREE_BET,44,0,100,0,NONE,1
100BB,BTN,SB,THREE_BET,33,0,100,0,NONE,1
100BB,BTN,SB,THREE_BET,22,0,100,0,NONE,1
100BB,BTN,SB,THREE_BET,AKs,0,5,95,2.2,1
100BB,BTN,SB,THREE_BET,AQs,0,100,0,NONE,1
100BB,BTN,SB,THREE_BET,AJs,0,100,0,NONE,1
100BB,BTN,SB,THREE_BET,ATs,0,100,0,NONE,1
100BB,BTN,SB,THREE_BET,A9s,0,100,0,NONE,1
100BB,BTN,SB,THREE_BET,A8s,0,100,0,NONE,1
100BB,BTN,SB,THREE_BET,A7s,0,97,3,2.2,1
100BB,BTN,SB,THREE_BET,A6s,0,66,34,2.2,1
100BB,BTN,SB,THREE_BET,A5s,0,100,0,NONE,1
100BB,BTN,SB,THREE_BET,A4s,0,100,0,NONE,1
100BB,BTN,SB,THREE_BET,A3s,0,100,0,NONE,1
100BB,BTN,SB,THREE_BET,A2s,0,83,17,2.2,1
100BB,BTN,SB,THREE_BET,KQs,0,100,0,NONE,1
100BB,BTN,SB,THREE_BET,KJs,0,100,0,NONE,1
100BB,BTN,SB,THREE_BET,KTs,0,100,0,NONE,1
100BB,BTN,SB,THREE_BET,K9s,0,100,0,NONE,1
100BB,BTN,SB,THREE_BET,K8s,0,100,0,NONE,1
100BB,BTN,SB,THREE_BET,K7s,0,95,5,2.2,1
100BB,BTN,SB,THREE_BET,K6s,0,90,10,2.2,1
100BB,BTN,SB,THREE_BET,K5s,0,66,34,2.2,1
100BB,BTN,SB,THREE_BET,K4s,2,68,30,2.2,1
100BB,BTN,SB,THREE_BET,K3s,83,17,0,NONE,1
100BB,BTN,SB,THREE_BET,K2s,100,0,0,NONE,1
100BB,BTN,SB,THREE_BET,QJs,0,100,0,NONE,1
100BB,BTN,SB,THREE_BET,QTs,0,100,0,NONE,1
100BB,BTN,SB,THREE_BET,Q9s,0,100,0,NONE,1
100BB,BTN,SB,THREE_BET,Q8s,0,88,12,2.2,1
100BB,BTN,SB,THREE_BET,Q7s,100,0,0,NONE,1
100BB,BTN,SB,THREE_BET,Q6s,100,0,0,NONE,1
100BB,BTN,SB,THREE_BET,Q5s,100,0,0,NONE,1
100BB,BTN,SB,THREE_BET,Q4s,100,0,0,NONE,1
100BB,BTN,SB,THREE_BET,Q3s,100,0,0,NONE,1
100BB,BTN,SB,THREE_BET,Q2s,100,0,0,NONE,1
100BB,BTN,SB,THREE_BET,JTs,0,100,0,NONE,1
100BB,BTN,SB,THREE_BET,J9s,0,100,0,NONE,1
100BB,BTN,SB,THREE_BET,J8s,0,69,31,2.2,1
100BB,BTN,SB,THREE_BET,J7s,100,0,0,NONE,1
100BB,BTN,SB,THREE_BET,J6s,100,0,0,NONE,1
100BB,BTN,SB,THREE_BET,J5s,100,0,0,NONE,1
100BB,BTN,SB,THREE_BET,J4s,100,0,0,NONE,1
100BB,BTN,SB,THREE_BET,J3s,100,0,0,NONE,1
100BB,BTN,SB,THREE_BET,J2s,100,0,0,NONE,1
100BB,BTN,SB,THREE_BET,T9s,0,100,0,NONE,1
100BB,BTN,SB,THREE_BET,T8s,0,100,0,NONE,1
100BB,BTN,SB,THREE_BET,T7s,0,91,9,2.2,1
100BB,BTN,SB,THREE_BET,T6s,100,0,0,NONE,1
100BB,BTN,SB,THREE_BET,T5s,100,0,0,NONE,1
100BB,BTN,SB,THREE_BET,T4s,100,0,0,NONE,1
100BB,BTN,SB,THREE_BET,T3s,100,0,0,NONE,1
100BB,BTN,SB,THREE_BET,T2s,100,0,0,NONE,1
100BB,BTN,SB,THREE_BET,98s,0,100,0,NONE,1
100BB,BTN,SB,THREE_BET,97s,0,100,0,NONE,1
100BB,BTN,SB,THREE_BET,96s,77,23,0,NONE,1
100BB,BTN,SB,THREE_BET,95s,100,0,0,NONE,1
100BB,BTN,SB,THREE_BET,94s,100,0,0,NONE,1
100BB,BTN,SB,THREE_BET,93s,100,0,0,NONE,1
100BB,BTN,SB,THREE_BET,92s,100,0,0,NONE,1
100BB,BTN,SB,THREE_BET,87s,0,78,22,2.2,1
100BB,BTN,SB,THREE_BET,86s,0,100,0,NONE,1
100BB,BTN,SB,THREE_BET,85s,100,0,0,NONE,1
100BB,BTN,SB,THREE_BET,84s,100,0,0,NONE,1
100BB,BTN,SB,THREE_BET,83s,100,0,0,NONE,1
100BB,BTN,SB,THREE_BET,82s,100,0,0,NONE,1
100BB,BTN,SB,THREE_BET,76s,0,100,0,NONE,1
100BB,BTN,SB,THREE_BET,75s,0,87,13,2.2,1
100BB,BTN,SB,THREE_BET,74s,100,0,0,NONE,1
100BB,BTN,SB,THREE_BET,73s,100,0,0,NONE,1
100BB,BTN,SB,THREE_BET,72s,100,0,0,NONE,1
100BB,BTN,SB,THREE_BET,65s,0,100,0,NONE,1
100BB,BTN,SB,THREE_BET,64s,26,73,1,2.2,1
100BB,BTN,SB,THREE_BET,63s,100,0,0,NONE,1
100BB,BTN,SB,THREE_BET,62s,100,0,0,NONE,1
100BB,BTN,SB,THREE_BET,54s,0,100,0,NONE,1
100BB,BTN,SB,THREE_BET,53s,26,74,0,NONE,1
100BB,BTN,SB,THREE_BET,52s,100,0,0,NONE,1
100BB,BTN,SB,THREE_BET,43s,100,0,0,NONE,1
100BB,BTN,SB,THREE_BET,42s,100,0,0,NONE,1
100BB,BTN,SB,THREE_BET,32s,100,0,0,NONE,1
100BB,BTN,SB,THREE_BET,AKo,0,3,97,2.2,1
100BB,BTN,SB,THREE_BET,AQo,0,99,1,2.2,1
100BB,BTN,SB,THREE_BET,AJo,0,98,2,2.2,1
100BB,BTN,SB,THREE_BET,ATo,0,64,36,2.2,1
100BB,BTN,SB,THREE_BET,A9o,70,0,30,2.2,1
100BB,BTN,SB,THREE_BET,A8o,100,0,0,NONE,1
100BB,BTN,SB,THREE_BET,A7o,100,0,0,NONE,1
100BB,BTN,SB,THREE_BET,A6o,100,0,0,NONE,1
100BB,BTN,SB,THREE_BET,A5o,100,0,0,NONE,1
100BB,BTN,SB,THREE_BET,A4o,100,0,0,NONE,1
100BB,BTN,SB,THREE_BET,A3o,100,0,0,NONE,1
100BB,BTN,SB,THREE_BET,A2o,100,0,0,NONE,1
100BB,BTN,SB,THREE_BET,KQo,0,100,0,NONE,1
100BB,BTN,SB,THREE_BET,KJo,0,83,17,2.2,1
100BB,BTN,SB,THREE_BET,KTo,84,4,12,2.2,1
100BB,BTN,SB,THREE_BET,K9o,100,0,0,NONE,1
100BB,BTN,SB,THREE_BET,K8o,100,0,0,NONE,1
100BB,BTN,SB,THREE_BET,K7o,100,0,0,NONE,1
100BB,BTN,SB,THREE_BET,K6o,100,0,0,NONE,1
100BB,BTN,SB,THREE_BET,K5o,100,0,0,NONE,1
100BB,BTN,SB,THREE_BET,K4o,100,0,0,NONE,1
100BB,BTN,SB,THREE_BET,K3o,100,0,0,NONE,1
100BB,BTN,SB,THREE_BET,K2o,100,0,0,NONE,1
100BB,BTN,SB,THREE_BET,QJo,0,72,28,2.2,1
100BB,BTN,SB,THREE_BET,QTo,70,24,6,2.2,1
100BB,BTN,SB,THREE_BET,Q9o,100,0,0,NONE,1
100BB,BTN,SB,THREE_BET,Q8o,100,0,0,NONE,1
100BB,BTN,SB,THREE_BET,Q7o,100,0,0,NONE,1
100BB,BTN,SB,THREE_BET,Q6o,100,0,0,NONE,1
100BB,BTN,SB,THREE_BET,Q5o,100,0,0,NONE,1
100BB,BTN,SB,THREE_BET,Q4o,100,0,0,NONE,1
100BB,BTN,SB,THREE_BET,Q3o,100,0,0,NONE,1
100BB,BTN,SB,THREE_BET,Q2o,100,0,0,NONE,1
100BB,BTN,SB,THREE_BET,JTo,97,2,1,NONE,1
100BB,BTN,SB,THREE_BET,J9o,100,0,0,NONE,1
100BB,BTN,SB,THREE_BET,J8o,100,0,0,NONE,1
100BB,BTN,SB,THREE_BET,J7o,100,0,0,NONE,1
100BB,BTN,SB,THREE_BET,J6o,100,0,0,NONE,1
100BB,BTN,SB,THREE_BET,J5o,100,0,0,NONE,1
100BB,BTN,SB,THREE_BET,J4o,100,0,0,NONE,1
100BB,BTN,SB,THREE_BET,J3o,100,0,0,NONE,1
100BB,BTN,SB,THREE_BET,J2o,100,0,0,NONE,1
100BB,BTN,SB,THREE_BET,T9o,100,0,0,NONE,1
100BB,BTN,SB,THREE_BET,T8o,100,0,0,NONE,1
100BB,BTN,SB,THREE_BET,T7o,100,0,0,NONE,1
100BB,BTN,SB,THREE_BET,T6o,100,0,0,NONE,1
100BB,BTN,SB,THREE_BET,T5o,100,0,0,NONE,1
100BB,BTN,SB,THREE_BET,T4o,100,0,0,NONE,1
100BB,BTN,SB,THREE_BET,T3o,100,0,0,NONE,1
100BB,BTN,SB,THREE_BET,T2o,100,0,0,NONE,1
100BB,BTN,SB,THREE_BET,98o,100,0,0,NONE,1
100BB,BTN,SB,THREE_BET,97o,100,0,0,NONE,1
100BB,BTN,SB,THREE_BET,96o,100,0,0,NONE,1
100BB,BTN,SB,THREE_BET,95o,100,0,0,NONE,1
100BB,BTN,SB,THREE_BET,94o,100,0,0,NONE,1
100BB,BTN,SB,THREE_BET,93o,100,0,0,NONE,1
100BB,BTN,SB,THREE_BET,92o,100,0,0,NONE,1
100BB,BTN,SB,THREE_BET,87o,100,0,0,NONE,1
100BB,BTN,SB,THREE_BET,86o,100,0,0,NONE,1
100BB,BTN,SB,THREE_BET,85o,100,0,0,NONE,1
100BB,BTN,SB,THREE_BET,84o,100,0,0,NONE,1
100BB,BTN,SB,THREE_BET,83o,100,0,0,NONE,1
100BB,BTN,SB,THREE_BET,82o,100,0,0,NONE,1
100BB,BTN,SB,THREE_BET,76o,100,0,0,NONE,1
100BB,BTN,SB,THREE_BET,75o,100,0,0,NONE,1
100BB,BTN,SB,THREE_BET,74o,100,0,0,NONE,1
100BB,BTN,SB,THREE_BET,73o,100,0,0,NONE,1
100BB,BTN,SB,THREE_BET,72o,100,0,0,NONE,1
100BB,BTN,SB,THREE_BET,65o,100,0,0,NONE,1
100BB,BTN,SB,THREE_BET,64o,100,0,0,NONE,1
100BB,BTN,SB,THREE_BET,63o,100,0,0,NONE,1
100BB,BTN,SB,THREE_BET,62o,100,0,0,NONE,1
100BB,BTN,SB,THREE_BET,54o,100,0,0,NONE,1
100BB,BTN,SB,THREE_BET,53o,100,0,0,NONE,1
100BB,BTN,SB,THREE_BET,52o,100,0,0,NONE,1
100BB,BTN,SB,THREE_BET,43o,100,0,0,NONE,1
100BB,BTN,SB,THREE_BET,42o,100,0,0,NONE,1
100BB,BTN,SB,THREE_BET,32o,100,0,0,NONE,1
100BB,BTN,BB,UNOPENED,AA,0,0,0,NONE,0
100BB,BTN,BB,UNOPENED,KK,0,0,0,NONE,0
100BB,BTN,BB,UNOPENED,QQ,0,0,0,NONE,0
100BB,BTN,BB,UNOPENED,JJ,0,0,0,NONE,0
100BB,BTN,BB,UNOPENED,TT,0,0,0,NONE,0
100BB,BTN,BB,UNOPENED,99,0,0,0,NONE,0
100BB,BTN,BB,UNOPENED,88,0,0,0,NONE,0
100BB,BTN,BB,UNOPENED,77,0,0,0,NONE,0
100BB,BTN,BB,UNOPENED,66,0,0,0,NONE,0
100BB,BTN,BB,UNOPENED,55,0,0,0,NONE,0
100BB,BTN,BB,UNOPENED,44,0,0,0,NONE,0
100BB,BTN,BB,UNOPENED,33,0,0,0,NONE,0
100BB,BTN,BB,UNOPENED,22,0,0,0,NONE,0
100BB,BTN,BB,UNOPENED,AKs,0,0,0,NONE,0
100BB,BTN,BB,UNOPENED,AQs,0,0,0,NONE,0
100BB,BTN,BB,UNOPENED,AJs,0,0,0,NONE,0
100BB,BTN,BB,UNOPENED,ATs,0,0,0,NONE,0
100BB,BTN,BB,UNOPENED,A9s,0,0,0,NONE,0
100BB,BTN,BB,UNOPENED,A8s,0,0,0,NONE,0
100BB,BTN,BB,UNOPENED,A7s,0,0,0,NONE,0
100BB,BTN,BB,UNOPENED,A6s,0,0,0,NONE,0
100BB,BTN,BB,UNOPENED,A5s,0,0,0,NONE,0
100BB,BTN,BB,UNOPENED,A4s,0,0,0,NONE,0
100BB,BTN,BB,UNOPENED,A3s,0,0,0,NONE,0
100BB,BTN,BB,UNOPENED,A2s,0,0,0,NONE,0
100BB,BTN,BB,UNOPENED,KQs,0,0,0,NONE,0
100BB,BTN,BB,UNOPENED,KJs,0,0,0,NONE,0
100BB,BTN,BB,UNOPENED,KTs,0,0,0,NONE,0
100BB,BTN,BB,UNOPENED,K9s,0,0,0,NONE,0
100BB,BTN,BB,UNOPENED,K8s,0,0,0,NONE,0
100BB,BTN,BB,UNOPENED,K7s,0,0,0,NONE,0
100BB,BTN,BB,UNOPENED,K6s,0,0,0,NONE,0
100BB,BTN,BB,UNOPENED,K5s,0,0,0,NONE,0
100BB,BTN,BB,UNOPENED,K4s,0,0,0,NONE,0
100BB,BTN,BB,UNOPENED,K3s,0,0,0,NONE,0
100BB,BTN,BB,UNOPENED,K2s,0,0,0,NONE,0
100BB,BTN,BB,UNOPENED,QJs,0,0,0,NONE,0
100BB,BTN,BB,UNOPENED,QTs,0,0,0,NONE,0
100BB,BTN,BB,UNOPENED,Q9s,0,0,0,NONE,0
100BB,BTN,BB,UNOPENED,Q8s,0,0,0,NONE,0
100BB,BTN,BB,UNOPENED,Q7s,0,0,0,NONE,0
100BB,BTN,BB,UNOPENED,Q6s,0,0,0,NONE,0
100BB,BTN,BB,UNOPENED,Q5s,0,0,0,NONE,0
100BB,BTN,BB,UNOPENED,Q4s,0,0,0,NONE,0
100BB,BTN,BB,UNOPENED,Q3s,0,0,0,NONE,0
100BB,BTN,BB,UNOPENED,Q2s,0,0,0,NONE,0
100BB,BTN,BB,UNOPENED,JTs,0,0,0,NONE,0
100BB,BTN,BB,UNOPENED,J9s,0,0,0,NONE,0
100BB,BTN,BB,UNOPENED,J8s,0,0,0,NONE,0
100BB,BTN,BB,UNOPENED,J7s,0,0,0,NONE,0
100BB,BTN,BB,UNOPENED,J6s,0,0,0,NONE,0
100BB,BTN,BB,UNOPENED,J5s,0,0,0,NONE,0
100BB,BTN,BB,UNOPENED,J4s,0,0,0,NONE,0
100BB,BTN,BB,UNOPENED,J3s,0,0,0,NONE,0
100BB,BTN,BB,UNOPENED,J2s,0,0,0,NONE,0
100BB,BTN,BB,UNOPENED,T9s,0,0,0,NONE,0
100BB,BTN,BB,UNOPENED,T8s,0,0,0,NONE,0
100BB,BTN,BB,UNOPENED,T7s,0,0,0,NONE,0
100BB,BTN,BB,UNOPENED,T6s,0,0,0,NONE,0
100BB,BTN,BB,UNOPENED,T5s,0,0,0,NONE,0
100BB,BTN,BB,UNOPENED,T4s,0,0,0,NONE,0
100BB,BTN,BB,UNOPENED,T3s,0,0,0,NONE,0
100BB,BTN,BB,UNOPENED,T2s,0,0,0,NONE,0
100BB,BTN,BB,UNOPENED,98s,0,0,0,NONE,0
100BB,BTN,BB,UNOPENED,97s,0,0,0,NONE,0
100BB,BTN,BB,UNOPENED,96s,0,0,0,NONE,0
100BB,BTN,BB,UNOPENED,95s,0,0,0,NONE,0
100BB,BTN,BB,UNOPENED,94s,0,0,0,NONE,0
100BB,BTN,BB,UNOPENED,93s,0,0,0,NONE,0
100BB,BTN,BB,UNOPENED,92s,0,0,0,NONE,0
100BB,BTN,BB,UNOPENED,87s,0,0,0,NONE,0
100BB,BTN,BB,UNOPENED,86s,0,0,0,NONE,0
100BB,BTN,BB,UNOPENED,85s,0,0,0,NONE,0
100BB,BTN,BB,UNOPENED,84s,0,0,0,NONE,0
100BB,BTN,BB,UNOPENED,83s,0,0,0,NONE,0
100BB,BTN,BB,UNOPENED,82s,0,0,0,NONE,0
100BB,BTN,BB,UNOPENED,76s,0,0,0,NONE,0
100BB,BTN,BB,UNOPENED,75s,0,0,0,NONE,0
100BB,BTN,BB,UNOPENED,74s,0,0,0,NONE,0
100BB,BTN,BB,UNOPENED,73s,0,0,0,NONE,0
100BB,BTN,BB,UNOPENED,72s,0,0,0,NONE,0
100BB,BTN,BB,UNOPENED,65s,0,0,0,NONE,0
100BB,BTN,BB,UNOPENED,64s,0,0,0,NONE,0
100BB,BTN,BB,UNOPENED,63s,0,0,0,NONE,0
100BB,BTN,BB,UNOPENED,62s,0,0,0,NONE,0
100BB,BTN,BB,UNOPENED,54s,0,0,0,NONE,0
100BB,BTN,BB,UNOPENED,53s,0,0,0,NONE,0
100BB,BTN,BB,UNOPENED,52s,0,0,0,NONE,0
100BB,BTN,BB,UNOPENED,43s,0,0,0,NONE,0
100BB,BTN,BB,UNOPENED,42s,0,0,0,NONE,0
100BB,BTN,BB,UNOPENED,32s,0,0,0,NONE,0
100BB,BTN,BB,UNOPENED,AKo,0,0,0,NONE,0
100BB,BTN,BB,UNOPENED,AQo,0,0,0,NONE,0
100BB,BTN,BB,UNOPENED,AJo,0,0,0,NONE,0
100BB,BTN,BB,UNOPENED,ATo,0,0,0,NONE,0
100BB,BTN,BB,UNOPENED,A9o,0,0,0,NONE,0
100BB,BTN,BB,UNOPENED,A8o,0,0,0,NONE,0
100BB,BTN,BB,UNOPENED,A7o,0,0,0,NONE,0
100BB,BTN,BB,UNOPENED,A6o,0,0,0,NONE,0
100BB,BTN,BB,UNOPENED,A5o,0,0,0,NONE,0
100BB,BTN,BB,UNOPENED,A4o,0,0,0,NONE,0
100BB,BTN,BB,UNOPENED,A3o,0,0,0,NONE,0
100BB,BTN,BB,UNOPENED,A2o,0,0,0,NONE,0
100BB,BTN,BB,UNOPENED,KQo,0,0,0,NONE,0
100BB,BTN,BB,UNOPENED,KJo,0,0,0,NONE,0
100BB,BTN,BB,UNOPENED,KTo,0,0,0,NONE,0
100BB,BTN,BB,UNOPENED,K9o,0,0,0,NONE,0
100BB,BTN,BB,UNOPENED,K8o,0,0,0,NONE,0
100BB,BTN,BB,UNOPENED,K7o,0,0,0,NONE,0
100BB,BTN,BB,UNOPENED,K6o,0,0,0,NONE,0
100BB,BTN,BB,UNOPENED,K5o,0,0,0,NONE,0
100BB,BTN,BB,UNOPENED,K4o,0,0,0,NONE,0
100BB,BTN,BB,UNOPENED,K3o,0,0,0,NONE,0
100BB,BTN,BB,UNOPENED,K2o,0,0,0,NONE,0
100BB,BTN,BB,UNOPENED,QJo,0,0,0,NONE,0
100BB,BTN,BB,UNOPENED,QTo,0,0,0,NONE,0
100BB,BTN,BB,UNOPENED,Q9o,0,0,0,NONE,0
100BB,BTN,BB,UNOPENED,Q8o,0,0,0,NONE,0
100BB,BTN,BB,UNOPENED,Q7o,0,0,0,NONE,0
100BB,BTN,BB,UNOPENED,Q6o,0,0,0,NONE,0
100BB,BTN,BB,UNOPENED,Q5o,0,0,0,NONE,0
100BB,BTN,BB,UNOPENED,Q4o,0,0,0,NONE,0
100BB,BTN,BB,UNOPENED,Q3o,0,0,0,NONE,0
100BB,BTN,BB,UNOPENED,Q2o,0,0,0,NONE,0
100BB,BTN,BB,UNOPENED,JTo,0,0,0,NONE,0
100BB,BTN,BB,UNOPENED,J9o,0,0,0,NONE,0
100BB,BTN,BB,UNOPENED,J8o,0,0,0,NONE,0
100BB,BTN,BB,UNOPENED,J7o,0,0,0,NONE,0
100BB,BTN,BB,UNOPENED,J6o,0,0,0,NONE,0
100BB,BTN,BB,UNOPENED,J5o,0,0,0,NONE,0
100BB,BTN,BB,UNOPENED,J4o,0,0,0,NONE,0
100BB,BTN,BB,UNOPENED,J3o,0,0,0,NONE,0
100BB,BTN,BB,UNOPENED,J2o,0,0,0,NONE,0
100BB,BTN,BB,UNOPENED,T9o,0,0,0,NONE,0
100BB,BTN,BB,UNOPENED,T8o,0,0,0,NONE,0
100BB,BTN,BB,UNOPENED,T7o,0,0,0,NONE,0
100BB,BTN,BB,UNOPENED,T6o,0,0,0,NONE,0
100BB,BTN,BB,UNOPENED,T5o,0,0,0,NONE,0
100BB,BTN,BB,UNOPENED,T4o,0,0,0,NONE,0
100BB,BTN,BB,UNOPENED,T3o,0,0,0,NONE,0
100BB,BTN,BB,UNOPENED,T2o,0,0,0,NONE,0
100BB,BTN,BB,UNOPENED,98o,0,0,0,NONE,0
100BB,BTN,BB,UNOPENED,97o,0,0,0,NONE,0
100BB,BTN,BB,UNOPENED,96o,0,0,0,NONE,0
100BB,BTN,BB,UNOPENED,95o,0,0,0,NONE,0
100BB,BTN,BB,UNOPENED,94o,0,0,0,NONE,0
100BB,BTN,BB,UNOPENED,93o,0,0,0,NONE,0
100BB,BTN,BB,UNOPENED,92o,0,0,0,NONE,0
100BB,BTN,BB,UNOPENED,87o,0,0,0,NONE,0
100BB,BTN,BB,UNOPENED,86o,0,0,0,NONE,0
100BB,BTN,BB,UNOPENED,85o,0,0,0,NONE,0
100BB,BTN,BB,UNOPENED,84o,0,0,0,NONE,0
100BB,BTN,BB,UNOPENED,83o,0,0,0,NONE,0
100BB,BTN,BB,UNOPENED,82o,0,0,0,NONE,0
100BB,BTN,BB,UNOPENED,76o,0,0,0,NONE,0
100BB,BTN,BB,UNOPENED,75o,0,0,0,NONE,0
100BB,BTN,BB,UNOPENED,74o,0,0,0,NONE,0
100BB,BTN,BB,UNOPENED,73o,0,0,0,NONE,0
100BB,BTN,BB,UNOPENED,72o,0,0,0,NONE,0
100BB,BTN,BB,UNOPENED,65o,0,0,0,NONE,0
100BB,BTN,BB,UNOPENED,64o,0,0,0,NONE,0
100BB,BTN,BB,UNOPENED,63o,0,0,0,NONE,0
100BB,BTN,BB,UNOPENED,62o,0,0,0,NONE,0
100BB,BTN,BB,UNOPENED,54o,0,0,0,NONE,0
100BB,BTN,BB,UNOPENED,53o,0,0,0,NONE,0
100BB,BTN,BB,UNOPENED,52o,0,0,0,NONE,0
100BB,BTN,BB,UNOPENED,43o,0,0,0,NONE,0
100BB,BTN,BB,UNOPENED,42o,0,0,0,NONE,0
100BB,BTN,BB,UNOPENED,32o,0,0,0,NONE,0
100BB,BTN,BB,ONE_RAISE,AA,0,0,0,NONE,0
100BB,BTN,BB,ONE_RAISE,KK,0,0,0,NONE,0
100BB,BTN,BB,ONE_RAISE,QQ,0,0,0,NONE,0
100BB,BTN,BB,ONE_RAISE,JJ,0,0,0,NONE,0
100BB,BTN,BB,ONE_RAISE,TT,0,0,0,NONE,0
100BB,BTN,BB,ONE_RAISE,99,0,0,0,NONE,0
100BB,BTN,BB,ONE_RAISE,88,0,0,0,NONE,0
100BB,BTN,BB,ONE_RAISE,77,0,0,0,NONE,0
100BB,BTN,BB,ONE_RAISE,66,0,0,0,NONE,0
100BB,BTN,BB,ONE_RAISE,55,0,0,0,NONE,0
100BB,BTN,BB,ONE_RAISE,44,0,0,0,NONE,0
100BB,BTN,BB,ONE_RAISE,33,0,0,0,NONE,0
100BB,BTN,BB,ONE_RAISE,22,0,0,0,NONE,0
100BB,BTN,BB,ONE_RAISE,AKs,0,0,0,NONE,0
100BB,BTN,BB,ONE_RAISE,AQs,0,0,0,NONE,0
100BB,BTN,BB,ONE_RAISE,AJs,0,0,0,NONE,0
100BB,BTN,BB,ONE_RAISE,ATs,0,0,0,NONE,0
100BB,BTN,BB,ONE_RAISE,A9s,0,0,0,NONE,0
100BB,BTN,BB,ONE_RAISE,A8s,0,0,0,NONE,0
100BB,BTN,BB,ONE_RAISE,A7s,0,0,0,NONE,0
100BB,BTN,BB,ONE_RAISE,A6s,0,0,0,NONE,0
100BB,BTN,BB,ONE_RAISE,A5s,0,0,0,NONE,0
100BB,BTN,BB,ONE_RAISE,A4s,0,0,0,NONE,0
100BB,BTN,BB,ONE_RAISE,A3s,0,0,0,NONE,0
100BB,BTN,BB,ONE_RAISE,A2s,0,0,0,NONE,0
100BB,BTN,BB,ONE_RAISE,KQs,0,0,0,NONE,0
100BB,BTN,BB,ONE_RAISE,KJs,0,0,0,NONE,0
100BB,BTN,BB,ONE_RAISE,KTs,0,0,0,NONE,0
100BB,BTN,BB,ONE_RAISE,K9s,0,0,0,NONE,0
100BB,BTN,BB,ONE_RAISE,K8s,0,0,0,NONE,0
100BB,BTN,BB,ONE_RAISE,K7s,0,0,0,NONE,0
100BB,BTN,BB,ONE_RAISE,K6s,0,0,0,NONE,0
100BB,BTN,BB,ONE_RAISE,K5s,0,0,0,NONE,0
100BB,BTN,BB,ONE_RAISE,K4s,0,0,0,NONE,0
100BB,BTN,BB,ONE_RAISE,K3s,0,0,0,NONE,0
100BB,BTN,BB,ONE_RAISE,K2s,0,0,0,NONE,0
100BB,BTN,BB,ONE_RAISE,QJs,0,0,0,NONE,0
100BB,BTN,BB,ONE_RAISE,QTs,0,0,0,NONE,0
100BB,BTN,BB,ONE_RAISE,Q9s,0,0,0,NONE,0
100BB,BTN,BB,ONE_RAISE,Q8s,0,0,0,NONE,0
100BB,BTN,BB,ONE_RAISE,Q7s,0,0,0,NONE,0
100BB,BTN,BB,ONE_RAISE,Q6s,0,0,0,NONE,0
100BB,BTN,BB,ONE_RAISE,Q5s,0,0,0,NONE,0
100BB,BTN,BB,ONE_RAISE,Q4s,0,0,0,NONE,0
100BB,BTN,BB,ONE_RAISE,Q3s,0,0,0,NONE,0
100BB,BTN,BB,ONE_RAISE,Q2s,0,0,0,NONE,0
100BB,BTN,BB,ONE_RAISE,JTs,0,0,0,NONE,0
100BB,BTN,BB,ONE_RAISE,J9s,0,0,0,NONE,0
100BB,BTN,BB,ONE_RAISE,J8s,0,0,0,NONE,0
100BB,BTN,BB,ONE_RAISE,J7s,0,0,0,NONE,0
100BB,BTN,BB,ONE_RAISE,J6s,0,0,0,NONE,0
100BB,BTN,BB,ONE_RAISE,J5s,0,0,0,NONE,0
100BB,BTN,BB,ONE_RAISE,J4s,0,0,0,NONE,0
100BB,BTN,BB,ONE_RAISE,J3s,0,0,0,NONE,0
100BB,BTN,BB,ONE_RAISE,J2s,0,0,0,NONE,0
100BB,BTN,BB,ONE_RAISE,T9s,0,0,0,NONE,0
100BB,BTN,BB,ONE_RAISE,T8s,0,0,0,NONE,0
100BB,BTN,BB,ONE_RAISE,T7s,0,0,0,NONE,0
100BB,BTN,BB,ONE_RAISE,T6s,0,0,0,NONE,0
100BB,BTN,BB,ONE_RAISE,T5s,0,0,0,NONE,0
100BB,BTN,BB,ONE_RAISE,T4s,0,0,0,NONE,0
100BB,BTN,BB,ONE_RAISE,T3s,0,0,0,NONE,0
100BB,BTN,BB,ONE_RAISE,T2s,0,0,0,NONE,0
100BB,BTN,BB,ONE_RAISE,98s,0,0,0,NONE,0
100BB,BTN,BB,ONE_RAISE,97s,0,0,0,NONE,0
100BB,BTN,BB,ONE_RAISE,96s,0,0,0,NONE,0
100BB,BTN,BB,ONE_RAISE,95s,0,0,0,NONE,0
100BB,BTN,BB,ONE_RAISE,94s,0,0,0,NONE,0
100BB,BTN,BB,ONE_RAISE,93s,0,0,0,NONE,0
100BB,BTN,BB,ONE_RAISE,92s,0,0,0,NONE,0
100BB,BTN,BB,ONE_RAISE,87s,0,0,0,NONE,0
100BB,BTN,BB,ONE_RAISE,86s,0,0,0,NONE,0
100BB,BTN,BB,ONE_RAISE,85s,0,0,0,NONE,0
100BB,BTN,BB,ONE_RAISE,84s,0,0,0,NONE,0
100BB,BTN,BB,ONE_RAISE,83s,0,0,0,NONE,0
100BB,BTN,BB,ONE_RAISE,82s,0,0,0,NONE,0
100BB,BTN,BB,ONE_RAISE,76s,0,0,0,NONE,0
100BB,BTN,BB,ONE_RAISE,75s,0,0,0,NONE,0
100BB,BTN,BB,ONE_RAISE,74s,0,0,0,NONE,0
100BB,BTN,BB,ONE_RAISE,73s,0,0,0,NONE,0
100BB,BTN,BB,ONE_RAISE,72s,0,0,0,NONE,0
100BB,BTN,BB,ONE_RAISE,65s,0,0,0,NONE,0
100BB,BTN,BB,ONE_RAISE,64s,0,0,0,NONE,0
100BB,BTN,BB,ONE_RAISE,63s,0,0,0,NONE,0
100BB,BTN,BB,ONE_RAISE,62s,0,0,0,NONE,0
100BB,BTN,BB,ONE_RAISE,54s,0,0,0,NONE,0
100BB,BTN,BB,ONE_RAISE,53s,0,0,0,NONE,0
100BB,BTN,BB,ONE_RAISE,52s,0,0,0,NONE,0
100BB,BTN,BB,ONE_RAISE,43s,0,0,0,NONE,0
100BB,BTN,BB,ONE_RAISE,42s,0,0,0,NONE,0
100BB,BTN,BB,ONE_RAISE,32s,0,0,0,NONE,0
100BB,BTN,BB,ONE_RAISE,AKo,0,0,0,NONE,0
100BB,BTN,BB,ONE_RAISE,AQo,0,0,0,NONE,0
100BB,BTN,BB,ONE_RAISE,AJo,0,0,0,NONE,0
100BB,BTN,BB,ONE_RAISE,ATo,0,0,0,NONE,0
100BB,BTN,BB,ONE_RAISE,A9o,0,0,0,NONE,0
100BB,BTN,BB,ONE_RAISE,A8o,0,0,0,NONE,0
100BB,BTN,BB,ONE_RAISE,A7o,0,0,0,NONE,0
100BB,BTN,BB,ONE_RAISE,A6o,0,0,0,NONE,0
100BB,BTN,BB,ONE_RAISE,A5o,0,0,0,NONE,0
100BB,BTN,BB,ONE_RAISE,A4o,0,0,0,NONE,0
100BB,BTN,BB,ONE_RAISE,A3o,0,0,0,NONE,0
100BB,BTN,BB,ONE_RAISE,A2o,0,0,0,NONE,0
100BB,BTN,BB,ONE_RAISE,KQo,0,0,0,NONE,0
100BB,BTN,BB,ONE_RAISE,KJo,0,0,0,NONE,0
100BB,BTN,BB,ONE_RAISE,KTo,0,0,0,NONE,0
100BB,BTN,BB,ONE_RAISE,K9o,0,0,0,NONE,0
100BB,BTN,BB,ONE_RAISE,K8o,0,0,0,NONE,0
100BB,BTN,BB,ONE_RAISE,K7o,0,0,0,NONE,0
100BB,BTN,BB,ONE_RAISE,K6o,0,0,0,NONE,0
100BB,BTN,BB,ONE_RAISE,K5o,0,0,0,NONE,0
100BB,BTN,BB,ONE_RAISE,K4o,0,0,0,NONE,0
100BB,BTN,BB,ONE_RAISE,K3o,0,0,0,NONE,0
100BB,BTN,BB,ONE_RAISE,K2o,0,0,0,NONE,0
100BB,BTN,BB,ONE_RAISE,QJo,0,0,0,NONE,0
100BB,BTN,BB,ONE_RAISE,QTo,0,0,0,NONE,0
100BB,BTN,BB,ONE_RAISE,Q9o,0,0,0,NONE,0
100BB,BTN,BB,ONE_RAISE,Q8o,0,0,0,NONE,0
100BB,BTN,BB,ONE_RAISE,Q7o,0,0,0,NONE,0
100BB,BTN,BB,ONE_RAISE,Q6o,0,0,0,NONE,0
100BB,BTN,BB,ONE_RAISE,Q5o,0,0,0,NONE,0
100BB,BTN,BB,ONE_RAISE,Q4o,0,0,0,NONE,0
100BB,BTN,BB,ONE_RAISE,Q3o,0,0,0,NONE,0
100BB,BTN,BB,ONE_RAISE,Q2o,0,0,0,NONE,0
100BB,BTN,BB,ONE_RAISE,JTo,0,0,0,NONE,0
100BB,BTN,BB,ONE_RAISE,J9o,0,0,0,NONE,0
100BB,BTN,BB,ONE_RAISE,J8o,0,0,0,NONE,0
100BB,BTN,BB,ONE_RAISE,J7o,0,0,0,NONE,0
100BB,BTN,BB,ONE_RAISE,J6o,0,0,0,NONE,0
100BB,BTN,BB,ONE_RAISE,J5o,0,0,0,NONE,0
100BB,BTN,BB,ONE_RAISE,J4o,0,0,0,NONE,0
100BB,BTN,BB,ONE_RAISE,J3o,0,0,0,NONE,0
100BB,BTN,BB,ONE_RAISE,J2o,0,0,0,NONE,0
100BB,BTN,BB,ONE_RAISE,T9o,0,0,0,NONE,0
100BB,BTN,BB,ONE_RAISE,T8o,0,0,0,NONE,0
100BB,BTN,BB,ONE_RAISE,T7o,0,0,0,NONE,0
100BB,BTN,BB,ONE_RAISE,T6o,0,0,0,NONE,0
100BB,BTN,BB,ONE_RAISE,T5o,0,0,0,NONE,0
100BB,BTN,BB,ONE_RAISE,T4o,0,0,0,NONE,0
100BB,BTN,BB,ONE_RAISE,T3o,0,0,0,NONE,0
100BB,BTN,BB,ONE_RAISE,T2o,0,0,0,NONE,0
100BB,BTN,BB,ONE_RAISE,98o,0,0,0,NONE,0
100BB,BTN,BB,ONE_RAISE,97o,0,0,0,NONE,0
100BB,BTN,BB,ONE_RAISE,96o,0,0,0,NONE,0
100BB,BTN,BB,ONE_RAISE,95o,0,0,0,NONE,0
100BB,BTN,BB,ONE_RAISE,94o,0,0,0,NONE,0
100BB,BTN,BB,ONE_RAISE,93o,0,0,0,NONE,0
100BB,BTN,BB,ONE_RAISE,92o,0,0,0,NONE,0
100BB,BTN,BB,ONE_RAISE,87o,0,0,0,NONE,0
100BB,BTN,BB,ONE_RAISE,86o,0,0,0,NONE,0
100BB,BTN,BB,ONE_RAISE,85o,0,0,0,NONE,0
100BB,BTN,BB,ONE_RAISE,84o,0,0,0,NONE,0
100BB,BTN,BB,ONE_RAISE,83o,0,0,0,NONE,0
100BB,BTN,BB,ONE_RAISE,82o,0,0,0,NONE,0
100BB,BTN,BB,ONE_RAISE,76o,0,0,0,NONE,0
100BB,BTN,BB,ONE_RAISE,75o,0,0,0,NONE,0
100BB,BTN,BB,ONE_RAISE,74o,0,0,0,NONE,0
100BB,BTN,BB,ONE_RAISE,73o,0,0,0,NONE,0
100BB,BTN,BB,ONE_RAISE,72o,0,0,0,NONE,0
100BB,BTN,BB,ONE_RAISE,65o,0,0,0,NONE,0
100BB,BTN,BB,ONE_RAISE,64o,0,0,0,NONE,0
100BB,BTN,BB,ONE_RAISE,63o,0,0,0,NONE,0
100BB,BTN,BB,ONE_RAISE,62o,0,0,0,NONE,0
100BB,BTN,BB,ONE_RAISE,54o,0,0,0,NONE,0
100BB,BTN,BB,ONE_RAISE,53o,0,0,0,NONE,0
100BB,BTN,BB,ONE_RAISE,52o,0,0,0,NONE,0
100BB,BTN,BB,ONE_RAISE,43o,0,0,0,NONE,0
100BB,BTN,BB,ONE_RAISE,42o,0,0,0,NONE,0
100BB,BTN,BB,ONE_RAISE,32o,0,0,0,NONE,0
100BB,BTN,BB,THREE_BET,AA,0,100,0,NONE,1
100BB,BTN,BB,THREE_BET,KK,0,3,97,2.2,1
100BB,BTN,BB,THREE_BET,QQ,0,24,76,2.2,1
100BB,BTN,BB,THREE_BET,JJ,0,78,22,2.2,1
100BB,BTN,BB,THREE_BET,TT,0,77,23,2.2,1
100BB,BTN,BB,THREE_BET,99,0,100,0,NONE,1
100BB,BTN,BB,THREE_BET,88,0,100,0,NONE,1
100BB,BTN,BB,THREE_BET,77,0,100,0,NONE,1
100BB,BTN,BB,THREE_BET,66,0,100,0,NONE,1
100BB,BTN,BB,THREE_BET,55,0,100,0,NONE,1
100BB,BTN,BB,THREE_BET,44,0,100,0,NONE,1
100BB,BTN,BB,THREE_BET,33,0,100,0,NONE,1
100BB,BTN,BB,THREE_BET,22,100,0,0,NONE,1
100BB,BTN,BB,THREE_BET,AKs,0,0,100,2.2,1
100BB,BTN,BB,THREE_BET,AQs,0,100,0,NONE,1
100BB,BTN,BB,THREE_BET,AJs,0,100,0,NONE,1
100BB,BTN,BB,THREE_BET,ATs,0,100,0,NONE,1
100BB,BTN,BB,THREE_BET,A9s,0,100,0,NONE,1
100BB,BTN,BB,THREE_BET,A8s,0,100,0,NONE,1
100BB,BTN,BB,THREE_BET,A7s,0,100,0,NONE,1
100BB,BTN,BB,THREE_BET,A6s,0,100,0,NONE,1
100BB,BTN,BB,THREE_BET,A5s,0,100,0,NONE,1
100BB,BTN,BB,THREE_BET,A4s,0,100,0,NONE,1
100BB,BTN,BB,THREE_BET,A3s,0,99,1,2.2,1
100BB,BTN,BB,THREE_BET,A2s,0,75,25,2.2,1
100BB,BTN,BB,THREE_BET,KQs,0,100,0,NONE,1
100BB,BTN,BB,THREE_BET,KJs,0,100,0,NONE,1
100BB,BTN,BB,THREE_BET,KTs,0,100,0,NONE,1
100BB,BTN,BB,THREE_BET,K9s,0,100,0,NONE,1
100BB,BTN,BB,THREE_BET,K8s,0,100,0,NONE,1
100BB,BTN,BB,THREE_BET,K7s,0,100,0,NONE,1
100BB,BTN,BB,THREE_BET,K6s,0,75,25,2.2,1
100BB,BTN,BB,THREE_BET,K5s,13,83,4,2.2,1
100BB,BTN,BB,THREE_BET,K4s,0,5,95,NONE,1
100BB,BTN,BB,THREE_BET,K3s,67,0,33,2.2,1
100BB,BTN,BB,THREE_BET,K2s,98,0,2,2.2,1
100BB,BTN,BB,THREE_BET,QJs,0,100,0,NONE,1
100BB,BTN,BB,THREE_BET,QTs,0,100,0,NONE,1
100BB,BTN,BB,THREE_BET,Q9s,0,100,0,NONE,1
100BB,BTN,BB,THREE_BET,Q8s,0,84,16,2.2,1
100BB,BTN,BB,THREE_BET,Q7s,100,0,0,NONE,1
100BB,BTN,BB,THREE_BET,Q6s,100,0,0,NONE,1
100BB,BTN,BB,THREE_BET,Q5s,100,0,0,NONE,1
100BB,BTN,BB,THREE_BET,Q4s,100,0,0,NONE,1
100BB,BTN,BB,THREE_BET,Q3s,100,0,0,NONE,1
100BB,BTN,BB,THREE_BET,Q2s,100,0,0,NONE,1
100BB,BTN,BB,THREE_BET,JTs,0,100,0,NONE,1
100BB,BTN,BB,THREE_BET,J9s,0,100,0,NONE,1
100BB,BTN,BB,THREE_BET,J8s,0,98,2,2.2,1
100BB,BTN,BB,THREE_BET,J7s,100,0,0,NONE,1
100BB,BTN,BB,THREE_BET,J6s,100,0,0,NONE,1
100BB,BTN,BB,THREE_BET,J5s,100,0,0,NONE,1
100BB,BTN,BB,THREE_BET,J4s,100,0,0,NONE,1
100BB,BTN,BB,THREE_BET,J3s,100,0,0,NONE,1
100BB,BTN,BB,THREE_BET,J2s,100,0,0,NONE,1
100BB,BTN,BB,THREE_BET,T9s,0,100,0,NONE,1
100BB,BTN,BB,THREE_BET,T8s,0,100,0,NONE,1
100BB,BTN,BB,THREE_BET,T7s,2,86,12,2.2,1
100BB,BTN,BB,THREE_BET,T6s,100,0,0,NONE,1
100BB,BTN,BB,THREE_BET,T5s,100,0,0,NONE,1
100BB,BTN,BB,THREE_BET,T4s,100,0,0,NONE,1
100BB,BTN,BB,THREE_BET,T3s,100,0,0,NONE,1
100BB,BTN,BB,THREE_BET,T2s,100,0,0,NONE,1
100BB,BTN,BB,THREE_BET,98s,0,97,3,2.2,1
100BB,BTN,BB,THREE_BET,97s,0,77,23,2.2,1
100BB,BTN,BB,THREE_BET,96s,100,0,0,NONE,1
100BB,BTN,BB,THREE_BET,95s,100,0,0,NONE,1
100BB,BTN,BB,THREE_BET,94s,100,0,0,NONE,1
100BB,BTN,BB,THREE_BET,93s,100,0,0,NONE,1
100BB,BTN,BB,THREE_BET,92s,100,0,0,NONE,1
100BB,BTN,BB,THREE_BET,87s,0,100,0,NONE,1
100BB,BTN,BB,THREE_BET,86s,45,50,5,2.2,1
100BB,BTN,BB,THREE_BET,85s,100,0,0,NONE,1
100BB,BTN,BB,THREE_BET,84s,100,0,0,NONE,1
100BB,BTN,BB,THREE_BET,83s,100,0,0,NONE,1
100BB,BTN,BB,THREE_BET,82s,100,0,0,NONE,1
100BB,BTN,BB,THREE_BET,76s,0,100,0,NONE,1
100BB,BTN,BB,THREE_BET,75s,93,7,0,NONE,1
100BB,BTN,BB,THREE_BET,74s,100,0,0,NONE,1
100BB,BTN,BB,THREE_BET,73s,100,0,0,NONE,1
100BB,BTN,BB,THREE_BET,72s,100,0,0,NONE,1
100BB,BTN,BB,THREE_BET,65s,0,100,0,NONE,1
100BB,BTN,BB,THREE_BET,64s,100,0,0,NONE,1
100BB,BTN,BB,THREE_BET,63s,100,0,0,NONE,1
100BB,BTN,BB,THREE_BET,62s,100,0,0,NONE,1
100BB,BTN,BB,THREE_BET,54s,0,100,0,NONE,1
100BB,BTN,BB,THREE_BET,53s,100,0,0,NONE,1
100BB,BTN,BB,THREE_BET,52s,100,0,0,NONE,1
100BB,BTN,BB,THREE_BET,43s,100,0,0,NONE,1
100BB,BTN,BB,THREE_BET,42s,100,0,0,NONE,1
100BB,BTN,BB,THREE_BET,32s,100,0,0,NONE,1
100BB,BTN,BB,THREE_BET,AKo,0,0,100,2.2,1
100BB,BTN,BB,THREE_BET,AQo,0,99,1,2.2,1
100BB,BTN,BB,THREE_BET,AJo,0,83,17,2.2,1
100BB,BTN,BB,THREE_BET,ATo,0,69,31,2.2,1
100BB,BTN,BB,THREE_BET,A9o,94,0,6,2.2,1
100BB,BTN,BB,THREE_BET,A8o,100,0,0,NONE,1
100BB,BTN,BB,THREE_BET,A7o,100,0,0,NONE,1
100BB,BTN,BB,THREE_BET,A6o,100,0,0,NONE,1
100BB,BTN,BB,THREE_BET,A5o,100,0,0,NONE,1
100BB,BTN,BB,THREE_BET,A4o,100,0,0,NONE,1
100BB,BTN,BB,THREE_BET,A3o,100,0,0,NONE,1
100BB,BTN,BB,THREE_BET,A2o,100,0,0,NONE,1
100BB,BTN,BB,THREE_BET,KQo,0,100,0,NONE,1
100BB,BTN,BB,THREE_BET,KJo,0,77,23,2.2,1
100BB,BTN,BB,THREE_BET,KTo,67,30,3,2.2,1
100BB,BTN,BB,THREE_BET,K9o,100,0,0,NONE,1
100BB,BTN,BB,THREE_BET,K8o,100,0,0,NONE,1
100BB,BTN,BB,THREE_BET,K7o,100,0,0,NONE,1
100BB,BTN,BB,THREE_BET,K6o,100,0,0,NONE,1
100BB,BTN,BB,THREE_BET,K5o,100,0,0,NONE,1
100BB,BTN,BB,THREE_BET,K4o,100,0,0,NONE,1
100BB,BTN,BB,THREE_BET,K3o,100,0,0,NONE,1
100BB,BTN,BB,THREE_BET,K2o,100,0,0,NONE,1
100BB,BTN,BB,THREE_BET,QJo,57,36,7,2.2,1
100BB,BTN,BB,THREE_BET,QTo,90,8,2,2.2,1
100BB,BTN,BB,THREE_BET,Q9o,100,0,0,NONE,1
100BB,BTN,BB,THREE_BET,Q8o,100,0,0,NONE,1
100BB,BTN,BB,THREE_BET,Q7o,100,0,0,NONE,1
100BB,BTN,BB,THREE_BET,Q6o,100,0,0,NONE,1
100BB,BTN,BB,THREE_BET,Q5o,100,0,0,NONE,1
100BB,BTN,BB,THREE_BET,Q4o,100,0,0,NONE,1
100BB,BTN,BB,THREE_BET,Q3o,100,0,0,NONE,1
100BB,BTN,BB,THREE_BET,Q2o,100,0,0,NONE,1
100BB,BTN,BB,THREE_BET,JTo,37,58,5,2.2,1
100BB,BTN,BB,THREE_BET,J9o,100,0,0,NONE,1
100BB,BTN,BB,THREE_BET,J8o,100,0,0,NONE,1
100BB,BTN,BB,THREE_BET,J7o,100,0,0,NONE,1
100BB,BTN,BB,THREE_BET,J6o,100,0,0,NONE,1
100BB,BTN,BB,THREE_BET,J5o,100,0,0,NONE,1
100BB,BTN,BB,THREE_BET,J4o,100,0,0,NONE,1
100BB,BTN,BB,THREE_BET,J3o,100,0,0,NONE,1
100BB,BTN,BB,THREE_BET,J2o,100,0,0,NONE,1
100BB,BTN,BB,THREE_BET,T9o,100,0,0,NONE,1
100BB,BTN,BB,THREE_BET,T8o,100,0,0,NONE,1
100BB,BTN,BB,THREE_BET,T7o,100,0,0,NONE,1
100BB,BTN,BB,THREE_BET,T6o,100,0,0,NONE,1
100BB,BTN,BB,THREE_BET,T5o,100,0,0,NONE,1
100BB,BTN,BB,THREE_BET,T4o,100,0,0,NONE,1
100BB,BTN,BB,THREE_BET,T3o,100,0,0,NONE,1
100BB,BTN,BB,THREE_BET,T2o,100,0,0,NONE,1
100BB,BTN,BB,THREE_BET,98o,100,0,0,NONE,1
100BB,BTN,BB,THREE_BET,97o,100,0,0,NONE,1
100BB,BTN,BB,THREE_BET,96o,100,0,0,NONE,1
100BB,BTN,BB,THREE_BET,95o,100,0,0,NONE,1
100BB,BTN,BB,THREE_BET,94o,100,0,0,NONE,1
100BB,BTN,BB,THREE_BET,93o,100,0,0,NONE,1
100BB,BTN,BB,THREE_BET,92o,100,0,0,NONE,1
100BB,BTN,BB,THREE_BET,87o,100,0,0,NONE,1
100BB,BTN,BB,THREE_BET,86o,100,0,0,NONE,1
100BB,BTN,BB,THREE_BET,85o,100,0,0,NONE,1
100BB,BTN,BB,THREE_BET,84o,100,0,0,NONE,1
100BB,BTN,BB,THREE_BET,83o,100,0,0,NONE,1
100BB,BTN,BB,THREE_BET,82o,100,0,0,NONE,1
100BB,BTN,BB,THREE_BET,76o,100,0,0,NONE,1
100BB,BTN,BB,THREE_BET,75o,100,0,0,NONE,1
100BB,BTN,BB,THREE_BET,74o,100,0,0,NONE,1
100BB,BTN,BB,THREE_BET,73o,100,0,0,NONE,1
100BB,BTN,BB,THREE_BET,72o,100,0,0,NONE,1
100BB,BTN,BB,THREE_BET,65o,100,0,0,NONE,1
100BB,BTN,BB,THREE_BET,64o,100,0,0,NONE,1
100BB,BTN,BB,THREE_BET,63o,100,0,0,NONE,1
100BB,BTN,BB,THREE_BET,62o,100,0,0,NONE,1
100BB,BTN,BB,THREE_BET,54o,100,0,0,NONE,1
100BB,BTN,BB,THREE_BET,53o,100,0,0,NONE,1
100BB,BTN,BB,THREE_BET,52o,100,0,0,NONE,1
100BB,BTN,BB,THREE_BET,43o,100,0,0,NONE,1
100BB,BTN,BB,THREE_BET,42o,100,0,0,NONE,1
100BB,BTN,BB,THREE_BET,32o,100,0,0,NONE,1
100BB,SB,UTG,UNOPENED,AA,0,0,0,NONE,0
100BB,SB,UTG,UNOPENED,KK,0,0,0,NONE,0
100BB,SB,UTG,UNOPENED,QQ,0,0,0,NONE,0
100BB,SB,UTG,UNOPENED,JJ,0,0,0,NONE,0
100BB,SB,UTG,UNOPENED,TT,0,0,0,NONE,0
100BB,SB,UTG,UNOPENED,99,0,0,0,NONE,0
100BB,SB,UTG,UNOPENED,88,0,0,0,NONE,0
100BB,SB,UTG,UNOPENED,77,0,0,0,NONE,0
100BB,SB,UTG,UNOPENED,66,0,0,0,NONE,0
100BB,SB,UTG,UNOPENED,55,0,0,0,NONE,0
100BB,SB,UTG,UNOPENED,44,0,0,0,NONE,0
100BB,SB,UTG,UNOPENED,33,0,0,0,NONE,0
100BB,SB,UTG,UNOPENED,22,0,0,0,NONE,0
100BB,SB,UTG,UNOPENED,AKs,0,0,0,NONE,0
100BB,SB,UTG,UNOPENED,AQs,0,0,0,NONE,0
100BB,SB,UTG,UNOPENED,AJs,0,0,0,NONE,0
100BB,SB,UTG,UNOPENED,ATs,0,0,0,NONE,0
100BB,SB,UTG,UNOPENED,A9s,0,0,0,NONE,0
100BB,SB,UTG,UNOPENED,A8s,0,0,0,NONE,0
100BB,SB,UTG,UNOPENED,A7s,0,0,0,NONE,0
100BB,SB,UTG,UNOPENED,A6s,0,0,0,NONE,0
100BB,SB,UTG,UNOPENED,A5s,0,0,0,NONE,0
100BB,SB,UTG,UNOPENED,A4s,0,0,0,NONE,0
100BB,SB,UTG,UNOPENED,A3s,0,0,0,NONE,0
100BB,SB,UTG,UNOPENED,A2s,0,0,0,NONE,0
100BB,SB,UTG,UNOPENED,KQs,0,0,0,NONE,0
100BB,SB,UTG,UNOPENED,KJs,0,0,0,NONE,0
100BB,SB,UTG,UNOPENED,KTs,0,0,0,NONE,0
100BB,SB,UTG,UNOPENED,K9s,0,0,0,NONE,0
100BB,SB,UTG,UNOPENED,K8s,0,0,0,NONE,0
100BB,SB,UTG,UNOPENED,K7s,0,0,0,NONE,0
100BB,SB,UTG,UNOPENED,K6s,0,0,0,NONE,0
100BB,SB,UTG,UNOPENED,K5s,0,0,0,NONE,0
100BB,SB,UTG,UNOPENED,K4s,0,0,0,NONE,0
100BB,SB,UTG,UNOPENED,K3s,0,0,0,NONE,0
100BB,SB,UTG,UNOPENED,K2s,0,0,0,NONE,0
100BB,SB,UTG,UNOPENED,QJs,0,0,0,NONE,0
100BB,SB,UTG,UNOPENED,QTs,0,0,0,NONE,0
100BB,SB,UTG,UNOPENED,Q9s,0,0,0,NONE,0
100BB,SB,UTG,UNOPENED,Q8s,0,0,0,NONE,0
100BB,SB,UTG,UNOPENED,Q7s,0,0,0,NONE,0
100BB,SB,UTG,UNOPENED,Q6s,0,0,0,NONE,0
100BB,SB,UTG,UNOPENED,Q5s,0,0,0,NONE,0
100BB,SB,UTG,UNOPENED,Q4s,0,0,0,NONE,0
100BB,SB,UTG,UNOPENED,Q3s,0,0,0,NONE,0
100BB,SB,UTG,UNOPENED,Q2s,0,0,0,NONE,0
100BB,SB,UTG,UNOPENED,JTs,0,0,0,NONE,0
100BB,SB,UTG,UNOPENED,J9s,0,0,0,NONE,0
100BB,SB,UTG,UNOPENED,J8s,0,0,0,NONE,0
100BB,SB,UTG,UNOPENED,J7s,0,0,0,NONE,0
100BB,SB,UTG,UNOPENED,J6s,0,0,0,NONE,0
100BB,SB,UTG,UNOPENED,J5s,0,0,0,NONE,0
100BB,SB,UTG,UNOPENED,J4s,0,0,0,NONE,0
100BB,SB,UTG,UNOPENED,J3s,0,0,0,NONE,0
100BB,SB,UTG,UNOPENED,J2s,0,0,0,NONE,0
100BB,SB,UTG,UNOPENED,T9s,0,0,0,NONE,0
100BB,SB,UTG,UNOPENED,T8s,0,0,0,NONE,0
100BB,SB,UTG,UNOPENED,T7s,0,0,0,NONE,0
100BB,SB,UTG,UNOPENED,T6s,0,0,0,NONE,0
100BB,SB,UTG,UNOPENED,T5s,0,0,0,NONE,0
100BB,SB,UTG,UNOPENED,T4s,0,0,0,NONE,0
100BB,SB,UTG,UNOPENED,T3s,0,0,0,NONE,0
100BB,SB,UTG,UNOPENED,T2s,0,0,0,NONE,0
100BB,SB,UTG,UNOPENED,98s,0,0,0,NONE,0
100BB,SB,UTG,UNOPENED,97s,0,0,0,NONE,0
100BB,SB,UTG,UNOPENED,96s,0,0,0,NONE,0
100BB,SB,UTG,UNOPENED,95s,0,0,0,NONE,0
100BB,SB,UTG,UNOPENED,94s,0,0,0,NONE,0
100BB,SB,UTG,UNOPENED,93s,0,0,0,NONE,0
100BB,SB,UTG,UNOPENED,92s,0,0,0,NONE,0
100BB,SB,UTG,UNOPENED,87s,0,0,0,NONE,0
100BB,SB,UTG,UNOPENED,86s,0,0,0,NONE,0
100BB,SB,UTG,UNOPENED,85s,0,0,0,NONE,0
100BB,SB,UTG,UNOPENED,84s,0,0,0,NONE,0
100BB,SB,UTG,UNOPENED,83s,0,0,0,NONE,0
100BB,SB,UTG,UNOPENED,82s,0,0,0,NONE,0
100BB,SB,UTG,UNOPENED,76s,0,0,0,NONE,0
100BB,SB,UTG,UNOPENED,75s,0,0,0,NONE,0
100BB,SB,UTG,UNOPENED,74s,0,0,0,NONE,0
100BB,SB,UTG,UNOPENED,73s,0,0,0,NONE,0
100BB,SB,UTG,UNOPENED,72s,0,0,0,NONE,0
100BB,SB,UTG,UNOPENED,65s,0,0,0,NONE,0
100BB,SB,UTG,UNOPENED,64s,0,0,0,NONE,0
100BB,SB,UTG,UNOPENED,63s,0,0,0,NONE,0
100BB,SB,UTG,UNOPENED,62s,0,0,0,NONE,0
100BB,SB,UTG,UNOPENED,54s,0,0,0,NONE,0
100BB,SB,UTG,UNOPENED,53s,0,0,0,NONE,0
100BB,SB,UTG,UNOPENED,52s,0,0,0,NONE,0
100BB,SB,UTG,UNOPENED,43s,0,0,0,NONE,0
100BB,SB,UTG,UNOPENED,42s,0,0,0,NONE,0
100BB,SB,UTG,UNOPENED,32s,0,0,0,NONE,0
100BB,SB,UTG,UNOPENED,AKo,0,0,0,NONE,0
100BB,SB,UTG,UNOPENED,AQo,0,0,0,NONE,0
100BB,SB,UTG,UNOPENED,AJo,0,0,0,NONE,0
100BB,SB,UTG,UNOPENED,ATo,0,0,0,NONE,0
100BB,SB,UTG,UNOPENED,A9o,0,0,0,NONE,0
100BB,SB,UTG,UNOPENED,A8o,0,0,0,NONE,0
100BB,SB,UTG,UNOPENED,A7o,0,0,0,NONE,0
100BB,SB,UTG,UNOPENED,A6o,0,0,0,NONE,0
100BB,SB,UTG,UNOPENED,A5o,0,0,0,NONE,0
100BB,SB,UTG,UNOPENED,A4o,0,0,0,NONE,0
100BB,SB,UTG,UNOPENED,A3o,0,0,0,NONE,0
100BB,SB,UTG,UNOPENED,A2o,0,0,0,NONE,0
100BB,SB,UTG,UNOPENED,KQo,0,0,0,NONE,0
100BB,SB,UTG,UNOPENED,KJo,0,0,0,NONE,0
100BB,SB,UTG,UNOPENED,KTo,0,0,0,NONE,0
100BB,SB,UTG,UNOPENED,K9o,0,0,0,NONE,0
100BB,SB,UTG,UNOPENED,K8o,0,0,0,NONE,0
100BB,SB,UTG,UNOPENED,K7o,0,0,0,NONE,0
100BB,SB,UTG,UNOPENED,K6o,0,0,0,NONE,0
100BB,SB,UTG,UNOPENED,K5o,0,0,0,NONE,0
100BB,SB,UTG,UNOPENED,K4o,0,0,0,NONE,0
100BB,SB,UTG,UNOPENED,K3o,0,0,0,NONE,0
100BB,SB,UTG,UNOPENED,K2o,0,0,0,NONE,0
100BB,SB,UTG,UNOPENED,QJo,0,0,0,NONE,0
100BB,SB,UTG,UNOPENED,QTo,0,0,0,NONE,0
100BB,SB,UTG,UNOPENED,Q9o,0,0,0,NONE,0
100BB,SB,UTG,UNOPENED,Q8o,0,0,0,NONE,0
100BB,SB,UTG,UNOPENED,Q7o,0,0,0,NONE,0
100BB,SB,UTG,UNOPENED,Q6o,0,0,0,NONE,0
100BB,SB,UTG,UNOPENED,Q5o,0,0,0,NONE,0
100BB,SB,UTG,UNOPENED,Q4o,0,0,0,NONE,0
100BB,SB,UTG,UNOPENED,Q3o,0,0,0,NONE,0
100BB,SB,UTG,UNOPENED,Q2o,0,0,0,NONE,0
100BB,SB,UTG,UNOPENED,JTo,0,0,0,NONE,0
100BB,SB,UTG,UNOPENED,J9o,0,0,0,NONE,0
100BB,SB,UTG,UNOPENED,J8o,0,0,0,NONE,0
100BB,SB,UTG,UNOPENED,J7o,0,0,0,NONE,0
100BB,SB,UTG,UNOPENED,J6o,0,0,0,NONE,0
100BB,SB,UTG,UNOPENED,J5o,0,0,0,NONE,0
100BB,SB,UTG,UNOPENED,J4o,0,0,0,NONE,0
100BB,SB,UTG,UNOPENED,J3o,0,0,0,NONE,0
100BB,SB,UTG,UNOPENED,J2o,0,0,0,NONE,0
100BB,SB,UTG,UNOPENED,T9o,0,0,0,NONE,0
100BB,SB,UTG,UNOPENED,T8o,0,0,0,NONE,0
100BB,SB,UTG,UNOPENED,T7o,0,0,0,NONE,0
100BB,SB,UTG,UNOPENED,T6o,0,0,0,NONE,0
100BB,SB,UTG,UNOPENED,T5o,0,0,0,NONE,0
100BB,SB,UTG,UNOPENED,T4o,0,0,0,NONE,0
100BB,SB,UTG,UNOPENED,T3o,0,0,0,NONE,0
100BB,SB,UTG,UNOPENED,T2o,0,0,0,NONE,0
100BB,SB,UTG,UNOPENED,98o,0,0,0,NONE,0
100BB,SB,UTG,UNOPENED,97o,0,0,0,NONE,0
100BB,SB,UTG,UNOPENED,96o,0,0,0,NONE,0
100BB,SB,UTG,UNOPENED,95o,0,0,0,NONE,0
100BB,SB,UTG,UNOPENED,94o,0,0,0,NONE,0
100BB,SB,UTG,UNOPENED,93o,0,0,0,NONE,0
100BB,SB,UTG,UNOPENED,92o,0,0,0,NONE,0
100BB,SB,UTG,UNOPENED,87o,0,0,0,NONE,0
100BB,SB,UTG,UNOPENED,86o,0,0,0,NONE,0
100BB,SB,UTG,UNOPENED,85o,0,0,0,NONE,0
100BB,SB,UTG,UNOPENED,84o,0,0,0,NONE,0
100BB,SB,UTG,UNOPENED,83o,0,0,0,NONE,0
100BB,SB,UTG,UNOPENED,82o,0,0,0,NONE,0
100BB,SB,UTG,UNOPENED,76o,0,0,0,NONE,0
100BB,SB,UTG,UNOPENED,75o,0,0,0,NONE,0
100BB,SB,UTG,UNOPENED,74o,0,0,0,NONE,0
100BB,SB,UTG,UNOPENED,73o,0,0,0,NONE,0
100BB,SB,UTG,UNOPENED,72o,0,0,0,NONE,0
100BB,SB,UTG,UNOPENED,65o,0,0,0,NONE,0
100BB,SB,UTG,UNOPENED,64o,0,0,0,NONE,0
100BB,SB,UTG,UNOPENED,63o,0,0,0,NONE,0
100BB,SB,UTG,UNOPENED,62o,0,0,0,NONE,0
100BB,SB,UTG,UNOPENED,54o,0,0,0,NONE,0
100BB,SB,UTG,UNOPENED,53o,0,0,0,NONE,0
100BB,SB,UTG,UNOPENED,52o,0,0,0,NONE,0
100BB,SB,UTG,UNOPENED,43o,0,0,0,NONE,0
100BB,SB,UTG,UNOPENED,42o,0,0,0,NONE,0
100BB,SB,UTG,UNOPENED,32o,0,0,0,NONE,0
100BB,SB,UTG,ONE_RAISE,AA,0,0,100,5,1
100BB,SB,UTG,ONE_RAISE,KK,0,0,100,5,1
100BB,SB,UTG,ONE_RAISE,QQ,0,0,100,5,1
100BB,SB,UTG,ONE_RAISE,JJ,0,41,59,5,1
100BB,SB,UTG,ONE_RAISE,TT,0,42,58,5,1
100BB,SB,UTG,ONE_RAISE,99,0,75,25,5,1
100BB,SB,UTG,ONE_RAISE,88,0,94,6,5,1
100BB,SB,UTG,ONE_RAISE,77,0,95,5,5,1
100BB,SB,UTG,ONE_RAISE,66,0,100,0,NONE,1
100BB,SB,UTG,ONE_RAISE,55,0,100,0,NONE,1
100BB,SB,UTG,ONE_RAISE,44,0,100,0,NONE,1
100BB,SB,UTG,ONE_RAISE,33,0,100,0,NONE,1
100BB,SB,UTG,ONE_RAISE,22,0,100,0,NONE,1
100BB,SB,UTG,ONE_RAISE,AKs,0,0,100,5,1
100BB,SB,UTG,ONE_RAISE,AQs,0,8,92,5,1
100BB,SB,UTG,ONE_RAISE,AJs,0,62,38,5,1
100BB,SB,UTG,ONE_RAISE,ATs,0,12,88,5,1
100BB,SB,UTG,ONE_RAISE,A9s,0,75,25,5,1
100BB,SB,UTG,ONE_RAISE,A8s,0,90,10,5,1
100BB,SB,UTG,ONE_RAISE,A7s,0,99,1,5,1
100BB,SB,UTG,ONE_RAISE,A6s,0,100,0,NONE,1
100BB,SB,UTG,ONE_RAISE,A5s,0,4,96,5,1
100BB,SB,UTG,ONE_RAISE,A4s,0,80,20,5,1
100BB,SB,UTG,ONE_RAISE,A3s,0,100,0,NONE,1
100BB,SB,UTG,ONE_RAISE,A2s,0,100,0,NONE,1
100BB,SB,UTG,ONE_RAISE,KQs,0,21,79,5,1
100BB,SB,UTG,ONE_RAISE,KJs,0,2,98,5,1
100BB,SB,UTG,ONE_RAISE,KTs,0,42,58,5,1
100BB,SB,UTG,ONE_RAISE,K9s,0,100,0,NONE,1
100BB,SB,UTG,ONE_RAISE,K8s,0,100,0,NONE,1
100BB,SB,UTG,ONE_RAISE,K7s,0,99,1,5,1
100BB,SB,UTG,ONE_RAISE,K6s,0,98,2,5,1
100BB,SB,UTG,ONE_RAISE,K5s,0,100,0,NONE,1
100BB,SB,UTG,ONE_RAISE,K4s,0,100,0,NONE,1
100BB,SB,UTG,ONE_RAISE,K3s,60,40,0,NONE,1
100BB,SB,UTG,ONE_RAISE,K2s,100,0,0,NONE,1
100BB,SB,UTG,ONE_RAISE,QJs,0,0,100,5,1
100BB,SB,UTG,ONE_RAISE,QTs,0,65,35,5,1
100BB,SB,UTG,ONE_RAISE,Q9s,0,74,26,5,1
100BB,SB,UTG,ONE_RAISE,Q8s,0,84,16,5,1
100BB,SB,UTG,ONE_RAISE,Q7s,38,62,0,NONE,1
100BB,SB,UTG,ONE_RAISE,Q6s,98,2,0,NONE,1
100BB,SB,UTG,ONE_RAISE,Q5s,71,29,0,NONE,1
100BB,SB,UTG,ONE_RAISE,Q4s,100,0,0,NONE,1
100BB,SB,UTG,ONE_RAISE,Q3s,100,0,0,NONE,1
100BB,SB,UTG,ONE_RAISE,Q2s,100,0,0,NONE,1
100BB,SB,UTG,ONE_RAISE,JTs,0,0,100,5,1
100BB,SB,UTG,ONE_RAISE,J9s,0,70,30,5,1
100BB,SB,UTG,ONE_RAISE,J8s,0,96,4,5,1
100BB,SB,UTG,ONE_RAISE,J7s,100,0,0,NONE,1
100BB,SB,UTG,ONE_RAISE,J6s,100,0,0,NONE,1
100BB,SB,UTG,ONE_RAISE,J5s,100,0,0,NONE,1
100BB,SB,UTG,ONE_RAISE,J4s,100,0,0,NONE,1
100BB,SB,UTG,ONE_RAISE,J3s,100,0,0,NONE,1
100BB,SB,UTG,ONE_RAISE,J2s,100,0,0,NONE,1
100BB,SB,UTG,ONE_RAISE,T9s,0,43,57,5,1
100BB,SB,UTG,ONE_RAISE,T8s,0,95,5,5,1
100BB,SB,UTG,ONE_RAISE,T7s,0,100,0,NONE,1
100BB,SB,UTG,ONE_RAISE,T6s,100,0,0,NONE,1
100BB,SB,UTG,ONE_RAISE,T5s,100,0,0,NONE,1
100BB,SB,UTG,ONE_RAISE,T4s,100,0,0,NONE,1
100BB,SB,UTG,ONE_RAISE,T3s,100,0,0,NONE,1
100BB,SB,UTG,ONE_RAISE,T2s,100,0,0,NONE,1
100BB,SB,UTG,ONE_RAISE,98s,0,78,22,5,1
100BB,SB,UTG,ONE_RAISE,97s,0,100,0,NONE,1
100BB,SB,UTG,ONE_RAISE,96s,100,0,0,NONE,1
100BB,SB,UTG,ONE_RAISE,95s,100,0,0,NONE,1
100BB,SB,UTG,ONE_RAISE,94s,100,0,0,NONE,1
100BB,SB,UTG,ONE_RAISE,93s,100,0,0,NONE,1
100BB,SB,UTG,ONE_RAISE,92s,100,0,0,NONE,1
100BB,SB,UTG,ONE_RAISE,87s,0,38,62,5,1
100BB,SB,UTG,ONE_RAISE,86s,0,100,0,NONE,1
100BB,SB,UTG,ONE_RAISE,85s,100,0,0,NONE,1
100BB,SB,UTG,ONE_RAISE,84s,100,0,0,NONE,1
100BB,SB,UTG,ONE_RAISE,83s,100,0,0,NONE,1
100BB,SB,UTG,ONE_RAISE,82s,100,0,0,NONE,1
100BB,SB,UTG,ONE_RAISE,76s,0,42,58,5,1
100BB,SB,UTG,ONE_RAISE,75s,0,100,0,NONE,1
100BB,SB,UTG,ONE_RAISE,74s,100,0,0,NONE,1
100BB,SB,UTG,ONE_RAISE,73s,100,0,0,NONE,1
100BB,SB,UTG,ONE_RAISE,72s,100,0,0,NONE,1
100BB,SB,UTG,ONE_RAISE,65s,0,40,60,5,1
100BB,SB,UTG,ONE_RAISE,64s,0,100,0,NONE,1
100BB,SB,UTG,ONE_RAISE,63s,100,0,0,NONE,1
100BB,SB,UTG,ONE_RAISE,62s,100,0,0,NONE,1
100BB,SB,UTG,ONE_RAISE,54s,0,54,46,5,1
100BB,SB,UTG,ONE_RAISE,53s,7,93,0,NONE,1
100BB,SB,UTG,ONE_RAISE,52s,100,0,0,NONE,1
100BB,SB,UTG,ONE_RAISE,43s,100,0,0,NONE,1
100BB,SB,UTG,ONE_RAISE,42s,100,0,0,NONE,1
100BB,SB,UTG,ONE_RAISE,32s,100,0,0,NONE,1
100BB,SB,UTG,ONE_RAISE,AKo,0,13,87,5,1
100BB,SB,UTG,ONE_RAISE,AQo,0,56,44,5,1
100BB,SB,UTG,ONE_RAISE,AJo,0,99,1,5,1
100BB,SB,UTG,ONE_RAISE,ATo,0,100,0,NONE,1
100BB,SB,UTG,ONE_RAISE,A9o,100,0,0,NONE,1
100BB,SB,UTG,ONE_RAISE,A8o,100,0,0,NONE,1
100BB,SB,UTG,ONE_RAISE,A7o,100,0,0,NONE,1
100BB,SB,UTG,ONE_RAISE,A6o,100,0,0,NONE,1
100BB,SB,UTG,ONE_RAISE,A5o,100,0,0,NONE,1
100BB,SB,UTG,ONE_RAISE,A4o,100,0,0,NONE,1
100BB,SB,UTG,ONE_RAISE,A3o,100,0,0,NONE,1
100BB,SB,UTG,ONE_RAISE,A2o,100,0,0,NONE,1
100BB,SB,UTG,ONE_RAISE,KQo,0,100,0,NONE,1
100BB,SB,UTG,ONE_RAISE,KJo,0,100,0,NONE,1
100BB,SB,UTG,ONE_RAISE,KTo,87,13,0,NONE,1
100BB,SB,UTG,ONE_RAISE,K9o,100,0,0,NONE,1
100BB,SB,UTG,ONE_RAISE,K8o,100,0,0,NONE,1
100BB,SB,UTG,ONE_RAISE,K7o,100,0,0,NONE,1
100BB,SB,UTG,ONE_RAISE,K6o,100,0,0,NONE,1
100BB,SB,UTG,ONE_RAISE,K5o,100,0,0,NONE,1
100BB,SB,UTG,ONE_RAISE,K4o,100,0,0,NONE,1
100BB,SB,UTG,ONE_RAISE,K3o,100,0,0,NONE,1
100BB,SB,UTG,ONE_RAISE,K2o,100,0,0,NONE,1
100BB,SB,UTG,ONE_RAISE,QJo,5,95,0,NONE,1
100BB,SB,UTG,ONE_RAISE,QTo,86,14,0,NONE,1
100BB,SB,UTG,ONE_RAISE,Q9o,100,0,0,NONE,1
100BB,SB,UTG,ONE_RAISE,Q8o,100,0,0,NONE,1
100BB,SB,UTG,ONE_RAISE,Q7o,100,0,0,NONE,1
100BB,SB,UTG,ONE_RAISE,Q6o,100,0,0,NONE,1
100BB,SB,UTG,ONE_RAISE,Q5o,100,0,0,NONE,1
100BB,SB,UTG,ONE_RAISE,Q4o,100,0,0,NONE,1
100BB,SB,UTG,ONE_RAISE,Q3o,100,0,0,NONE,1
100BB,SB,UTG,ONE_RAISE,Q2o,100,0,0,NONE,1
100BB,SB,UTG,ONE_RAISE,JTo,22,78,0,NONE,1
100BB,SB,UTG,ONE_RAISE,J9o,100,0,0,NONE,1
100BB,SB,UTG,ONE_RAISE,J8o,100,0,0,NONE,1
100BB,SB,UTG,ONE_RAISE,J7o,100,0,0,NONE,1
100BB,SB,UTG,ONE_RAISE,J6o,100,0,0,NONE,1
100BB,SB,UTG,ONE_RAISE,J5o,100,0,0,NONE,1
100BB,SB,UTG,ONE_RAISE,J4o,100,0,0,NONE,1
100BB,SB,UTG,ONE_RAISE,J3o,100,0,0,NONE,1
100BB,SB,UTG,ONE_RAISE,J2o,100,0,0,NONE,1
100BB,SB,UTG,ONE_RAISE,T9o,100,0,0,NONE,1
100BB,SB,UTG,ONE_RAISE,T8o,100,0,0,NONE,1
100BB,SB,UTG,ONE_RAISE,T7o,100,0,0,NONE,1
100BB,SB,UTG,ONE_RAISE,T6o,100,0,0,NONE,1
100BB,SB,UTG,ONE_RAISE,T5o,100,0,0,NONE,1
100BB,SB,UTG,ONE_RAISE,T4o,100,0,0,NONE,1
100BB,SB,UTG,ONE_RAISE,T3o,100,0,0,NONE,1
100BB,SB,UTG,ONE_RAISE,T2o,100,0,0,NONE,1
100BB,SB,UTG,ONE_RAISE,98o,100,0,0,NONE,1
100BB,SB,UTG,ONE_RAISE,97o,100,0,0,NONE,1
100BB,SB,UTG,ONE_RAISE,96o,100,0,0,NONE,1
100BB,SB,UTG,ONE_RAISE,95o,100,0,0,NONE,1
100BB,SB,UTG,ONE_RAISE,94o,100,0,0,NONE,1
100BB,SB,UTG,ONE_RAISE,93o,100,0,0,NONE,1
100BB,SB,UTG,ONE_RAISE,92o,100,0,0,NONE,1
100BB,SB,UTG,ONE_RAISE,87o,100,0,0,NONE,1
100BB,SB,UTG,ONE_RAISE,86o,100,0,0,NONE,1
100BB,SB,UTG,ONE_RAISE,85o,100,0,0,NONE,1
100BB,SB,UTG,ONE_RAISE,84o,100,0,0,NONE,1
100BB,SB,UTG,ONE_RAISE,83o,100,0,0,NONE,1
100BB,SB,UTG,ONE_RAISE,82o,100,0,0,NONE,1
100BB,SB,UTG,ONE_RAISE,76o,100,0,0,NONE,1
100BB,SB,UTG,ONE_RAISE,75o,100,0,0,NONE,1
100BB,SB,UTG,ONE_RAISE,74o,100,0,0,NONE,1
100BB,SB,UTG,ONE_RAISE,73o,100,0,0,NONE,1
100BB,SB,UTG,ONE_RAISE,72o,100,0,0,NONE,1
100BB,SB,UTG,ONE_RAISE,65o,100,0,0,NONE,1
100BB,SB,UTG,ONE_RAISE,64o,100,0,0,NONE,1
100BB,SB,UTG,ONE_RAISE,63o,100,0,0,NONE,1
100BB,SB,UTG,ONE_RAISE,62o,100,0,0,NONE,1
100BB,SB,UTG,ONE_RAISE,54o,100,0,0,NONE,1
100BB,SB,UTG,ONE_RAISE,53o,100,0,0,NONE,1
100BB,SB,UTG,ONE_RAISE,52o,100,0,0,NONE,1
100BB,SB,UTG,ONE_RAISE,43o,100,0,0,NONE,1
100BB,SB,UTG,ONE_RAISE,42o,100,0,0,NONE,1
100BB,SB,UTG,ONE_RAISE,32o,100,0,0,NONE,1
100BB,SB,UTG,THREE_BET,AA,0,0,0,NONE,0
100BB,SB,UTG,THREE_BET,KK,0,0,0,NONE,0
100BB,SB,UTG,THREE_BET,QQ,0,0,0,NONE,0
100BB,SB,UTG,THREE_BET,JJ,0,0,0,NONE,0
100BB,SB,UTG,THREE_BET,TT,0,0,0,NONE,0
100BB,SB,UTG,THREE_BET,99,0,0,0,NONE,0
100BB,SB,UTG,THREE_BET,88,0,0,0,NONE,0
100BB,SB,UTG,THREE_BET,77,0,0,0,NONE,0
100BB,SB,UTG,THREE_BET,66,0,0,0,NONE,0
100BB,SB,UTG,THREE_BET,55,0,0,0,NONE,0
100BB,SB,UTG,THREE_BET,44,0,0,0,NONE,0
100BB,SB,UTG,THREE_BET,33,0,0,0,NONE,0
100BB,SB,UTG,THREE_BET,22,0,0,0,NONE,0
100BB,SB,UTG,THREE_BET,AKs,0,0,0,NONE,0
100BB,SB,UTG,THREE_BET,AQs,0,0,0,NONE,0
100BB,SB,UTG,THREE_BET,AJs,0,0,0,NONE,0
100BB,SB,UTG,THREE_BET,ATs,0,0,0,NONE,0
100BB,SB,UTG,THREE_BET,A9s,0,0,0,NONE,0
100BB,SB,UTG,THREE_BET,A8s,0,0,0,NONE,0
100BB,SB,UTG,THREE_BET,A7s,0,0,0,NONE,0
100BB,SB,UTG,THREE_BET,A6s,0,0,0,NONE,0
100BB,SB,UTG,THREE_BET,A5s,0,0,0,NONE,0
100BB,SB,UTG,THREE_BET,A4s,0,0,0,NONE,0
100BB,SB,UTG,THREE_BET,A3s,0,0,0,NONE,0
100BB,SB,UTG,THREE_BET,A2s,0,0,0,NONE,0
100BB,SB,UTG,THREE_BET,KQs,0,0,0,NONE,0
100BB,SB,UTG,THREE_BET,KJs,0,0,0,NONE,0
100BB,SB,UTG,THREE_BET,KTs,0,0,0,NONE,0
100BB,SB,UTG,THREE_BET,K9s,0,0,0,NONE,0
100BB,SB,UTG,THREE_BET,K8s,0,0,0,NONE,0
100BB,SB,UTG,THREE_BET,K7s,0,0,0,NONE,0
100BB,SB,UTG,THREE_BET,K6s,0,0,0,NONE,0
100BB,SB,UTG,THREE_BET,K5s,0,0,0,NONE,0
100BB,SB,UTG,THREE_BET,K4s,0,0,0,NONE,0
100BB,SB,UTG,THREE_BET,K3s,0,0,0,NONE,0
100BB,SB,UTG,THREE_BET,K2s,0,0,0,NONE,0
100BB,SB,UTG,THREE_BET,QJs,0,0,0,NONE,0
100BB,SB,UTG,THREE_BET,QTs,0,0,0,NONE,0
100BB,SB,UTG,THREE_BET,Q9s,0,0,0,NONE,0
100BB,SB,UTG,THREE_BET,Q8s,0,0,0,NONE,0
100BB,SB,UTG,THREE_BET,Q7s,0,0,0,NONE,0
100BB,SB,UTG,THREE_BET,Q6s,0,0,0,NONE,0
100BB,SB,UTG,THREE_BET,Q5s,0,0,0,NONE,0
100BB,SB,UTG,THREE_BET,Q4s,0,0,0,NONE,0
100BB,SB,UTG,THREE_BET,Q3s,0,0,0,NONE,0
100BB,SB,UTG,THREE_BET,Q2s,0,0,0,NONE,0
100BB,SB,UTG,THREE_BET,JTs,0,0,0,NONE,0
100BB,SB,UTG,THREE_BET,J9s,0,0,0,NONE,0
100BB,SB,UTG,THREE_BET,J8s,0,0,0,NONE,0
100BB,SB,UTG,THREE_BET,J7s,0,0,0,NONE,0
100BB,SB,UTG,THREE_BET,J6s,0,0,0,NONE,0
100BB,SB,UTG,THREE_BET,J5s,0,0,0,NONE,0
100BB,SB,UTG,THREE_BET,J4s,0,0,0,NONE,0
100BB,SB,UTG,THREE_BET,J3s,0,0,0,NONE,0
100BB,SB,UTG,THREE_BET,J2s,0,0,0,NONE,0
100BB,SB,UTG,THREE_BET,T9s,0,0,0,NONE,0
100BB,SB,UTG,THREE_BET,T8s,0,0,0,NONE,0
100BB,SB,UTG,THREE_BET,T7s,0,0,0,NONE,0
100BB,SB,UTG,THREE_BET,T6s,0,0,0,NONE,0
100BB,SB,UTG,THREE_BET,T5s,0,0,0,NONE,0
100BB,SB,UTG,THREE_BET,T4s,0,0,0,NONE,0
100BB,SB,UTG,THREE_BET,T3s,0,0,0,NONE,0
100BB,SB,UTG,THREE_BET,T2s,0,0,0,NONE,0
100BB,SB,UTG,THREE_BET,98s,0,0,0,NONE,0
100BB,SB,UTG,THREE_BET,97s,0,0,0,NONE,0
100BB,SB,UTG,THREE_BET,96s,0,0,0,NONE,0
100BB,SB,UTG,THREE_BET,95s,0,0,0,NONE,0
100BB,SB,UTG,THREE_BET,94s,0,0,0,NONE,0
100BB,SB,UTG,THREE_BET,93s,0,0,0,NONE,0
100BB,SB,UTG,THREE_BET,92s,0,0,0,NONE,0
100BB,SB,UTG,THREE_BET,87s,0,0,0,NONE,0
100BB,SB,UTG,THREE_BET,86s,0,0,0,NONE,0
100BB,SB,UTG,THREE_BET,85s,0,0,0,NONE,0
100BB,SB,UTG,THREE_BET,84s,0,0,0,NONE,0
100BB,SB,UTG,THREE_BET,83s,0,0,0,NONE,0
100BB,SB,UTG,THREE_BET,82s,0,0,0,NONE,0
100BB,SB,UTG,THREE_BET,76s,0,0,0,NONE,0
100BB,SB,UTG,THREE_BET,75s,0,0,0,NONE,0
100BB,SB,UTG,THREE_BET,74s,0,0,0,NONE,0
100BB,SB,UTG,THREE_BET,73s,0,0,0,NONE,0
100BB,SB,UTG,THREE_BET,72s,0,0,0,NONE,0
100BB,SB,UTG,THREE_BET,65s,0,0,0,NONE,0
100BB,SB,UTG,THREE_BET,64s,0,0,0,NONE,0
100BB,SB,UTG,THREE_BET,63s,0,0,0,NONE,0
100BB,SB,UTG,THREE_BET,62s,0,0,0,NONE,0
100BB,SB,UTG,THREE_BET,54s,0,0,0,NONE,0
100BB,SB,UTG,THREE_BET,53s,0,0,0,NONE,0
100BB,SB,UTG,THREE_BET,52s,0,0,0,NONE,0
100BB,SB,UTG,THREE_BET,43s,0,0,0,NONE,0
100BB,SB,UTG,THREE_BET,42s,0,0,0,NONE,0
100BB,SB,UTG,THREE_BET,32s,0,0,0,NONE,0
100BB,SB,UTG,THREE_BET,AKo,0,0,0,NONE,0
100BB,SB,UTG,THREE_BET,AQo,0,0,0,NONE,0
100BB,SB,UTG,THREE_BET,AJo,0,0,0,NONE,0
100BB,SB,UTG,THREE_BET,ATo,0,0,0,NONE,0
100BB,SB,UTG,THREE_BET,A9o,0,0,0,NONE,0
100BB,SB,UTG,THREE_BET,A8o,0,0,0,NONE,0
100BB,SB,UTG,THREE_BET,A7o,0,0,0,NONE,0
100BB,SB,UTG,THREE_BET,A6o,0,0,0,NONE,0
100BB,SB,UTG,THREE_BET,A5o,0,0,0,NONE,0
100BB,SB,UTG,THREE_BET,A4o,0,0,0,NONE,0
100BB,SB,UTG,THREE_BET,A3o,0,0,0,NONE,0
100BB,SB,UTG,THREE_BET,A2o,0,0,0,NONE,0
100BB,SB,UTG,THREE_BET,KQo,0,0,0,NONE,0
100BB,SB,UTG,THREE_BET,KJo,0,0,0,NONE,0
100BB,SB,UTG,THREE_BET,KTo,0,0,0,NONE,0
100BB,SB,UTG,THREE_BET,K9o,0,0,0,NONE,0
100BB,SB,UTG,THREE_BET,K8o,0,0,0,NONE,0
100BB,SB,UTG,THREE_BET,K7o,0,0,0,NONE,0
100BB,SB,UTG,THREE_BET,K6o,0,0,0,NONE,0
100BB,SB,UTG,THREE_BET,K5o,0,0,0,NONE,0
100BB,SB,UTG,THREE_BET,K4o,0,0,0,NONE,0
100BB,SB,UTG,THREE_BET,K3o,0,0,0,NONE,0
100BB,SB,UTG,THREE_BET,K2o,0,0,0,NONE,0
100BB,SB,UTG,THREE_BET,QJo,0,0,0,NONE,0
100BB,SB,UTG,THREE_BET,QTo,0,0,0,NONE,0
100BB,SB,UTG,THREE_BET,Q9o,0,0,0,NONE,0
100BB,SB,UTG,THREE_BET,Q8o,0,0,0,NONE,0
100BB,SB,UTG,THREE_BET,Q7o,0,0,0,NONE,0
100BB,SB,UTG,THREE_BET,Q6o,0,0,0,NONE,0
100BB,SB,UTG,THREE_BET,Q5o,0,0,0,NONE,0
100BB,SB,UTG,THREE_BET,Q4o,0,0,0,NONE,0
100BB,SB,UTG,THREE_BET,Q3o,0,0,0,NONE,0
100BB,SB,UTG,THREE_BET,Q2o,0,0,0,NONE,0
100BB,SB,UTG,THREE_BET,JTo,0,0,0,NONE,0
100BB,SB,UTG,THREE_BET,J9o,0,0,0,NONE,0
100BB,SB,UTG,THREE_BET,J8o,0,0,0,NONE,0
100BB,SB,UTG,THREE_BET,J7o,0,0,0,NONE,0
100BB,SB,UTG,THREE_BET,J6o,0,0,0,NONE,0
100BB,SB,UTG,THREE_BET,J5o,0,0,0,NONE,0
100BB,SB,UTG,THREE_BET,J4o,0,0,0,NONE,0
100BB,SB,UTG,THREE_BET,J3o,0,0,0,NONE,0
100BB,SB,UTG,THREE_BET,J2o,0,0,0,NONE,0
100BB,SB,UTG,THREE_BET,T9o,0,0,0,NONE,0
100BB,SB,UTG,THREE_BET,T8o,0,0,0,NONE,0
100BB,SB,UTG,THREE_BET,T7o,0,0,0,NONE,0
100BB,SB,UTG,THREE_BET,T6o,0,0,0,NONE,0
100BB,SB,UTG,THREE_BET,T5o,0,0,0,NONE,0
100BB,SB,UTG,THREE_BET,T4o,0,0,0,NONE,0
100BB,SB,UTG,THREE_BET,T3o,0,0,0,NONE,0
100BB,SB,UTG,THREE_BET,T2o,0,0,0,NONE,0
100BB,SB,UTG,THREE_BET,98o,0,0,0,NONE,0
100BB,SB,UTG,THREE_BET,97o,0,0,0,NONE,0
100BB,SB,UTG,THREE_BET,96o,0,0,0,NONE,0
100BB,SB,UTG,THREE_BET,95o,0,0,0,NONE,0
100BB,SB,UTG,THREE_BET,94o,0,0,0,NONE,0
100BB,SB,UTG,THREE_BET,93o,0,0,0,NONE,0
100BB,SB,UTG,THREE_BET,92o,0,0,0,NONE,0
100BB,SB,UTG,THREE_BET,87o,0,0,0,NONE,0
100BB,SB,UTG,THREE_BET,86o,0,0,0,NONE,0
100BB,SB,UTG,THREE_BET,85o,0,0,0,NONE,0
100BB,SB,UTG,THREE_BET,84o,0,0,0,NONE,0
100BB,SB,UTG,THREE_BET,83o,0,0,0,NONE,0
100BB,SB,UTG,THREE_BET,82o,0,0,0,NONE,0
100BB,SB,UTG,THREE_BET,76o,0,0,0,NONE,0
100BB,SB,UTG,THREE_BET,75o,0,0,0,NONE,0
100BB,SB,UTG,THREE_BET,74o,0,0,0,NONE,0
100BB,SB,UTG,THREE_BET,73o,0,0,0,NONE,0
100BB,SB,UTG,THREE_BET,72o,0,0,0,NONE,0
100BB,SB,UTG,THREE_BET,65o,0,0,0,NONE,0
100BB,SB,UTG,THREE_BET,64o,0,0,0,NONE,0
100BB,SB,UTG,THREE_BET,63o,0,0,0,NONE,0
100BB,SB,UTG,THREE_BET,62o,0,0,0,NONE,0
100BB,SB,UTG,THREE_BET,54o,0,0,0,NONE,0
100BB,SB,UTG,THREE_BET,53o,0,0,0,NONE,0
100BB,SB,UTG,THREE_BET,52o,0,0,0,NONE,0
100BB,SB,UTG,THREE_BET,43o,0,0,0,NONE,0
100BB,SB,UTG,THREE_BET,42o,0,0,0,NONE,0
100BB,SB,UTG,THREE_BET,32o,0,0,0,NONE,0
100BB,SB,HJ,UNOPENED,AA,0,0,0,NONE,0
100BB,SB,HJ,UNOPENED,KK,0,0,0,NONE,0
100BB,SB,HJ,UNOPENED,QQ,0,0,0,NONE,0
100BB,SB,HJ,UNOPENED,JJ,0,0,0,NONE,0
100BB,SB,HJ,UNOPENED,TT,0,0,0,NONE,0
100BB,SB,HJ,UNOPENED,99,0,0,0,NONE,0
100BB,SB,HJ,UNOPENED,88,0,0,0,NONE,0
100BB,SB,HJ,UNOPENED,77,0,0,0,NONE,0
100BB,SB,HJ,UNOPENED,66,0,0,0,NONE,0
100BB,SB,HJ,UNOPENED,55,0,0,0,NONE,0
100BB,SB,HJ,UNOPENED,44,0,0,0,NONE,0
100BB,SB,HJ,UNOPENED,33,0,0,0,NONE,0
100BB,SB,HJ,UNOPENED,22,0,0,0,NONE,0
100BB,SB,HJ,UNOPENED,AKs,0,0,0,NONE,0
100BB,SB,HJ,UNOPENED,AQs,0,0,0,NONE,0
100BB,SB,HJ,UNOPENED,AJs,0,0,0,NONE,0
100BB,SB,HJ,UNOPENED,ATs,0,0,0,NONE,0
100BB,SB,HJ,UNOPENED,A9s,0,0,0,NONE,0
100BB,SB,HJ,UNOPENED,A8s,0,0,0,NONE,0
100BB,SB,HJ,UNOPENED,A7s,0,0,0,NONE,0
100BB,SB,HJ,UNOPENED,A6s,0,0,0,NONE,0
100BB,SB,HJ,UNOPENED,A5s,0,0,0,NONE,0
100BB,SB,HJ,UNOPENED,A4s,0,0,0,NONE,0
100BB,SB,HJ,UNOPENED,A3s,0,0,0,NONE,0
100BB,SB,HJ,UNOPENED,A2s,0,0,0,NONE,0
100BB,SB,HJ,UNOPENED,KQs,0,0,0,NONE,0
100BB,SB,HJ,UNOPENED,KJs,0,0,0,NONE,0
100BB,SB,HJ,UNOPENED,KTs,0,0,0,NONE,0
100BB,SB,HJ,UNOPENED,K9s,0,0,0,NONE,0
100BB,SB,HJ,UNOPENED,K8s,0,0,0,NONE,0
100BB,SB,HJ,UNOPENED,K7s,0,0,0,NONE,0
100BB,SB,HJ,UNOPENED,K6s,0,0,0,NONE,0
100BB,SB,HJ,UNOPENED,K5s,0,0,0,NONE,0
100BB,SB,HJ,UNOPENED,K4s,0,0,0,NONE,0
100BB,SB,HJ,UNOPENED,K3s,0,0,0,NONE,0
100BB,SB,HJ,UNOPENED,K2s,0,0,0,NONE,0
100BB,SB,HJ,UNOPENED,QJs,0,0,0,NONE,0
100BB,SB,HJ,UNOPENED,QTs,0,0,0,NONE,0
100BB,SB,HJ,UNOPENED,Q9s,0,0,0,NONE,0
100BB,SB,HJ,UNOPENED,Q8s,0,0,0,NONE,0
100BB,SB,HJ,UNOPENED,Q7s,0,0,0,NONE,0
100BB,SB,HJ,UNOPENED,Q6s,0,0,0,NONE,0
100BB,SB,HJ,UNOPENED,Q5s,0,0,0,NONE,0
100BB,SB,HJ,UNOPENED,Q4s,0,0,0,NONE,0
100BB,SB,HJ,UNOPENED,Q3s,0,0,0,NONE,0
100BB,SB,HJ,UNOPENED,Q2s,0,0,0,NONE,0
100BB,SB,HJ,UNOPENED,JTs,0,0,0,NONE,0
100BB,SB,HJ,UNOPENED,J9s,0,0,0,NONE,0
100BB,SB,HJ,UNOPENED,J8s,0,0,0,NONE,0
100BB,SB,HJ,UNOPENED,J7s,0,0,0,NONE,0
100BB,SB,HJ,UNOPENED,J6s,0,0,0,NONE,0
100BB,SB,HJ,UNOPENED,J5s,0,0,0,NONE,0
100BB,SB,HJ,UNOPENED,J4s,0,0,0,NONE,0
100BB,SB,HJ,UNOPENED,J3s,0,0,0,NONE,0
100BB,SB,HJ,UNOPENED,J2s,0,0,0,NONE,0
100BB,SB,HJ,UNOPENED,T9s,0,0,0,NONE,0
100BB,SB,HJ,UNOPENED,T8s,0,0,0,NONE,0
100BB,SB,HJ,UNOPENED,T7s,0,0,0,NONE,0
100BB,SB,HJ,UNOPENED,T6s,0,0,0,NONE,0
100BB,SB,HJ,UNOPENED,T5s,0,0,0,NONE,0
100BB,SB,HJ,UNOPENED,T4s,0,0,0,NONE,0
100BB,SB,HJ,UNOPENED,T3s,0,0,0,NONE,0
100BB,SB,HJ,UNOPENED,T2s,0,0,0,NONE,0
100BB,SB,HJ,UNOPENED,98s,0,0,0,NONE,0
100BB,SB,HJ,UNOPENED,97s,0,0,0,NONE,0
100BB,SB,HJ,UNOPENED,96s,0,0,0,NONE,0
100BB,SB,HJ,UNOPENED,95s,0,0,0,NONE,0
100BB,SB,HJ,UNOPENED,94s,0,0,0,NONE,0
100BB,SB,HJ,UNOPENED,93s,0,0,0,NONE,0
100BB,SB,HJ,UNOPENED,92s,0,0,0,NONE,0
100BB,SB,HJ,UNOPENED,87s,0,0,0,NONE,0
100BB,SB,HJ,UNOPENED,86s,0,0,0,NONE,0
100BB,SB,HJ,UNOPENED,85s,0,0,0,NONE,0
100BB,SB,HJ,UNOPENED,84s,0,0,0,NONE,0
100BB,SB,HJ,UNOPENED,83s,0,0,0,NONE,0
100BB,SB,HJ,UNOPENED,82s,0,0,0,NONE,0
100BB,SB,HJ,UNOPENED,76s,0,0,0,NONE,0
100BB,SB,HJ,UNOPENED,75s,0,0,0,NONE,0
100BB,SB,HJ,UNOPENED,74s,0,0,0,NONE,0
100BB,SB,HJ,UNOPENED,73s,0,0,0,NONE,0
100BB,SB,HJ,UNOPENED,72s,0,0,0,NONE,0
100BB,SB,HJ,UNOPENED,65s,0,0,0,NONE,0
100BB,SB,HJ,UNOPENED,64s,0,0,0,NONE,0
100BB,SB,HJ,UNOPENED,63s,0,0,0,NONE,0
100BB,SB,HJ,UNOPENED,62s,0,0,0,NONE,0
100BB,SB,HJ,UNOPENED,54s,0,0,0,NONE,0
100BB,SB,HJ,UNOPENED,53s,0,0,0,NONE,0
100BB,SB,HJ,UNOPENED,52s,0,0,0,NONE,0
100BB,SB,HJ,UNOPENED,43s,0,0,0,NONE,0
100BB,SB,HJ,UNOPENED,42s,0,0,0,NONE,0
100BB,SB,HJ,UNOPENED,32s,0,0,0,NONE,0
100BB,SB,HJ,UNOPENED,AKo,0,0,0,NONE,0
100BB,SB,HJ,UNOPENED,AQo,0,0,0,NONE,0
100BB,SB,HJ,UNOPENED,AJo,0,0,0,NONE,0
100BB,SB,HJ,UNOPENED,ATo,0,0,0,NONE,0
100BB,SB,HJ,UNOPENED,A9o,0,0,0,NONE,0
100BB,SB,HJ,UNOPENED,A8o,0,0,0,NONE,0
100BB,SB,HJ,UNOPENED,A7o,0,0,0,NONE,0
100BB,SB,HJ,UNOPENED,A6o,0,0,0,NONE,0
100BB,SB,HJ,UNOPENED,A5o,0,0,0,NONE,0
100BB,SB,HJ,UNOPENED,A4o,0,0,0,NONE,0
100BB,SB,HJ,UNOPENED,A3o,0,0,0,NONE,0
100BB,SB,HJ,UNOPENED,A2o,0,0,0,NONE,0
100BB,SB,HJ,UNOPENED,KQo,0,0,0,NONE,0
100BB,SB,HJ,UNOPENED,KJo,0,0,0,NONE,0
100BB,SB,HJ,UNOPENED,KTo,0,0,0,NONE,0
100BB,SB,HJ,UNOPENED,K9o,0,0,0,NONE,0
100BB,SB,HJ,UNOPENED,K8o,0,0,0,NONE,0
100BB,SB,HJ,UNOPENED,K7o,0,0,0,NONE,0
100BB,SB,HJ,UNOPENED,K6o,0,0,0,NONE,0
100BB,SB,HJ,UNOPENED,K5o,0,0,0,NONE,0
100BB,SB,HJ,UNOPENED,K4o,0,0,0,NONE,0
100BB,SB,HJ,UNOPENED,K3o,0,0,0,NONE,0
100BB,SB,HJ,UNOPENED,K2o,0,0,0,NONE,0
100BB,SB,HJ,UNOPENED,QJo,0,0,0,NONE,0
100BB,SB,HJ,UNOPENED,QTo,0,0,0,NONE,0
100BB,SB,HJ,UNOPENED,Q9o,0,0,0,NONE,0
100BB,SB,HJ,UNOPENED,Q8o,0,0,0,NONE,0
100BB,SB,HJ,UNOPENED,Q7o,0,0,0,NONE,0
100BB,SB,HJ,UNOPENED,Q6o,0,0,0,NONE,0
100BB,SB,HJ,UNOPENED,Q5o,0,0,0,NONE,0
100BB,SB,HJ,UNOPENED,Q4o,0,0,0,NONE,0
100BB,SB,HJ,UNOPENED,Q3o,0,0,0,NONE,0
100BB,SB,HJ,UNOPENED,Q2o,0,0,0,NONE,0
100BB,SB,HJ,UNOPENED,JTo,0,0,0,NONE,0
100BB,SB,HJ,UNOPENED,J9o,0,0,0,NONE,0
100BB,SB,HJ,UNOPENED,J8o,0,0,0,NONE,0
100BB,SB,HJ,UNOPENED,J7o,0,0,0,NONE,0
100BB,SB,HJ,UNOPENED,J6o,0,0,0,NONE,0
100BB,SB,HJ,UNOPENED,J5o,0,0,0,NONE,0
100BB,SB,HJ,UNOPENED,J4o,0,0,0,NONE,0
100BB,SB,HJ,UNOPENED,J3o,0,0,0,NONE,0
100BB,SB,HJ,UNOPENED,J2o,0,0,0,NONE,0
100BB,SB,HJ,UNOPENED,T9o,0,0,0,NONE,0
100BB,SB,HJ,UNOPENED,T8o,0,0,0,NONE,0
100BB,SB,HJ,UNOPENED,T7o,0,0,0,NONE,0
100BB,SB,HJ,UNOPENED,T6o,0,0,0,NONE,0
100BB,SB,HJ,UNOPENED,T5o,0,0,0,NONE,0
100BB,SB,HJ,UNOPENED,T4o,0,0,0,NONE,0
100BB,SB,HJ,UNOPENED,T3o,0,0,0,NONE,0
100BB,SB,HJ,UNOPENED,T2o,0,0,0,NONE,0
100BB,SB,HJ,UNOPENED,98o,0,0,0,NONE,0
100BB,SB,HJ,UNOPENED,97o,0,0,0,NONE,0
100BB,SB,HJ,UNOPENED,96o,0,0,0,NONE,0
100BB,SB,HJ,UNOPENED,95o,0,0,0,NONE,0
100BB,SB,HJ,UNOPENED,94o,0,0,0,NONE,0
100BB,SB,HJ,UNOPENED,93o,0,0,0,NONE,0
100BB,SB,HJ,UNOPENED,92o,0,0,0,NONE,0
100BB,SB,HJ,UNOPENED,87o,0,0,0,NONE,0
100BB,SB,HJ,UNOPENED,86o,0,0,0,NONE,0
100BB,SB,HJ,UNOPENED,85o,0,0,0,NONE,0
100BB,SB,HJ,UNOPENED,84o,0,0,0,NONE,0
100BB,SB,HJ,UNOPENED,83o,0,0,0,NONE,0
100BB,SB,HJ,UNOPENED,82o,0,0,0,NONE,0
100BB,SB,HJ,UNOPENED,76o,0,0,0,NONE,0
100BB,SB,HJ,UNOPENED,75o,0,0,0,NONE,0
100BB,SB,HJ,UNOPENED,74o,0,0,0,NONE,0
100BB,SB,HJ,UNOPENED,73o,0,0,0,NONE,0
100BB,SB,HJ,UNOPENED,72o,0,0,0,NONE,0
100BB,SB,HJ,UNOPENED,65o,0,0,0,NONE,0
100BB,SB,HJ,UNOPENED,64o,0,0,0,NONE,0
100BB,SB,HJ,UNOPENED,63o,0,0,0,NONE,0
100BB,SB,HJ,UNOPENED,62o,0,0,0,NONE,0
100BB,SB,HJ,UNOPENED,54o,0,0,0,NONE,0
100BB,SB,HJ,UNOPENED,53o,0,0,0,NONE,0
100BB,SB,HJ,UNOPENED,52o,0,0,0,NONE,0
100BB,SB,HJ,UNOPENED,43o,0,0,0,NONE,0
100BB,SB,HJ,UNOPENED,42o,0,0,0,NONE,0
100BB,SB,HJ,UNOPENED,32o,0,0,0,NONE,0
100BB,SB,HJ,ONE_RAISE,AA,0,0,100,5,1
100BB,SB,HJ,ONE_RAISE,KK,0,0,100,5,1
100BB,SB,HJ,ONE_RAISE,QQ,0,0,100,5,1
100BB,SB,HJ,ONE_RAISE,JJ,0,28,72,5,1
100BB,SB,HJ,ONE_RAISE,TT,0,35,65,5,1
100BB,SB,HJ,ONE_RAISE,99,0,58,42,5,1
100BB,SB,HJ,ONE_RAISE,88,0,85,15,5,1
100BB,SB,HJ,ONE_RAISE,77,0,93,7,5,1
100BB,SB,HJ,ONE_RAISE,66,0,91,9,5,1
100BB,SB,HJ,ONE_RAISE,55,0,100,0,NONE,1
100BB,SB,HJ,ONE_RAISE,44,0,100,0,NONE,1
100BB,SB,HJ,ONE_RAISE,33,0,100,0,NONE,1
100BB,SB,HJ,ONE_RAISE,22,0,100,0,NONE,1
100BB,SB,HJ,ONE_RAISE,AKs,0,0,100,5,1
100BB,SB,HJ,ONE_RAISE,AQs,0,0,100,5,1
100BB,SB,HJ,ONE_RAISE,AJs,0,46,54,5,1
100BB,SB,HJ,ONE_RAISE,ATs,0,50,50,5,1
100BB,SB,HJ,ONE_RAISE,A9s,0,42,58,5,1
100BB,SB,HJ,ONE_RAISE,A8s,0,60,40,5,1
100BB,SB,HJ,ONE_RAISE,A7s,0,90,10,5,1
100BB,SB,HJ,ONE_RAISE,A6s,0,100,0,NONE,1
100BB,SB,HJ,ONE_RAISE,A5s,0,0,100,5,1
100BB,SB,HJ,ONE_RAISE,A4s,0,70,30,5,1
100BB,SB,HJ,ONE_RAISE,A3s,0,100,0,NONE,1
100BB,SB,HJ,ONE_RAISE,A2s,0,100,0,NONE,1
100BB,SB,HJ,ONE_RAISE,KQs,0,41,59,5,1
100BB,SB,HJ,ONE_RAISE,KJs,0,15,85,5,1
100BB,SB,HJ,ONE_RAISE,KTs,0,7,93,5,1
100BB,SB,HJ,ONE_RAISE,K9s,0,87,13,5,1
100BB,SB,HJ,ONE_RAISE,K8s,0,100,0,NONE,1
100BB,SB,HJ,ONE_RAISE,K7s,0,100,0,NONE,1
100BB,SB,HJ,ONE_RAISE,K6s,0,97,3,5,1
100BB,SB,HJ,ONE_RAISE,K5s,0,88,12,5,1
100BB,SB,HJ,ONE_RAISE,K4s,0,100,0,NONE,1
100BB,SB,HJ,ONE_RAISE,K3s,0,100,0,NONE,1
100BB,SB,HJ,ONE_RAISE,K2s,5,95,0,NONE,1
100BB,SB,HJ,ONE_RAISE,QJs,0,0,100,5,1
100BB,SB,HJ,ONE_RAISE,QTs,0,27,73,5,1
100BB,SB,HJ,ONE_RAISE,Q9s,0,69,31,5,1
100BB,SB,HJ,ONE_RAISE,Q8s,0,99,1,5,1
100BB,SB,HJ,ONE_RAISE,Q7s,0,100,0,NONE,1
100BB,SB,HJ,ONE_RAISE,Q6s,42,58,0,NONE,1
100BB,SB,HJ,ONE_RAISE,Q5s,2,98,0,NONE,1
100BB,SB,HJ,ONE_RAISE,Q4s,100,0,0,NONE,1
100BB,SB,HJ,ONE_RAISE,Q3s,100,0,0,NONE,1
100BB,SB,HJ,ONE_RAISE,Q2s,100,0,0,NONE,1
100BB,SB,HJ,ONE_RAISE,JTs,0,0,100,5,1
100BB,SB,HJ,ONE_RAISE,J9s,0,16,84,5,1
100BB,SB,HJ,ONE_RAISE,J8s,0,67,33,5,1
100BB,SB,HJ,ONE_RAISE,J7s,83,17,0,NONE,1
100BB,SB,HJ,ONE_RAISE,J6s,100,0,0,NONE,1
100BB,SB,HJ,ONE_RAISE,J5s,100,0,0,NONE,1
100BB,SB,HJ,ONE_RAISE,J4s,100,0,0,NONE,1
100BB,SB,HJ,ONE_RAISE,J3s,100,0,0,NONE,1
100BB,SB,HJ,ONE_RAISE,J2s,100,0,0,NONE,1
100BB,SB,HJ,ONE_RAISE,T9s,0,26,74,5,1
100BB,SB,HJ,ONE_RAISE,T8s,0,97,3,5,1
100BB,SB,HJ,ONE_RAISE,T7s,0,100,0,NONE,1
100BB,SB,HJ,ONE_RAISE,T6s,100,0,0,NONE,1
100BB,SB,HJ,ONE_RAISE,T5s,100,0,0,NONE,1
100BB,SB,HJ,ONE_RAISE,T4s,100,0,0,NONE,1
100BB,SB,HJ,ONE_RAISE,T3s,100,0,0,NONE,1
100BB,SB,HJ,ONE_RAISE,T2s,100,0,0,NONE,1
100BB,SB,HJ,ONE_RAISE,98s,0,85,15,5,1
100BB,SB,HJ,ONE_RAISE,97s,0,100,0,NONE,1
100BB,SB,HJ,ONE_RAISE,96s,100,0,0,NONE,1
100BB,SB,HJ,ONE_RAISE,95s,100,0,0,NONE,1
100BB,SB,HJ,ONE_RAISE,94s,100,0,0,NONE,1
100BB,SB,HJ,ONE_RAISE,93s,100,0,0,NONE,1
100BB,SB,HJ,ONE_RAISE,92s,100,0,0,NONE,1
100BB,SB,HJ,ONE_RAISE,87s,0,44,56,5,1
100BB,SB,HJ,ONE_RAISE,86s,0,99,1,5,1
100BB,SB,HJ,ONE_RAISE,85s,100,0,0,NONE,1
100BB,SB,HJ,ONE_RAISE,84s,100,0,0,NONE,1
100BB,SB,HJ,ONE_RAISE,83s,100,0,0,NONE,1
100BB,SB,HJ,ONE_RAISE,82s,100,0,0,NONE,1
100BB,SB,HJ,ONE_RAISE,76s,0,38,62,5,1
100BB,SB,HJ,ONE_RAISE,75s,0,100,0,NONE,1
100BB,SB,HJ,ONE_RAISE,74s,100,0,0,NONE,1
100BB,SB,HJ,ONE_RAISE,73s,100,0,0,NONE,1
100BB,SB,HJ,ONE_RAISE,72s,100,0,0,NONE,1
100BB,SB,HJ,ONE_RAISE,65s,0,24,76,5,1
100BB,SB,HJ,ONE_RAISE,64s,100,0,0,NONE,1
100BB,SB,HJ,ONE_RAISE,63s,100,0,0,NONE,1
100BB,SB,HJ,ONE_RAISE,62s,100,0,0,NONE,1
100BB,SB,HJ,ONE_RAISE,54s,0,53,47,5,1
100BB,SB,HJ,ONE_RAISE,53s,0,100,0,NONE,1
100BB,SB,HJ,ONE_RAISE,52s,100,0,0,NONE,1
100BB,SB,HJ,ONE_RAISE,43s,100,0,0,NONE,1
100BB,SB,HJ,ONE_RAISE,42s,100,0,0,NONE,1
100BB,SB,HJ,ONE_RAISE,32s,100,0,0,NONE,1
100BB,SB,HJ,ONE_RAISE,AKo,0,9,91,5,1
100BB,SB,HJ,ONE_RAISE,AQo,0,33,67,5,1
100BB,SB,HJ,ONE_RAISE,AJo,0,97,3,5,1
100BB,SB,HJ,ONE_RAISE,ATo,0,96,4,5,1
100BB,SB,HJ,ONE_RAISE,A9o,56,44,0,NONE,1
100BB,SB,HJ,ONE_RAISE,A8o,100,0,0,NONE,1
100BB,SB,HJ,ONE_RAISE,A7o,100,0,0,NONE,1
100BB,SB,HJ,ONE_RAISE,A6o,100,0,0,NONE,1
100BB,SB,HJ,ONE_RAISE,A5o,100,0,0,NONE,1
100BB,SB,HJ,ONE_RAISE,A4o,100,0,0,NONE,1
100BB,SB,HJ,ONE_RAISE,A3o,100,0,0,NONE,1
100BB,SB,HJ,ONE_RAISE,A2o,100,0,0,NONE,1
100BB,SB,HJ,ONE_RAISE,KQo,0,79,21,5,1
100BB,SB,HJ,ONE_RAISE,KJo,0,87,13,5,1
100BB,SB,HJ,ONE_RAISE,KTo,12,88,0,NONE,1
100BB,SB,HJ,ONE_RAISE,K9o,100,0,0,NONE,1
100BB,SB,HJ,ONE_RAISE,K8o,100,0,0,NONE,1
100BB,SB,HJ,ONE_RAISE,K7o,100,0,0,NONE,1
100BB,SB,HJ,ONE_RAISE,K6o,100,0,0,NONE,1
100BB,SB,HJ,ONE_RAISE,K5o,100,0,0,NONE,1
100BB,SB,HJ,ONE_RAISE,K4o,100,0,0,NONE,1
100BB,SB,HJ,ONE_RAISE,K3o,100,0,0,NONE,1
100BB,SB,HJ,ONE_RAISE,K2o,100,0,0,NONE,1
100BB,SB,HJ,ONE_RAISE,QJo,0,97,3,5,1
100BB,SB,HJ,ONE_RAISE,QTo,37,63,0,NONE,1
100BB,SB,HJ,ONE_RAISE,Q9o,100,0,0,NONE,1
100BB,SB,HJ,ONE_RAISE,Q8o,100,0,0,NONE,1
100BB,SB,HJ,ONE_RAISE,Q7o,100,0,0,NONE,1
100BB,SB,HJ,ONE_RAISE,Q6o,100,0,0,NONE,1
100BB,SB,HJ,ONE_RAISE,Q5o,100,0,0,NONE,1
100BB,SB,HJ,ONE_RAISE,Q4o,100,0,0,NONE,1
100BB,SB,HJ,ONE_RAISE,Q3o,100,0,0,NONE,1
100BB,SB,HJ,ONE_RAISE,Q2o,100,0,0,NONE,1
100BB,SB,HJ,ONE_RAISE,JTo,6,94,0,NONE,1
100BB,SB,HJ,ONE_RAISE,J9o,100,0,0,NONE,1
100BB,SB,HJ,ONE_RAISE,J8o,100,0,0,NONE,1
100BB,SB,HJ,ONE_RAISE,J7o,100,0,0,NONE,1
100BB,SB,HJ,ONE_RAISE,J6o,100,0,0,NONE,1
100BB,SB,HJ,ONE_RAISE,J5o,100,0,0,NONE,1
100BB,SB,HJ,ONE_RAISE,J4o,100,0,0,NONE,1
100BB,SB,HJ,ONE_RAISE,J3o,100,0,0,NONE,1
100BB,SB,HJ,ONE_RAISE,J2o,100,0,0,NONE,1
100BB,SB,HJ,ONE_RAISE,T9o,100,0,0,NONE,1
100BB,SB,HJ,ONE_RAISE,T8o,100,0,0,NONE,1
100BB,SB,HJ,ONE_RAISE,T7o,100,0,0,NONE,1
100BB,SB,HJ,ONE_RAISE,T6o,100,0,0,NONE,1
100BB,SB,HJ,ONE_RAISE,T5o,100,0,0,NONE,1
100BB,SB,HJ,ONE_RAISE,T4o,100,0,0,NONE,1
100BB,SB,HJ,ONE_RAISE,T3o,100,0,0,NONE,1
100BB,SB,HJ,ONE_RAISE,T2o,100,0,0,NONE,1
100BB,SB,HJ,ONE_RAISE,98o,100,0,0,NONE,1
100BB,SB,HJ,ONE_RAISE,97o,100,0,0,NONE,1
100BB,SB,HJ,ONE_RAISE,96o,100,0,0,NONE,1
100BB,SB,HJ,ONE_RAISE,95o,100,0,0,NONE,1
100BB,SB,HJ,ONE_RAISE,94o,100,0,0,NONE,1
100BB,SB,HJ,ONE_RAISE,93o,100,0,0,NONE,1
100BB,SB,HJ,ONE_RAISE,92o,100,0,0,NONE,1
100BB,SB,HJ,ONE_RAISE,87o,100,0,0,NONE,1
100BB,SB,HJ,ONE_RAISE,86o,100,0,0,NONE,1
100BB,SB,HJ,ONE_RAISE,85o,100,0,0,NONE,1
100BB,SB,HJ,ONE_RAISE,84o,100,0,0,NONE,1
100BB,SB,HJ,ONE_RAISE,83o,100,0,0,NONE,1
100BB,SB,HJ,ONE_RAISE,82o,100,0,0,NONE,1
100BB,SB,HJ,ONE_RAISE,76o,100,0,0,NONE,1
100BB,SB,HJ,ONE_RAISE,75o,100,0,0,NONE,1
100BB,SB,HJ,ONE_RAISE,74o,100,0,0,NONE,1
100BB,SB,HJ,ONE_RAISE,73o,100,0,0,NONE,1
100BB,SB,HJ,ONE_RAISE,72o,100,0,0,NONE,1
100BB,SB,HJ,ONE_RAISE,65o,100,0,0,NONE,1
100BB,SB,HJ,ONE_RAISE,64o,100,0,0,NONE,1
100BB,SB,HJ,ONE_RAISE,63o,100,0,0,NONE,1
100BB,SB,HJ,ONE_RAISE,62o,100,0,0,NONE,1
100BB,SB,HJ,ONE_RAISE,54o,100,0,0,NONE,1
100BB,SB,HJ,ONE_RAISE,53o,100,0,0,NONE,1
100BB,SB,HJ,ONE_RAISE,52o,100,0,0,NONE,1
100BB,SB,HJ,ONE_RAISE,43o,100,0,0,NONE,1
100BB,SB,HJ,ONE_RAISE,42o,100,0,0,NONE,1
100BB,SB,HJ,ONE_RAISE,32o,100,0,0,NONE,1
100BB,SB,HJ,THREE_BET,AA,0,0,100,2.5,1
100BB,SB,HJ,THREE_BET,KK,0,0,100,2.5,1
100BB,SB,HJ,THREE_BET,QQ,0,0,100,2.5,1
100BB,SB,HJ,THREE_BET,JJ,44,0,56,2.5,1
100BB,SB,HJ,THREE_BET,TT,72,0,28,2.5,1
100BB,SB,HJ,THREE_BET,99,100,0,0,NONE,1
100BB,SB,HJ,THREE_BET,88,98,0,2,2.5,1
100BB,SB,HJ,THREE_BET,77,97,0,3,2.5,1
100BB,SB,HJ,THREE_BET,66,100,0,0,NONE,1
100BB,SB,HJ,THREE_BET,55,100,0,0,NONE,1
100BB,SB,HJ,THREE_BET,44,100,0,0,NONE,1
100BB,SB,HJ,THREE_BET,33,100,0,0,NONE,1
100BB,SB,HJ,THREE_BET,22,100,0,0,NONE,1
100BB,SB,HJ,THREE_BET,AKs,0,0,100,2.5,1
100BB,SB,HJ,THREE_BET,AQs,0,0,100,2.5,1
100BB,SB,HJ,THREE_BET,AJs,44,0,56,2.5,1
100BB,SB,HJ,THREE_BET,ATs,61,0,39,2.5,1
100BB,SB,HJ,THREE_BET,A9s,100,0,0,NONE,1
100BB,SB,HJ,THREE_BET,A8s,100,0,0,NONE,1
100BB,SB,HJ,THREE_BET,A7s,100,0,0,NONE,1
100BB,SB,HJ,THREE_BET,A6s,100,0,0,NONE,1
100BB,SB,HJ,THREE_BET,A5s,37,0,63,2.5,1
100BB,SB,HJ,THREE_BET,A4s,100,0,0,NONE,1
100BB,SB,HJ,THREE_BET,A3s,100,0,0,NONE,1
100BB,SB,HJ,THREE_BET,A2s,100,0,0,NONE,1
100BB,SB,HJ,THREE_BET,KQs,41,0,59,2.5,1
100BB,SB,HJ,THREE_BET,KJs,90,0,10,2.5,1
100BB,SB,HJ,THREE_BET,KTs,95,0,5,2.5,1
100BB,SB,HJ,THREE_BET,K9s,100,0,0,NONE,1
100BB,SB,HJ,THREE_BET,K8s,100,0,0,NONE,1
100BB,SB,HJ,THREE_BET,K7s,100,0,0,NONE,1
100BB,SB,HJ,THREE_BET,K6s,100,0,0,NONE,1
100BB,SB,HJ,THREE_BET,K5s,100,0,0,NONE,1
100BB,SB,HJ,THREE_BET,K4s,100,0,0,NONE,1
100BB,SB,HJ,THREE_BET,K3s,100,0,0,NONE,1
100BB,SB,HJ,THREE_BET,K2s,100,0,0,NONE,1
100BB,SB,HJ,THREE_BET,QJs,100,0,0,NONE,1
100BB,SB,HJ,THREE_BET,QTs,100,0,0,NONE,1
100BB,SB,HJ,THREE_BET,Q9s,100,0,0,NONE,1
100BB,SB,HJ,THREE_BET,Q8s,100,0,0,NONE,1
100BB,SB,HJ,THREE_BET,Q7s,100,0,0,NONE,1
100BB,SB,HJ,THREE_BET,Q6s,100,0,0,NONE,1
100BB,SB,HJ,THREE_BET,Q5s,100,0,0,NONE,1
100BB,SB,HJ,THREE_BET,Q4s,100,0,0,NONE,1
100BB,SB,HJ,THREE_BET,Q3s,100,0,0,NONE,1
100BB,SB,HJ,THREE_BET,Q2s,100,0,0,NONE,1
100BB,SB,HJ,THREE_BET,JTs,100,0,0,NONE,1
100BB,SB,HJ,THREE_BET,J9s,100,0,0,NONE,1
100BB,SB,HJ,THREE_BET,J8s,100,0,0,NONE,1
100BB,SB,HJ,THREE_BET,J7s,100,0,0,NONE,1
100BB,SB,HJ,THREE_BET,J6s,100,0,0,NONE,1
100BB,SB,HJ,THREE_BET,J5s,100,0,0,NONE,1
100BB,SB,HJ,THREE_BET,J4s,100,0,0,NONE,1
100BB,SB,HJ,THREE_BET,J3s,100,0,0,NONE,1
100BB,SB,HJ,THREE_BET,J2s,100,0,0,NONE,1
100BB,SB,HJ,THREE_BET,T9s,100,0,0,NONE,1
100BB,SB,HJ,THREE_BET,T8s,100,0,0,NONE,1
100BB,SB,HJ,THREE_BET,T7s,100,0,0,NONE,1
100BB,SB,HJ,THREE_BET,T6s,100,0,0,NONE,1
100BB,SB,HJ,THREE_BET,T5s,100,0,0,NONE,1
100BB,SB,HJ,THREE_BET,T4s,100,0,0,NONE,1
100BB,SB,HJ,THREE_BET,T3s,100,0,0,NONE,1
100BB,SB,HJ,THREE_BET,T2s,100,0,0,NONE,1
100BB,SB,HJ,THREE_BET,98s,100,0,0,NONE,1
100BB,SB,HJ,THREE_BET,97s,100,0,0,NONE,1
100BB,SB,HJ,THREE_BET,96s,100,0,0,NONE,1
100BB,SB,HJ,THREE_BET,95s,100,0,0,NONE,1
100BB,SB,HJ,THREE_BET,94s,100,0,0,NONE,1
100BB,SB,HJ,THREE_BET,93s,100,0,0,NONE,1
100BB,SB,HJ,THREE_BET,92s,100,0,0,NONE,1
100BB,SB,HJ,THREE_BET,87s,100,0,0,NONE,1
100BB,SB,HJ,THREE_BET,86s,100,0,0,NONE,1
100BB,SB,HJ,THREE_BET,85s,100,0,0,NONE,1
100BB,SB,HJ,THREE_BET,84s,100,0,0,NONE,1
100BB,SB,HJ,THREE_BET,83s,100,0,0,NONE,1
100BB,SB,HJ,THREE_BET,82s,100,0,0,NONE,1
100BB,SB,HJ,THREE_BET,76s,97,0,3,2.5,1
100BB,SB,HJ,THREE_BET,75s,100,0,0,NONE,1
100BB,SB,HJ,THREE_BET,74s,100,0,0,NONE,1
100BB,SB,HJ,THREE_BET,73s,100,0,0,NONE,1
100BB,SB,HJ,THREE_BET,72s,100,0,0,NONE,1
100BB,SB,HJ,THREE_BET,65s,100,0,0,NONE,1
100BB,SB,HJ,THREE_BET,64s,100,0,0,NONE,1
100BB,SB,HJ,THREE_BET,63s,100,0,0,NONE,1
100BB,SB,HJ,THREE_BET,62s,100,0,0,NONE,1
100BB,SB,HJ,THREE_BET,54s,100,0,0,NONE,1
100BB,SB,HJ,THREE_BET,53s,100,0,0,NONE,1
100BB,SB,HJ,THREE_BET,52s,100,0,0,NONE,1
100BB,SB,HJ,THREE_BET,43s,100,0,0,NONE,1
100BB,SB,HJ,THREE_BET,42s,100,0,0,NONE,1
100BB,SB,HJ,THREE_BET,32s,100,0,0,NONE,1
100BB,SB,HJ,THREE_BET,AKo,0,0,100,2.5,1
100BB,SB,HJ,THREE_BET,AQo,100,0,0,NONE,1
100BB,SB,HJ,THREE_BET,AJo,100,0,0,NONE,1
100BB,SB,HJ,THREE_BET,ATo,100,0,0,NONE,1
100BB,SB,HJ,THREE_BET,A9o,100,0,0,NONE,1
100BB,SB,HJ,THREE_BET,A8o,100,0,0,NONE,1
100BB,SB,HJ,THREE_BET,A7o,100,0,0,NONE,1
100BB,SB,HJ,THREE_BET,A6o,100,0,0,NONE,1
100BB,SB,HJ,THREE_BET,A5o,100,0,0,NONE,1
100BB,SB,HJ,THREE_BET,A4o,100,0,0,NONE,1
100BB,SB,HJ,THREE_BET,A3o,100,0,0,NONE,1
100BB,SB,HJ,THREE_BET,A2o,100,0,0,NONE,1
100BB,SB,HJ,THREE_BET,KQo,100,0,0,NONE,1
100BB,SB,HJ,THREE_BET,KJo,100,0,0,NONE,1
100BB,SB,HJ,THREE_BET,KTo,100,0,0,NONE,1
100BB,SB,HJ,THREE_BET,K9o,100,0,0,NONE,1
100BB,SB,HJ,THREE_BET,K8o,100,0,0,NONE,1
100BB,SB,HJ,THREE_BET,K7o,100,0,0,NONE,1
100BB,SB,HJ,THREE_BET,K6o,100,0,0,NONE,1
100BB,SB,HJ,THREE_BET,K5o,100,0,0,NONE,1
100BB,SB,HJ,THREE_BET,K4o,100,0,0,NONE,1
100BB,SB,HJ,THREE_BET,K3o,100,0,0,NONE,1
100BB,SB,HJ,THREE_BET,K2o,100,0,0,NONE,1
100BB,SB,HJ,THREE_BET,QJo,100,0,0,NONE,1
100BB,SB,HJ,THREE_BET,QTo,100,0,0,NONE,1
100BB,SB,HJ,THREE_BET,Q9o,100,0,0,NONE,1
100BB,SB,HJ,THREE_BET,Q8o,100,0,0,NONE,1
100BB,SB,HJ,THREE_BET,Q7o,100,0,0,NONE,1
100BB,SB,HJ,THREE_BET,Q6o,100,0,0,NONE,1
100BB,SB,HJ,THREE_BET,Q5o,100,0,0,NONE,1
100BB,SB,HJ,THREE_BET,Q4o,100,0,0,NONE,1
100BB,SB,HJ,THREE_BET,Q3o,100,0,0,NONE,1
100BB,SB,HJ,THREE_BET,Q2o,100,0,0,NONE,1
100BB,SB,HJ,THREE_BET,JTo,100,0,0,NONE,1
100BB,SB,HJ,THREE_BET,J9o,100,0,0,NONE,1
100BB,SB,HJ,THREE_BET,J8o,100,0,0,NONE,1
100BB,SB,HJ,THREE_BET,J7o,100,0,0,NONE,1
100BB,SB,HJ,THREE_BET,J6o,100,0,0,NONE,1
100BB,SB,HJ,THREE_BET,J5o,100,0,0,NONE,1
100BB,SB,HJ,THREE_BET,J4o,100,0,0,NONE,1
100BB,SB,HJ,THREE_BET,J3o,100,0,0,NONE,1
100BB,SB,HJ,THREE_BET,J2o,100,0,0,NONE,1
100BB,SB,HJ,THREE_BET,T9o,100,0,0,NONE,1
100BB,SB,HJ,THREE_BET,T8o,100,0,0,NONE,1
100BB,SB,HJ,THREE_BET,T7o,100,0,0,NONE,1
100BB,SB,HJ,THREE_BET,T6o,100,0,0,NONE,1
100BB,SB,HJ,THREE_BET,T5o,100,0,0,NONE,1
100BB,SB,HJ,THREE_BET,T4o,100,0,0,NONE,1
100BB,SB,HJ,THREE_BET,T3o,100,0,0,NONE,1
100BB,SB,HJ,THREE_BET,T2o,100,0,0,NONE,1
100BB,SB,HJ,THREE_BET,98o,100,0,0,NONE,1
100BB,SB,HJ,THREE_BET,97o,100,0,0,NONE,1
100BB,SB,HJ,THREE_BET,96o,100,0,0,NONE,1
100BB,SB,HJ,THREE_BET,95o,100,0,0,NONE,1
100BB,SB,HJ,THREE_BET,94o,100,0,0,NONE,1
100BB,SB,HJ,THREE_BET,93o,100,0,0,NONE,1
100BB,SB,HJ,THREE_BET,92o,100,0,0,NONE,1
100BB,SB,HJ,THREE_BET,87o,100,0,0,NONE,1
100BB,SB,HJ,THREE_BET,86o,100,0,0,NONE,1
100BB,SB,HJ,THREE_BET,85o,100,0,0,NONE,1
100BB,SB,HJ,THREE_BET,84o,100,0,0,NONE,1
100BB,SB,HJ,THREE_BET,83o,100,0,0,NONE,1
100BB,SB,HJ,THREE_BET,82o,100,0,0,NONE,1
100BB,SB,HJ,THREE_BET,76o,100,0,0,NONE,1
100BB,SB,HJ,THREE_BET,75o,100,0,0,NONE,1
100BB,SB,HJ,THREE_BET,74o,100,0,0,NONE,1
100BB,SB,HJ,THREE_BET,73o,100,0,0,NONE,1
100BB,SB,HJ,THREE_BET,72o,100,0,0,NONE,1
100BB,SB,HJ,THREE_BET,65o,100,0,0,NONE,1
100BB,SB,HJ,THREE_BET,64o,100,0,0,NONE,1
100BB,SB,HJ,THREE_BET,63o,100,0,0,NONE,1
100BB,SB,HJ,THREE_BET,62o,100,0,0,NONE,1
100BB,SB,HJ,THREE_BET,54o,100,0,0,NONE,1
100BB,SB,HJ,THREE_BET,53o,100,0,0,NONE,1
100BB,SB,HJ,THREE_BET,52o,100,0,0,NONE,1
100BB,SB,HJ,THREE_BET,43o,100,0,0,NONE,1
100BB,SB,HJ,THREE_BET,42o,100,0,0,NONE,1
100BB,SB,HJ,THREE_BET,32o,100,0,0,NONE,1
100BB,SB,CO,UNOPENED,AA,0,0,0,NONE,0
100BB,SB,CO,UNOPENED,KK,0,0,0,NONE,0
100BB,SB,CO,UNOPENED,QQ,0,0,0,NONE,0
100BB,SB,CO,UNOPENED,JJ,0,0,0,NONE,0
100BB,SB,CO,UNOPENED,TT,0,0,0,NONE,0
100BB,SB,CO,UNOPENED,99,0,0,0,NONE,0
100BB,SB,CO,UNOPENED,88,0,0,0,NONE,0
100BB,SB,CO,UNOPENED,77,0,0,0,NONE,0
100BB,SB,CO,UNOPENED,66,0,0,0,NONE,0
100BB,SB,CO,UNOPENED,55,0,0,0,NONE,0
100BB,SB,CO,UNOPENED,44,0,0,0,NONE,0
100BB,SB,CO,UNOPENED,33,0,0,0,NONE,0
100BB,SB,CO,UNOPENED,22,0,0,0,NONE,0
100BB,SB,CO,UNOPENED,AKs,0,0,0,NONE,0
100BB,SB,CO,UNOPENED,AQs,0,0,0,NONE,0
100BB,SB,CO,UNOPENED,AJs,0,0,0,NONE,0
100BB,SB,CO,UNOPENED,ATs,0,0,0,NONE,0
100BB,SB,CO,UNOPENED,A9s,0,0,0,NONE,0
100BB,SB,CO,UNOPENED,A8s,0,0,0,NONE,0
100BB,SB,CO,UNOPENED,A7s,0,0,0,NONE,0
100BB,SB,CO,UNOPENED,A6s,0,0,0,NONE,0
100BB,SB,CO,UNOPENED,A5s,0,0,0,NONE,0
100BB,SB,CO,UNOPENED,A4s,0,0,0,NONE,0
100BB,SB,CO,UNOPENED,A3s,0,0,0,NONE,0
100BB,SB,CO,UNOPENED,A2s,0,0,0,NONE,0
100BB,SB,CO,UNOPENED,KQs,0,0,0,NONE,0
100BB,SB,CO,UNOPENED,KJs,0,0,0,NONE,0
100BB,SB,CO,UNOPENED,KTs,0,0,0,NONE,0
100BB,SB,CO,UNOPENED,K9s,0,0,0,NONE,0
100BB,SB,CO,UNOPENED,K8s,0,0,0,NONE,0
100BB,SB,CO,UNOPENED,K7s,0,0,0,NONE,0
100BB,SB,CO,UNOPENED,K6s,0,0,0,NONE,0
100BB,SB,CO,UNOPENED,K5s,0,0,0,NONE,0
100BB,SB,CO,UNOPENED,K4s,0,0,0,NONE,0
100BB,SB,CO,UNOPENED,K3s,0,0,0,NONE,0
100BB,SB,CO,UNOPENED,K2s,0,0,0,NONE,0
100BB,SB,CO,UNOPENED,QJs,0,0,0,NONE,0
100BB,SB,CO,UNOPENED,QTs,0,0,0,NONE,0
100BB,SB,CO,UNOPENED,Q9s,0,0,0,NONE,0
100BB,SB,CO,UNOPENED,Q8s,0,0,0,NONE,0
100BB,SB,CO,UNOPENED,Q7s,0,0,0,NONE,0
100BB,SB,CO,UNOPENED,Q6s,0,0,0,NONE,0
100BB,SB,CO,UNOPENED,Q5s,0,0,0,NONE,0
100BB,SB,CO,UNOPENED,Q4s,0,0,0,NONE,0
100BB,SB,CO,UNOPENED,Q3s,0,0,0,NONE,0
100BB,SB,CO,UNOPENED,Q2s,0,0,0,NONE,0
100BB,SB,CO,UNOPENED,JTs,0,0,0,NONE,0
100BB,SB,CO,UNOPENED,J9s,0,0,0,NONE,0
100BB,SB,CO,UNOPENED,J8s,0,0,0,NONE,0
100BB,SB,CO,UNOPENED,J7s,0,0,0,NONE,0
100BB,SB,CO,UNOPENED,J6s,0,0,0,NONE,0
100BB,SB,CO,UNOPENED,J5s,0,0,0,NONE,0
100BB,SB,CO,UNOPENED,J4s,0,0,0,NONE,0
100BB,SB,CO,UNOPENED,J3s,0,0,0,NONE,0
100BB,SB,CO,UNOPENED,J2s,0,0,0,NONE,0
100BB,SB,CO,UNOPENED,T9s,0,0,0,NONE,0
100BB,SB,CO,UNOPENED,T8s,0,0,0,NONE,0
100BB,SB,CO,UNOPENED,T7s,0,0,0,NONE,0
100BB,SB,CO,UNOPENED,T6s,0,0,0,NONE,0
100BB,SB,CO,UNOPENED,T5s,0,0,0,NONE,0
100BB,SB,CO,UNOPENED,T4s,0,0,0,NONE,0
100BB,SB,CO,UNOPENED,T3s,0,0,0,NONE,0
100BB,SB,CO,UNOPENED,T2s,0,0,0,NONE,0
100BB,SB,CO,UNOPENED,98s,0,0,0,NONE,0
100BB,SB,CO,UNOPENED,97s,0,0,0,NONE,0
100BB,SB,CO,UNOPENED,96s,0,0,0,NONE,0
100BB,SB,CO,UNOPENED,95s,0,0,0,NONE,0
100BB,SB,CO,UNOPENED,94s,0,0,0,NONE,0
100BB,SB,CO,UNOPENED,93s,0,0,0,NONE,0
100BB,SB,CO,UNOPENED,92s,0,0,0,NONE,0
100BB,SB,CO,UNOPENED,87s,0,0,0,NONE,0
100BB,SB,CO,UNOPENED,86s,0,0,0,NONE,0
100BB,SB,CO,UNOPENED,85s,0,0,0,NONE,0
100BB,SB,CO,UNOPENED,84s,0,0,0,NONE,0
100BB,SB,CO,UNOPENED,83s,0,0,0,NONE,0
100BB,SB,CO,UNOPENED,82s,0,0,0,NONE,0
100BB,SB,CO,UNOPENED,76s,0,0,0,NONE,0
100BB,SB,CO,UNOPENED,75s,0,0,0,NONE,0
100BB,SB,CO,UNOPENED,74s,0,0,0,NONE,0
100BB,SB,CO,UNOPENED,73s,0,0,0,NONE,0
100BB,SB,CO,UNOPENED,72s,0,0,0,NONE,0
100BB,SB,CO,UNOPENED,65s,0,0,0,NONE,0
100BB,SB,CO,UNOPENED,64s,0,0,0,NONE,0
100BB,SB,CO,UNOPENED,63s,0,0,0,NONE,0
100BB,SB,CO,UNOPENED,62s,0,0,0,NONE,0
100BB,SB,CO,UNOPENED,54s,0,0,0,NONE,0
100BB,SB,CO,UNOPENED,53s,0,0,0,NONE,0
100BB,SB,CO,UNOPENED,52s,0,0,0,NONE,0
100BB,SB,CO,UNOPENED,43s,0,0,0,NONE,0
100BB,SB,CO,UNOPENED,42s,0,0,0,NONE,0
100BB,SB,CO,UNOPENED,32s,0,0,0,NONE,0
100BB,SB,CO,UNOPENED,AKo,0,0,0,NONE,0
100BB,SB,CO,UNOPENED,AQo,0,0,0,NONE,0
100BB,SB,CO,UNOPENED,AJo,0,0,0,NONE,0
100BB,SB,CO,UNOPENED,ATo,0,0,0,NONE,0
100BB,SB,CO,UNOPENED,A9o,0,0,0,NONE,0
100BB,SB,CO,UNOPENED,A8o,0,0,0,NONE,0
100BB,SB,CO,UNOPENED,A7o,0,0,0,NONE,0
100BB,SB,CO,UNOPENED,A6o,0,0,0,NONE,0
100BB,SB,CO,UNOPENED,A5o,0,0,0,NONE,0
100BB,SB,CO,UNOPENED,A4o,0,0,0,NONE,0
100BB,SB,CO,UNOPENED,A3o,0,0,0,NONE,0
100BB,SB,CO,UNOPENED,A2o,0,0,0,NONE,0
100BB,SB,CO,UNOPENED,KQo,0,0,0,NONE,0
100BB,SB,CO,UNOPENED,KJo,0,0,0,NONE,0
100BB,SB,CO,UNOPENED,KTo,0,0,0,NONE,0
100BB,SB,CO,UNOPENED,K9o,0,0,0,NONE,0
100BB,SB,CO,UNOPENED,K8o,0,0,0,NONE,0
100BB,SB,CO,UNOPENED,K7o,0,0,0,NONE,0
100BB,SB,CO,UNOPENED,K6o,0,0,0,NONE,0
100BB,SB,CO,UNOPENED,K5o,0,0,0,NONE,0
100BB,SB,CO,UNOPENED,K4o,0,0,0,NONE,0
100BB,SB,CO,UNOPENED,K3o,0,0,0,NONE,0
100BB,SB,CO,UNOPENED,K2o,0,0,0,NONE,0
100BB,SB,CO,UNOPENED,QJo,0,0,0,NONE,0
100BB,SB,CO,UNOPENED,QTo,0,0,0,NONE,0
100BB,SB,CO,UNOPENED,Q9o,0,0,0,NONE,0
100BB,SB,CO,UNOPENED,Q8o,0,0,0,NONE,0
100BB,SB,CO,UNOPENED,Q7o,0,0,0,NONE,0
100BB,SB,CO,UNOPENED,Q6o,0,0,0,NONE,0
100BB,SB,CO,UNOPENED,Q5o,0,0,0,NONE,0
100BB,SB,CO,UNOPENED,Q4o,0,0,0,NONE,0
100BB,SB,CO,UNOPENED,Q3o,0,0,0,NONE,0
100BB,SB,CO,UNOPENED,Q2o,0,0,0,NONE,0
100BB,SB,CO,UNOPENED,JTo,0,0,0,NONE,0
100BB,SB,CO,UNOPENED,J9o,0,0,0,NONE,0
100BB,SB,CO,UNOPENED,J8o,0,0,0,NONE,0
100BB,SB,CO,UNOPENED,J7o,0,0,0,NONE,0
100BB,SB,CO,UNOPENED,J6o,0,0,0,NONE,0
100BB,SB,CO,UNOPENED,J5o,0,0,0,NONE,0
100BB,SB,CO,UNOPENED,J4o,0,0,0,NONE,0
100BB,SB,CO,UNOPENED,J3o,0,0,0,NONE,0
100BB,SB,CO,UNOPENED,J2o,0,0,0,NONE,0
100BB,SB,CO,UNOPENED,T9o,0,0,0,NONE,0
100BB,SB,CO,UNOPENED,T8o,0,0,0,NONE,0
100BB,SB,CO,UNOPENED,T7o,0,0,0,NONE,0
100BB,SB,CO,UNOPENED,T6o,0,0,0,NONE,0
100BB,SB,CO,UNOPENED,T5o,0,0,0,NONE,0
100BB,SB,CO,UNOPENED,T4o,0,0,0,NONE,0
100BB,SB,CO,UNOPENED,T3o,0,0,0,NONE,0
100BB,SB,CO,UNOPENED,T2o,0,0,0,NONE,0
100BB,SB,CO,UNOPENED,98o,0,0,0,NONE,0
100BB,SB,CO,UNOPENED,97o,0,0,0,NONE,0
100BB,SB,CO,UNOPENED,96o,0,0,0,NONE,0
100BB,SB,CO,UNOPENED,95o,0,0,0,NONE,0
100BB,SB,CO,UNOPENED,94o,0,0,0,NONE,0
100BB,SB,CO,UNOPENED,93o,0,0,0,NONE,0
100BB,SB,CO,UNOPENED,92o,0,0,0,NONE,0
100BB,SB,CO,UNOPENED,87o,0,0,0,NONE,0
100BB,SB,CO,UNOPENED,86o,0,0,0,NONE,0
100BB,SB,CO,UNOPENED,85o,0,0,0,NONE,0
100BB,SB,CO,UNOPENED,84o,0,0,0,NONE,0
100BB,SB,CO,UNOPENED,83o,0,0,0,NONE,0
100BB,SB,CO,UNOPENED,82o,0,0,0,NONE,0
100BB,SB,CO,UNOPENED,76o,0,0,0,NONE,0
100BB,SB,CO,UNOPENED,75o,0,0,0,NONE,0
100BB,SB,CO,UNOPENED,74o,0,0,0,NONE,0
100BB,SB,CO,UNOPENED,73o,0,0,0,NONE,0
100BB,SB,CO,UNOPENED,72o,0,0,0,NONE,0
100BB,SB,CO,UNOPENED,65o,0,0,0,NONE,0
100BB,SB,CO,UNOPENED,64o,0,0,0,NONE,0
100BB,SB,CO,UNOPENED,63o,0,0,0,NONE,0
100BB,SB,CO,UNOPENED,62o,0,0,0,NONE,0
100BB,SB,CO,UNOPENED,54o,0,0,0,NONE,0
100BB,SB,CO,UNOPENED,53o,0,0,0,NONE,0
100BB,SB,CO,UNOPENED,52o,0,0,0,NONE,0
100BB,SB,CO,UNOPENED,43o,0,0,0,NONE,0
100BB,SB,CO,UNOPENED,42o,0,0,0,NONE,0
100BB,SB,CO,UNOPENED,32o,0,0,0,NONE,0
100BB,SB,CO,ONE_RAISE,AA,0,0,100,5,1
100BB,SB,CO,ONE_RAISE,KK,0,0,100,5,1
100BB,SB,CO,ONE_RAISE,QQ,0,0,100,5,1
100BB,SB,CO,ONE_RAISE,JJ,0,0,100,5,1
100BB,SB,CO,ONE_RAISE,TT,0,54,46,5,1
100BB,SB,CO,ONE_RAISE,99,0,40,60,5,1
100BB,SB,CO,ONE_RAISE,88,0,69,31,5,1
100BB,SB,CO,ONE_RAISE,77,0,81,19,5,1
100BB,SB,CO,ONE_RAISE,66,0,73,27,5,1
100BB,SB,CO,ONE_RAISE,55,0,100,0,NONE,1
100BB,SB,CO,ONE_RAISE,44,0,100,0,NONE,1
100BB,SB,CO,ONE_RAISE,33,0,100,0,NONE,1
100BB,SB,CO,ONE_RAISE,22,0,100,0,NONE,1
100BB,SB,CO,ONE_RAISE,AKs,0,0,100,5,1
100BB,SB,CO,ONE_RAISE,AQs,0,0,100,5,1
100BB,SB,CO,ONE_RAISE,AJs,0,37,73,5,1
100BB,SB,CO,ONE_RAISE,ATs,0,52,48,5,1
100BB,SB,CO,ONE_RAISE,A9s,0,75,25,5,1
100BB,SB,CO,ONE_RAISE,A8s,0,44,56,5,1
100BB,SB,CO,ONE_RAISE,A7s,0,56,44,5,1
100BB,SB,CO,ONE_RAISE,A6s,0,98,2,5,1
100BB,SB,CO,ONE_RAISE,A5s,0,2,98,5,1
100BB,SB,CO,ONE_RAISE,A4s,0,38,62,5,1
100BB,SB,CO,ONE_RAISE,A3s,0,100,0,NONE,1
100BB,SB,CO,ONE_RAISE,A2s,0,100,0,NONE,1
100BB,SB,CO,ONE_RAISE,KQs,0,13,87,5,1
100BB,SB,CO,ONE_RAISE,KJs,0,48,52,5,1
100BB,SB,CO,ONE_RAISE,KTs,0,21,79,5,1
100BB,SB,CO,ONE_RAISE,K9s,0,80,20,5,1
100BB,SB,CO,ONE_RAISE,K8s,0,64,36,5,1
100BB,SB,CO,ONE_RAISE,K7s,0,100,0,NONE,1
100BB,SB,CO,ONE_RAISE,K6s,0,96,4,5,1
100BB,SB,CO,ONE_RAISE,K5s,0,100,0,NONE,1
100BB,SB,CO,ONE_RAISE,K4s,0,100,0,NONE,1
100BB,SB,CO,ONE_RAISE,K3s,0,100,0,NONE,1
100BB,SB,CO,ONE_RAISE,K2s,0,100,0,NONE,1
100BB,SB,CO,ONE_RAISE,QJs,0,15,85,5,1
100BB,SB,CO,ONE_RAISE,QTs,0,8,92,5,1
100BB,SB,CO,ONE_RAISE,Q9s,0,80,20,5,1
100BB,SB,CO,ONE_RAISE,Q8s,0,100,0,NONE,1
100BB,SB,CO,ONE_RAISE,Q7s,0,100,0,NONE,1
100BB,SB,CO,ONE_RAISE,Q6s,0,100,0,NONE,1
100BB,SB,CO,ONE_RAISE,Q5s,0,100,0,NONE,1
100BB,SB,CO,ONE_RAISE,Q4s,100,0,0,NONE,1
100BB,SB,CO,ONE_RAISE,Q3s,100,0,0,NONE,1
100BB,SB,CO,ONE_RAISE,Q2s,100,0,0,NONE,1
100BB,SB,CO,ONE_RAISE,JTs,0,0,100,5,1
100BB,SB,CO,ONE_RAISE,J9s,0,22,78,5,1
100BB,SB,CO,ONE_RAISE,J8s,0,24,76,5,1
100BB,SB,CO,ONE_RAISE,J7s,6,94,0,NONE,1
100BB,SB,CO,ONE_RAISE,J6s,100,0,0,NONE,1
100BB,SB,CO,ONE_RAISE,J5s,100,0,0,NONE,1
100BB,SB,CO,ONE_RAISE,J4s,100,0,0,NONE,1
100BB,SB,CO,ONE_RAISE,J3s,100,0,0,NONE,1
100BB,SB,CO,ONE_RAISE,J2s,100,0,0,NONE,1
100BB,SB,CO,ONE_RAISE,T9s,0,0,100,5,1
100BB,SB,CO,ONE_RAISE,T8s,0,61,39,5,1
100BB,SB,CO,ONE_RAISE,T7s,0,84,16,5,1
100BB,SB,CO,ONE_RAISE,T6s,100,0,0,NONE,1
100BB,SB,CO,ONE_RAISE,T5s,100,0,0,NONE,1
100BB,SB,CO,ONE_RAISE,T4s,100,0,0,NONE,1
100BB,SB,CO,ONE_RAISE,T3s,100,0,0,NONE,1
100BB,SB,CO,ONE_RAISE,T2s,100,0,0,NONE,1
100BB,SB,CO,ONE_RAISE,98s,0,67,33,5,1
100BB,SB,CO,ONE_RAISE,97s,0,99,1,5,1
100BB,SB,CO,ONE_RAISE,96s,100,0,0,NONE,1
100BB,SB,CO,ONE_RAISE,95s,100,0,0,NONE,1
100BB,SB,CO,ONE_RAISE,94s,100,0,0,NONE,1
100BB,SB,CO,ONE_RAISE,93s,100,0,0,NONE,1
100BB,SB,CO,ONE_RAISE,92s,100,0,0,NONE,1
100BB,SB,CO,ONE_RAISE,87s,0,40,60,5,1
100BB,SB,CO,ONE_RAISE,86s,0,100,0,NONE,1
100BB,SB,CO,ONE_RAISE,85s,100,0,0,NONE,1
100BB,SB,CO,ONE_RAISE,84s,100,0,0,NONE,1
100BB,SB,CO,ONE_RAISE,83s,100,0,0,NONE,1
100BB,SB,CO,ONE_RAISE,82s,100,0,0,NONE,1
100BB,SB,CO,ONE_RAISE,76s,0,13,87,5,1
100BB,SB,CO,ONE_RAISE,75s,0,100,0,NONE,1
100BB,SB,CO,ONE_RAISE,74s,100,0,0,NONE,1
100BB,SB,CO,ONE_RAISE,73s,100,0,0,NONE,1
100BB,SB,CO,ONE_RAISE,72s,100,0,0,NONE,1
100BB,SB,CO,ONE_RAISE,65s,0,42,58,5,1
100BB,SB,CO,ONE_RAISE,64s,14,86,0,NONE,1
100BB,SB,CO,ONE_RAISE,63s,100,0,0,NONE,1
100BB,SB,CO,ONE_RAISE,62s,100,0,0,NONE,1
100BB,SB,CO,ONE_RAISE,54s,0,40,60,5,1
100BB,SB,CO,ONE_RAISE,53s,96,4,0,NONE,1
100BB,SB,CO,ONE_RAISE,52s,100,0,0,NONE,1
100BB,SB,CO,ONE_RAISE,43s,100,0,0,NONE,1
100BB,SB,CO,ONE_RAISE,42s,100,0,0,NONE,1
100BB,SB,CO,ONE_RAISE,32s,100,0,0,NONE,1
100BB,SB,CO,ONE_RAISE,AKo,0,0,100,5,1
100BB,SB,CO,ONE_RAISE,AQo,0,51,49,5,1
100BB,SB,CO,ONE_RAISE,AJo,0,40,60,5,1
100BB,SB,CO,ONE_RAISE,ATo,0,95,5,5,1
100BB,SB,CO,ONE_RAISE,A9o,95,5,0,NONE,1
100BB,SB,CO,ONE_RAISE,A8o,100,0,0,NONE,1
100BB,SB,CO,ONE_RAISE,A7o,100,0,0,NONE,1
100BB,SB,CO,ONE_RAISE,A6o,100,0,0,NONE,1
100BB,SB,CO,ONE_RAISE,A5o,100,0,0,NONE,1
100BB,SB,CO,ONE_RAISE,A4o,100,0,0,NONE,1
100BB,SB,CO,ONE_RAISE,A3o,100,0,0,NONE,1
100BB,SB,CO,ONE_RAISE,A2o,100,0,0,NONE,1
100BB,SB,CO,ONE_RAISE,KQo,0,32,68,5,1
100BB,SB,CO,ONE_RAISE,KJo,0,92,8,5,1
100BB,SB,CO,ONE_RAISE,KTo,0,86,14,5,1
100BB,SB,CO,ONE_RAISE,K9o,100,0,0,NONE,1
100BB,SB,CO,ONE_RAISE,K8o,100,0,0,NONE,1
100BB,SB,CO,ONE_RAISE,K7o,100,0,0,NONE,1
100BB,SB,CO,ONE_RAISE,K6o,100,0,0,NONE,1
100BB,SB,CO,ONE_RAISE,K5o,100,0,0,NONE,1
100BB,SB,CO,ONE_RAISE,K4o,100,0,0,NONE,1
100BB,SB,CO,ONE_RAISE,K3o,100,0,0,NONE,1
100BB,SB,CO,ONE_RAISE,K2o,100,0,0,NONE,1
100BB,SB,CO,ONE_RAISE,QJo,0,86,14,5,1
100BB,SB,CO,ONE_RAISE,QTo,0,100,0,NONE,1
100BB,SB,CO,ONE_RAISE,Q9o,100,0,0,NONE,1
100BB,SB,CO,ONE_RAISE,Q8o,100,0,0,NONE,1
100BB,SB,CO,ONE_RAISE,Q7o,100,0,0,NONE,1
100BB,SB,CO,ONE_RAISE,Q6o,100,0,0,NONE,1
100BB,SB,CO,ONE_RAISE,Q5o,100,0,0,NONE,1
100BB,SB,CO,ONE_RAISE,Q4o,100,0,0,NONE,1
100BB,SB,CO,ONE_RAISE,Q3o,100,0,0,NONE,1
100BB,SB,CO,ONE_RAISE,Q2o,100,0,0,NONE,1
100BB,SB,CO,ONE_RAISE,JTo,0,78,22,5,1
100BB,SB,CO,ONE_RAISE,J9o,100,0,0,NONE,1
100BB,SB,CO,ONE_RAISE,J8o,100,0,0,NONE,1
100BB,SB,CO,ONE_RAISE,J7o,100,0,0,NONE,1
100BB,SB,CO,ONE_RAISE,J6o,100,0,0,NONE,1
100BB,SB,CO,ONE_RAISE,J5o,100,0,0,NONE,1
100BB,SB,CO,ONE_RAISE,J4o,100,0,0,NONE,1
100BB,SB,CO,ONE_RAISE,J3o,100,0,0,NONE,1
100BB,SB,CO,ONE_RAISE,J2o,100,0,0,NONE,1
100BB,SB,CO,ONE_RAISE,T9o,100,0,0,NONE,1
100BB,SB,CO,ONE_RAISE,T8o,100,0,0,NONE,1
100BB,SB,CO,ONE_RAISE,T7o,100,0,0,NONE,1
100BB,SB,CO,ONE_RAISE,T6o,100,0,0,NONE,1
100BB,SB,CO,ONE_RAISE,T5o,100,0,0,NONE,1
100BB,SB,CO,ONE_RAISE,T4o,100,0,0,NONE,1
100BB,SB,CO,ONE_RAISE,T3o,100,0,0,NONE,1
100BB,SB,CO,ONE_RAISE,T2o,100,0,0,NONE,1
100BB,SB,CO,ONE_RAISE,98o,100,0,0,NONE,1
100BB,SB,CO,ONE_RAISE,97o,100,0,0,NONE,1
100BB,SB,CO,ONE_RAISE,96o,100,0,0,NONE,1
100BB,SB,CO,ONE_RAISE,95o,100,0,0,NONE,1
100BB,SB,CO,ONE_RAISE,94o,100,0,0,NONE,1
100BB,SB,CO,ONE_RAISE,93o,100,0,0,NONE,1
100BB,SB,CO,ONE_RAISE,92o,100,0,0,NONE,1
100BB,SB,CO,ONE_RAISE,87o,100,0,0,NONE,1
100BB,SB,CO,ONE_RAISE,86o,100,0,0,NONE,1
100BB,SB,CO,ONE_RAISE,85o,100,0,0,NONE,1
100BB,SB,CO,ONE_RAISE,84o,100,0,0,NONE,1
100BB,SB,CO,ONE_RAISE,83o,100,0,0,NONE,1
100BB,SB,CO,ONE_RAISE,82o,100,0,0,NONE,1
100BB,SB,CO,ONE_RAISE,76o,100,0,0,NONE,1
100BB,SB,CO,ONE_RAISE,75o,100,0,0,NONE,1
100BB,SB,CO,ONE_RAISE,74o,100,0,0,NONE,1
100BB,SB,CO,ONE_RAISE,73o,100,0,0,NONE,1
100BB,SB,CO,ONE_RAISE,72o,100,0,0,NONE,1
100BB,SB,CO,ONE_RAISE,65o,100,0,0,NONE,1
100BB,SB,CO,ONE_RAISE,64o,100,0,0,NONE,1
100BB,SB,CO,ONE_RAISE,63o,100,0,0,NONE,1
100BB,SB,CO,ONE_RAISE,62o,100,0,0,NONE,1
100BB,SB,CO,ONE_RAISE,54o,100,0,0,NONE,1
100BB,SB,CO,ONE_RAISE,53o,100,0,0,NONE,1
100BB,SB,CO,ONE_RAISE,52o,100,0,0,NONE,1
100BB,SB,CO,ONE_RAISE,43o,100,0,0,NONE,1
100BB,SB,CO,ONE_RAISE,42o,100,0,0,NONE,1
100BB,SB,CO,ONE_RAISE,32o,100,0,0,NONE,1
100BB,SB,CO,THREE_BET,AA,0,0,100,2.5,1
100BB,SB,CO,THREE_BET,KK,0,0,100,2.5,1
100BB,SB,CO,THREE_BET,QQ,0,0,100,2.5,1
100BB,SB,CO,THREE_BET,JJ,0,0,100,2.5,1
100BB,SB,CO,THREE_BET,TT,95,0,5,2.5,1
100BB,SB,CO,THREE_BET,99,98,0,2,2.5,1
100BB,SB,CO,THREE_BET,88,95,0,5,2.5,1
100BB,SB,CO,THREE_BET,77,97,0,3,2.5,1
100BB,SB,CO,THREE_BET,66,100,0,0,NONE,1
100BB,SB,CO,THREE_BET,55,100,0,0,NONE,1
100BB,SB,CO,THREE_BET,44,100,0,0,NONE,1
100BB,SB,CO,THREE_BET,33,100,0,0,NONE,1
100BB,SB,CO,THREE_BET,22,100,0,0,NONE,1
100BB,SB,CO,THREE_BET,AKs,0,0,100,2.5,1
100BB,SB,CO,THREE_BET,AQs,0,0,100,2.5,1
100BB,SB,CO,THREE_BET,AJs,59,0,41,2.5,1
100BB,SB,CO,THREE_BET,ATs,40,0,60,2.5,1
100BB,SB,CO,THREE_BET,A9s,100,0,0,NONE,1
100BB,SB,CO,THREE_BET,A8s,77,0,23,2.5,1
100BB,SB,CO,THREE_BET,A7s,97,0,3,2.5,1
100BB,SB,CO,THREE_BET,A6s,100,0,0,NONE,1
100BB,SB,CO,THREE_BET,A5s,33,0,67,2.5,1
100BB,SB,CO,THREE_BET,A4s,90,0,10,2.5,1
100BB,SB,CO,THREE_BET,A3s,100,0,0,NONE,1
100BB,SB,CO,THREE_BET,A2s,100,0,0,NONE,1
100BB,SB,CO,THREE_BET,KQs,0,0,100,2.5,1
100BB,SB,CO,THREE_BET,KJs,97,0,3,2.5,1
100BB,SB,CO,THREE_BET,KTs,90,0,10,2.5,1
100BB,SB,CO,THREE_BET,K9s,100,0,0,NONE,1
100BB,SB,CO,THREE_BET,K8s,100,0,0,NONE,1
100BB,SB,CO,THREE_BET,K7s,100,0,0,NONE,1
100BB,SB,CO,THREE_BET,K6s,100,0,0,NONE,1
100BB,SB,CO,THREE_BET,K5s,100,0,0,NONE,1
100BB,SB,CO,THREE_BET,K4s,100,0,0,NONE,1
100BB,SB,CO,THREE_BET,K3s,100,0,0,NONE,1
100BB,SB,CO,THREE_BET,K2s,100,0,0,NONE,1
100BB,SB,CO,THREE_BET,QJs,100,0,0,NONE,1
100BB,SB,CO,THREE_BET,QTs,100,0,0,NONE,1
100BB,SB,CO,THREE_BET,Q9s,100,0,0,NONE,1
100BB,SB,CO,THREE_BET,Q8s,100,0,0,NONE,1
100BB,SB,CO,THREE_BET,Q7s,100,0,0,NONE,1
100BB,SB,CO,THREE_BET,Q6s,100,0,0,NONE,1
100BB,SB,CO,THREE_BET,Q5s,100,0,0,NONE,1
100BB,SB,CO,THREE_BET,Q4s,100,0,0,NONE,1
100BB,SB,CO,THREE_BET,Q3s,100,0,0,NONE,1
100BB,SB,CO,THREE_BET,Q2s,100,0,0,NONE,1
100BB,SB,CO,THREE_BET,JTs,100,0,0,NONE,1
100BB,SB,CO,THREE_BET,J9s,100,0,0,NONE,1
100BB,SB,CO,THREE_BET,J8s,100,0,0,NONE,1
100BB,SB,CO,THREE_BET,J7s,100,0,0,NONE,1
100BB,SB,CO,THREE_BET,J6s,100,0,0,NONE,1
100BB,SB,CO,THREE_BET,J5s,100,0,0,NONE,1
100BB,SB,CO,THREE_BET,J4s,100,0,0,NONE,1
100BB,SB,CO,THREE_BET,J3s,100,0,0,NONE,1
100BB,SB,CO,THREE_BET,J2s,100,0,0,NONE,1
100BB,SB,CO,THREE_BET,T9s,100,0,0,NONE,1
100BB,SB,CO,THREE_BET,T8s,100,0,0,NONE,1
100BB,SB,CO,THREE_BET,T7s,100,0,0,NONE,1
100BB,SB,CO,THREE_BET,T6s,100,0,0,NONE,1
100BB,SB,CO,THREE_BET,T5s,100,0,0,NONE,1
100BB,SB,CO,THREE_BET,T4s,100,0,0,NONE,1
100BB,SB,CO,THREE_BET,T3s,100,0,0,NONE,1
100BB,SB,CO,THREE_BET,T2s,100,0,0,NONE,1
100BB,SB,CO,THREE_BET,98s,100,0,0,NONE,1
100BB,SB,CO,THREE_BET,97s,100,0,0,NONE,1
100BB,SB,CO,THREE_BET,96s,100,0,0,NONE,1
100BB,SB,CO,THREE_BET,95s,100,0,0,NONE,1
100BB,SB,CO,THREE_BET,94s,100,0,0,NONE,1
100BB,SB,CO,THREE_BET,93s,100,0,0,NONE,1
100BB,SB,CO,THREE_BET,92s,100,0,0,NONE,1
100BB,SB,CO,THREE_BET,87s,100,0,0,NONE,1
100BB,SB,CO,THREE_BET,86s,100,0,0,NONE,1
100BB,SB,CO,THREE_BET,85s,100,0,0,NONE,1
100BB,SB,CO,THREE_BET,84s,100,0,0,NONE,1
100BB,SB,CO,THREE_BET,83s,100,0,0,NONE,1
100BB,SB,CO,THREE_BET,82s,100,0,0,NONE,1
100BB,SB,CO,THREE_BET,76s,100,0,0,NONE,1
100BB,SB,CO,THREE_BET,75s,100,0,0,NONE,1
100BB,SB,CO,THREE_BET,74s,100,0,0,NONE,1
100BB,SB,CO,THREE_BET,73s,100,0,0,NONE,1
100BB,SB,CO,THREE_BET,72s,100,0,0,NONE,1
100BB,SB,CO,THREE_BET,65s,100,0,0,NONE,1
100BB,SB,CO,THREE_BET,64s,100,0,0,NONE,1
100BB,SB,CO,THREE_BET,63s,100,0,0,NONE,1
100BB,SB,CO,THREE_BET,62s,100,0,0,NONE,1
100BB,SB,CO,THREE_BET,54s,100,0,0,NONE,1
100BB,SB,CO,THREE_BET,53s,100,0,0,NONE,1
100BB,SB,CO,THREE_BET,52s,100,0,0,NONE,1
100BB,SB,CO,THREE_BET,43s,100,0,0,NONE,1
100BB,SB,CO,THREE_BET,42s,100,0,0,NONE,1
100BB,SB,CO,THREE_BET,32s,100,0,0,NONE,1
100BB,SB,CO,THREE_BET,AKo,0,0,100,2.5,1
100BB,SB,CO,THREE_BET,AQo,100,0,0,NONE,1
100BB,SB,CO,THREE_BET,AJo,100,0,0,NONE,1
100BB,SB,CO,THREE_BET,ATo,100,0,0,NONE,1
100BB,SB,CO,THREE_BET,A9o,100,0,0,NONE,1
100BB,SB,CO,THREE_BET,A8o,100,0,0,NONE,1
100BB,SB,CO,THREE_BET,A7o,100,0,0,NONE,1
100BB,SB,CO,THREE_BET,A6o,100,0,0,NONE,1
100BB,SB,CO,THREE_BET,A5o,100,0,0,NONE,1
100BB,SB,CO,THREE_BET,A4o,100,0,0,NONE,1
100BB,SB,CO,THREE_BET,A3o,100,0,0,NONE,1
100BB,SB,CO,THREE_BET,A2o,100,0,0,NONE,1
100BB,SB,CO,THREE_BET,KQo,100,0,0,NONE,1
100BB,SB,CO,THREE_BET,KJo,100,0,0,NONE,1
100BB,SB,CO,THREE_BET,KTo,100,0,0,NONE,1
100BB,SB,CO,THREE_BET,K9o,100,0,0,NONE,1
100BB,SB,CO,THREE_BET,K8o,100,0,0,NONE,1
100BB,SB,CO,THREE_BET,K7o,100,0,0,NONE,1
100BB,SB,CO,THREE_BET,K6o,100,0,0,NONE,1
100BB,SB,CO,THREE_BET,K5o,100,0,0,NONE,1
100BB,SB,CO,THREE_BET,K4o,100,0,0,NONE,1
100BB,SB,CO,THREE_BET,K3o,100,0,0,NONE,1
100BB,SB,CO,THREE_BET,K2o,100,0,0,NONE,1
100BB,SB,CO,THREE_BET,QJo,100,0,0,NONE,1
100BB,SB,CO,THREE_BET,QTo,100,0,0,NONE,1
100BB,SB,CO,THREE_BET,Q9o,100,0,0,NONE,1
100BB,SB,CO,THREE_BET,Q8o,100,0,0,NONE,1
100BB,SB,CO,THREE_BET,Q7o,100,0,0,NONE,1
100BB,SB,CO,THREE_BET,Q6o,100,0,0,NONE,1
100BB,SB,CO,THREE_BET,Q5o,100,0,0,NONE,1
100BB,SB,CO,THREE_BET,Q4o,100,0,0,NONE,1
100BB,SB,CO,THREE_BET,Q3o,100,0,0,NONE,1
100BB,SB,CO,THREE_BET,Q2o,100,0,0,NONE,1
100BB,SB,CO,THREE_BET,JTo,100,0,0,NONE,1
100BB,SB,CO,THREE_BET,J9o,100,0,0,NONE,1
100BB,SB,CO,THREE_BET,J8o,100,0,0,NONE,1
100BB,SB,CO,THREE_BET,J7o,100,0,0,NONE,1
100BB,SB,CO,THREE_BET,J6o,100,0,0,NONE,1
100BB,SB,CO,THREE_BET,J5o,100,0,0,NONE,1
100BB,SB,CO,THREE_BET,J4o,100,0,0,NONE,1
100BB,SB,CO,THREE_BET,J3o,100,0,0,NONE,1
100BB,SB,CO,THREE_BET,J2o,100,0,0,NONE,1
100BB,SB,CO,THREE_BET,T9o,100,0,0,NONE,1
100BB,SB,CO,THREE_BET,T8o,100,0,0,NONE,1
100BB,SB,CO,THREE_BET,T7o,100,0,0,NONE,1
100BB,SB,CO,THREE_BET,T6o,100,0,0,NONE,1
100BB,SB,CO,THREE_BET,T5o,100,0,0,NONE,1
100BB,SB,CO,THREE_BET,T4o,100,0,0,NONE,1
100BB,SB,CO,THREE_BET,T3o,100,0,0,NONE,1
100BB,SB,CO,THREE_BET,T2o,100,0,0,NONE,1
100BB,SB,CO,THREE_BET,98o,100,0,0,NONE,1
100BB,SB,CO,THREE_BET,97o,100,0,0,NONE,1
100BB,SB,CO,THREE_BET,96o,100,0,0,NONE,1
100BB,SB,CO,THREE_BET,95o,100,0,0,NONE,1
100BB,SB,CO,THREE_BET,94o,100,0,0,NONE,1
100BB,SB,CO,THREE_BET,93o,100,0,0,NONE,1
100BB,SB,CO,THREE_BET,92o,100,0,0,NONE,1
100BB,SB,CO,THREE_BET,87o,100,0,0,NONE,1
100BB,SB,CO,THREE_BET,86o,100,0,0,NONE,1
100BB,SB,CO,THREE_BET,85o,100,0,0,NONE,1
100BB,SB,CO,THREE_BET,84o,100,0,0,NONE,1
100BB,SB,CO,THREE_BET,83o,100,0,0,NONE,1
100BB,SB,CO,THREE_BET,82o,100,0,0,NONE,1
100BB,SB,CO,THREE_BET,76o,100,0,0,NONE,1
100BB,SB,CO,THREE_BET,75o,100,0,0,NONE,1
100BB,SB,CO,THREE_BET,74o,100,0,0,NONE,1
100BB,SB,CO,THREE_BET,73o,100,0,0,NONE,1
100BB,SB,CO,THREE_BET,72o,100,0,0,NONE,1
100BB,SB,CO,THREE_BET,65o,100,0,0,NONE,1
100BB,SB,CO,THREE_BET,64o,100,0,0,NONE,1
100BB,SB,CO,THREE_BET,63o,100,0,0,NONE,1
100BB,SB,CO,THREE_BET,62o,100,0,0,NONE,1
100BB,SB,CO,THREE_BET,54o,100,0,0,NONE,1
100BB,SB,CO,THREE_BET,53o,100,0,0,NONE,1
100BB,SB,CO,THREE_BET,52o,100,0,0,NONE,1
100BB,SB,CO,THREE_BET,43o,100,0,0,NONE,1
100BB,SB,CO,THREE_BET,42o,100,0,0,NONE,1
100BB,SB,CO,THREE_BET,32o,100,0,0,NONE,1
100BB,SB,BTN,UNOPENED,AA,0,0,0,NONE,0
100BB,SB,BTN,UNOPENED,KK,0,0,0,NONE,0
100BB,SB,BTN,UNOPENED,QQ,0,0,0,NONE,0
100BB,SB,BTN,UNOPENED,JJ,0,0,0,NONE,0
100BB,SB,BTN,UNOPENED,TT,0,0,0,NONE,0
100BB,SB,BTN,UNOPENED,99,0,0,0,NONE,0
100BB,SB,BTN,UNOPENED,88,0,0,0,NONE,0
100BB,SB,BTN,UNOPENED,77,0,0,0,NONE,0
100BB,SB,BTN,UNOPENED,66,0,0,0,NONE,0
100BB,SB,BTN,UNOPENED,55,0,0,0,NONE,0
100BB,SB,BTN,UNOPENED,44,0,0,0,NONE,0
100BB,SB,BTN,UNOPENED,33,0,0,0,NONE,0
100BB,SB,BTN,UNOPENED,22,0,0,0,NONE,0
100BB,SB,BTN,UNOPENED,AKs,0,0,0,NONE,0
100BB,SB,BTN,UNOPENED,AQs,0,0,0,NONE,0
100BB,SB,BTN,UNOPENED,AJs,0,0,0,NONE,0
100BB,SB,BTN,UNOPENED,ATs,0,0,0,NONE,0
100BB,SB,BTN,UNOPENED,A9s,0,0,0,NONE,0
100BB,SB,BTN,UNOPENED,A8s,0,0,0,NONE,0
100BB,SB,BTN,UNOPENED,A7s,0,0,0,NONE,0
100BB,SB,BTN,UNOPENED,A6s,0,0,0,NONE,0
100BB,SB,BTN,UNOPENED,A5s,0,0,0,NONE,0
100BB,SB,BTN,UNOPENED,A4s,0,0,0,NONE,0
100BB,SB,BTN,UNOPENED,A3s,0,0,0,NONE,0
100BB,SB,BTN,UNOPENED,A2s,0,0,0,NONE,0
100BB,SB,BTN,UNOPENED,KQs,0,0,0,NONE,0
100BB,SB,BTN,UNOPENED,KJs,0,0,0,NONE,0
100BB,SB,BTN,UNOPENED,KTs,0,0,0,NONE,0
100BB,SB,BTN,UNOPENED,K9s,0,0,0,NONE,0
100BB,SB,BTN,UNOPENED,K8s,0,0,0,NONE,0
100BB,SB,BTN,UNOPENED,K7s,0,0,0,NONE,0
100BB,SB,BTN,UNOPENED,K6s,0,0,0,NONE,0
100BB,SB,BTN,UNOPENED,K5s,0,0,0,NONE,0
100BB,SB,BTN,UNOPENED,K4s,0,0,0,NONE,0
100BB,SB,BTN,UNOPENED,K3s,0,0,0,NONE,0
100BB,SB,BTN,UNOPENED,K2s,0,0,0,NONE,0
100BB,SB,BTN,UNOPENED,QJs,0,0,0,NONE,0
100BB,SB,BTN,UNOPENED,QTs,0,0,0,NONE,0
100BB,SB,BTN,UNOPENED,Q9s,0,0,0,NONE,0
100BB,SB,BTN,UNOPENED,Q8s,0,0,0,NONE,0
100BB,SB,BTN,UNOPENED,Q7s,0,0,0,NONE,0
100BB,SB,BTN,UNOPENED,Q6s,0,0,0,NONE,0
100BB,SB,BTN,UNOPENED,Q5s,0,0,0,NONE,0
100BB,SB,BTN,UNOPENED,Q4s,0,0,0,NONE,0
100BB,SB,BTN,UNOPENED,Q3s,0,0,0,NONE,0
100BB,SB,BTN,UNOPENED,Q2s,0,0,0,NONE,0
100BB,SB,BTN,UNOPENED,JTs,0,0,0,NONE,0
100BB,SB,BTN,UNOPENED,J9s,0,0,0,NONE,0
100BB,SB,BTN,UNOPENED,J8s,0,0,0,NONE,0
100BB,SB,BTN,UNOPENED,J7s,0,0,0,NONE,0
100BB,SB,BTN,UNOPENED,J6s,0,0,0,NONE,0
100BB,SB,BTN,UNOPENED,J5s,0,0,0,NONE,0
100BB,SB,BTN,UNOPENED,J4s,0,0,0,NONE,0
100BB,SB,BTN,UNOPENED,J3s,0,0,0,NONE,0
100BB,SB,BTN,UNOPENED,J2s,0,0,0,NONE,0
100BB,SB,BTN,UNOPENED,T9s,0,0,0,NONE,0
100BB,SB,BTN,UNOPENED,T8s,0,0,0,NONE,0
100BB,SB,BTN,UNOPENED,T7s,0,0,0,NONE,0
100BB,SB,BTN,UNOPENED,T6s,0,0,0,NONE,0
100BB,SB,BTN,UNOPENED,T5s,0,0,0,NONE,0
100BB,SB,BTN,UNOPENED,T4s,0,0,0,NONE,0
100BB,SB,BTN,UNOPENED,T3s,0,0,0,NONE,0
100BB,SB,BTN,UNOPENED,T2s,0,0,0,NONE,0
100BB,SB,BTN,UNOPENED,98s,0,0,0,NONE,0
100BB,SB,BTN,UNOPENED,97s,0,0,0,NONE,0
100BB,SB,BTN,UNOPENED,96s,0,0,0,NONE,0
100BB,SB,BTN,UNOPENED,95s,0,0,0,NONE,0
100BB,SB,BTN,UNOPENED,94s,0,0,0,NONE,0
100BB,SB,BTN,UNOPENED,93s,0,0,0,NONE,0
100BB,SB,BTN,UNOPENED,92s,0,0,0,NONE,0
100BB,SB,BTN,UNOPENED,87s,0,0,0,NONE,0
100BB,SB,BTN,UNOPENED,86s,0,0,0,NONE,0
100BB,SB,BTN,UNOPENED,85s,0,0,0,NONE,0
100BB,SB,BTN,UNOPENED,84s,0,0,0,NONE,0
100BB,SB,BTN,UNOPENED,83s,0,0,0,NONE,0
100BB,SB,BTN,UNOPENED,82s,0,0,0,NONE,0
100BB,SB,BTN,UNOPENED,76s,0,0,0,NONE,0
100BB,SB,BTN,UNOPENED,75s,0,0,0,NONE,0
100BB,SB,BTN,UNOPENED,74s,0,0,0,NONE,0
100BB,SB,BTN,UNOPENED,73s,0,0,0,NONE,0
100BB,SB,BTN,UNOPENED,72s,0,0,0,NONE,0
100BB,SB,BTN,UNOPENED,65s,0,0,0,NONE,0
100BB,SB,BTN,UNOPENED,64s,0,0,0,NONE,0
100BB,SB,BTN,UNOPENED,63s,0,0,0,NONE,0
100BB,SB,BTN,UNOPENED,62s,0,0,0,NONE,0
100BB,SB,BTN,UNOPENED,54s,0,0,0,NONE,0
100BB,SB,BTN,UNOPENED,53s,0,0,0,NONE,0
100BB,SB,BTN,UNOPENED,52s,0,0,0,NONE,0
100BB,SB,BTN,UNOPENED,43s,0,0,0,NONE,0
100BB,SB,BTN,UNOPENED,42s,0,0,0,NONE,0
100BB,SB,BTN,UNOPENED,32s,0,0,0,NONE,0
100BB,SB,BTN,UNOPENED,AKo,0,0,0,NONE,0
100BB,SB,BTN,UNOPENED,AQo,0,0,0,NONE,0
100BB,SB,BTN,UNOPENED,AJo,0,0,0,NONE,0
100BB,SB,BTN,UNOPENED,ATo,0,0,0,NONE,0
100BB,SB,BTN,UNOPENED,A9o,0,0,0,NONE,0
100BB,SB,BTN,UNOPENED,A8o,0,0,0,NONE,0
100BB,SB,BTN,UNOPENED,A7o,0,0,0,NONE,0
100BB,SB,BTN,UNOPENED,A6o,0,0,0,NONE,0
100BB,SB,BTN,UNOPENED,A5o,0,0,0,NONE,0
100BB,SB,BTN,UNOPENED,A4o,0,0,0,NONE,0
100BB,SB,BTN,UNOPENED,A3o,0,0,0,NONE,0
100BB,SB,BTN,UNOPENED,A2o,0,0,0,NONE,0
100BB,SB,BTN,UNOPENED,KQo,0,0,0,NONE,0
100BB,SB,BTN,UNOPENED,KJo,0,0,0,NONE,0
100BB,SB,BTN,UNOPENED,KTo,0,0,0,NONE,0
100BB,SB,BTN,UNOPENED,K9o,0,0,0,NONE,0
100BB,SB,BTN,UNOPENED,K8o,0,0,0,NONE,0
100BB,SB,BTN,UNOPENED,K7o,0,0,0,NONE,0
100BB,SB,BTN,UNOPENED,K6o,0,0,0,NONE,0
100BB,SB,BTN,UNOPENED,K5o,0,0,0,NONE,0
100BB,SB,BTN,UNOPENED,K4o,0,0,0,NONE,0
100BB,SB,BTN,UNOPENED,K3o,0,0,0,NONE,0
100BB,SB,BTN,UNOPENED,K2o,0,0,0,NONE,0
100BB,SB,BTN,UNOPENED,QJo,0,0,0,NONE,0
100BB,SB,BTN,UNOPENED,QTo,0,0,0,NONE,0
100BB,SB,BTN,UNOPENED,Q9o,0,0,0,NONE,0
100BB,SB,BTN,UNOPENED,Q8o,0,0,0,NONE,0
100BB,SB,BTN,UNOPENED,Q7o,0,0,0,NONE,0
100BB,SB,BTN,UNOPENED,Q6o,0,0,0,NONE,0
100BB,SB,BTN,UNOPENED,Q5o,0,0,0,NONE,0
100BB,SB,BTN,UNOPENED,Q4o,0,0,0,NONE,0
100BB,SB,BTN,UNOPENED,Q3o,0,0,0,NONE,0
100BB,SB,BTN,UNOPENED,Q2o,0,0,0,NONE,0
100BB,SB,BTN,UNOPENED,JTo,0,0,0,NONE,0
100BB,SB,BTN,UNOPENED,J9o,0,0,0,NONE,0
100BB,SB,BTN,UNOPENED,J8o,0,0,0,NONE,0
100BB,SB,BTN,UNOPENED,J7o,0,0,0,NONE,0
100BB,SB,BTN,UNOPENED,J6o,0,0,0,NONE,0
100BB,SB,BTN,UNOPENED,J5o,0,0,0,NONE,0
100BB,SB,BTN,UNOPENED,J4o,0,0,0,NONE,0
100BB,SB,BTN,UNOPENED,J3o,0,0,0,NONE,0
100BB,SB,BTN,UNOPENED,J2o,0,0,0,NONE,0
100BB,SB,BTN,UNOPENED,T9o,0,0,0,NONE,0
100BB,SB,BTN,UNOPENED,T8o,0,0,0,NONE,0
100BB,SB,BTN,UNOPENED,T7o,0,0,0,NONE,0
100BB,SB,BTN,UNOPENED,T6o,0,0,0,NONE,0
100BB,SB,BTN,UNOPENED,T5o,0,0,0,NONE,0
100BB,SB,BTN,UNOPENED,T4o,0,0,0,NONE,0
100BB,SB,BTN,UNOPENED,T3o,0,0,0,NONE,0
100BB,SB,BTN,UNOPENED,T2o,0,0,0,NONE,0
100BB,SB,BTN,UNOPENED,98o,0,0,0,NONE,0
100BB,SB,BTN,UNOPENED,97o,0,0,0,NONE,0
100BB,SB,BTN,UNOPENED,96o,0,0,0,NONE,0
100BB,SB,BTN,UNOPENED,95o,0,0,0,NONE,0
100BB,SB,BTN,UNOPENED,94o,0,0,0,NONE,0
100BB,SB,BTN,UNOPENED,93o,0,0,0,NONE,0
100BB,SB,BTN,UNOPENED,92o,0,0,0,NONE,0
100BB,SB,BTN,UNOPENED,87o,0,0,0,NONE,0
100BB,SB,BTN,UNOPENED,86o,0,0,0,NONE,0
100BB,SB,BTN,UNOPENED,85o,0,0,0,NONE,0
100BB,SB,BTN,UNOPENED,84o,0,0,0,NONE,0
100BB,SB,BTN,UNOPENED,83o,0,0,0,NONE,0
100BB,SB,BTN,UNOPENED,82o,0,0,0,NONE,0
100BB,SB,BTN,UNOPENED,76o,0,0,0,NONE,0
100BB,SB,BTN,UNOPENED,75o,0,0,0,NONE,0
100BB,SB,BTN,UNOPENED,74o,0,0,0,NONE,0
100BB,SB,BTN,UNOPENED,73o,0,0,0,NONE,0
100BB,SB,BTN,UNOPENED,72o,0,0,0,NONE,0
100BB,SB,BTN,UNOPENED,65o,0,0,0,NONE,0
100BB,SB,BTN,UNOPENED,64o,0,0,0,NONE,0
100BB,SB,BTN,UNOPENED,63o,0,0,0,NONE,0
100BB,SB,BTN,UNOPENED,62o,0,0,0,NONE,0
100BB,SB,BTN,UNOPENED,54o,0,0,0,NONE,0
100BB,SB,BTN,UNOPENED,53o,0,0,0,NONE,0
100BB,SB,BTN,UNOPENED,52o,0,0,0,NONE,0
100BB,SB,BTN,UNOPENED,43o,0,0,0,NONE,0
100BB,SB,BTN,UNOPENED,42o,0,0,0,NONE,0
100BB,SB,BTN,UNOPENED,32o,0,0,0,NONE,0
100BB,SB,BTN,ONE_RAISE,AA,0,0,100,5,1
100BB,SB,BTN,ONE_RAISE,KK,0,0,100,5,1
100BB,SB,BTN,ONE_RAISE,QQ,0,0,100,5,1
100BB,SB,BTN,ONE_RAISE,JJ,0,0,100,5,1
100BB,SB,BTN,ONE_RAISE,TT,0,11,89,5,1
100BB,SB,BTN,ONE_RAISE,99,0,64,36,5,1
100BB,SB,BTN,ONE_RAISE,88,0,65,35,5,1
100BB,SB,BTN,ONE_RAISE,77,0,54,46,5,1
100BB,SB,BTN,ONE_RAISE,66,0,43,57,5,1
100BB,SB,BTN,ONE_RAISE,55,0,89,11,5,1
100BB,SB,BTN,ONE_RAISE,44,0,100,0,NONE,1
100BB,SB,BTN,ONE_RAISE,33,0,100,0,NONE,1
100BB,SB,BTN,ONE_RAISE,22,0,100,0,NONE,1
100BB,SB,BTN,ONE_RAISE,AKs,0,0,100,5,1
100BB,SB,BTN,ONE_RAISE,AQs,0,0,100,5,1
100BB,SB,BTN,ONE_RAISE,AJs,0,21,79,5,1
100BB,SB,BTN,ONE_RAISE,ATs,0,37,63,5,1
100BB,SB,BTN,ONE_RAISE,A9s,0,42,58,5,1
100BB,SB,BTN,ONE_RAISE,A8s,0,31,69,5,1
100BB,SB,BTN,ONE_RAISE,A7s,0,26,74,5,1
100BB,SB,BTN,ONE_RAISE,A6s,0,91,9,5,1
100BB,SB,BTN,ONE_RAISE,A5s,0,0,100,5,1
100BB,SB,BTN,ONE_RAISE,A4s,0,0,100,5,1
100BB,SB,BTN,ONE_RAISE,A3s,0,97,3,5,1
100BB,SB,BTN,ONE_RAISE,A2s,0,100,0,NONE,1
100BB,SB,BTN,ONE_RAISE,KQs,0,29,71,5,1
100BB,SB,BTN,ONE_RAISE,KJs,0,35,65,5,1
100BB,SB,BTN,ONE_RAISE,KTs,0,28,72,5,1
100BB,SB,BTN,ONE_RAISE,K9s,0,42,58,5,1
100BB,SB,BTN,ONE_RAISE,K8s,0,94,6,5,1
100BB,SB,BTN,ONE_RAISE,K7s,0,100,0,NONE,1
100BB,SB,BTN,ONE_RAISE,K6s,0,41,59,5,1
100BB,SB,BTN,ONE_RAISE,K5s,0,31,69,5,1
100BB,SB,BTN,ONE_RAISE,K4s,0,96,4,5,1
100BB,SB,BTN,ONE_RAISE,K3s,0,100,0,NONE,1
100BB,SB,BTN,ONE_RAISE,K2s,0,100,0,NONE,1
100BB,SB,BTN,ONE_RAISE,QJs,0,12,88,5,1
100BB,SB,BTN,ONE_RAISE,QTs,0,20,80,5,1
100BB,SB,BTN,ONE_RAISE,Q9s,0,40,60,5,1
100BB,SB,BTN,ONE_RAISE,Q8s,0,100,0,NONE,1
100BB,SB,BTN,ONE_RAISE,Q7s,0,100,0,NONE,1
100BB,SB,BTN,ONE_RAISE,Q6s,0,100,0,NONE,1
100BB,SB,BTN,ONE_RAISE,Q5s,0,100,0,NONE,1
100BB,SB,BTN,ONE_RAISE,Q4s,94,6,0,NONE,1
100BB,SB,BTN,ONE_RAISE,Q3s,100,0,0,NONE,1
100BB,SB,BTN,ONE_RAISE,Q2s,100,0,0,NONE,1
100BB,SB,BTN,ONE_RAISE,JTs,0,16,84,5,1
100BB,SB,BTN,ONE_RAISE,J9s,0,44,56,5,1
100BB,SB,BTN,ONE_RAISE,J8s,0,88,12,5,1
100BB,SB,BTN,ONE_RAISE,J7s,0,82,18,5,1
100BB,SB,BTN,ONE_RAISE,J6s,100,0,0,NONE,1
100BB,SB,BTN,ONE_RAISE,J5s,100,0,0,NONE,1
100BB,SB,BTN,ONE_RAISE,J4s,100,0,0,NONE,1
100BB,SB,BTN,ONE_RAISE,J3s,100,0,0,NONE,1
100BB,SB,BTN,ONE_RAISE,J2s,100,0,0,NONE,1
100BB,SB,BTN,ONE_RAISE,T9s,0,0,100,5,1
100BB,SB,BTN,ONE_RAISE,T8s,0,7,93,5,1
100BB,SB,BTN,ONE_RAISE,T7s,0,45,55,5,1
100BB,SB,BTN,ONE_RAISE,T6s,100,0,0,NONE,1
100BB,SB,BTN,ONE_RAISE,T5s,100,0,0,NONE,1
100BB,SB,BTN,ONE_RAISE,T4s,100,0,0,NONE,1
100BB,SB,BTN,ONE_RAISE,T3s,100,0,0,NONE,1
100BB,SB,BTN,ONE_RAISE,T2s,100,0,0,NONE,1
100BB,SB,BTN,ONE_RAISE,98s,0,28,72,5,1
100BB,SB,BTN,ONE_RAISE,97s,0,55,45,5,1
100BB,SB,BTN,ONE_RAISE,96s,100,0,0,NONE,1
100BB,SB,BTN,ONE_RAISE,95s,100,0,0,NONE,1
100BB,SB,BTN,ONE_RAISE,94s,100,0,0,NONE,1
100BB,SB,BTN,ONE_RAISE,93s,100,0,0,NONE,1
100BB,SB,BTN,ONE_RAISE,92s,100,0,0,NONE,1
100BB,SB,BTN,ONE_RAISE,87s,0,23,77,5,1
100BB,SB,BTN,ONE_RAISE,86s,4,90,6,5,1
100BB,SB,BTN,ONE_RAISE,85s,100,0,0,NONE,1
100BB,SB,BTN,ONE_RAISE,84s,100,0,0,NONE,1
100BB,SB,BTN,ONE_RAISE,83s,100,0,0,NONE,1
100BB,SB,BTN,ONE_RAISE,82s,100,0,0,NONE,1
100BB,SB,BTN,ONE_RAISE,76s,0,20,80,5,1
100BB,SB,BTN,ONE_RAISE,75s,4,96,0,NONE,1
100BB,SB,BTN,ONE_RAISE,74s,100,0,0,NONE,1
100BB,SB,BTN,ONE_RAISE,73s,100,0,0,NONE,1
100BB,SB,BTN,ONE_RAISE,72s,100,0,0,NONE,1
100BB,SB,BTN,ONE_RAISE,65s,0,14,86,5,1
100BB,SB,BTN,ONE_RAISE,64s,100,0,0,NONE,1
100BB,SB,BTN,ONE_RAISE,63s,100,0,0,NONE,1
100BB,SB,BTN,ONE_RAISE,62s,100,0,0,NONE,1
100BB,SB,BTN,ONE_RAISE,54s,0,48,52,5,1
100BB,SB,BTN,ONE_RAISE,53s,100,0,0,NONE,1
100BB,SB,BTN,ONE_RAISE,52s,100,0,0,NONE,1
100BB,SB,BTN,ONE_RAISE,43s,100,0,0,NONE,1
100BB,SB,BTN,ONE_RAISE,42s,100,0,0,NONE,1
100BB,SB,BTN,ONE_RAISE,32s,100,0,0,NONE,1
100BB,SB,BTN,ONE_RAISE,AKo,0,0,100,5,1
100BB,SB,BTN,ONE_RAISE,AQo,0,55,45,5,1
100BB,SB,BTN,ONE_RAISE,AJo,0,13,87,5,1
100BB,SB,BTN,ONE_RAISE,ATo,0,33,67,5,1
100BB,SB,BTN,ONE_RAISE,A9o,0,97,3,5,1
100BB,SB,BTN,ONE_RAISE,A8o,0,81,19,5,1
100BB,SB,BTN,ONE_RAISE,A7o,100,0,0,NONE,1
100BB,SB,BTN,ONE_RAISE,A6o,100,0,0,NONE,1
100BB,SB,BTN,ONE_RAISE,A5o,77,6,17,5,1
100BB,SB,BTN,ONE_RAISE,A4o,100,0,0,NONE,1
100BB,SB,BTN,ONE_RAISE,A3o,100,0,0,NONE,1
100BB,SB,BTN,ONE_RAISE,A2o,100,0,0,NONE,1
100BB,SB,BTN,ONE_RAISE,KQo,0,2,98,5,1
100BB,SB,BTN,ONE_RAISE,KJo,0,40,60,5,1
100BB,SB,BTN,ONE_RAISE,KTo,0,77,23,5,1
100BB,SB,BTN,ONE_RAISE,K9o,100,0,0,NONE,1
100BB,SB,BTN,ONE_RAISE,K8o,100,0,0,NONE,1
100BB,SB,BTN,ONE_RAISE,K7o,100,0,0,NONE,1
100BB,SB,BTN,ONE_RAISE,K6o,100,0,0,NONE,1
100BB,SB,BTN,ONE_RAISE,K5o,100,0,0,NONE,1
100BB,SB,BTN,ONE_RAISE,K4o,100,0,0,NONE,1
100BB,SB,BTN,ONE_RAISE,K3o,100,0,0,NONE,1
100BB,SB,BTN,ONE_RAISE,K2o,100,0,0,NONE,1
100BB,SB,BTN,ONE_RAISE,QJo,0,64,36,5,1
100BB,SB,BTN,ONE_RAISE,QTo,0,68,32,5,1
100BB,SB,BTN,ONE_RAISE,Q9o,100,0,0,NONE,1
100BB,SB,BTN,ONE_RAISE,Q8o,100,0,0,NONE,1
100BB,SB,BTN,ONE_RAISE,Q7o,100,0,0,NONE,1
100BB,SB,BTN,ONE_RAISE,Q6o,100,0,0,NONE,1
100BB,SB,BTN,ONE_RAISE,Q5o,100,0,0,NONE,1
100BB,SB,BTN,ONE_RAISE,Q4o,100,0,0,NONE,1
100BB,SB,BTN,ONE_RAISE,Q3o,100,0,0,NONE,1
100BB,SB,BTN,ONE_RAISE,Q2o,100,0,0,NONE,1
100BB,SB,BTN,ONE_RAISE,JTo,0,56,44,5,1
100BB,SB,BTN,ONE_RAISE,J9o,100,0,0,NONE,1
100BB,SB,BTN,ONE_RAISE,J8o,100,0,0,NONE,1
100BB,SB,BTN,ONE_RAISE,J7o,100,0,0,NONE,1
100BB,SB,BTN,ONE_RAISE,J6o,100,0,0,NONE,1
100BB,SB,BTN,ONE_RAISE,J5o,100,0,0,NONE,1
100BB,SB,BTN,ONE_RAISE,J4o,100,0,0,NONE,1
100BB,SB,BTN,ONE_RAISE,J3o,100,0,0,NONE,1
100BB,SB,BTN,ONE_RAISE,J2o,100,0,0,NONE,1
100BB,SB,BTN,ONE_RAISE,T9o,77,23,0,NONE,1
100BB,SB,BTN,ONE_RAISE,T8o,100,0,0,NONE,1
100BB,SB,BTN,ONE_RAISE,T7o,100,0,0,NONE,1
100BB,SB,BTN,ONE_RAISE,T6o,100,0,0,NONE,1
100BB,SB,BTN,ONE_RAISE,T5o,100,0,0,NONE,1
100BB,SB,BTN,ONE_RAISE,T4o,100,0,0,NONE,1
100BB,SB,BTN,ONE_RAISE,T3o,100,0,0,NONE,1
100BB,SB,BTN,ONE_RAISE,T2o,100,0,0,NONE,1
100BB,SB,BTN,ONE_RAISE,98o,100,0,0,NONE,1
100BB,SB,BTN,ONE_RAISE,97o,100,0,0,NONE,1
100BB,SB,BTN,ONE_RAISE,96o,100,0,0,NONE,1
100BB,SB,BTN,ONE_RAISE,95o,100,0,0,NONE,1
100BB,SB,BTN,ONE_RAISE,94o,100,0,0,NONE,1
100BB,SB,BTN,ONE_RAISE,93o,100,0,0,NONE,1
100BB,SB,BTN,ONE_RAISE,92o,100,0,0,NONE,1
100BB,SB,BTN,ONE_RAISE,87o,100,0,0,NONE,1
100BB,SB,BTN,ONE_RAISE,86o,100,0,0,NONE,1
100BB,SB,BTN,ONE_RAISE,85o,100,0,0,NONE,1
100BB,SB,BTN,ONE_RAISE,84o,100,0,0,NONE,1
100BB,SB,BTN,ONE_RAISE,83o,100,0,0,NONE,1
100BB,SB,BTN,ONE_RAISE,82o,100,0,0,NONE,1
100BB,SB,BTN,ONE_RAISE,76o,100,0,0,NONE,1
100BB,SB,BTN,ONE_RAISE,75o,100,0,0,NONE,1
100BB,SB,BTN,ONE_RAISE,74o,100,0,0,NONE,1
100BB,SB,BTN,ONE_RAISE,73o,100,0,0,NONE,1
100BB,SB,BTN,ONE_RAISE,72o,100,0,0,NONE,1
100BB,SB,BTN,ONE_RAISE,65o,100,0,0,NONE,1
100BB,SB,BTN,ONE_RAISE,64o,100,0,0,NONE,1
100BB,SB,BTN,ONE_RAISE,63o,100,0,0,NONE,1
100BB,SB,BTN,ONE_RAISE,62o,100,0,0,NONE,1
100BB,SB,BTN,ONE_RAISE,54o,100,0,0,NONE,1
100BB,SB,BTN,ONE_RAISE,53o,100,0,0,NONE,1
100BB,SB,BTN,ONE_RAISE,52o,100,0,0,NONE,1
100BB,SB,BTN,ONE_RAISE,43o,100,0,0,NONE,1
100BB,SB,BTN,ONE_RAISE,42o,100,0,0,NONE,1
100BB,SB,BTN,ONE_RAISE,32o,100,0,0,NONE,1
100BB,SB,BTN,THREE_BET,AA,0,0,100,3,1
100BB,SB,BTN,THREE_BET,KK,0,0,100,3,1
100BB,SB,BTN,THREE_BET,QQ,0,0,100,3,1
100BB,SB,BTN,THREE_BET,JJ,0,0,100,3,1
100BB,SB,BTN,THREE_BET,TT,98,0,2,3,1
100BB,SB,BTN,THREE_BET,99,100,0,0,NONE,1
100BB,SB,BTN,THREE_BET,88,95,0,5,3,1
100BB,SB,BTN,THREE_BET,77,97,0,3,3,1
100BB,SB,BTN,THREE_BET,66,100,0,0,NONE,1
100BB,SB,BTN,THREE_BET,55,100,0,0,NONE,1
100BB,SB,BTN,THREE_BET,44,100,0,0,NONE,1
100BB,SB,BTN,THREE_BET,33,100,0,0,NONE,1
100BB,SB,BTN,THREE_BET,22,100,0,0,NONE,1
100BB,SB,BTN,THREE_BET,AKs,0,0,100,3,1
100BB,SB,BTN,THREE_BET,AQs,0,0,100,3,1
100BB,SB,BTN,THREE_BET,AJs,18,0,82,3,1
100BB,SB,BTN,THREE_BET,ATs,61,0,39,3,1
100BB,SB,BTN,THREE_BET,A9s,100,0,0,NONE,1
100BB,SB,BTN,THREE_BET,A8s,93,0,7,3,1
100BB,SB,BTN,THREE_BET,A7s,98,0,2,3,1
100BB,SB,BTN,THREE_BET,A6s,100,0,0,NONE,1
100BB,SB,BTN,THREE_BET,A5s,18,0,82,3,1
100BB,SB,BTN,THREE_BET,A4s,95,0,5,3,1
100BB,SB,BTN,THREE_BET,A3s,100,0,0,NONE,1
100BB,SB,BTN,THREE_BET,A2s,100,0,0,NONE,1
100BB,SB,BTN,THREE_BET,KQs,0,0,100,3,1
100BB,SB,BTN,THREE_BET,KJs,78,0,22,3,1
100BB,SB,BTN,THREE_BET,KTs,94,0,6,3,1
100BB,SB,BTN,THREE_BET,K9s,100,0,0,NONE,1
100BB,SB,BTN,THREE_BET,K8s,100,0,0,NONE,1
100BB,SB,BTN,THREE_BET,K7s,100,0,0,NONE,1
100BB,SB,BTN,THREE_BET,K6s,100,0,0,NONE,1
100BB,SB,BTN,THREE_BET,K5s,100,0,0,NONE,1
100BB,SB,BTN,THREE_BET,K4s,100,0,0,NONE,1
100BB,SB,BTN,THREE_BET,K3s,100,0,0,NONE,1
100BB,SB,BTN,THREE_BET,K2s,100,0,0,NONE,1
100BB,SB,BTN,THREE_BET,QJs,100,0,0,NONE,1
100BB,SB,BTN,THREE_BET,QTs,100,0,0,NONE,1
100BB,SB,BTN,THREE_BET,Q9s,100,0,0,NONE,1
100BB,SB,BTN,THREE_BET,Q8s,100,0,0,NONE,1
100BB,SB,BTN,THREE_BET,Q7s,100,0,0,NONE,1
100BB,SB,BTN,THREE_BET,Q6s,100,0,0,NONE,1
100BB,SB,BTN,THREE_BET,Q5s,100,0,0,NONE,1
100BB,SB,BTN,THREE_BET,Q4s,100,0,0,NONE,1
100BB,SB,BTN,THREE_BET,Q3s,100,0,0,NONE,1
100BB,SB,BTN,THREE_BET,Q2s,100,0,0,NONE,1
100BB,SB,BTN,THREE_BET,JTs,100,0,0,NONE,1
100BB,SB,BTN,THREE_BET,J9s,100,0,0,NONE,1
100BB,SB,BTN,THREE_BET,J8s,100,0,0,NONE,1
100BB,SB,BTN,THREE_BET,J7s,100,0,0,NONE,1
100BB,SB,BTN,THREE_BET,J6s,100,0,0,NONE,1
100BB,SB,BTN,THREE_BET,J5s,100,0,0,NONE,1
100BB,SB,BTN,THREE_BET,J4s,100,0,0,NONE,1
100BB,SB,BTN,THREE_BET,J3s,100,0,0,NONE,1
100BB,SB,BTN,THREE_BET,J2s,100,0,0,NONE,1
100BB,SB,BTN,THREE_BET,T9s,100,0,0,NONE,1
100BB,SB,BTN,THREE_BET,T8s,100,0,0,NONE,1
100BB,SB,BTN,THREE_BET,T7s,100,0,0,NONE,1
100BB,SB,BTN,THREE_BET,T6s,100,0,0,NONE,1
100BB,SB,BTN,THREE_BET,T5s,100,0,0,NONE,1
100BB,SB,BTN,THREE_BET,T4s,100,0,0,NONE,1
100BB,SB,BTN,THREE_BET,T3s,100,0,0,NONE,1
100BB,SB,BTN,THREE_BET,T2s,100,0,0,NONE,1
100BB,SB,BTN,THREE_BET,98s,100,0,0,NONE,1
100BB,SB,BTN,THREE_BET,97s,100,0,0,NONE,1
100BB,SB,BTN,THREE_BET,96s,100,0,0,NONE,1
100BB,SB,BTN,THREE_BET,95s,100,0,0,NONE,1
100BB,SB,BTN,THREE_BET,94s,100,0,0,NONE,1
100BB,SB,BTN,THREE_BET,93s,100,0,0,NONE,1
100BB,SB,BTN,THREE_BET,92s,100,0,0,NONE,1
100BB,SB,BTN,THREE_BET,87s,100,0,0,NONE,1
100BB,SB,BTN,THREE_BET,86s,100,0,0,NONE,1
100BB,SB,BTN,THREE_BET,85s,100,0,0,NONE,1
100BB,SB,BTN,THREE_BET,84s,100,0,0,NONE,1
100BB,SB,BTN,THREE_BET,83s,100,0,0,NONE,1
100BB,SB,BTN,THREE_BET,82s,100,0,0,NONE,1
100BB,SB,BTN,THREE_BET,76s,100,0,0,NONE,1
100BB,SB,BTN,THREE_BET,75s,100,0,0,NONE,1
100BB,SB,BTN,THREE_BET,74s,100,0,0,NONE,1
100BB,SB,BTN,THREE_BET,73s,100,0,0,NONE,1
100BB,SB,BTN,THREE_BET,72s,100,0,0,NONE,1
100BB,SB,BTN,THREE_BET,65s,100,0,0,NONE,1
100BB,SB,BTN,THREE_BET,64s,100,0,0,NONE,1
100BB,SB,BTN,THREE_BET,63s,100,0,0,NONE,1
100BB,SB,BTN,THREE_BET,62s,100,0,0,NONE,1
100BB,SB,BTN,THREE_BET,54s,100,0,0,NONE,1
100BB,SB,BTN,THREE_BET,53s,100,0,0,NONE,1
100BB,SB,BTN,THREE_BET,52s,100,0,0,NONE,1
100BB,SB,BTN,THREE_BET,43s,100,0,0,NONE,1
100BB,SB,BTN,THREE_BET,42s,100,0,0,NONE,1
100BB,SB,BTN,THREE_BET,32s,100,0,0,NONE,1
100BB,SB,BTN,THREE_BET,AKo,0,0,100,3,1
100BB,SB,BTN,THREE_BET,AQo,82,0,18,3,1
100BB,SB,BTN,THREE_BET,AJo,100,0,0,NONE,1
100BB,SB,BTN,THREE_BET,ATo,100,0,0,NONE,1
100BB,SB,BTN,THREE_BET,A9o,100,0,0,NONE,1
100BB,SB,BTN,THREE_BET,A8o,100,0,0,NONE,1
100BB,SB,BTN,THREE_BET,A7o,100,0,0,NONE,1
100BB,SB,BTN,THREE_BET,A6o,100,0,0,NONE,1
100BB,SB,BTN,THREE_BET,A5o,100,0,0,NONE,1
100BB,SB,BTN,THREE_BET,A4o,100,0,0,NONE,1
100BB,SB,BTN,THREE_BET,A3o,100,0,0,NONE,1
100BB,SB,BTN,THREE_BET,A2o,100,0,0,NONE,1
100BB,SB,BTN,THREE_BET,KQo,100,0,0,NONE,1
100BB,SB,BTN,THREE_BET,KJo,100,0,0,NONE,1
100BB,SB,BTN,THREE_BET,KTo,100,0,0,NONE,1
100BB,SB,BTN,THREE_BET,K9o,100,0,0,NONE,1
100BB,SB,BTN,THREE_BET,K8o,100,0,0,NONE,1
100BB,SB,BTN,THREE_BET,K7o,100,0,0,NONE,1
100BB,SB,BTN,THREE_BET,K6o,100,0,0,NONE,1
100BB,SB,BTN,THREE_BET,K5o,100,0,0,NONE,1
100BB,SB,BTN,THREE_BET,K4o,100,0,0,NONE,1
100BB,SB,BTN,THREE_BET,K3o,100,0,0,NONE,1
100BB,SB,BTN,THREE_BET,K2o,100,0,0,NONE,1
100BB,SB,BTN,THREE_BET,QJo,100,0,0,NONE,1
100BB,SB,BTN,THREE_BET,QTo,100,0,0,NONE,1
100BB,SB,BTN,THREE_BET,Q9o,100,0,0,NONE,1
100BB,SB,BTN,THREE_BET,Q8o,100,0,0,NONE,1
100BB,SB,BTN,THREE_BET,Q7o,100,0,0,NONE,1
100BB,SB,BTN,THREE_BET,Q6o,100,0,0,NONE,1
100BB,SB,BTN,THREE_BET,Q5o,100,0,0,NONE,1
100BB,SB,BTN,THREE_BET,Q4o,100,0,0,NONE,1
100BB,SB,BTN,THREE_BET,Q3o,100,0,0,NONE,1
100BB,SB,BTN,THREE_BET,Q2o,100,0,0,NONE,1
100BB,SB,BTN,THREE_BET,JTo,100,0,0,NONE,1
100BB,SB,BTN,THREE_BET,J9o,100,0,0,NONE,1
100BB,SB,BTN,THREE_BET,J8o,100,0,0,NONE,1
100BB,SB,BTN,THREE_BET,J7o,100,0,0,NONE,1
100BB,SB,BTN,THREE_BET,J6o,100,0,0,NONE,1
100BB,SB,BTN,THREE_BET,J5o,100,0,0,NONE,1
100BB,SB,BTN,THREE_BET,J4o,100,0,0,NONE,1
100BB,SB,BTN,THREE_BET,J3o,100,0,0,NONE,1
100BB,SB,BTN,THREE_BET,J2o,100,0,0,NONE,1
100BB,SB,BTN,THREE_BET,T9o,100,0,0,NONE,1
100BB,SB,BTN,THREE_BET,T8o,100,0,0,NONE,1
100BB,SB,BTN,THREE_BET,T7o,100,0,0,NONE,1
100BB,SB,BTN,THREE_BET,T6o,100,0,0,NONE,1
100BB,SB,BTN,THREE_BET,T5o,100,0,0,NONE,1
100BB,SB,BTN,THREE_BET,T4o,100,0,0,NONE,1
100BB,SB,BTN,THREE_BET,T3o,100,0,0,NONE,1
100BB,SB,BTN,THREE_BET,T2o,100,0,0,NONE,1
100BB,SB,BTN,THREE_BET,98o,100,0,0,NONE,1
100BB,SB,BTN,THREE_BET,97o,100,0,0,NONE,1
100BB,SB,BTN,THREE_BET,96o,100,0,0,NONE,1
100BB,SB,BTN,THREE_BET,95o,100,0,0,NONE,1
100BB,SB,BTN,THREE_BET,94o,100,0,0,NONE,1
100BB,SB,BTN,THREE_BET,93o,100,0,0,NONE,1
100BB,SB,BTN,THREE_BET,92o,100,0,0,NONE,1
100BB,SB,BTN,THREE_BET,87o,100,0,0,NONE,1
100BB,SB,BTN,THREE_BET,86o,100,0,0,NONE,1
100BB,SB,BTN,THREE_BET,85o,100,0,0,NONE,1
100BB,SB,BTN,THREE_BET,84o,100,0,0,NONE,1
100BB,SB,BTN,THREE_BET,83o,100,0,0,NONE,1
100BB,SB,BTN,THREE_BET,82o,100,0,0,NONE,1
100BB,SB,BTN,THREE_BET,76o,100,0,0,NONE,1
100BB,SB,BTN,THREE_BET,75o,100,0,0,NONE,1
100BB,SB,BTN,THREE_BET,74o,100,0,0,NONE,1
100BB,SB,BTN,THREE_BET,73o,100,0,0,NONE,1
100BB,SB,BTN,THREE_BET,72o,100,0,0,NONE,1
100BB,SB,BTN,THREE_BET,65o,100,0,0,NONE,1
100BB,SB,BTN,THREE_BET,64o,100,0,0,NONE,1
100BB,SB,BTN,THREE_BET,63o,100,0,0,NONE,1
100BB,SB,BTN,THREE_BET,62o,100,0,0,NONE,1
100BB,SB,BTN,THREE_BET,54o,100,0,0,NONE,1
100BB,SB,BTN,THREE_BET,53o,100,0,0,NONE,1
100BB,SB,BTN,THREE_BET,52o,100,0,0,NONE,1
100BB,SB,BTN,THREE_BET,43o,100,0,0,NONE,1
100BB,SB,BTN,THREE_BET,42o,100,0,0,NONE,1
100BB,SB,BTN,THREE_BET,32o,100,0,0,NONE,1
100BB,SB,SB,UNOPENED,AA,0,80,20,3,1
100BB,SB,SB,UNOPENED,KK,0,83,17,3,1
100BB,SB,SB,UNOPENED,QQ,0,85,15,3,1
100BB,SB,SB,UNOPENED,JJ,0,80,20,3,1
100BB,SB,SB,UNOPENED,TT,0,72,28,3,1
100BB,SB,SB,UNOPENED,99,0,76,23,3,1
100BB,SB,SB,UNOPENED,88,0,75,25,3,1
100BB,SB,SB,UNOPENED,77,0,84,16,3,1
100BB,SB,SB,UNOPENED,66,0,84,16,3,1
100BB,SB,SB,UNOPENED,55,0,86,14,3,1
100BB,SB,SB,UNOPENED,44,0,100,0,NONE,1
100BB,SB,SB,UNOPENED,33,0,100,0,NONE,1
100BB,SB,SB,UNOPENED,22,0,100,0,NONE,1
100BB,SB,SB,UNOPENED,AKs,0,33,67,3,1
100BB,SB,SB,UNOPENED,AQs,0,65,35,3,1
100BB,SB,SB,UNOPENED,AJs,0,20,80,3,1
100BB,SB,SB,UNOPENED,ATs,0,34,66,3,1
100BB,SB,SB,UNOPENED,A9s,0,55,45,3,1
100BB,SB,SB,UNOPENED,A8s,0,47,53,3,1
100BB,SB,SB,UNOPENED,A7s,0,72,28,3,1
100BB,SB,SB,UNOPENED,A6s,0,100,0,NONE,1
100BB,SB,SB,UNOPENED,A5s,0,46,54,3,1
100BB,SB,SB,UNOPENED,A4s,0,98,2,3,1
100BB,SB,SB,UNOPENED,A3s,0,100,0,NONE,1
100BB,SB,SB,UNOPENED,A2s,0,100,0,NONE,1
100BB,SB,SB,UNOPENED,KQs,0,0,100,3,1
100BB,SB,SB,UNOPENED,KJs,0,49,51,3,1
100BB,SB,SB,UNOPENED,KTs,0,48,52,3,1
100BB,SB,SB,UNOPENED,K9s,0,89,11,3,1
100BB,SB,SB,UNOPENED,K8s,0,82,18,3,1
100BB,SB,SB,UNOPENED,K7s,0,100,0,NONE,1
100BB,SB,SB,UNOPENED,K6s,0,98,2,3,1
100BB,SB,SB,UNOPENED,K5s,0,94,6,3,1
100BB,SB,SB,UNOPENED,K4s,0,95,5,3,1
100BB,SB,SB,UNOPENED,K3s,0,100,0,NONE,1
100BB,SB,SB,UNOPENED,K2s,0,100,0,NONE,1
100BB,SB,SB,UNOPENED,QJs,0,35,65,3,1
100BB,SB,SB,UNOPENED,QTs,0,56,44,3,1
100BB,SB,SB,UNOPENED,Q9s,0,100,0,NONE,1
100BB,SB,SB,UNOPENED,Q8s,0,100,0,NONE,1
100BB,SB,SB,UNOPENED,Q7s,0,100,0,NONE,1
100BB,SB,SB,UNOPENED,Q6s,0,100,0,NONE,1
100BB,SB,SB,UNOPENED,Q5s,0,100,0,NONE,1
100BB,SB,SB,UNOPENED,Q4s,0,100,0,NONE,1
100BB,SB,SB,UNOPENED,Q3s,0,100,0,NONE,1
100BB,SB,SB,UNOPENED,Q2s,0,99,1,3,1
100BB,SB,SB,UNOPENED,JTs,0,43,57,3,1
100BB,SB,SB,UNOPENED,J9s,0,62,38,3,1
100BB,SB,SB,UNOPENED,J8s,0,100,0,NONE,1
100BB,SB,SB,UNOPENED,J7s,0,100,0,NONE,1
100BB,SB,SB,UNOPENED,J6s,0,93,7,3,1
100BB,SB,SB,UNOPENED,J5s,0,90,10,3,1
100BB,SB,SB,UNOPENED,J4s,0,92,8,3,1
100BB,SB,SB,UNOPENED,J3s,0,83,17,3,1
100BB,SB,SB,UNOPENED,J2s,0,68,32,NONE,1
100BB,SB,SB,UNOPENED,T9s,0,57,43,3,1
100BB,SB,SB,UNOPENED,T8s,0,81,19,3,1
100BB,SB,SB,UNOPENED,T7s,0,100,0,NONE,1
100BB,SB,SB,UNOPENED,T6s,0,100,0,NONE,1
100BB,SB,SB,UNOPENED,T5s,0,95,5,3,1
100BB,SB,SB,UNOPENED,T4s,0,49,51,3,1
100BB,SB,SB,UNOPENED,T3s,0,83,17,3,1
100BB,SB,SB,UNOPENED,T2s,0,64,36,3,1
100BB,SB,SB,UNOPENED,98s,0,89,11,3,1
100BB,SB,SB,UNOPENED,97s,0,100,0,NONE,1
100BB,SB,SB,UNOPENED,96s,0,100,0,NONE,1
100BB,SB,SB,UNOPENED,95s,0,56,44,3,1
100BB,SB,SB,UNOPENED,94s,0,91,9,3,1
100BB,SB,SB,UNOPENED,93s,0,100,0,NONE,1
100BB,SB,SB,UNOPENED,92s,0,100,0,NONE,1
100BB,SB,SB,UNOPENED,87s,0,92,8,3,1
100BB,SB,SB,UNOPENED,86s,0,84,16,3,1
100BB,SB,SB,UNOPENED,85s,0,97,3,3,1
100BB,SB,SB,UNOPENED,84s,0,76,24,3,1
100BB,SB,SB,UNOPENED,83s,0,100,0,NONE,1
100BB,SB,SB,UNOPENED,82s,0,100,0,NONE,1
100BB,SB,SB,UNOPENED,76s,0,100,0,NONE,1
100BB,SB,SB,UNOPENED,75s,0,85,15,3,1
100BB,SB,SB,UNOPENED,74s,0,87,13,3,1
100BB,SB,SB,UNOPENED,73s,0,97,3,3,1
100BB,SB,SB,UNOPENED,72s,0,100,0,NONE,1
100BB,SB,SB,UNOPENED,65s,0,77,23,3,1
100BB,SB,SB,UNOPENED,64s,0,100,0,NONE,1
100BB,SB,SB,UNOPENED,63s,0,62,38,3,1
100BB,SB,SB,UNOPENED,62s,0,100,0,NONE,1
100BB,SB,SB,UNOPENED,54s,0,46,54,3,1
100BB,SB,SB,UNOPENED,53s,0,100,0,NONE,1
100BB,SB,SB,UNOPENED,52s,0,63,37,3,1
100BB,SB,SB,UNOPENED,43s,0,93,7,3,1
100BB,SB,SB,UNOPENED,42s,0,96,4,3,1
100BB,SB,SB,UNOPENED,32s,0,100,0,NONE,1
100BB,SB,SB,UNOPENED,AKo,0,93,7,3,1
100BB,SB,SB,UNOPENED,AQo,0,90,10,3,1
100BB,SB,SB,UNOPENED,AJo,0,95,5,3,1
100BB,SB,SB,UNOPENED,ATo,0,92,8,3,1
100BB,SB,SB,UNOPENED,A9o,0,91,9,3,1
100BB,SB,SB,UNOPENED,A8o,0,95,5,3,1
100BB,SB,SB,UNOPENED,A7o,0,82,18,3,1
100BB,SB,SB,UNOPENED,A6o,0,78,22,3,1
100BB,SB,SB,UNOPENED,A5o,0,93,7,3,1
100BB,SB,SB,UNOPENED,A4o,0,87,13,3,1
100BB,SB,SB,UNOPENED,A3o,0,82,18,3,1
100BB,SB,SB,UNOPENED,A2o,0,98,2,3,1
100BB,SB,SB,UNOPENED,KQo,0,95,5,3,1
100BB,SB,SB,UNOPENED,KJo,0,94,6,3,1
100BB,SB,SB,UNOPENED,KTo,0,97,3,3,1
100BB,SB,SB,UNOPENED,K9o,0,86,14,3,1
100BB,SB,SB,UNOPENED,K8o,0,84,16,3,1
100BB,SB,SB,UNOPENED,K7o,0,73,27,3,1
100BB,SB,SB,UNOPENED,K6o,0,89,11,3,1
100BB,SB,SB,UNOPENED,K5o,0,88,12,3,1
100BB,SB,SB,UNOPENED,K4o,0,100,0,NONE,1
100BB,SB,SB,UNOPENED,K3o,0,100,0,NONE,1
100BB,SB,SB,UNOPENED,K2o,0,100,0,NONE,1
100BB,SB,SB,UNOPENED,QJo,0,98,2,3,1
100BB,SB,SB,UNOPENED,QTo,0,100,0,NONE,1
100BB,SB,SB,UNOPENED,Q9o,0,69,31,3,1
100BB,SB,SB,UNOPENED,Q8o,0,73,27,3,1
100BB,SB,SB,UNOPENED,Q7o,0,93,7,3,1
100BB,SB,SB,UNOPENED,Q6o,0,96,4,3,1
100BB,SB,SB,UNOPENED,Q5o,0,100,0,NONE,1
100BB,SB,SB,UNOPENED,Q4o,0,100,0,NONE,1
100BB,SB,SB,UNOPENED,Q3o,0,100,0,NONE,1
100BB,SB,SB,UNOPENED,Q2o,0,100,0,NONE,1
100BB,SB,SB,UNOPENED,JTo,0,100,0,NONE,1
100BB,SB,SB,UNOPENED,J9o,0,99,1,3,1
100BB,SB,SB,UNOPENED,J8o,0,76,24,3,1
100BB,SB,SB,UNOPENED,J7o,0,100,0,NONE,1
100BB,SB,SB,UNOPENED,J6o,0,100,0,NONE,1
100BB,SB,SB,UNOPENED,J5o,0,100,0,NONE,1
100BB,SB,SB,UNOPENED,J4o,0,100,0,NONE,1
100BB,SB,SB,UNOPENED,J3o,0,100,0,NONE,1
100BB,SB,SB,UNOPENED,J2o,0,100,0,NONE,1
100BB,SB,SB,UNOPENED,T9o,0,99,1,3,1
100BB,SB,SB,UNOPENED,T8o,0,88,12,3,1
100BB,SB,SB,UNOPENED,T7o,0,85,15,NONE,1
100BB,SB,SB,UNOPENED,T6o,0,100,0,NONE,1
100BB,SB,SB,UNOPENED,T5o,0,100,0,NONE,1
100BB,SB,SB,UNOPENED,T4o,0,100,0,NONE,1
100BB,SB,SB,UNOPENED,T3o,0,100,0,NONE,1
100BB,SB,SB,UNOPENED,T2o,0,100,0,NONE,1
100BB,SB,SB,UNOPENED,98o,0,79,21,3,1
100BB,SB,SB,UNOPENED,97o,0,86,14,3,1
100BB,SB,SB,UNOPENED,96o,0,100,0,NONE,1
100BB,SB,SB,UNOPENED,95o,0,100,0,NONE,1
100BB,SB,SB,UNOPENED,94o,0,100,0,NONE,1
100BB,SB,SB,UNOPENED,93o,60,40,0,NONE,1
100BB,SB,SB,UNOPENED,92o,100,0,0,NONE,1
100BB,SB,SB,UNOPENED,87o,0,88,12,3,1
100BB,SB,SB,UNOPENED,86o,0,100,0,NONE,1
100BB,SB,SB,UNOPENED,85o,0,100,0,NONE,1
100BB,SB,SB,UNOPENED,84o,0,100,0,NONE,1
100BB,SB,SB,UNOPENED,83o,100,0,0,NONE,1
100BB,SB,SB,UNOPENED,82o,100,0,0,NONE,1
100BB,SB,SB,UNOPENED,76o,0,83,17,3,1
100BB,SB,SB,UNOPENED,75o,0,100,0,NONE,1
100BB,SB,SB,UNOPENED,74o,0,100,0,NONE,1
100BB,SB,SB,UNOPENED,73o,100,0,0,NONE,1
100BB,SB,SB,UNOPENED,72o,100,0,0,NONE,1
100BB,SB,SB,UNOPENED,65o,0,88,12,3,1
100BB,SB,SB,UNOPENED,64o,0,100,0,NONE,1
100BB,SB,SB,UNOPENED,63o,91,9,0,NONE,1
100BB,SB,SB,UNOPENED,62o,100,0,0,NONE,1
100BB,SB,SB,UNOPENED,54o,0,100,0,NONE,1
100BB,SB,SB,UNOPENED,53o,0,100,0,NONE,1
100BB,SB,SB,UNOPENED,52o,100,0,0,NONE,1
100BB,SB,SB,UNOPENED,43o,10,90,0,NONE,1
100BB,SB,SB,UNOPENED,42o,100,0,0,NONE,1
100BB,SB,SB,UNOPENED,32o,100,0,0,NONE,1
100BB,SB,SB,ONE_RAISE,AA,0,0,0,NONE,0
100BB,SB,SB,ONE_RAISE,KK,0,0,0,NONE,0
100BB,SB,SB,ONE_RAISE,QQ,0,0,0,NONE,0
100BB,SB,SB,ONE_RAISE,JJ,0,0,0,NONE,0
100BB,SB,SB,ONE_RAISE,TT,0,0,0,NONE,0
100BB,SB,SB,ONE_RAISE,99,0,0,0,NONE,0
100BB,SB,SB,ONE_RAISE,88,0,0,0,NONE,0
100BB,SB,SB,ONE_RAISE,77,0,0,0,NONE,0
100BB,SB,SB,ONE_RAISE,66,0,0,0,NONE,0
100BB,SB,SB,ONE_RAISE,55,0,0,0,NONE,0
100BB,SB,SB,ONE_RAISE,44,0,0,0,NONE,0
100BB,SB,SB,ONE_RAISE,33,0,0,0,NONE,0
100BB,SB,SB,ONE_RAISE,22,0,0,0,NONE,0
100BB,SB,SB,ONE_RAISE,AKs,0,0,0,NONE,0
100BB,SB,SB,ONE_RAISE,AQs,0,0,0,NONE,0
100BB,SB,SB,ONE_RAISE,AJs,0,0,0,NONE,0
100BB,SB,SB,ONE_RAISE,ATs,0,0,0,NONE,0
100BB,SB,SB,ONE_RAISE,A9s,0,0,0,NONE,0
100BB,SB,SB,ONE_RAISE,A8s,0,0,0,NONE,0
100BB,SB,SB,ONE_RAISE,A7s,0,0,0,NONE,0
100BB,SB,SB,ONE_RAISE,A6s,0,0,0,NONE,0
100BB,SB,SB,ONE_RAISE,A5s,0,0,0,NONE,0
100BB,SB,SB,ONE_RAISE,A4s,0,0,0,NONE,0
100BB,SB,SB,ONE_RAISE,A3s,0,0,0,NONE,0
100BB,SB,SB,ONE_RAISE,A2s,0,0,0,NONE,0
100BB,SB,SB,ONE_RAISE,KQs,0,0,0,NONE,0
100BB,SB,SB,ONE_RAISE,KJs,0,0,0,NONE,0
100BB,SB,SB,ONE_RAISE,KTs,0,0,0,NONE,0
100BB,SB,SB,ONE_RAISE,K9s,0,0,0,NONE,0
100BB,SB,SB,ONE_RAISE,K8s,0,0,0,NONE,0
100BB,SB,SB,ONE_RAISE,K7s,0,0,0,NONE,0
100BB,SB,SB,ONE_RAISE,K6s,0,0,0,NONE,0
100BB,SB,SB,ONE_RAISE,K5s,0,0,0,NONE,0
100BB,SB,SB,ONE_RAISE,K4s,0,0,0,NONE,0
100BB,SB,SB,ONE_RAISE,K3s,0,0,0,NONE,0
100BB,SB,SB,ONE_RAISE,K2s,0,0,0,NONE,0
100BB,SB,SB,ONE_RAISE,QJs,0,0,0,NONE,0
100BB,SB,SB,ONE_RAISE,QTs,0,0,0,NONE,0
100BB,SB,SB,ONE_RAISE,Q9s,0,0,0,NONE,0
100BB,SB,SB,ONE_RAISE,Q8s,0,0,0,NONE,0
100BB,SB,SB,ONE_RAISE,Q7s,0,0,0,NONE,0
100BB,SB,SB,ONE_RAISE,Q6s,0,0,0,NONE,0
100BB,SB,SB,ONE_RAISE,Q5s,0,0,0,NONE,0
100BB,SB,SB,ONE_RAISE,Q4s,0,0,0,NONE,0
100BB,SB,SB,ONE_RAISE,Q3s,0,0,0,NONE,0
100BB,SB,SB,ONE_RAISE,Q2s,0,0,0,NONE,0
100BB,SB,SB,ONE_RAISE,JTs,0,0,0,NONE,0
100BB,SB,SB,ONE_RAISE,J9s,0,0,0,NONE,0
100BB,SB,SB,ONE_RAISE,J8s,0,0,0,NONE,0
100BB,SB,SB,ONE_RAISE,J7s,0,0,0,NONE,0
100BB,SB,SB,ONE_RAISE,J6s,0,0,0,NONE,0
100BB,SB,SB,ONE_RAISE,J5s,0,0,0,NONE,0
100BB,SB,SB,ONE_RAISE,J4s,0,0,0,NONE,0
100BB,SB,SB,ONE_RAISE,J3s,0,0,0,NONE,0
100BB,SB,SB,ONE_RAISE,J2s,0,0,0,NONE,0
100BB,SB,SB,ONE_RAISE,T9s,0,0,0,NONE,0
100BB,SB,SB,ONE_RAISE,T8s,0,0,0,NONE,0
100BB,SB,SB,ONE_RAISE,T7s,0,0,0,NONE,0
100BB,SB,SB,ONE_RAISE,T6s,0,0,0,NONE,0
100BB,SB,SB,ONE_RAISE,T5s,0,0,0,NONE,0
100BB,SB,SB,ONE_RAISE,T4s,0,0,0,NONE,0
100BB,SB,SB,ONE_RAISE,T3s,0,0,0,NONE,0
100BB,SB,SB,ONE_RAISE,T2s,0,0,0,NONE,0
100BB,SB,SB,ONE_RAISE,98s,0,0,0,NONE,0
100BB,SB,SB,ONE_RAISE,97s,0,0,0,NONE,0
100BB,SB,SB,ONE_RAISE,96s,0,0,0,NONE,0
100BB,SB,SB,ONE_RAISE,95s,0,0,0,NONE,0
100BB,SB,SB,ONE_RAISE,94s,0,0,0,NONE,0
100BB,SB,SB,ONE_RAISE,93s,0,0,0,NONE,0
100BB,SB,SB,ONE_RAISE,92s,0,0,0,NONE,0
100BB,SB,SB,ONE_RAISE,87s,0,0,0,NONE,0
100BB,SB,SB,ONE_RAISE,86s,0,0,0,NONE,0
100BB,SB,SB,ONE_RAISE,85s,0,0,0,NONE,0
100BB,SB,SB,ONE_RAISE,84s,0,0,0,NONE,0
100BB,SB,SB,ONE_RAISE,83s,0,0,0,NONE,0
100BB,SB,SB,ONE_RAISE,82s,0,0,0,NONE,0
100BB,SB,SB,ONE_RAISE,76s,0,0,0,NONE,0
100BB,SB,SB,ONE_RAISE,75s,0,0,0,NONE,0
100BB,SB,SB,ONE_RAISE,74s,0,0,0,NONE,0
100BB,SB,SB,ONE_RAISE,73s,0,0,0,NONE,0
100BB,SB,SB,ONE_RAISE,72s,0,0,0,NONE,0
100BB,SB,SB,ONE_RAISE,65s,0,0,0,NONE,0
100BB,SB,SB,ONE_RAISE,64s,0,0,0,NONE,0
100BB,SB,SB,ONE_RAISE,63s,0,0,0,NONE,0
100BB,SB,SB,ONE_RAISE,62s,0,0,0,NONE,0
100BB,SB,SB,ONE_RAISE,54s,0,0,0,NONE,0
100BB,SB,SB,ONE_RAISE,53s,0,0,0,NONE,0
100BB,SB,SB,ONE_RAISE,52s,0,0,0,NONE,0
100BB,SB,SB,ONE_RAISE,43s,0,0,0,NONE,0
100BB,SB,SB,ONE_RAISE,42s,0,0,0,NONE,0
100BB,SB,SB,ONE_RAISE,32s,0,0,0,NONE,0
100BB,SB,SB,ONE_RAISE,AKo,0,0,0,NONE,0
100BB,SB,SB,ONE_RAISE,AQo,0,0,0,NONE,0
100BB,SB,SB,ONE_RAISE,AJo,0,0,0,NONE,0
100BB,SB,SB,ONE_RAISE,ATo,0,0,0,NONE,0
100BB,SB,SB,ONE_RAISE,A9o,0,0,0,NONE,0
100BB,SB,SB,ONE_RAISE,A8o,0,0,0,NONE,0
100BB,SB,SB,ONE_RAISE,A7o,0,0,0,NONE,0
100BB,SB,SB,ONE_RAISE,A6o,0,0,0,NONE,0
100BB,SB,SB,ONE_RAISE,A5o,0,0,0,NONE,0
100BB,SB,SB,ONE_RAISE,A4o,0,0,0,NONE,0
100BB,SB,SB,ONE_RAISE,A3o,0,0,0,NONE,0
100BB,SB,SB,ONE_RAISE,A2o,0,0,0,NONE,0
100BB,SB,SB,ONE_RAISE,KQo,0,0,0,NONE,0
100BB,SB,SB,ONE_RAISE,KJo,0,0,0,NONE,0
100BB,SB,SB,ONE_RAISE,KTo,0,0,0,NONE,0
100BB,SB,SB,ONE_RAISE,K9o,0,0,0,NONE,0
100BB,SB,SB,ONE_RAISE,K8o,0,0,0,NONE,0
100BB,SB,SB,ONE_RAISE,K7o,0,0,0,NONE,0
100BB,SB,SB,ONE_RAISE,K6o,0,0,0,NONE,0
100BB,SB,SB,ONE_RAISE,K5o,0,0,0,NONE,0
100BB,SB,SB,ONE_RAISE,K4o,0,0,0,NONE,0
100BB,SB,SB,ONE_RAISE,K3o,0,0,0,NONE,0
100BB,SB,SB,ONE_RAISE,K2o,0,0,0,NONE,0
100BB,SB,SB,ONE_RAISE,QJo,0,0,0,NONE,0
100BB,SB,SB,ONE_RAISE,QTo,0,0,0,NONE,0
100BB,SB,SB,ONE_RAISE,Q9o,0,0,0,NONE,0
100BB,SB,SB,ONE_RAISE,Q8o,0,0,0,NONE,0
100BB,SB,SB,ONE_RAISE,Q7o,0,0,0,NONE,0
100BB,SB,SB,ONE_RAISE,Q6o,0,0,0,NONE,0
100BB,SB,SB,ONE_RAISE,Q5o,0,0,0,NONE,0
100BB,SB,SB,ONE_RAISE,Q4o,0,0,0,NONE,0
100BB,SB,SB,ONE_RAISE,Q3o,0,0,0,NONE,0
100BB,SB,SB,ONE_RAISE,Q2o,0,0,0,NONE,0
100BB,SB,SB,ONE_RAISE,JTo,0,0,0,NONE,0
100BB,SB,SB,ONE_RAISE,J9o,0,0,0,NONE,0
100BB,SB,SB,ONE_RAISE,J8o,0,0,0,NONE,0
100BB,SB,SB,ONE_RAISE,J7o,0,0,0,NONE,0
100BB,SB,SB,ONE_RAISE,J6o,0,0,0,NONE,0
100BB,SB,SB,ONE_RAISE,J5o,0,0,0,NONE,0
100BB,SB,SB,ONE_RAISE,J4o,0,0,0,NONE,0
100BB,SB,SB,ONE_RAISE,J3o,0,0,0,NONE,0
100BB,SB,SB,ONE_RAISE,J2o,0,0,0,NONE,0
100BB,SB,SB,ONE_RAISE,T9o,0,0,0,NONE,0
100BB,SB,SB,ONE_RAISE,T8o,0,0,0,NONE,0
100BB,SB,SB,ONE_RAISE,T7o,0,0,0,NONE,0
100BB,SB,SB,ONE_RAISE,T6o,0,0,0,NONE,0
100BB,SB,SB,ONE_RAISE,T5o,0,0,0,NONE,0
100BB,SB,SB,ONE_RAISE,T4o,0,0,0,NONE,0
100BB,SB,SB,ONE_RAISE,T3o,0,0,0,NONE,0
100BB,SB,SB,ONE_RAISE,T2o,0,0,0,NONE,0
100BB,SB,SB,ONE_RAISE,98o,0,0,0,NONE,0
100BB,SB,SB,ONE_RAISE,97o,0,0,0,NONE,0
100BB,SB,SB,ONE_RAISE,96o,0,0,0,NONE,0
100BB,SB,SB,ONE_RAISE,95o,0,0,0,NONE,0
100BB,SB,SB,ONE_RAISE,94o,0,0,0,NONE,0
100BB,SB,SB,ONE_RAISE,93o,0,0,0,NONE,0
100BB,SB,SB,ONE_RAISE,92o,0,0,0,NONE,0
100BB,SB,SB,ONE_RAISE,87o,0,0,0,NONE,0
100BB,SB,SB,ONE_RAISE,86o,0,0,0,NONE,0
100BB,SB,SB,ONE_RAISE,85o,0,0,0,NONE,0
100BB,SB,SB,ONE_RAISE,84o,0,0,0,NONE,0
100BB,SB,SB,ONE_RAISE,83o,0,0,0,NONE,0
100BB,SB,SB,ONE_RAISE,82o,0,0,0,NONE,0
100BB,SB,SB,ONE_RAISE,76o,0,0,0,NONE,0
100BB,SB,SB,ONE_RAISE,75o,0,0,0,NONE,0
100BB,SB,SB,ONE_RAISE,74o,0,0,0,NONE,0
100BB,SB,SB,ONE_RAISE,73o,0,0,0,NONE,0
100BB,SB,SB,ONE_RAISE,72o,0,0,0,NONE,0
100BB,SB,SB,ONE_RAISE,65o,0,0,0,NONE,0
100BB,SB,SB,ONE_RAISE,64o,0,0,0,NONE,0
100BB,SB,SB,ONE_RAISE,63o,0,0,0,NONE,0
100BB,SB,SB,ONE_RAISE,62o,0,0,0,NONE,0
100BB,SB,SB,ONE_RAISE,54o,0,0,0,NONE,0
100BB,SB,SB,ONE_RAISE,53o,0,0,0,NONE,0
100BB,SB,SB,ONE_RAISE,52o,0,0,0,NONE,0
100BB,SB,SB,ONE_RAISE,43o,0,0,0,NONE,0
100BB,SB,SB,ONE_RAISE,42o,0,0,0,NONE,0
100BB,SB,SB,ONE_RAISE,32o,0,0,0,NONE,0
100BB,SB,SB,THREE_BET,AA,0,0,0,NONE,0
100BB,SB,SB,THREE_BET,KK,0,0,0,NONE,0
100BB,SB,SB,THREE_BET,QQ,0,0,0,NONE,0
100BB,SB,SB,THREE_BET,JJ,0,0,0,NONE,0
100BB,SB,SB,THREE_BET,TT,0,0,0,NONE,0
100BB,SB,SB,THREE_BET,99,0,0,0,NONE,0
100BB,SB,SB,THREE_BET,88,0,0,0,NONE,0
100BB,SB,SB,THREE_BET,77,0,0,0,NONE,0
100BB,SB,SB,THREE_BET,66,0,0,0,NONE,0
100BB,SB,SB,THREE_BET,55,0,0,0,NONE,0
100BB,SB,SB,THREE_BET,44,0,0,0,NONE,0
100BB,SB,SB,THREE_BET,33,0,0,0,NONE,0
100BB,SB,SB,THREE_BET,22,0,0,0,NONE,0
100BB,SB,SB,THREE_BET,AKs,0,0,0,NONE,0
100BB,SB,SB,THREE_BET,AQs,0,0,0,NONE,0
100BB,SB,SB,THREE_BET,AJs,0,0,0,NONE,0
100BB,SB,SB,THREE_BET,ATs,0,0,0,NONE,0
100BB,SB,SB,THREE_BET,A9s,0,0,0,NONE,0
100BB,SB,SB,THREE_BET,A8s,0,0,0,NONE,0
100BB,SB,SB,THREE_BET,A7s,0,0,0,NONE,0
100BB,SB,SB,THREE_BET,A6s,0,0,0,NONE,0
100BB,SB,SB,THREE_BET,A5s,0,0,0,NONE,0
100BB,SB,SB,THREE_BET,A4s,0,0,0,NONE,0
100BB,SB,SB,THREE_BET,A3s,0,0,0,NONE,0
100BB,SB,SB,THREE_BET,A2s,0,0,0,NONE,0
100BB,SB,SB,THREE_BET,KQs,0,0,0,NONE,0
100BB,SB,SB,THREE_BET,KJs,0,0,0,NONE,0
100BB,SB,SB,THREE_BET,KTs,0,0,0,NONE,0
100BB,SB,SB,THREE_BET,K9s,0,0,0,NONE,0
100BB,SB,SB,THREE_BET,K8s,0,0,0,NONE,0
100BB,SB,SB,THREE_BET,K7s,0,0,0,NONE,0
100BB,SB,SB,THREE_BET,K6s,0,0,0,NONE,0
100BB,SB,SB,THREE_BET,K5s,0,0,0,NONE,0
100BB,SB,SB,THREE_BET,K4s,0,0,0,NONE,0
100BB,SB,SB,THREE_BET,K3s,0,0,0,NONE,0
100BB,SB,SB,THREE_BET,K2s,0,0,0,NONE,0
100BB,SB,SB,THREE_BET,QJs,0,0,0,NONE,0
100BB,SB,SB,THREE_BET,QTs,0,0,0,NONE,0
100BB,SB,SB,THREE_BET,Q9s,0,0,0,NONE,0
100BB,SB,SB,THREE_BET,Q8s,0,0,0,NONE,0
100BB,SB,SB,THREE_BET,Q7s,0,0,0,NONE,0
100BB,SB,SB,THREE_BET,Q6s,0,0,0,NONE,0
100BB,SB,SB,THREE_BET,Q5s,0,0,0,NONE,0
100BB,SB,SB,THREE_BET,Q4s,0,0,0,NONE,0
100BB,SB,SB,THREE_BET,Q3s,0,0,0,NONE,0
100BB,SB,SB,THREE_BET,Q2s,0,0,0,NONE,0
100BB,SB,SB,THREE_BET,JTs,0,0,0,NONE,0
100BB,SB,SB,THREE_BET,J9s,0,0,0,NONE,0
100BB,SB,SB,THREE_BET,J8s,0,0,0,NONE,0
100BB,SB,SB,THREE_BET,J7s,0,0,0,NONE,0
100BB,SB,SB,THREE_BET,J6s,0,0,0,NONE,0
100BB,SB,SB,THREE_BET,J5s,0,0,0,NONE,0
100BB,SB,SB,THREE_BET,J4s,0,0,0,NONE,0
100BB,SB,SB,THREE_BET,J3s,0,0,0,NONE,0
100BB,SB,SB,THREE_BET,J2s,0,0,0,NONE,0
100BB,SB,SB,THREE_BET,T9s,0,0,0,NONE,0
100BB,SB,SB,THREE_BET,T8s,0,0,0,NONE,0
100BB,SB,SB,THREE_BET,T7s,0,0,0,NONE,0
100BB,SB,SB,THREE_BET,T6s,0,0,0,NONE,0
100BB,SB,SB,THREE_BET,T5s,0,0,0,NONE,0
100BB,SB,SB,THREE_BET,T4s,0,0,0,NONE,0
100BB,SB,SB,THREE_BET,T3s,0,0,0,NONE,0
100BB,SB,SB,THREE_BET,T2s,0,0,0,NONE,0
100BB,SB,SB,THREE_BET,98s,0,0,0,NONE,0
100BB,SB,SB,THREE_BET,97s,0,0,0,NONE,0
100BB,SB,SB,THREE_BET,96s,0,0,0,NONE,0
100BB,SB,SB,THREE_BET,95s,0,0,0,NONE,0
100BB,SB,SB,THREE_BET,94s,0,0,0,NONE,0
100BB,SB,SB,THREE_BET,93s,0,0,0,NONE,0
100BB,SB,SB,THREE_BET,92s,0,0,0,NONE,0
100BB,SB,SB,THREE_BET,87s,0,0,0,NONE,0
100BB,SB,SB,THREE_BET,86s,0,0,0,NONE,0
100BB,SB,SB,THREE_BET,85s,0,0,0,NONE,0
100BB,SB,SB,THREE_BET,84s,0,0,0,NONE,0
100BB,SB,SB,THREE_BET,83s,0,0,0,NONE,0
100BB,SB,SB,THREE_BET,82s,0,0,0,NONE,0
100BB,SB,SB,THREE_BET,76s,0,0,0,NONE,0
100BB,SB,SB,THREE_BET,75s,0,0,0,NONE,0
100BB,SB,SB,THREE_BET,74s,0,0,0,NONE,0
100BB,SB,SB,THREE_BET,73s,0,0,0,NONE,0
100BB,SB,SB,THREE_BET,72s,0,0,0,NONE,0
100BB,SB,SB,THREE_BET,65s,0,0,0,NONE,0
100BB,SB,SB,THREE_BET,64s,0,0,0,NONE,0
100BB,SB,SB,THREE_BET,63s,0,0,0,NONE,0
100BB,SB,SB,THREE_BET,62s,0,0,0,NONE,0
100BB,SB,SB,THREE_BET,54s,0,0,0,NONE,0
100BB,SB,SB,THREE_BET,53s,0,0,0,NONE,0
100BB,SB,SB,THREE_BET,52s,0,0,0,NONE,0
100BB,SB,SB,THREE_BET,43s,0,0,0,NONE,0
100BB,SB,SB,THREE_BET,42s,0,0,0,NONE,0
100BB,SB,SB,THREE_BET,32s,0,0,0,NONE,0
100BB,SB,SB,THREE_BET,AKo,0,0,0,NONE,0
100BB,SB,SB,THREE_BET,AQo,0,0,0,NONE,0
100BB,SB,SB,THREE_BET,AJo,0,0,0,NONE,0
100BB,SB,SB,THREE_BET,ATo,0,0,0,NONE,0
100BB,SB,SB,THREE_BET,A9o,0,0,0,NONE,0
100BB,SB,SB,THREE_BET,A8o,0,0,0,NONE,0
100BB,SB,SB,THREE_BET,A7o,0,0,0,NONE,0
100BB,SB,SB,THREE_BET,A6o,0,0,0,NONE,0
100BB,SB,SB,THREE_BET,A5o,0,0,0,NONE,0
100BB,SB,SB,THREE_BET,A4o,0,0,0,NONE,0
100BB,SB,SB,THREE_BET,A3o,0,0,0,NONE,0
100BB,SB,SB,THREE_BET,A2o,0,0,0,NONE,0
100BB,SB,SB,THREE_BET,KQo,0,0,0,NONE,0
100BB,SB,SB,THREE_BET,KJo,0,0,0,NONE,0
100BB,SB,SB,THREE_BET,KTo,0,0,0,NONE,0
100BB,SB,SB,THREE_BET,K9o,0,0,0,NONE,0
100BB,SB,SB,THREE_BET,K8o,0,0,0,NONE,0
100BB,SB,SB,THREE_BET,K7o,0,0,0,NONE,0
100BB,SB,SB,THREE_BET,K6o,0,0,0,NONE,0
100BB,SB,SB,THREE_BET,K5o,0,0,0,NONE,0
100BB,SB,SB,THREE_BET,K4o,0,0,0,NONE,0
100BB,SB,SB,THREE_BET,K3o,0,0,0,NONE,0
100BB,SB,SB,THREE_BET,K2o,0,0,0,NONE,0
100BB,SB,SB,THREE_BET,QJo,0,0,0,NONE,0
100BB,SB,SB,THREE_BET,QTo,0,0,0,NONE,0
100BB,SB,SB,THREE_BET,Q9o,0,0,0,NONE,0
100BB,SB,SB,THREE_BET,Q8o,0,0,0,NONE,0
100BB,SB,SB,THREE_BET,Q7o,0,0,0,NONE,0
100BB,SB,SB,THREE_BET,Q6o,0,0,0,NONE,0
100BB,SB,SB,THREE_BET,Q5o,0,0,0,NONE,0
100BB,SB,SB,THREE_BET,Q4o,0,0,0,NONE,0
100BB,SB,SB,THREE_BET,Q3o,0,0,0,NONE,0
100BB,SB,SB,THREE_BET,Q2o,0,0,0,NONE,0
100BB,SB,SB,THREE_BET,JTo,0,0,0,NONE,0
100BB,SB,SB,THREE_BET,J9o,0,0,0,NONE,0
100BB,SB,SB,THREE_BET,J8o,0,0,0,NONE,0
100BB,SB,SB,THREE_BET,J7o,0,0,0,NONE,0
100BB,SB,SB,THREE_BET,J6o,0,0,0,NONE,0
100BB,SB,SB,THREE_BET,J5o,0,0,0,NONE,0
100BB,SB,SB,THREE_BET,J4o,0,0,0,NONE,0
100BB,SB,SB,THREE_BET,J3o,0,0,0,NONE,0
100BB,SB,SB,THREE_BET,J2o,0,0,0,NONE,0
100BB,SB,SB,THREE_BET,T9o,0,0,0,NONE,0
100BB,SB,SB,THREE_BET,T8o,0,0,0,NONE,0
100BB,SB,SB,THREE_BET,T7o,0,0,0,NONE,0
100BB,SB,SB,THREE_BET,T6o,0,0,0,NONE,0
100BB,SB,SB,THREE_BET,T5o,0,0,0,NONE,0
100BB,SB,SB,THREE_BET,T4o,0,0,0,NONE,0
100BB,SB,SB,THREE_BET,T3o,0,0,0,NONE,0
100BB,SB,SB,THREE_BET,T2o,0,0,0,NONE,0
100BB,SB,SB,THREE_BET,98o,0,0,0,NONE,0
100BB,SB,SB,THREE_BET,97o,0,0,0,NONE,0
100BB,SB,SB,THREE_BET,96o,0,0,0,NONE,0
100BB,SB,SB,THREE_BET,95o,0,0,0,NONE,0
100BB,SB,SB,THREE_BET,94o,0,0,0,NONE,0
100BB,SB,SB,THREE_BET,93o,0,0,0,NONE,0
100BB,SB,SB,THREE_BET,92o,0,0,0,NONE,0
100BB,SB,SB,THREE_BET,87o,0,0,0,NONE,0
100BB,SB,SB,THREE_BET,86o,0,0,0,NONE,0
100BB,SB,SB,THREE_BET,85o,0,0,0,NONE,0
100BB,SB,SB,THREE_BET,84o,0,0,0,NONE,0
100BB,SB,SB,THREE_BET,83o,0,0,0,NONE,0
100BB,SB,SB,THREE_BET,82o,0,0,0,NONE,0
100BB,SB,SB,THREE_BET,76o,0,0,0,NONE,0
100BB,SB,SB,THREE_BET,75o,0,0,0,NONE,0
100BB,SB,SB,THREE_BET,74o,0,0,0,NONE,0
100BB,SB,SB,THREE_BET,73o,0,0,0,NONE,0
100BB,SB,SB,THREE_BET,72o,0,0,0,NONE,0
100BB,SB,SB,THREE_BET,65o,0,0,0,NONE,0
100BB,SB,SB,THREE_BET,64o,0,0,0,NONE,0
100BB,SB,SB,THREE_BET,63o,0,0,0,NONE,0
100BB,SB,SB,THREE_BET,62o,0,0,0,NONE,0
100BB,SB,SB,THREE_BET,54o,0,0,0,NONE,0
100BB,SB,SB,THREE_BET,53o,0,0,0,NONE,0
100BB,SB,SB,THREE_BET,52o,0,0,0,NONE,0
100BB,SB,SB,THREE_BET,43o,0,0,0,NONE,0
100BB,SB,SB,THREE_BET,42o,0,0,0,NONE,0
100BB,SB,SB,THREE_BET,32o,0,0,0,NONE,0
100BB,SB,BB,UNOPENED,AA,0,0,0,NONE,0
100BB,SB,BB,UNOPENED,KK,0,0,0,NONE,0
100BB,SB,BB,UNOPENED,QQ,0,0,0,NONE,0
100BB,SB,BB,UNOPENED,JJ,0,0,0,NONE,0
100BB,SB,BB,UNOPENED,TT,0,0,0,NONE,0
100BB,SB,BB,UNOPENED,99,0,0,0,NONE,0
100BB,SB,BB,UNOPENED,88,0,0,0,NONE,0
100BB,SB,BB,UNOPENED,77,0,0,0,NONE,0
100BB,SB,BB,UNOPENED,66,0,0,0,NONE,0
100BB,SB,BB,UNOPENED,55,0,0,0,NONE,0
100BB,SB,BB,UNOPENED,44,0,0,0,NONE,0
100BB,SB,BB,UNOPENED,33,0,0,0,NONE,0
100BB,SB,BB,UNOPENED,22,0,0,0,NONE,0
100BB,SB,BB,UNOPENED,AKs,0,0,0,NONE,0
100BB,SB,BB,UNOPENED,AQs,0,0,0,NONE,0
100BB,SB,BB,UNOPENED,AJs,0,0,0,NONE,0
100BB,SB,BB,UNOPENED,ATs,0,0,0,NONE,0
100BB,SB,BB,UNOPENED,A9s,0,0,0,NONE,0
100BB,SB,BB,UNOPENED,A8s,0,0,0,NONE,0
100BB,SB,BB,UNOPENED,A7s,0,0,0,NONE,0
100BB,SB,BB,UNOPENED,A6s,0,0,0,NONE,0
100BB,SB,BB,UNOPENED,A5s,0,0,0,NONE,0
100BB,SB,BB,UNOPENED,A4s,0,0,0,NONE,0
100BB,SB,BB,UNOPENED,A3s,0,0,0,NONE,0
100BB,SB,BB,UNOPENED,A2s,0,0,0,NONE,0
100BB,SB,BB,UNOPENED,KQs,0,0,0,NONE,0
100BB,SB,BB,UNOPENED,KJs,0,0,0,NONE,0
100BB,SB,BB,UNOPENED,KTs,0,0,0,NONE,0
100BB,SB,BB,UNOPENED,K9s,0,0,0,NONE,0
100BB,SB,BB,UNOPENED,K8s,0,0,0,NONE,0
100BB,SB,BB,UNOPENED,K7s,0,0,0,NONE,0
100BB,SB,BB,UNOPENED,K6s,0,0,0,NONE,0
100BB,SB,BB,UNOPENED,K5s,0,0,0,NONE,0
100BB,SB,BB,UNOPENED,K4s,0,0,0,NONE,0
100BB,SB,BB,UNOPENED,K3s,0,0,0,NONE,0
100BB,SB,BB,UNOPENED,K2s,0,0,0,NONE,0
100BB,SB,BB,UNOPENED,QJs,0,0,0,NONE,0
100BB,SB,BB,UNOPENED,QTs,0,0,0,NONE,0
100BB,SB,BB,UNOPENED,Q9s,0,0,0,NONE,0
100BB,SB,BB,UNOPENED,Q8s,0,0,0,NONE,0
100BB,SB,BB,UNOPENED,Q7s,0,0,0,NONE,0
100BB,SB,BB,UNOPENED,Q6s,0,0,0,NONE,0
100BB,SB,BB,UNOPENED,Q5s,0,0,0,NONE,0
100BB,SB,BB,UNOPENED,Q4s,0,0,0,NONE,0
100BB,SB,BB,UNOPENED,Q3s,0,0,0,NONE,0
100BB,SB,BB,UNOPENED,Q2s,0,0,0,NONE,0
100BB,SB,BB,UNOPENED,JTs,0,0,0,NONE,0
100BB,SB,BB,UNOPENED,J9s,0,0,0,NONE,0
100BB,SB,BB,UNOPENED,J8s,0,0,0,NONE,0
100BB,SB,BB,UNOPENED,J7s,0,0,0,NONE,0
100BB,SB,BB,UNOPENED,J6s,0,0,0,NONE,0
100BB,SB,BB,UNOPENED,J5s,0,0,0,NONE,0
100BB,SB,BB,UNOPENED,J4s,0,0,0,NONE,0
100BB,SB,BB,UNOPENED,J3s,0,0,0,NONE,0
100BB,SB,BB,UNOPENED,J2s,0,0,0,NONE,0
100BB,SB,BB,UNOPENED,T9s,0,0,0,NONE,0
100BB,SB,BB,UNOPENED,T8s,0,0,0,NONE,0
100BB,SB,BB,UNOPENED,T7s,0,0,0,NONE,0
100BB,SB,BB,UNOPENED,T6s,0,0,0,NONE,0
100BB,SB,BB,UNOPENED,T5s,0,0,0,NONE,0
100BB,SB,BB,UNOPENED,T4s,0,0,0,NONE,0
100BB,SB,BB,UNOPENED,T3s,0,0,0,NONE,0
100BB,SB,BB,UNOPENED,T2s,0,0,0,NONE,0
100BB,SB,BB,UNOPENED,98s,0,0,0,NONE,0
100BB,SB,BB,UNOPENED,97s,0,0,0,NONE,0
100BB,SB,BB,UNOPENED,96s,0,0,0,NONE,0
100BB,SB,BB,UNOPENED,95s,0,0,0,NONE,0
100BB,SB,BB,UNOPENED,94s,0,0,0,NONE,0
100BB,SB,BB,UNOPENED,93s,0,0,0,NONE,0
100BB,SB,BB,UNOPENED,92s,0,0,0,NONE,0
100BB,SB,BB,UNOPENED,87s,0,0,0,NONE,0
100BB,SB,BB,UNOPENED,86s,0,0,0,NONE,0
100BB,SB,BB,UNOPENED,85s,0,0,0,NONE,0
100BB,SB,BB,UNOPENED,84s,0,0,0,NONE,0
100BB,SB,BB,UNOPENED,83s,0,0,0,NONE,0
100BB,SB,BB,UNOPENED,82s,0,0,0,NONE,0
100BB,SB,BB,UNOPENED,76s,0,0,0,NONE,0
100BB,SB,BB,UNOPENED,75s,0,0,0,NONE,0
100BB,SB,BB,UNOPENED,74s,0,0,0,NONE,0
100BB,SB,BB,UNOPENED,73s,0,0,0,NONE,0
100BB,SB,BB,UNOPENED,72s,0,0,0,NONE,0
100BB,SB,BB,UNOPENED,65s,0,0,0,NONE,0
100BB,SB,BB,UNOPENED,64s,0,0,0,NONE,0
100BB,SB,BB,UNOPENED,63s,0,0,0,NONE,0
100BB,SB,BB,UNOPENED,62s,0,0,0,NONE,0
100BB,SB,BB,UNOPENED,54s,0,0,0,NONE,0
100BB,SB,BB,UNOPENED,53s,0,0,0,NONE,0
100BB,SB,BB,UNOPENED,52s,0,0,0,NONE,0
100BB,SB,BB,UNOPENED,43s,0,0,0,NONE,0
100BB,SB,BB,UNOPENED,42s,0,0,0,NONE,0
100BB,SB,BB,UNOPENED,32s,0,0,0,NONE,0
100BB,SB,BB,UNOPENED,AKo,0,0,0,NONE,0
100BB,SB,BB,UNOPENED,AQo,0,0,0,NONE,0
100BB,SB,BB,UNOPENED,AJo,0,0,0,NONE,0
100BB,SB,BB,UNOPENED,ATo,0,0,0,NONE,0
100BB,SB,BB,UNOPENED,A9o,0,0,0,NONE,0
100BB,SB,BB,UNOPENED,A8o,0,0,0,NONE,0
100BB,SB,BB,UNOPENED,A7o,0,0,0,NONE,0
100BB,SB,BB,UNOPENED,A6o,0,0,0,NONE,0
100BB,SB,BB,UNOPENED,A5o,0,0,0,NONE,0
100BB,SB,BB,UNOPENED,A4o,0,0,0,NONE,0
100BB,SB,BB,UNOPENED,A3o,0,0,0,NONE,0
100BB,SB,BB,UNOPENED,A2o,0,0,0,NONE,0
100BB,SB,BB,UNOPENED,KQo,0,0,0,NONE,0
100BB,SB,BB,UNOPENED,KJo,0,0,0,NONE,0
100BB,SB,BB,UNOPENED,KTo,0,0,0,NONE,0
100BB,SB,BB,UNOPENED,K9o,0,0,0,NONE,0
100BB,SB,BB,UNOPENED,K8o,0,0,0,NONE,0
100BB,SB,BB,UNOPENED,K7o,0,0,0,NONE,0
100BB,SB,BB,UNOPENED,K6o,0,0,0,NONE,0
100BB,SB,BB,UNOPENED,K5o,0,0,0,NONE,0
100BB,SB,BB,UNOPENED,K4o,0,0,0,NONE,0
100BB,SB,BB,UNOPENED,K3o,0,0,0,NONE,0
100BB,SB,BB,UNOPENED,K2o,0,0,0,NONE,0
100BB,SB,BB,UNOPENED,QJo,0,0,0,NONE,0
100BB,SB,BB,UNOPENED,QTo,0,0,0,NONE,0
100BB,SB,BB,UNOPENED,Q9o,0,0,0,NONE,0
100BB,SB,BB,UNOPENED,Q8o,0,0,0,NONE,0
100BB,SB,BB,UNOPENED,Q7o,0,0,0,NONE,0
100BB,SB,BB,UNOPENED,Q6o,0,0,0,NONE,0
100BB,SB,BB,UNOPENED,Q5o,0,0,0,NONE,0
100BB,SB,BB,UNOPENED,Q4o,0,0,0,NONE,0
100BB,SB,BB,UNOPENED,Q3o,0,0,0,NONE,0
100BB,SB,BB,UNOPENED,Q2o,0,0,0,NONE,0
100BB,SB,BB,UNOPENED,JTo,0,0,0,NONE,0
100BB,SB,BB,UNOPENED,J9o,0,0,0,NONE,0
100BB,SB,BB,UNOPENED,J8o,0,0,0,NONE,0
100BB,SB,BB,UNOPENED,J7o,0,0,0,NONE,0
100BB,SB,BB,UNOPENED,J6o,0,0,0,NONE,0
100BB,SB,BB,UNOPENED,J5o,0,0,0,NONE,0
100BB,SB,BB,UNOPENED,J4o,0,0,0,NONE,0
100BB,SB,BB,UNOPENED,J3o,0,0,0,NONE,0
100BB,SB,BB,UNOPENED,J2o,0,0,0,NONE,0
100BB,SB,BB,UNOPENED,T9o,0,0,0,NONE,0
100BB,SB,BB,UNOPENED,T8o,0,0,0,NONE,0
100BB,SB,BB,UNOPENED,T7o,0,0,0,NONE,0
100BB,SB,BB,UNOPENED,T6o,0,0,0,NONE,0
100BB,SB,BB,UNOPENED,T5o,0,0,0,NONE,0
100BB,SB,BB,UNOPENED,T4o,0,0,0,NONE,0
100BB,SB,BB,UNOPENED,T3o,0,0,0,NONE,0
100BB,SB,BB,UNOPENED,T2o,0,0,0,NONE,0
100BB,SB,BB,UNOPENED,98o,0,0,0,NONE,0
100BB,SB,BB,UNOPENED,97o,0,0,0,NONE,0
100BB,SB,BB,UNOPENED,96o,0,0,0,NONE,0
100BB,SB,BB,UNOPENED,95o,0,0,0,NONE,0
100BB,SB,BB,UNOPENED,94o,0,0,0,NONE,0
100BB,SB,BB,UNOPENED,93o,0,0,0,NONE,0
100BB,SB,BB,UNOPENED,92o,0,0,0,NONE,0
100BB,SB,BB,UNOPENED,87o,0,0,0,NONE,0
100BB,SB,BB,UNOPENED,86o,0,0,0,NONE,0
100BB,SB,BB,UNOPENED,85o,0,0,0,NONE,0
100BB,SB,BB,UNOPENED,84o,0,0,0,NONE,0
100BB,SB,BB,UNOPENED,83o,0,0,0,NONE,0
100BB,SB,BB,UNOPENED,82o,0,0,0,NONE,0
100BB,SB,BB,UNOPENED,76o,0,0,0,NONE,0
100BB,SB,BB,UNOPENED,75o,0,0,0,NONE,0
100BB,SB,BB,UNOPENED,74o,0,0,0,NONE,0
100BB,SB,BB,UNOPENED,73o,0,0,0,NONE,0
100BB,SB,BB,UNOPENED,72o,0,0,0,NONE,0
100BB,SB,BB,UNOPENED,65o,0,0,0,NONE,0
100BB,SB,BB,UNOPENED,64o,0,0,0,NONE,0
100BB,SB,BB,UNOPENED,63o,0,0,0,NONE,0
100BB,SB,BB,UNOPENED,62o,0,0,0,NONE,0
100BB,SB,BB,UNOPENED,54o,0,0,0,NONE,0
100BB,SB,BB,UNOPENED,53o,0,0,0,NONE,0
100BB,SB,BB,UNOPENED,52o,0,0,0,NONE,0
100BB,SB,BB,UNOPENED,43o,0,0,0,NONE,0
100BB,SB,BB,UNOPENED,42o,0,0,0,NONE,0
100BB,SB,BB,UNOPENED,32o,0,0,0,NONE,0
100BB,SB,BB,ONE_RAISE,AA,0,0,0,NONE,0
100BB,SB,BB,ONE_RAISE,KK,0,0,0,NONE,0
100BB,SB,BB,ONE_RAISE,QQ,0,0,0,NONE,0
100BB,SB,BB,ONE_RAISE,JJ,0,0,0,NONE,0
100BB,SB,BB,ONE_RAISE,TT,0,0,0,NONE,0
100BB,SB,BB,ONE_RAISE,99,0,0,0,NONE,0
100BB,SB,BB,ONE_RAISE,88,0,0,0,NONE,0
100BB,SB,BB,ONE_RAISE,77,0,0,0,NONE,0
100BB,SB,BB,ONE_RAISE,66,0,0,0,NONE,0
100BB,SB,BB,ONE_RAISE,55,0,0,0,NONE,0
100BB,SB,BB,ONE_RAISE,44,0,0,0,NONE,0
100BB,SB,BB,ONE_RAISE,33,0,0,0,NONE,0
100BB,SB,BB,ONE_RAISE,22,0,0,0,NONE,0
100BB,SB,BB,ONE_RAISE,AKs,0,0,0,NONE,0
100BB,SB,BB,ONE_RAISE,AQs,0,0,0,NONE,0
100BB,SB,BB,ONE_RAISE,AJs,0,0,0,NONE,0
100BB,SB,BB,ONE_RAISE,ATs,0,0,0,NONE,0
100BB,SB,BB,ONE_RAISE,A9s,0,0,0,NONE,0
100BB,SB,BB,ONE_RAISE,A8s,0,0,0,NONE,0
100BB,SB,BB,ONE_RAISE,A7s,0,0,0,NONE,0
100BB,SB,BB,ONE_RAISE,A6s,0,0,0,NONE,0
100BB,SB,BB,ONE_RAISE,A5s,0,0,0,NONE,0
100BB,SB,BB,ONE_RAISE,A4s,0,0,0,NONE,0
100BB,SB,BB,ONE_RAISE,A3s,0,0,0,NONE,0
100BB,SB,BB,ONE_RAISE,A2s,0,0,0,NONE,0
100BB,SB,BB,ONE_RAISE,KQs,0,0,0,NONE,0
100BB,SB,BB,ONE_RAISE,KJs,0,0,0,NONE,0
100BB,SB,BB,ONE_RAISE,KTs,0,0,0,NONE,0
100BB,SB,BB,ONE_RAISE,K9s,0,0,0,NONE,0
100BB,SB,BB,ONE_RAISE,K8s,0,0,0,NONE,0
100BB,SB,BB,ONE_RAISE,K7s,0,0,0,NONE,0
100BB,SB,BB,ONE_RAISE,K6s,0,0,0,NONE,0
100BB,SB,BB,ONE_RAISE,K5s,0,0,0,NONE,0
100BB,SB,BB,ONE_RAISE,K4s,0,0,0,NONE,0
100BB,SB,BB,ONE_RAISE,K3s,0,0,0,NONE,0
100BB,SB,BB,ONE_RAISE,K2s,0,0,0,NONE,0
100BB,SB,BB,ONE_RAISE,QJs,0,0,0,NONE,0
100BB,SB,BB,ONE_RAISE,QTs,0,0,0,NONE,0
100BB,SB,BB,ONE_RAISE,Q9s,0,0,0,NONE,0
100BB,SB,BB,ONE_RAISE,Q8s,0,0,0,NONE,0
100BB,SB,BB,ONE_RAISE,Q7s,0,0,0,NONE,0
100BB,SB,BB,ONE_RAISE,Q6s,0,0,0,NONE,0
100BB,SB,BB,ONE_RAISE,Q5s,0,0,0,NONE,0
100BB,SB,BB,ONE_RAISE,Q4s,0,0,0,NONE,0
100BB,SB,BB,ONE_RAISE,Q3s,0,0,0,NONE,0
100BB,SB,BB,ONE_RAISE,Q2s,0,0,0,NONE,0
100BB,SB,BB,ONE_RAISE,JTs,0,0,0,NONE,0
100BB,SB,BB,ONE_RAISE,J9s,0,0,0,NONE,0
100BB,SB,BB,ONE_RAISE,J8s,0,0,0,NONE,0
100BB,SB,BB,ONE_RAISE,J7s,0,0,0,NONE,0
100BB,SB,BB,ONE_RAISE,J6s,0,0,0,NONE,0
100BB,SB,BB,ONE_RAISE,J5s,0,0,0,NONE,0
100BB,SB,BB,ONE_RAISE,J4s,0,0,0,NONE,0
100BB,SB,BB,ONE_RAISE,J3s,0,0,0,NONE,0
100BB,SB,BB,ONE_RAISE,J2s,0,0,0,NONE,0
100BB,SB,BB,ONE_RAISE,T9s,0,0,0,NONE,0
100BB,SB,BB,ONE_RAISE,T8s,0,0,0,NONE,0
100BB,SB,BB,ONE_RAISE,T7s,0,0,0,NONE,0
100BB,SB,BB,ONE_RAISE,T6s,0,0,0,NONE,0
100BB,SB,BB,ONE_RAISE,T5s,0,0,0,NONE,0
100BB,SB,BB,ONE_RAISE,T4s,0,0,0,NONE,0
100BB,SB,BB,ONE_RAISE,T3s,0,0,0,NONE,0
100BB,SB,BB,ONE_RAISE,T2s,0,0,0,NONE,0
100BB,SB,BB,ONE_RAISE,98s,0,0,0,NONE,0
100BB,SB,BB,ONE_RAISE,97s,0,0,0,NONE,0
100BB,SB,BB,ONE_RAISE,96s,0,0,0,NONE,0
100BB,SB,BB,ONE_RAISE,95s,0,0,0,NONE,0
100BB,SB,BB,ONE_RAISE,94s,0,0,0,NONE,0
100BB,SB,BB,ONE_RAISE,93s,0,0,0,NONE,0
100BB,SB,BB,ONE_RAISE,92s,0,0,0,NONE,0
100BB,SB,BB,ONE_RAISE,87s,0,0,0,NONE,0
100BB,SB,BB,ONE_RAISE,86s,0,0,0,NONE,0
100BB,SB,BB,ONE_RAISE,85s,0,0,0,NONE,0
100BB,SB,BB,ONE_RAISE,84s,0,0,0,NONE,0
100BB,SB,BB,ONE_RAISE,83s,0,0,0,NONE,0
100BB,SB,BB,ONE_RAISE,82s,0,0,0,NONE,0
100BB,SB,BB,ONE_RAISE,76s,0,0,0,NONE,0
100BB,SB,BB,ONE_RAISE,75s,0,0,0,NONE,0
100BB,SB,BB,ONE_RAISE,74s,0,0,0,NONE,0
100BB,SB,BB,ONE_RAISE,73s,0,0,0,NONE,0
100BB,SB,BB,ONE_RAISE,72s,0,0,0,NONE,0
100BB,SB,BB,ONE_RAISE,65s,0,0,0,NONE,0
100BB,SB,BB,ONE_RAISE,64s,0,0,0,NONE,0
100BB,SB,BB,ONE_RAISE,63s,0,0,0,NONE,0
100BB,SB,BB,ONE_RAISE,62s,0,0,0,NONE,0
100BB,SB,BB,ONE_RAISE,54s,0,0,0,NONE,0
100BB,SB,BB,ONE_RAISE,53s,0,0,0,NONE,0
100BB,SB,BB,ONE_RAISE,52s,0,0,0,NONE,0
100BB,SB,BB,ONE_RAISE,43s,0,0,0,NONE,0
100BB,SB,BB,ONE_RAISE,42s,0,0,0,NONE,0
100BB,SB,BB,ONE_RAISE,32s,0,0,0,NONE,0
100BB,SB,BB,ONE_RAISE,AKo,0,0,0,NONE,0
100BB,SB,BB,ONE_RAISE,AQo,0,0,0,NONE,0
100BB,SB,BB,ONE_RAISE,AJo,0,0,0,NONE,0
100BB,SB,BB,ONE_RAISE,ATo,0,0,0,NONE,0
100BB,SB,BB,ONE_RAISE,A9o,0,0,0,NONE,0
100BB,SB,BB,ONE_RAISE,A8o,0,0,0,NONE,0
100BB,SB,BB,ONE_RAISE,A7o,0,0,0,NONE,0
100BB,SB,BB,ONE_RAISE,A6o,0,0,0,NONE,0
100BB,SB,BB,ONE_RAISE,A5o,0,0,0,NONE,0
100BB,SB,BB,ONE_RAISE,A4o,0,0,0,NONE,0
100BB,SB,BB,ONE_RAISE,A3o,0,0,0,NONE,0
100BB,SB,BB,ONE_RAISE,A2o,0,0,0,NONE,0
100BB,SB,BB,ONE_RAISE,KQo,0,0,0,NONE,0
100BB,SB,BB,ONE_RAISE,KJo,0,0,0,NONE,0
100BB,SB,BB,ONE_RAISE,KTo,0,0,0,NONE,0
100BB,SB,BB,ONE_RAISE,K9o,0,0,0,NONE,0
100BB,SB,BB,ONE_RAISE,K8o,0,0,0,NONE,0
100BB,SB,BB,ONE_RAISE,K7o,0,0,0,NONE,0
100BB,SB,BB,ONE_RAISE,K6o,0,0,0,NONE,0
100BB,SB,BB,ONE_RAISE,K5o,0,0,0,NONE,0
100BB,SB,BB,ONE_RAISE,K4o,0,0,0,NONE,0
100BB,SB,BB,ONE_RAISE,K3o,0,0,0,NONE,0
100BB,SB,BB,ONE_RAISE,K2o,0,0,0,NONE,0
100BB,SB,BB,ONE_RAISE,QJo,0,0,0,NONE,0
100BB,SB,BB,ONE_RAISE,QTo,0,0,0,NONE,0
100BB,SB,BB,ONE_RAISE,Q9o,0,0,0,NONE,0
100BB,SB,BB,ONE_RAISE,Q8o,0,0,0,NONE,0
100BB,SB,BB,ONE_RAISE,Q7o,0,0,0,NONE,0
100BB,SB,BB,ONE_RAISE,Q6o,0,0,0,NONE,0
100BB,SB,BB,ONE_RAISE,Q5o,0,0,0,NONE,0
100BB,SB,BB,ONE_RAISE,Q4o,0,0,0,NONE,0
100BB,SB,BB,ONE_RAISE,Q3o,0,0,0,NONE,0
100BB,SB,BB,ONE_RAISE,Q2o,0,0,0,NONE,0
100BB,SB,BB,ONE_RAISE,JTo,0,0,0,NONE,0
100BB,SB,BB,ONE_RAISE,J9o,0,0,0,NONE,0
100BB,SB,BB,ONE_RAISE,J8o,0,0,0,NONE,0
100BB,SB,BB,ONE_RAISE,J7o,0,0,0,NONE,0
100BB,SB,BB,ONE_RAISE,J6o,0,0,0,NONE,0
100BB,SB,BB,ONE_RAISE,J5o,0,0,0,NONE,0
100BB,SB,BB,ONE_RAISE,J4o,0,0,0,NONE,0
100BB,SB,BB,ONE_RAISE,J3o,0,0,0,NONE,0
100BB,SB,BB,ONE_RAISE,J2o,0,0,0,NONE,0
100BB,SB,BB,ONE_RAISE,T9o,0,0,0,NONE,0
100BB,SB,BB,ONE_RAISE,T8o,0,0,0,NONE,0
100BB,SB,BB,ONE_RAISE,T7o,0,0,0,NONE,0
100BB,SB,BB,ONE_RAISE,T6o,0,0,0,NONE,0
100BB,SB,BB,ONE_RAISE,T5o,0,0,0,NONE,0
100BB,SB,BB,ONE_RAISE,T4o,0,0,0,NONE,0
100BB,SB,BB,ONE_RAISE,T3o,0,0,0,NONE,0
100BB,SB,BB,ONE_RAISE,T2o,0,0,0,NONE,0
100BB,SB,BB,ONE_RAISE,98o,0,0,0,NONE,0
100BB,SB,BB,ONE_RAISE,97o,0,0,0,NONE,0
100BB,SB,BB,ONE_RAISE,96o,0,0,0,NONE,0
100BB,SB,BB,ONE_RAISE,95o,0,0,0,NONE,0
100BB,SB,BB,ONE_RAISE,94o,0,0,0,NONE,0
100BB,SB,BB,ONE_RAISE,93o,0,0,0,NONE,0
100BB,SB,BB,ONE_RAISE,92o,0,0,0,NONE,0
100BB,SB,BB,ONE_RAISE,87o,0,0,0,NONE,0
100BB,SB,BB,ONE_RAISE,86o,0,0,0,NONE,0
100BB,SB,BB,ONE_RAISE,85o,0,0,0,NONE,0
100BB,SB,BB,ONE_RAISE,84o,0,0,0,NONE,0
100BB,SB,BB,ONE_RAISE,83o,0,0,0,NONE,0
100BB,SB,BB,ONE_RAISE,82o,0,0,0,NONE,0
100BB,SB,BB,ONE_RAISE,76o,0,0,0,NONE,0
100BB,SB,BB,ONE_RAISE,75o,0,0,0,NONE,0
100BB,SB,BB,ONE_RAISE,74o,0,0,0,NONE,0
100BB,SB,BB,ONE_RAISE,73o,0,0,0,NONE,0
100BB,SB,BB,ONE_RAISE,72o,0,0,0,NONE,0
100BB,SB,BB,ONE_RAISE,65o,0,0,0,NONE,0
100BB,SB,BB,ONE_RAISE,64o,0,0,0,NONE,0
100BB,SB,BB,ONE_RAISE,63o,0,0,0,NONE,0
100BB,SB,BB,ONE_RAISE,62o,0,0,0,NONE,0
100BB,SB,BB,ONE_RAISE,54o,0,0,0,NONE,0
100BB,SB,BB,ONE_RAISE,53o,0,0,0,NONE,0
100BB,SB,BB,ONE_RAISE,52o,0,0,0,NONE,0
100BB,SB,BB,ONE_RAISE,43o,0,0,0,NONE,0
100BB,SB,BB,ONE_RAISE,42o,0,0,0,NONE,0
100BB,SB,BB,ONE_RAISE,32o,0,0,0,NONE,0
100BB,SB,BB,THREE_BET,AA,0,0,100,2.5,1
100BB,SB,BB,THREE_BET,KK,0,0,100,2.5,1
100BB,SB,BB,THREE_BET,QQ,0,0,100,2.5,1
100BB,SB,BB,THREE_BET,JJ,0,11,89,2.5,1
100BB,SB,BB,THREE_BET,TT,0,97,3,2.5,1
100BB,SB,BB,THREE_BET,99,0,100,0,NONE,1
100BB,SB,BB,THREE_BET,88,0,100,0,NONE,1
100BB,SB,BB,THREE_BET,77,0,100,0,NONE,1
100BB,SB,BB,THREE_BET,66,0,100,0,NONE,1
100BB,SB,BB,THREE_BET,55,0,100,0,NONE,1
100BB,SB,BB,THREE_BET,44,0,100,0,NONE,1
100BB,SB,BB,THREE_BET,33,0,100,0,NONE,1
100BB,SB,BB,THREE_BET,22,0,100,0,NONE,1
100BB,SB,BB,THREE_BET,AKs,0,0,100,2.5,1
100BB,SB,BB,THREE_BET,AQs,0,93,7,2.5,1
100BB,SB,BB,THREE_BET,AJs,0,100,0,NONE,1
100BB,SB,BB,THREE_BET,ATs,0,100,0,NONE,1
100BB,SB,BB,THREE_BET,A9s,0,100,0,NONE,1
100BB,SB,BB,THREE_BET,A8s,0,100,0,NONE,1
100BB,SB,BB,THREE_BET,A7s,0,100,0,NONE,1
100BB,SB,BB,THREE_BET,A6s,0,100,0,NONE,1
100BB,SB,BB,THREE_BET,A5s,0,100,0,NONE,1
100BB,SB,BB,THREE_BET,A4s,0,100,0,NONE,1
100BB,SB,BB,THREE_BET,A3s,0,100,0,NONE,1
100BB,SB,BB,THREE_BET,A2s,0,100,0,NONE,1
100BB,SB,BB,THREE_BET,KQs,0,100,0,NONE,1
100BB,SB,BB,THREE_BET,KJs,0,100,0,NONE,1
100BB,SB,BB,THREE_BET,KTs,0,100,0,NONE,1
100BB,SB,BB,THREE_BET,K9s,0,100,0,NONE,1
100BB,SB,BB,THREE_BET,K8s,0,100,0,NONE,1
100BB,SB,BB,THREE_BET,K7s,0,100,0,NONE,1
100BB,SB,BB,THREE_BET,K6s,0,6,94,NONE,1
100BB,SB,BB,THREE_BET,K5s,0,0,100,2.5,1
100BB,SB,BB,THREE_BET,K4s,0,0,100,2.5,1
100BB,SB,BB,THREE_BET,K3s,100,0,0,NONE,1
100BB,SB,BB,THREE_BET,K2s,100,0,0,NONE,1
100BB,SB,BB,THREE_BET,QJs,0,100,0,NONE,1
100BB,SB,BB,THREE_BET,QTs,0,100,0,NONE,1
100BB,SB,BB,THREE_BET,Q9s,0,100,0,NONE,1
100BB,SB,BB,THREE_BET,Q8s,0,100,0,NONE,1
100BB,SB,BB,THREE_BET,Q7s,0,100,0,NONE,1
100BB,SB,BB,THREE_BET,Q6s,100,0,0,NONE,1
100BB,SB,BB,THREE_BET,Q5s,100,0,0,NONE,1
100BB,SB,BB,THREE_BET,Q4s,100,0,0,NONE,1
100BB,SB,BB,THREE_BET,Q3s,100,0,0,NONE,1
100BB,SB,BB,THREE_BET,Q2s,100,0,0,NONE,1
100BB,SB,BB,THREE_BET,JTs,0,100,0,NONE,1
100BB,SB,BB,THREE_BET,J9s,0,100,0,NONE,1
100BB,SB,BB,THREE_BET,J8s,0,100,0,NONE,1
100BB,SB,BB,THREE_BET,J7s,100,0,0,NONE,1
100BB,SB,BB,THREE_BET,J6s,100,0,0,NONE,1
100BB,SB,BB,THREE_BET,J5s,100,0,0,NONE,1
100BB,SB,BB,THREE_BET,J4s,100,0,0,NONE,1
100BB,SB,BB,THREE_BET,J3s,100,0,0,NONE,1
100BB,SB,BB,THREE_BET,J2s,100,0,0,NONE,1
100BB,SB,BB,THREE_BET,T9s,0,100,0,NONE,1
100BB,SB,BB,THREE_BET,T8s,0,100,0,NONE,1
100BB,SB,BB,THREE_BET,T7s,100,0,0,NONE,1
100BB,SB,BB,THREE_BET,T6s,100,0,0,NONE,1
100BB,SB,BB,THREE_BET,T5s,100,0,0,NONE,1
100BB,SB,BB,THREE_BET,T4s,100,0,0,NONE,1
100BB,SB,BB,THREE_BET,T3s,100,0,0,NONE,1
100BB,SB,BB,THREE_BET,T2s,100,0,0,NONE,1
100BB,SB,BB,THREE_BET,98s,0,100,0,NONE,1
100BB,SB,BB,THREE_BET,97s,0,100,0,NONE,1
100BB,SB,BB,THREE_BET,96s,100,0,0,NONE,1
100BB,SB,BB,THREE_BET,95s,100,0,0,NONE,1
100BB,SB,BB,THREE_BET,94s,100,0,0,NONE,1
100BB,SB,BB,THREE_BET,93s,100,0,0,NONE,1
100BB,SB,BB,THREE_BET,92s,100,0,0,NONE,1
100BB,SB,BB,THREE_BET,87s,0,100,0,NONE,1
100BB,SB,BB,THREE_BET,86s,0,100,0,NONE,1
100BB,SB,BB,THREE_BET,85s,100,0,0,NONE,1
100BB,SB,BB,THREE_BET,84s,100,0,0,NONE,1
100BB,SB,BB,THREE_BET,83s,100,0,0,NONE,1
100BB,SB,BB,THREE_BET,82s,100,0,0,NONE,1
100BB,SB,BB,THREE_BET,76s,0,100,0,NONE,1
100BB,SB,BB,THREE_BET,75s,0,100,0,NONE,1
100BB,SB,BB,THREE_BET,74s,100,0,0,NONE,1
100BB,SB,BB,THREE_BET,73s,100,0,0,NONE,1
100BB,SB,BB,THREE_BET,72s,100,0,0,NONE,1
100BB,SB,BB,THREE_BET,65s,0,100,0,NONE,1
100BB,SB,BB,THREE_BET,64s,0,100,0,NONE,1
100BB,SB,BB,THREE_BET,63s,100,0,0,NONE,1
100BB,SB,BB,THREE_BET,62s,100,0,0,NONE,1
100BB,SB,BB,THREE_BET,54s,0,100,0,NONE,1
100BB,SB,BB,THREE_BET,53s,0,100,0,NONE,1
100BB,SB,BB,THREE_BET,52s,100,0,0,NONE,1
100BB,SB,BB,THREE_BET,43s,100,0,0,NONE,1
100BB,SB,BB,THREE_BET,42s,100,0,0,NONE,1
100BB,SB,BB,THREE_BET,32s,100,0,0,NONE,1
100BB,SB,BB,THREE_BET,AKo,0,0,100,2.5,1
100BB,SB,BB,THREE_BET,AQo,0,21,79,2.5,1
100BB,SB,BB,THREE_BET,AJo,0,1,99,2.5,1
100BB,SB,BB,THREE_BET,ATo,0,0,100,2.5,1
100BB,SB,BB,THREE_BET,A9o,93,0,7,2.5,1
100BB,SB,BB,THREE_BET,A8o,46,0,54,2.5,1
100BB,SB,BB,THREE_BET,A7o,96,0,4,2.5,1
100BB,SB,BB,THREE_BET,A6o,98,0,2,2.5,1
100BB,SB,BB,THREE_BET,A5o,0,0,100,2.5,1
100BB,SB,BB,THREE_BET,A4o,75,0,25,2.5,1
100BB,SB,BB,THREE_BET,A3o,99,0,1,NONE,1
100BB,SB,BB,THREE_BET,A2o,99,0,1,NONE,1
100BB,SB,BB,THREE_BET,KQo,0,91,9,2.5,1
100BB,SB,BB,THREE_BET,KJo,0,2,98,2.5,1
100BB,SB,BB,THREE_BET,KTo,0,0,100,2.5,1
100BB,SB,BB,THREE_BET,K9o,100,0,0,NONE,1
100BB,SB,BB,THREE_BET,K8o,100,0,0,NONE,1
100BB,SB,BB,THREE_BET,K7o,100,0,0,NONE,1
100BB,SB,BB,THREE_BET,K6o,100,0,0,NONE,1
100BB,SB,BB,THREE_BET,K5o,100,0,0,NONE,1
100BB,SB,BB,THREE_BET,K4o,100,0,0,NONE,1
100BB,SB,BB,THREE_BET,K3o,100,0,0,NONE,1
100BB,SB,BB,THREE_BET,K2o,100,0,0,NONE,1
100BB,SB,BB,THREE_BET,QJo,0,0,100,NONE,1
100BB,SB,BB,THREE_BET,QTo,100,0,0,NONE,1
100BB,SB,BB,THREE_BET,Q9o,100,0,0,NONE,1
100BB,SB,BB,THREE_BET,Q8o,100,0,0,NONE,1
100BB,SB,BB,THREE_BET,Q7o,100,0,0,NONE,1
100BB,SB,BB,THREE_BET,Q6o,100,0,0,NONE,1
100BB,SB,BB,THREE_BET,Q5o,100,0,0,NONE,1
100BB,SB,BB,THREE_BET,Q4o,100,0,0,NONE,1
100BB,SB,BB,THREE_BET,Q3o,100,0,0,NONE,1
100BB,SB,BB,THREE_BET,Q2o,100,0,0,NONE,1
100BB,SB,BB,THREE_BET,JTo,100,0,0,NONE,1
100BB,SB,BB,THREE_BET,J9o,100,0,0,NONE,1
100BB,SB,BB,THREE_BET,J8o,100,0,0,NONE,1
100BB,SB,BB,THREE_BET,J7o,100,0,0,NONE,1
100BB,SB,BB,THREE_BET,J6o,100,0,0,NONE,1
100BB,SB,BB,THREE_BET,J5o,100,0,0,NONE,1
100BB,SB,BB,THREE_BET,J4o,100,0,0,NONE,1
100BB,SB,BB,THREE_BET,J3o,100,0,0,NONE,1
100BB,SB,BB,THREE_BET,J2o,100,0,0,NONE,1
100BB,SB,BB,THREE_BET,T9o,100,0,0,NONE,1
100BB,SB,BB,THREE_BET,T8o,100,0,0,NONE,1
100BB,SB,BB,THREE_BET,T7o,100,0,0,NONE,1
100BB,SB,BB,THREE_BET,T6o,100,0,0,NONE,1
100BB,SB,BB,THREE_BET,T5o,100,0,0,NONE,1
100BB,SB,BB,THREE_BET,T4o,100,0,0,NONE,1
100BB,SB,BB,THREE_BET,T3o,100,0,0,NONE,1
100BB,SB,BB,THREE_BET,T2o,100,0,0,NONE,1
100BB,SB,BB,THREE_BET,98o,100,0,0,NONE,1
100BB,SB,BB,THREE_BET,97o,100,0,0,NONE,1
100BB,SB,BB,THREE_BET,96o,100,0,0,NONE,1
100BB,SB,BB,THREE_BET,95o,100,0,0,NONE,1
100BB,SB,BB,THREE_BET,94o,100,0,0,NONE,1
100BB,SB,BB,THREE_BET,93o,100,0,0,NONE,1
100BB,SB,BB,THREE_BET,92o,100,0,0,NONE,1
100BB,SB,BB,THREE_BET,87o,100,0,0,NONE,1
100BB,SB,BB,THREE_BET,86o,100,0,0,NONE,1
100BB,SB,BB,THREE_BET,85o,100,0,0,NONE,1
100BB,SB,BB,THREE_BET,84o,100,0,0,NONE,1
100BB,SB,BB,THREE_BET,83o,100,0,0,NONE,1
100BB,SB,BB,THREE_BET,82o,100,0,0,NONE,1
100BB,SB,BB,THREE_BET,76o,100,0,0,NONE,1
100BB,SB,BB,THREE_BET,75o,100,0,0,NONE,1
100BB,SB,BB,THREE_BET,74o,100,0,0,NONE,1
100BB,SB,BB,THREE_BET,73o,100,0,0,NONE,1
100BB,SB,BB,THREE_BET,72o,100,0,0,NONE,1
100BB,SB,BB,THREE_BET,65o,100,0,0,NONE,1
100BB,SB,BB,THREE_BET,64o,100,0,0,NONE,1
100BB,SB,BB,THREE_BET,63o,100,0,0,NONE,1
100BB,SB,BB,THREE_BET,62o,100,0,0,NONE,1
100BB,SB,BB,THREE_BET,54o,100,0,0,NONE,1
100BB,SB,BB,THREE_BET,53o,100,0,0,NONE,1
100BB,SB,BB,THREE_BET,52o,100,0,0,NONE,1
100BB,SB,BB,THREE_BET,43o,100,0,0,NONE,1
100BB,SB,BB,THREE_BET,42o,100,0,0,NONE,1
100BB,SB,BB,THREE_BET,32o,100,0,0,NONE,1
100BB,BB,UTG,UNOPENED,AA,0,0,0,NONE,0
100BB,BB,UTG,UNOPENED,KK,0,0,0,NONE,0
100BB,BB,UTG,UNOPENED,QQ,0,0,0,NONE,0
100BB,BB,UTG,UNOPENED,JJ,0,0,0,NONE,0
100BB,BB,UTG,UNOPENED,TT,0,0,0,NONE,0
100BB,BB,UTG,UNOPENED,99,0,0,0,NONE,0
100BB,BB,UTG,UNOPENED,88,0,0,0,NONE,0
100BB,BB,UTG,UNOPENED,77,0,0,0,NONE,0
100BB,BB,UTG,UNOPENED,66,0,0,0,NONE,0
100BB,BB,UTG,UNOPENED,55,0,0,0,NONE,0
100BB,BB,UTG,UNOPENED,44,0,0,0,NONE,0
100BB,BB,UTG,UNOPENED,33,0,0,0,NONE,0
100BB,BB,UTG,UNOPENED,22,0,0,0,NONE,0
100BB,BB,UTG,UNOPENED,AKs,0,0,0,NONE,0
100BB,BB,UTG,UNOPENED,AQs,0,0,0,NONE,0
100BB,BB,UTG,UNOPENED,AJs,0,0,0,NONE,0
100BB,BB,UTG,UNOPENED,ATs,0,0,0,NONE,0
100BB,BB,UTG,UNOPENED,A9s,0,0,0,NONE,0
100BB,BB,UTG,UNOPENED,A8s,0,0,0,NONE,0
100BB,BB,UTG,UNOPENED,A7s,0,0,0,NONE,0
100BB,BB,UTG,UNOPENED,A6s,0,0,0,NONE,0
100BB,BB,UTG,UNOPENED,A5s,0,0,0,NONE,0
100BB,BB,UTG,UNOPENED,A4s,0,0,0,NONE,0
100BB,BB,UTG,UNOPENED,A3s,0,0,0,NONE,0
100BB,BB,UTG,UNOPENED,A2s,0,0,0,NONE,0
100BB,BB,UTG,UNOPENED,KQs,0,0,0,NONE,0
100BB,BB,UTG,UNOPENED,KJs,0,0,0,NONE,0
100BB,BB,UTG,UNOPENED,KTs,0,0,0,NONE,0
100BB,BB,UTG,UNOPENED,K9s,0,0,0,NONE,0
100BB,BB,UTG,UNOPENED,K8s,0,0,0,NONE,0
100BB,BB,UTG,UNOPENED,K7s,0,0,0,NONE,0
100BB,BB,UTG,UNOPENED,K6s,0,0,0,NONE,0
100BB,BB,UTG,UNOPENED,K5s,0,0,0,NONE,0
100BB,BB,UTG,UNOPENED,K4s,0,0,0,NONE,0
100BB,BB,UTG,UNOPENED,K3s,0,0,0,NONE,0
100BB,BB,UTG,UNOPENED,K2s,0,0,0,NONE,0
100BB,BB,UTG,UNOPENED,QJs,0,0,0,NONE,0
100BB,BB,UTG,UNOPENED,QTs,0,0,0,NONE,0
100BB,BB,UTG,UNOPENED,Q9s,0,0,0,NONE,0
100BB,BB,UTG,UNOPENED,Q8s,0,0,0,NONE,0
100BB,BB,UTG,UNOPENED,Q7s,0,0,0,NONE,0
100BB,BB,UTG,UNOPENED,Q6s,0,0,0,NONE,0
100BB,BB,UTG,UNOPENED,Q5s,0,0,0,NONE,0
100BB,BB,UTG,UNOPENED,Q4s,0,0,0,NONE,0
100BB,BB,UTG,UNOPENED,Q3s,0,0,0,NONE,0
100BB,BB,UTG,UNOPENED,Q2s,0,0,0,NONE,0
100BB,BB,UTG,UNOPENED,JTs,0,0,0,NONE,0
100BB,BB,UTG,UNOPENED,J9s,0,0,0,NONE,0
100BB,BB,UTG,UNOPENED,J8s,0,0,0,NONE,0
100BB,BB,UTG,UNOPENED,J7s,0,0,0,NONE,0
100BB,BB,UTG,UNOPENED,J6s,0,0,0,NONE,0
100BB,BB,UTG,UNOPENED,J5s,0,0,0,NONE,0
100BB,BB,UTG,UNOPENED,J4s,0,0,0,NONE,0
100BB,BB,UTG,UNOPENED,J3s,0,0,0,NONE,0
100BB,BB,UTG,UNOPENED,J2s,0,0,0,NONE,0
100BB,BB,UTG,UNOPENED,T9s,0,0,0,NONE,0
100BB,BB,UTG,UNOPENED,T8s,0,0,0,NONE,0
100BB,BB,UTG,UNOPENED,T7s,0,0,0,NONE,0
100BB,BB,UTG,UNOPENED,T6s,0,0,0,NONE,0
100BB,BB,UTG,UNOPENED,T5s,0,0,0,NONE,0
100BB,BB,UTG,UNOPENED,T4s,0,0,0,NONE,0
100BB,BB,UTG,UNOPENED,T3s,0,0,0,NONE,0
100BB,BB,UTG,UNOPENED,T2s,0,0,0,NONE,0
100BB,BB,UTG,UNOPENED,98s,0,0,0,NONE,0
100BB,BB,UTG,UNOPENED,97s,0,0,0,NONE,0
100BB,BB,UTG,UNOPENED,96s,0,0,0,NONE,0
100BB,BB,UTG,UNOPENED,95s,0,0,0,NONE,0
100BB,BB,UTG,UNOPENED,94s,0,0,0,NONE,0
100BB,BB,UTG,UNOPENED,93s,0,0,0,NONE,0
100BB,BB,UTG,UNOPENED,92s,0,0,0,NONE,0
100BB,BB,UTG,UNOPENED,87s,0,0,0,NONE,0
100BB,BB,UTG,UNOPENED,86s,0,0,0,NONE,0
100BB,BB,UTG,UNOPENED,85s,0,0,0,NONE,0
100BB,BB,UTG,UNOPENED,84s,0,0,0,NONE,0
100BB,BB,UTG,UNOPENED,83s,0,0,0,NONE,0
100BB,BB,UTG,UNOPENED,82s,0,0,0,NONE,0
100BB,BB,UTG,UNOPENED,76s,0,0,0,NONE,0
100BB,BB,UTG,UNOPENED,75s,0,0,0,NONE,0
100BB,BB,UTG,UNOPENED,74s,0,0,0,NONE,0
100BB,BB,UTG,UNOPENED,73s,0,0,0,NONE,0
100BB,BB,UTG,UNOPENED,72s,0,0,0,NONE,0
100BB,BB,UTG,UNOPENED,65s,0,0,0,NONE,0
100BB,BB,UTG,UNOPENED,64s,0,0,0,NONE,0
100BB,BB,UTG,UNOPENED,63s,0,0,0,NONE,0
100BB,BB,UTG,UNOPENED,62s,0,0,0,NONE,0
100BB,BB,UTG,UNOPENED,54s,0,0,0,NONE,0
100BB,BB,UTG,UNOPENED,53s,0,0,0,NONE,0
100BB,BB,UTG,UNOPENED,52s,0,0,0,NONE,0
100BB,BB,UTG,UNOPENED,43s,0,0,0,NONE,0
100BB,BB,UTG,UNOPENED,42s,0,0,0,NONE,0
100BB,BB,UTG,UNOPENED,32s,0,0,0,NONE,0
100BB,BB,UTG,UNOPENED,AKo,0,0,0,NONE,0
100BB,BB,UTG,UNOPENED,AQo,0,0,0,NONE,0
100BB,BB,UTG,UNOPENED,AJo,0,0,0,NONE,0
100BB,BB,UTG,UNOPENED,ATo,0,0,0,NONE,0
100BB,BB,UTG,UNOPENED,A9o,0,0,0,NONE,0
100BB,BB,UTG,UNOPENED,A8o,0,0,0,NONE,0
100BB,BB,UTG,UNOPENED,A7o,0,0,0,NONE,0
100BB,BB,UTG,UNOPENED,A6o,0,0,0,NONE,0
100BB,BB,UTG,UNOPENED,A5o,0,0,0,NONE,0
100BB,BB,UTG,UNOPENED,A4o,0,0,0,NONE,0
100BB,BB,UTG,UNOPENED,A3o,0,0,0,NONE,0
100BB,BB,UTG,UNOPENED,A2o,0,0,0,NONE,0
100BB,BB,UTG,UNOPENED,KQo,0,0,0,NONE,0
100BB,BB,UTG,UNOPENED,KJo,0,0,0,NONE,0
100BB,BB,UTG,UNOPENED,KTo,0,0,0,NONE,0
100BB,BB,UTG,UNOPENED,K9o,0,0,0,NONE,0
100BB,BB,UTG,UNOPENED,K8o,0,0,0,NONE,0
100BB,BB,UTG,UNOPENED,K7o,0,0,0,NONE,0
100BB,BB,UTG,UNOPENED,K6o,0,0,0,NONE,0
100BB,BB,UTG,UNOPENED,K5o,0,0,0,NONE,0
100BB,BB,UTG,UNOPENED,K4o,0,0,0,NONE,0
100BB,BB,UTG,UNOPENED,K3o,0,0,0,NONE,0
100BB,BB,UTG,UNOPENED,K2o,0,0,0,NONE,0
100BB,BB,UTG,UNOPENED,QJo,0,0,0,NONE,0
100BB,BB,UTG,UNOPENED,QTo,0,0,0,NONE,0
100BB,BB,UTG,UNOPENED,Q9o,0,0,0,NONE,0
100BB,BB,UTG,UNOPENED,Q8o,0,0,0,NONE,0
100BB,BB,UTG,UNOPENED,Q7o,0,0,0,NONE,0
100BB,BB,UTG,UNOPENED,Q6o,0,0,0,NONE,0
100BB,BB,UTG,UNOPENED,Q5o,0,0,0,NONE,0
100BB,BB,UTG,UNOPENED,Q4o,0,0,0,NONE,0
100BB,BB,UTG,UNOPENED,Q3o,0,0,0,NONE,0
100BB,BB,UTG,UNOPENED,Q2o,0,0,0,NONE,0
100BB,BB,UTG,UNOPENED,JTo,0,0,0,NONE,0
100BB,BB,UTG,UNOPENED,J9o,0,0,0,NONE,0
100BB,BB,UTG,UNOPENED,J8o,0,0,0,NONE,0
100BB,BB,UTG,UNOPENED,J7o,0,0,0,NONE,0
100BB,BB,UTG,UNOPENED,J6o,0,0,0,NONE,0
100BB,BB,UTG,UNOPENED,J5o,0,0,0,NONE,0
100BB,BB,UTG,UNOPENED,J4o,0,0,0,NONE,0
100BB,BB,UTG,UNOPENED,J3o,0,0,0,NONE,0
100BB,BB,UTG,UNOPENED,J2o,0,0,0,NONE,0
100BB,BB,UTG,UNOPENED,T9o,0,0,0,NONE,0
100BB,BB,UTG,UNOPENED,T8o,0,0,0,NONE,0
100BB,BB,UTG,UNOPENED,T7o,0,0,0,NONE,0
100BB,BB,UTG,UNOPENED,T6o,0,0,0,NONE,0
100BB,BB,UTG,UNOPENED,T5o,0,0,0,NONE,0
100BB,BB,UTG,UNOPENED,T4o,0,0,0,NONE,0
100BB,BB,UTG,UNOPENED,T3o,0,0,0,NONE,0
100BB,BB,UTG,UNOPENED,T2o,0,0,0,NONE,0
100BB,BB,UTG,UNOPENED,98o,0,0,0,NONE,0
100BB,BB,UTG,UNOPENED,97o,0,0,0,NONE,0
100BB,BB,UTG,UNOPENED,96o,0,0,0,NONE,0
100BB,BB,UTG,UNOPENED,95o,0,0,0,NONE,0
100BB,BB,UTG,UNOPENED,94o,0,0,0,NONE,0
100BB,BB,UTG,UNOPENED,93o,0,0,0,NONE,0
100BB,BB,UTG,UNOPENED,92o,0,0,0,NONE,0
100BB,BB,UTG,UNOPENED,87o,0,0,0,NONE,0
100BB,BB,UTG,UNOPENED,86o,0,0,0,NONE,0
100BB,BB,UTG,UNOPENED,85o,0,0,0,NONE,0
100BB,BB,UTG,UNOPENED,84o,0,0,0,NONE,0
100BB,BB,UTG,UNOPENED,83o,0,0,0,NONE,0
100BB,BB,UTG,UNOPENED,82o,0,0,0,NONE,0
100BB,BB,UTG,UNOPENED,76o,0,0,0,NONE,0
100BB,BB,UTG,UNOPENED,75o,0,0,0,NONE,0
100BB,BB,UTG,UNOPENED,74o,0,0,0,NONE,0
100BB,BB,UTG,UNOPENED,73o,0,0,0,NONE,0
100BB,BB,UTG,UNOPENED,72o,0,0,0,NONE,0
100BB,BB,UTG,UNOPENED,65o,0,0,0,NONE,0
100BB,BB,UTG,UNOPENED,64o,0,0,0,NONE,0
100BB,BB,UTG,UNOPENED,63o,0,0,0,NONE,0
100BB,BB,UTG,UNOPENED,62o,0,0,0,NONE,0
100BB,BB,UTG,UNOPENED,54o,0,0,0,NONE,0
100BB,BB,UTG,UNOPENED,53o,0,0,0,NONE,0
100BB,BB,UTG,UNOPENED,52o,0,0,0,NONE,0
100BB,BB,UTG,UNOPENED,43o,0,0,0,NONE,0
100BB,BB,UTG,UNOPENED,42o,0,0,0,NONE,0
100BB,BB,UTG,UNOPENED,32o,0,0,0,NONE,0
100BB,BB,UTG,ONE_RAISE,AA,0,0,100,5,1
100BB,BB,UTG,ONE_RAISE,KK,0,0,100,5,1
100BB,BB,UTG,ONE_RAISE,QQ,0,5,95,5,1
100BB,BB,UTG,ONE_RAISE,JJ,0,76,24,5,1
100BB,BB,UTG,ONE_RAISE,TT,0,82,18,5,1
100BB,BB,UTG,ONE_RAISE,99,0,98,2,5,1
100BB,BB,UTG,ONE_RAISE,88,0,100,0,NONE,1
100BB,BB,UTG,ONE_RAISE,77,0,100,0,NONE,1
100BB,BB,UTG,ONE_RAISE,66,0,100,0,NONE,1
100BB,BB,UTG,ONE_RAISE,55,0,100,0,NONE,1
100BB,BB,UTG,ONE_RAISE,44,0,100,0,NONE,1
100BB,BB,UTG,ONE_RAISE,33,0,100,0,NONE,1
100BB,BB,UTG,ONE_RAISE,22,0,100,0,NONE,1
100BB,BB,UTG,ONE_RAISE,AKs,0,0,100,5,1
100BB,BB,UTG,ONE_RAISE,AQs,0,81,19,5,1
100BB,BB,UTG,ONE_RAISE,AJs,0,100,0,NONE,1
100BB,BB,UTG,ONE_RAISE,ATs,0,91,9,5,1
100BB,BB,UTG,ONE_RAISE,A9s,0,81,19,5,1
100BB,BB,UTG,ONE_RAISE,A8s,0,100,0,NONE,1
100BB,BB,UTG,ONE_RAISE,A7s,0,94,7,5,1
100BB,BB,UTG,ONE_RAISE,A6s,0,100,0,NONE,1
100BB,BB,UTG,ONE_RAISE,A5s,0,66,34,5,1
100BB,BB,UTG,ONE_RAISE,A4s,0,99,1,5,1
100BB,BB,UTG,ONE_RAISE,A3s,0,100,0,NONE,1
100BB,BB,UTG,ONE_RAISE,A2s,0,100,0,NONE,1
100BB,BB,UTG,ONE_RAISE,KQs,0,78,22,5,1
100BB,BB,UTG,ONE_RAISE,KJs,0,86,14,5,1
100BB,BB,UTG,ONE_RAISE,KTs,0,48,52,5,1
100BB,BB,UTG,ONE_RAISE,K9s,0,100,0,NONE,1
100BB,BB,UTG,ONE_RAISE,K8s,0,100,0,NONE,1
100BB,BB,UTG,ONE_RAISE,K7s,0,98,2,5,1
100BB,BB,UTG,ONE_RAISE,K6s,0,86,14,5,1
100BB,BB,UTG,ONE_RAISE,K5s,0,88,12,5,1
100BB,BB,UTG,ONE_RAISE,K4s,0,100,0,NONE,1
100BB,BB,UTG,ONE_RAISE,K3s,0,100,0,NONE,1
100BB,BB,UTG,ONE_RAISE,K2s,0,100,0,NONE,1
100BB,BB,UTG,ONE_RAISE,QJs,0,26,74,5,1
100BB,BB,UTG,ONE_RAISE,QTs,0,58,42,5,1
100BB,BB,UTG,ONE_RAISE,Q9s,0,49,51,5,1
100BB,BB,UTG,ONE_RAISE,Q8s,0,73,27,5,1
100BB,BB,UTG,ONE_RAISE,Q7s,0,100,0,NONE,1
100BB,BB,UTG,ONE_RAISE,Q6s,0,100,0,NONE,1
100BB,BB,UTG,ONE_RAISE,Q5s,0,100,0,NONE,1
100BB,BB,UTG,ONE_RAISE,Q4s,0,100,0,NONE,1
100BB,BB,UTG,ONE_RAISE,Q3s,0,100,0,NONE,1
100BB,BB,UTG,ONE_RAISE,Q2s,0,100,0,NONE,1
100BB,BB,UTG,ONE_RAISE,JTs,0,40,60,5,1
100BB,BB,UTG,ONE_RAISE,J9s,0,64,36,5,1
100BB,BB,UTG,ONE_RAISE,J8s,0,73,27,5,1
100BB,BB,UTG,ONE_RAISE,J7s,0,100,0,NONE,1
100BB,BB,UTG,ONE_RAISE,J6s,0,100,0,NONE,1
100BB,BB,UTG,ONE_RAISE,J5s,0,100,0,NONE,1
100BB,BB,UTG,ONE_RAISE,J4s,0,100,0,NONE,1
100BB,BB,UTG,ONE_RAISE,J3s,0,100,0,NONE,1
100BB,BB,UTG,ONE_RAISE,J2s,0,100,0,NONE,1
100BB,BB,UTG,ONE_RAISE,T9s,0,31,69,5,1
100BB,BB,UTG,ONE_RAISE,T8s,0,85,15,5,1
100BB,BB,UTG,ONE_RAISE,T7s,0,98,2,5,1
100BB,BB,UTG,ONE_RAISE,T6s,0,100,0,NONE,1
100BB,BB,UTG,ONE_RAISE,T5s,0,100,0,NONE,1
100BB,BB,UTG,ONE_RAISE,T4s,0,100,0,NONE,1
100BB,BB,UTG,ONE_RAISE,T3s,0,100,0,NONE,1
100BB,BB,UTG,ONE_RAISE,T2s,0,100,0,NONE,1
100BB,BB,UTG,ONE_RAISE,98s,0,100,0,NONE,1
100BB,BB,UTG,ONE_RAISE,97s,0,92,8,5,1
100BB,BB,UTG,ONE_RAISE,96s,0,100,0,NONE,1
100BB,BB,UTG,ONE_RAISE,95s,0,100,0,NONE,1
100BB,BB,UTG,ONE_RAISE,94s,0,100,0,NONE,1
100BB,BB,UTG,ONE_RAISE,93s,0,100,0,NONE,1
100BB,BB,UTG,ONE_RAISE,92s,0,100,0,NONE,1
100BB,BB,UTG,ONE_RAISE,87s,0,29,71,5,1
100BB,BB,UTG,ONE_RAISE,86s,0,100,0,NONE,1
100BB,BB,UTG,ONE_RAISE,85s,0,100,0,NONE,1
100BB,BB,UTG,ONE_RAISE,84s,0,100,0,NONE,1
100BB,BB,UTG,ONE_RAISE,83s,0,100,0,NONE,1
100BB,BB,UTG,ONE_RAISE,82s,0,100,0,NONE,1
100BB,BB,UTG,ONE_RAISE,76s,0,37,63,5,1
100BB,BB,UTG,ONE_RAISE,75s,0,100,0,NONE,1
100BB,BB,UTG,ONE_RAISE,74s,0,100,0,NONE,1
100BB,BB,UTG,ONE_RAISE,73s,0,100,0,NONE,1
100BB,BB,UTG,ONE_RAISE,72s,0,100,0,NONE,1
100BB,BB,UTG,ONE_RAISE,65s,0,48,52,5,1
100BB,BB,UTG,ONE_RAISE,64s,0,100,0,NONE,1
100BB,BB,UTG,ONE_RAISE,63s,0,100,0,NONE,1
100BB,BB,UTG,ONE_RAISE,62s,0,100,0,NONE,1
100BB,BB,UTG,ONE_RAISE,54s,0,46,54,5,1
100BB,BB,UTG,ONE_RAISE,53s,0,100,0,NONE,1
100BB,BB,UTG,ONE_RAISE,52s,0,100,0,NONE,1
100BB,BB,UTG,ONE_RAISE,43s,0,100,0,NONE,1
100BB,BB,UTG,ONE_RAISE,42s,0,100,0,NONE,1
100BB,BB,UTG,ONE_RAISE,32s,0,100,0,NONE,1
100BB,BB,UTG,ONE_RAISE,AKo,0,25,75,5,1
100BB,BB,UTG,ONE_RAISE,AQo,0,96,4,5,1
100BB,BB,UTG,ONE_RAISE,AJo,0,94,6,5,1
100BB,BB,UTG,ONE_RAISE,ATo,0,70,30,5,1
100BB,BB,UTG,ONE_RAISE,A9o,0,100,0,NONE,1
100BB,BB,UTG,ONE_RAISE,A8o,0,100,0,NONE,1
100BB,BB,UTG,ONE_RAISE,A7o,0,100,0,NONE,1
100BB,BB,UTG,ONE_RAISE,A6o,0,100,0,NONE,1
100BB,BB,UTG,ONE_RAISE,A5o,0,70,30,5,1
100BB,BB,UTG,ONE_RAISE,A4o,0,88,12,5,1
100BB,BB,UTG,ONE_RAISE,A3o,0,100,0,NONE,1
100BB,BB,UTG,ONE_RAISE,A2o,0,100,0,NONE,1
100BB,BB,UTG,ONE_RAISE,KQo,0,91,9,5,1
100BB,BB,UTG,ONE_RAISE,KJo,0,93,7,5,1
100BB,BB,UTG,ONE_RAISE,KTo,0,97,3,5,1
100BB,BB,UTG,ONE_RAISE,K9o,0,100,0,NONE,1
100BB,BB,UTG,ONE_RAISE,K8o,0,100,0,NONE,1
100BB,BB,UTG,ONE_RAISE,K7o,0,100,0,NONE,1
100BB,BB,UTG,ONE_RAISE,K6o,0,100,0,NONE,1
100BB,BB,UTG,ONE_RAISE,K5o,0,100,0,NONE,1
100BB,BB,UTG,ONE_RAISE,K4o,13,87,0,NONE,1
100BB,BB,UTG,ONE_RAISE,K3o,100,0,0,NONE,1
100BB,BB,UTG,ONE_RAISE,K2o,100,0,0,NONE,1
100BB,BB,UTG,ONE_RAISE,QJo,0,97,3,5,1
100BB,BB,UTG,ONE_RAISE,QTo,0,100,0,NONE,1
100BB,BB,UTG,ONE_RAISE,Q9o,0,100,0,NONE,1
100BB,BB,UTG,ONE_RAISE,Q8o,0,100,0,NONE,1
100BB,BB,UTG,ONE_RAISE,Q7o,0,100,0,NONE,1
100BB,BB,UTG,ONE_RAISE,Q6o,50,50,0,NONE,1
100BB,BB,UTG,ONE_RAISE,Q5o,26,74,0,NONE,1
100BB,BB,UTG,ONE_RAISE,Q4o,96,4,0,NONE,1
100BB,BB,UTG,ONE_RAISE,Q3o,100,0,0,NONE,1
100BB,BB,UTG,ONE_RAISE,Q2o,100,0,0,NONE,1
100BB,BB,UTG,ONE_RAISE,JTo,0,100,0,NONE,1
100BB,BB,UTG,ONE_RAISE,J9o,0,100,0,NONE,1
100BB,BB,UTG,ONE_RAISE,J8o,0,100,0,NONE,1
100BB,BB,UTG,ONE_RAISE,J7o,100,0,0,NONE,1
100BB,BB,UTG,ONE_RAISE,J6o,100,0,0,NONE,1
100BB,BB,UTG,ONE_RAISE,J5o,100,0,0,NONE,1
100BB,BB,UTG,ONE_RAISE,J4o,100,0,0,NONE,1
100BB,BB,UTG,ONE_RAISE,J3o,100,0,0,NONE,1
100BB,BB,UTG,ONE_RAISE,J2o,100,0,0,NONE,1
100BB,BB,UTG,ONE_RAISE,T9o,0,100,0,NONE,1
100BB,BB,UTG,ONE_RAISE,T8o,0,100,0,NONE,1
100BB,BB,UTG,ONE_RAISE,T7o,0,100,0,NONE,1
100BB,BB,UTG,ONE_RAISE,T6o,100,0,0,NONE,1
100BB,BB,UTG,ONE_RAISE,T5o,100,0,0,NONE,1
100BB,BB,UTG,ONE_RAISE,T4o,100,0,0,NONE,1
100BB,BB,UTG,ONE_RAISE,T3o,100,0,0,NONE,1
100BB,BB,UTG,ONE_RAISE,T2o,100,0,0,NONE,1
100BB,BB,UTG,ONE_RAISE,98o,0,100,0,NONE,1
100BB,BB,UTG,ONE_RAISE,97o,0,100,0,NONE,1
100BB,BB,UTG,ONE_RAISE,96o,12,88,0,NONE,1
100BB,BB,UTG,ONE_RAISE,95o,100,0,0,NONE,1
100BB,BB,UTG,ONE_RAISE,94o,100,0,0,NONE,1
100BB,BB,UTG,ONE_RAISE,93o,100,0,0,NONE,1
100BB,BB,UTG,ONE_RAISE,92o,100,0,0,NONE,1
100BB,BB,UTG,ONE_RAISE,87o,0,100,0,NONE,1
100BB,BB,UTG,ONE_RAISE,86o,0,100,0,NONE,1
100BB,BB,UTG,ONE_RAISE,85o,59,41,0,NONE,1
100BB,BB,UTG,ONE_RAISE,84o,100,0,0,NONE,1
100BB,BB,UTG,ONE_RAISE,83o,100,0,0,NONE,1
100BB,BB,UTG,ONE_RAISE,82o,100,0,0,NONE,1
100BB,BB,UTG,ONE_RAISE,76o,0,100,0,NONE,1
100BB,BB,UTG,ONE_RAISE,75o,0,100,0,NONE,1
100BB,BB,UTG,ONE_RAISE,74o,100,0,0,NONE,1
100BB,BB,UTG,ONE_RAISE,73o,100,0,0,NONE,1
100BB,BB,UTG,ONE_RAISE,72o,100,0,0,NONE,1
100BB,BB,UTG,ONE_RAISE,65o,0,100,0,NONE,1
100BB,BB,UTG,ONE_RAISE,64o,0,100,0,NONE,1
100BB,BB,UTG,ONE_RAISE,63o,100,0,0,NONE,1
100BB,BB,UTG,ONE_RAISE,62o,100,0,0,NONE,1
100BB,BB,UTG,ONE_RAISE,54o,0,100,0,NONE,1
100BB,BB,UTG,ONE_RAISE,53o,0,100,0,NONE,1
100BB,BB,UTG,ONE_RAISE,52o,100,0,0,NONE,1
100BB,BB,UTG,ONE_RAISE,43o,0,100,0,NONE,1
100BB,BB,UTG,ONE_RAISE,42o,100,0,0,NONE,1
100BB,BB,UTG,ONE_RAISE,32o,100,0,0,NONE,1
100BB,BB,UTG,THREE_BET,AA,0,0,0,NONE,0
100BB,BB,UTG,THREE_BET,KK,0,0,0,NONE,0
100BB,BB,UTG,THREE_BET,QQ,0,0,0,NONE,0
100BB,BB,UTG,THREE_BET,JJ,0,0,0,NONE,0
100BB,BB,UTG,THREE_BET,TT,0,0,0,NONE,0
100BB,BB,UTG,THREE_BET,99,0,0,0,NONE,0
100BB,BB,UTG,THREE_BET,88,0,0,0,NONE,0
100BB,BB,UTG,THREE_BET,77,0,0,0,NONE,0
100BB,BB,UTG,THREE_BET,66,0,0,0,NONE,0
100BB,BB,UTG,THREE_BET,55,0,0,0,NONE,0
100BB,BB,UTG,THREE_BET,44,0,0,0,NONE,0
100BB,BB,UTG,THREE_BET,33,0,0,0,NONE,0
100BB,BB,UTG,THREE_BET,22,0,0,0,NONE,0
100BB,BB,UTG,THREE_BET,AKs,0,0,0,NONE,0
100BB,BB,UTG,THREE_BET,AQs,0,0,0,NONE,0
100BB,BB,UTG,THREE_BET,AJs,0,0,0,NONE,0
100BB,BB,UTG,THREE_BET,ATs,0,0,0,NONE,0
100BB,BB,UTG,THREE_BET,A9s,0,0,0,NONE,0
100BB,BB,UTG,THREE_BET,A8s,0,0,0,NONE,0
100BB,BB,UTG,THREE_BET,A7s,0,0,0,NONE,0
100BB,BB,UTG,THREE_BET,A6s,0,0,0,NONE,0
100BB,BB,UTG,THREE_BET,A5s,0,0,0,NONE,0
100BB,BB,UTG,THREE_BET,A4s,0,0,0,NONE,0
100BB,BB,UTG,THREE_BET,A3s,0,0,0,NONE,0
100BB,BB,UTG,THREE_BET,A2s,0,0,0,NONE,0
100BB,BB,UTG,THREE_BET,KQs,0,0,0,NONE,0
100BB,BB,UTG,THREE_BET,KJs,0,0,0,NONE,0
100BB,BB,UTG,THREE_BET,KTs,0,0,0,NONE,0
100BB,BB,UTG,THREE_BET,K9s,0,0,0,NONE,0
100BB,BB,UTG,THREE_BET,K8s,0,0,0,NONE,0
100BB,BB,UTG,THREE_BET,K7s,0,0,0,NONE,0
100BB,BB,UTG,THREE_BET,K6s,0,0,0,NONE,0
100BB,BB,UTG,THREE_BET,K5s,0,0,0,NONE,0
100BB,BB,UTG,THREE_BET,K4s,0,0,0,NONE,0
100BB,BB,UTG,THREE_BET,K3s,0,0,0,NONE,0
100BB,BB,UTG,THREE_BET,K2s,0,0,0,NONE,0
100BB,BB,UTG,THREE_BET,QJs,0,0,0,NONE,0
100BB,BB,UTG,THREE_BET,QTs,0,0,0,NONE,0
100BB,BB,UTG,THREE_BET,Q9s,0,0,0,NONE,0
100BB,BB,UTG,THREE_BET,Q8s,0,0,0,NONE,0
100BB,BB,UTG,THREE_BET,Q7s,0,0,0,NONE,0
100BB,BB,UTG,THREE_BET,Q6s,0,0,0,NONE,0
100BB,BB,UTG,THREE_BET,Q5s,0,0,0,NONE,0
100BB,BB,UTG,THREE_BET,Q4s,0,0,0,NONE,0
100BB,BB,UTG,THREE_BET,Q3s,0,0,0,NONE,0
100BB,BB,UTG,THREE_BET,Q2s,0,0,0,NONE,0
100BB,BB,UTG,THREE_BET,JTs,0,0,0,NONE,0
100BB,BB,UTG,THREE_BET,J9s,0,0,0,NONE,0
100BB,BB,UTG,THREE_BET,J8s,0,0,0,NONE,0
100BB,BB,UTG,THREE_BET,J7s,0,0,0,NONE,0
100BB,BB,UTG,THREE_BET,J6s,0,0,0,NONE,0
100BB,BB,UTG,THREE_BET,J5s,0,0,0,NONE,0
100BB,BB,UTG,THREE_BET,J4s,0,0,0,NONE,0
100BB,BB,UTG,THREE_BET,J3s,0,0,0,NONE,0
100BB,BB,UTG,THREE_BET,J2s,0,0,0,NONE,0
100BB,BB,UTG,THREE_BET,T9s,0,0,0,NONE,0
100BB,BB,UTG,THREE_BET,T8s,0,0,0,NONE,0
100BB,BB,UTG,THREE_BET,T7s,0,0,0,NONE,0
100BB,BB,UTG,THREE_BET,T6s,0,0,0,NONE,0
100BB,BB,UTG,THREE_BET,T5s,0,0,0,NONE,0
100BB,BB,UTG,THREE_BET,T4s,0,0,0,NONE,0
100BB,BB,UTG,THREE_BET,T3s,0,0,0,NONE,0
100BB,BB,UTG,THREE_BET,T2s,0,0,0,NONE,0
100BB,BB,UTG,THREE_BET,98s,0,0,0,NONE,0
100BB,BB,UTG,THREE_BET,97s,0,0,0,NONE,0
100BB,BB,UTG,THREE_BET,96s,0,0,0,NONE,0
100BB,BB,UTG,THREE_BET,95s,0,0,0,NONE,0
100BB,BB,UTG,THREE_BET,94s,0,0,0,NONE,0
100BB,BB,UTG,THREE_BET,93s,0,0,0,NONE,0
100BB,BB,UTG,THREE_BET,92s,0,0,0,NONE,0
100BB,BB,UTG,THREE_BET,87s,0,0,0,NONE,0
100BB,BB,UTG,THREE_BET,86s,0,0,0,NONE,0
100BB,BB,UTG,THREE_BET,85s,0,0,0,NONE,0
100BB,BB,UTG,THREE_BET,84s,0,0,0,NONE,0
100BB,BB,UTG,THREE_BET,83s,0,0,0,NONE,0
100BB,BB,UTG,THREE_BET,82s,0,0,0,NONE,0
100BB,BB,UTG,THREE_BET,76s,0,0,0,NONE,0
100BB,BB,UTG,THREE_BET,75s,0,0,0,NONE,0
100BB,BB,UTG,THREE_BET,74s,0,0,0,NONE,0
100BB,BB,UTG,THREE_BET,73s,0,0,0,NONE,0
100BB,BB,UTG,THREE_BET,72s,0,0,0,NONE,0
100BB,BB,UTG,THREE_BET,65s,0,0,0,NONE,0
100BB,BB,UTG,THREE_BET,64s,0,0,0,NONE,0
100BB,BB,UTG,THREE_BET,63s,0,0,0,NONE,0
100BB,BB,UTG,THREE_BET,62s,0,0,0,NONE,0
100BB,BB,UTG,THREE_BET,54s,0,0,0,NONE,0
100BB,BB,UTG,THREE_BET,53s,0,0,0,NONE,0
100BB,BB,UTG,THREE_BET,52s,0,0,0,NONE,0
100BB,BB,UTG,THREE_BET,43s,0,0,0,NONE,0
100BB,BB,UTG,THREE_BET,42s,0,0,0,NONE,0
100BB,BB,UTG,THREE_BET,32s,0,0,0,NONE,0
100BB,BB,UTG,THREE_BET,AKo,0,0,0,NONE,0
100BB,BB,UTG,THREE_BET,AQo,0,0,0,NONE,0
100BB,BB,UTG,THREE_BET,AJo,0,0,0,NONE,0
100BB,BB,UTG,THREE_BET,ATo,0,0,0,NONE,0
100BB,BB,UTG,THREE_BET,A9o,0,0,0,NONE,0
100BB,BB,UTG,THREE_BET,A8o,0,0,0,NONE,0
100BB,BB,UTG,THREE_BET,A7o,0,0,0,NONE,0
100BB,BB,UTG,THREE_BET,A6o,0,0,0,NONE,0
100BB,BB,UTG,THREE_BET,A5o,0,0,0,NONE,0
100BB,BB,UTG,THREE_BET,A4o,0,0,0,NONE,0
100BB,BB,UTG,THREE_BET,A3o,0,0,0,NONE,0
100BB,BB,UTG,THREE_BET,A2o,0,0,0,NONE,0
100BB,BB,UTG,THREE_BET,KQo,0,0,0,NONE,0
100BB,BB,UTG,THREE_BET,KJo,0,0,0,NONE,0
100BB,BB,UTG,THREE_BET,KTo,0,0,0,NONE,0
100BB,BB,UTG,THREE_BET,K9o,0,0,0,NONE,0
100BB,BB,UTG,THREE_BET,K8o,0,0,0,NONE,0
100BB,BB,UTG,THREE_BET,K7o,0,0,0,NONE,0
100BB,BB,UTG,THREE_BET,K6o,0,0,0,NONE,0
100BB,BB,UTG,THREE_BET,K5o,0,0,0,NONE,0
100BB,BB,UTG,THREE_BET,K4o,0,0,0,NONE,0
100BB,BB,UTG,THREE_BET,K3o,0,0,0,NONE,0
100BB,BB,UTG,THREE_BET,K2o,0,0,0,NONE,0
100BB,BB,UTG,THREE_BET,QJo,0,0,0,NONE,0
100BB,BB,UTG,THREE_BET,QTo,0,0,0,NONE,0
100BB,BB,UTG,THREE_BET,Q9o,0,0,0,NONE,0
100BB,BB,UTG,THREE_BET,Q8o,0,0,0,NONE,0
100BB,BB,UTG,THREE_BET,Q7o,0,0,0,NONE,0
100BB,BB,UTG,THREE_BET,Q6o,0,0,0,NONE,0
100BB,BB,UTG,THREE_BET,Q5o,0,0,0,NONE,0
100BB,BB,UTG,THREE_BET,Q4o,0,0,0,NONE,0
100BB,BB,UTG,THREE_BET,Q3o,0,0,0,NONE,0
100BB,BB,UTG,THREE_BET,Q2o,0,0,0,NONE,0
100BB,BB,UTG,THREE_BET,JTo,0,0,0,NONE,0
100BB,BB,UTG,THREE_BET,J9o,0,0,0,NONE,0
100BB,BB,UTG,THREE_BET,J8o,0,0,0,NONE,0
100BB,BB,UTG,THREE_BET,J7o,0,0,0,NONE,0
100BB,BB,UTG,THREE_BET,J6o,0,0,0,NONE,0
100BB,BB,UTG,THREE_BET,J5o,0,0,0,NONE,0
100BB,BB,UTG,THREE_BET,J4o,0,0,0,NONE,0
100BB,BB,UTG,THREE_BET,J3o,0,0,0,NONE,0
100BB,BB,UTG,THREE_BET,J2o,0,0,0,NONE,0
100BB,BB,UTG,THREE_BET,T9o,0,0,0,NONE,0
100BB,BB,UTG,THREE_BET,T8o,0,0,0,NONE,0
100BB,BB,UTG,THREE_BET,T7o,0,0,0,NONE,0
100BB,BB,UTG,THREE_BET,T6o,0,0,0,NONE,0
100BB,BB,UTG,THREE_BET,T5o,0,0,0,NONE,0
100BB,BB,UTG,THREE_BET,T4o,0,0,0,NONE,0
100BB,BB,UTG,THREE_BET,T3o,0,0,0,NONE,0
100BB,BB,UTG,THREE_BET,T2o,0,0,0,NONE,0
100BB,BB,UTG,THREE_BET,98o,0,0,0,NONE,0
100BB,BB,UTG,THREE_BET,97o,0,0,0,NONE,0
100BB,BB,UTG,THREE_BET,96o,0,0,0,NONE,0
100BB,BB,UTG,THREE_BET,95o,0,0,0,NONE,0
100BB,BB,UTG,THREE_BET,94o,0,0,0,NONE,0
100BB,BB,UTG,THREE_BET,93o,0,0,0,NONE,0
100BB,BB,UTG,THREE_BET,92o,0,0,0,NONE,0
100BB,BB,UTG,THREE_BET,87o,0,0,0,NONE,0
100BB,BB,UTG,THREE_BET,86o,0,0,0,NONE,0
100BB,BB,UTG,THREE_BET,85o,0,0,0,NONE,0
100BB,BB,UTG,THREE_BET,84o,0,0,0,NONE,0
100BB,BB,UTG,THREE_BET,83o,0,0,0,NONE,0
100BB,BB,UTG,THREE_BET,82o,0,0,0,NONE,0
100BB,BB,UTG,THREE_BET,76o,0,0,0,NONE,0
100BB,BB,UTG,THREE_BET,75o,0,0,0,NONE,0
100BB,BB,UTG,THREE_BET,74o,0,0,0,NONE,0
100BB,BB,UTG,THREE_BET,73o,0,0,0,NONE,0
100BB,BB,UTG,THREE_BET,72o,0,0,0,NONE,0
100BB,BB,UTG,THREE_BET,65o,0,0,0,NONE,0
100BB,BB,UTG,THREE_BET,64o,0,0,0,NONE,0
100BB,BB,UTG,THREE_BET,63o,0,0,0,NONE,0
100BB,BB,UTG,THREE_BET,62o,0,0,0,NONE,0
100BB,BB,UTG,THREE_BET,54o,0,0,0,NONE,0
100BB,BB,UTG,THREE_BET,53o,0,0,0,NONE,0
100BB,BB,UTG,THREE_BET,52o,0,0,0,NONE,0
100BB,BB,UTG,THREE_BET,43o,0,0,0,NONE,0
100BB,BB,UTG,THREE_BET,42o,0,0,0,NONE,0
100BB,BB,UTG,THREE_BET,32o,0,0,0,NONE,0
100BB,BB,HJ,UNOPENED,AA,0,0,0,NONE,0
100BB,BB,HJ,UNOPENED,KK,0,0,0,NONE,0
100BB,BB,HJ,UNOPENED,QQ,0,0,0,NONE,0
100BB,BB,HJ,UNOPENED,JJ,0,0,0,NONE,0
100BB,BB,HJ,UNOPENED,TT,0,0,0,NONE,0
100BB,BB,HJ,UNOPENED,99,0,0,0,NONE,0
100BB,BB,HJ,UNOPENED,88,0,0,0,NONE,0
100BB,BB,HJ,UNOPENED,77,0,0,0,NONE,0
100BB,BB,HJ,UNOPENED,66,0,0,0,NONE,0
100BB,BB,HJ,UNOPENED,55,0,0,0,NONE,0
100BB,BB,HJ,UNOPENED,44,0,0,0,NONE,0
100BB,BB,HJ,UNOPENED,33,0,0,0,NONE,0
100BB,BB,HJ,UNOPENED,22,0,0,0,NONE,0
100BB,BB,HJ,UNOPENED,AKs,0,0,0,NONE,0
100BB,BB,HJ,UNOPENED,AQs,0,0,0,NONE,0
100BB,BB,HJ,UNOPENED,AJs,0,0,0,NONE,0
100BB,BB,HJ,UNOPENED,ATs,0,0,0,NONE,0
100BB,BB,HJ,UNOPENED,A9s,0,0,0,NONE,0
100BB,BB,HJ,UNOPENED,A8s,0,0,0,NONE,0
100BB,BB,HJ,UNOPENED,A7s,0,0,0,NONE,0
100BB,BB,HJ,UNOPENED,A6s,0,0,0,NONE,0
100BB,BB,HJ,UNOPENED,A5s,0,0,0,NONE,0
100BB,BB,HJ,UNOPENED,A4s,0,0,0,NONE,0
100BB,BB,HJ,UNOPENED,A3s,0,0,0,NONE,0
100BB,BB,HJ,UNOPENED,A2s,0,0,0,NONE,0
100BB,BB,HJ,UNOPENED,KQs,0,0,0,NONE,0
100BB,BB,HJ,UNOPENED,KJs,0,0,0,NONE,0
100BB,BB,HJ,UNOPENED,KTs,0,0,0,NONE,0
100BB,BB,HJ,UNOPENED,K9s,0,0,0,NONE,0
100BB,BB,HJ,UNOPENED,K8s,0,0,0,NONE,0
100BB,BB,HJ,UNOPENED,K7s,0,0,0,NONE,0
100BB,BB,HJ,UNOPENED,K6s,0,0,0,NONE,0
100BB,BB,HJ,UNOPENED,K5s,0,0,0,NONE,0
100BB,BB,HJ,UNOPENED,K4s,0,0,0,NONE,0
100BB,BB,HJ,UNOPENED,K3s,0,0,0,NONE,0
100BB,BB,HJ,UNOPENED,K2s,0,0,0,NONE,0
100BB,BB,HJ,UNOPENED,QJs,0,0,0,NONE,0
100BB,BB,HJ,UNOPENED,QTs,0,0,0,NONE,0
100BB,BB,HJ,UNOPENED,Q9s,0,0,0,NONE,0
100BB,BB,HJ,UNOPENED,Q8s,0,0,0,NONE,0
100BB,BB,HJ,UNOPENED,Q7s,0,0,0,NONE,0
100BB,BB,HJ,UNOPENED,Q6s,0,0,0,NONE,0
100BB,BB,HJ,UNOPENED,Q5s,0,0,0,NONE,0
100BB,BB,HJ,UNOPENED,Q4s,0,0,0,NONE,0
100BB,BB,HJ,UNOPENED,Q3s,0,0,0,NONE,0
100BB,BB,HJ,UNOPENED,Q2s,0,0,0,NONE,0
100BB,BB,HJ,UNOPENED,JTs,0,0,0,NONE,0
100BB,BB,HJ,UNOPENED,J9s,0,0,0,NONE,0
100BB,BB,HJ,UNOPENED,J8s,0,0,0,NONE,0
100BB,BB,HJ,UNOPENED,J7s,0,0,0,NONE,0
100BB,BB,HJ,UNOPENED,J6s,0,0,0,NONE,0
100BB,BB,HJ,UNOPENED,J5s,0,0,0,NONE,0
100BB,BB,HJ,UNOPENED,J4s,0,0,0,NONE,0
100BB,BB,HJ,UNOPENED,J3s,0,0,0,NONE,0
100BB,BB,HJ,UNOPENED,J2s,0,0,0,NONE,0
100BB,BB,HJ,UNOPENED,T9s,0,0,0,NONE,0
100BB,BB,HJ,UNOPENED,T8s,0,0,0,NONE,0
100BB,BB,HJ,UNOPENED,T7s,0,0,0,NONE,0
100BB,BB,HJ,UNOPENED,T6s,0,0,0,NONE,0
100BB,BB,HJ,UNOPENED,T5s,0,0,0,NONE,0
100BB,BB,HJ,UNOPENED,T4s,0,0,0,NONE,0
100BB,BB,HJ,UNOPENED,T3s,0,0,0,NONE,0
100BB,BB,HJ,UNOPENED,T2s,0,0,0,NONE,0
100BB,BB,HJ,UNOPENED,98s,0,0,0,NONE,0
100BB,BB,HJ,UNOPENED,97s,0,0,0,NONE,0
100BB,BB,HJ,UNOPENED,96s,0,0,0,NONE,0
100BB,BB,HJ,UNOPENED,95s,0,0,0,NONE,0
100BB,BB,HJ,UNOPENED,94s,0,0,0,NONE,0
100BB,BB,HJ,UNOPENED,93s,0,0,0,NONE,0
100BB,BB,HJ,UNOPENED,92s,0,0,0,NONE,0
100BB,BB,HJ,UNOPENED,87s,0,0,0,NONE,0
100BB,BB,HJ,UNOPENED,86s,0,0,0,NONE,0
100BB,BB,HJ,UNOPENED,85s,0,0,0,NONE,0
100BB,BB,HJ,UNOPENED,84s,0,0,0,NONE,0
100BB,BB,HJ,UNOPENED,83s,0,0,0,NONE,0
100BB,BB,HJ,UNOPENED,82s,0,0,0,NONE,0
100BB,BB,HJ,UNOPENED,76s,0,0,0,NONE,0
100BB,BB,HJ,UNOPENED,75s,0,0,0,NONE,0
100BB,BB,HJ,UNOPENED,74s,0,0,0,NONE,0
100BB,BB,HJ,UNOPENED,73s,0,0,0,NONE,0
100BB,BB,HJ,UNOPENED,72s,0,0,0,NONE,0
100BB,BB,HJ,UNOPENED,65s,0,0,0,NONE,0
100BB,BB,HJ,UNOPENED,64s,0,0,0,NONE,0
100BB,BB,HJ,UNOPENED,63s,0,0,0,NONE,0
100BB,BB,HJ,UNOPENED,62s,0,0,0,NONE,0
100BB,BB,HJ,UNOPENED,54s,0,0,0,NONE,0
100BB,BB,HJ,UNOPENED,53s,0,0,0,NONE,0
100BB,BB,HJ,UNOPENED,52s,0,0,0,NONE,0
100BB,BB,HJ,UNOPENED,43s,0,0,0,NONE,0
100BB,BB,HJ,UNOPENED,42s,0,0,0,NONE,0
100BB,BB,HJ,UNOPENED,32s,0,0,0,NONE,0
100BB,BB,HJ,UNOPENED,AKo,0,0,0,NONE,0
100BB,BB,HJ,UNOPENED,AQo,0,0,0,NONE,0
100BB,BB,HJ,UNOPENED,AJo,0,0,0,NONE,0
100BB,BB,HJ,UNOPENED,ATo,0,0,0,NONE,0
100BB,BB,HJ,UNOPENED,A9o,0,0,0,NONE,0
100BB,BB,HJ,UNOPENED,A8o,0,0,0,NONE,0
100BB,BB,HJ,UNOPENED,A7o,0,0,0,NONE,0
100BB,BB,HJ,UNOPENED,A6o,0,0,0,NONE,0
100BB,BB,HJ,UNOPENED,A5o,0,0,0,NONE,0
100BB,BB,HJ,UNOPENED,A4o,0,0,0,NONE,0
100BB,BB,HJ,UNOPENED,A3o,0,0,0,NONE,0
100BB,BB,HJ,UNOPENED,A2o,0,0,0,NONE,0
100BB,BB,HJ,UNOPENED,KQo,0,0,0,NONE,0
100BB,BB,HJ,UNOPENED,KJo,0,0,0,NONE,0
100BB,BB,HJ,UNOPENED,KTo,0,0,0,NONE,0
100BB,BB,HJ,UNOPENED,K9o,0,0,0,NONE,0
100BB,BB,HJ,UNOPENED,K8o,0,0,0,NONE,0
100BB,BB,HJ,UNOPENED,K7o,0,0,0,NONE,0
100BB,BB,HJ,UNOPENED,K6o,0,0,0,NONE,0
100BB,BB,HJ,UNOPENED,K5o,0,0,0,NONE,0
100BB,BB,HJ,UNOPENED,K4o,0,0,0,NONE,0
100BB,BB,HJ,UNOPENED,K3o,0,0,0,NONE,0
100BB,BB,HJ,UNOPENED,K2o,0,0,0,NONE,0
100BB,BB,HJ,UNOPENED,QJo,0,0,0,NONE,0
100BB,BB,HJ,UNOPENED,QTo,0,0,0,NONE,0
100BB,BB,HJ,UNOPENED,Q9o,0,0,0,NONE,0
100BB,BB,HJ,UNOPENED,Q8o,0,0,0,NONE,0
100BB,BB,HJ,UNOPENED,Q7o,0,0,0,NONE,0
100BB,BB,HJ,UNOPENED,Q6o,0,0,0,NONE,0
100BB,BB,HJ,UNOPENED,Q5o,0,0,0,NONE,0
100BB,BB,HJ,UNOPENED,Q4o,0,0,0,NONE,0
100BB,BB,HJ,UNOPENED,Q3o,0,0,0,NONE,0
100BB,BB,HJ,UNOPENED,Q2o,0,0,0,NONE,0
100BB,BB,HJ,UNOPENED,JTo,0,0,0,NONE,0
100BB,BB,HJ,UNOPENED,J9o,0,0,0,NONE,0
100BB,BB,HJ,UNOPENED,J8o,0,0,0,NONE,0
100BB,BB,HJ,UNOPENED,J7o,0,0,0,NONE,0
100BB,BB,HJ,UNOPENED,J6o,0,0,0,NONE,0
100BB,BB,HJ,UNOPENED,J5o,0,0,0,NONE,0
100BB,BB,HJ,UNOPENED,J4o,0,0,0,NONE,0
100BB,BB,HJ,UNOPENED,J3o,0,0,0,NONE,0
100BB,BB,HJ,UNOPENED,J2o,0,0,0,NONE,0
100BB,BB,HJ,UNOPENED,T9o,0,0,0,NONE,0
100BB,BB,HJ,UNOPENED,T8o,0,0,0,NONE,0
100BB,BB,HJ,UNOPENED,T7o,0,0,0,NONE,0
100BB,BB,HJ,UNOPENED,T6o,0,0,0,NONE,0
100BB,BB,HJ,UNOPENED,T5o,0,0,0,NONE,0
100BB,BB,HJ,UNOPENED,T4o,0,0,0,NONE,0
100BB,BB,HJ,UNOPENED,T3o,0,0,0,NONE,0
100BB,BB,HJ,UNOPENED,T2o,0,0,0,NONE,0
100BB,BB,HJ,UNOPENED,98o,0,0,0,NONE,0
100BB,BB,HJ,UNOPENED,97o,0,0,0,NONE,0
100BB,BB,HJ,UNOPENED,96o,0,0,0,NONE,0
100BB,BB,HJ,UNOPENED,95o,0,0,0,NONE,0
100BB,BB,HJ,UNOPENED,94o,0,0,0,NONE,0
100BB,BB,HJ,UNOPENED,93o,0,0,0,NONE,0
100BB,BB,HJ,UNOPENED,92o,0,0,0,NONE,0
100BB,BB,HJ,UNOPENED,87o,0,0,0,NONE,0
100BB,BB,HJ,UNOPENED,86o,0,0,0,NONE,0
100BB,BB,HJ,UNOPENED,85o,0,0,0,NONE,0
100BB,BB,HJ,UNOPENED,84o,0,0,0,NONE,0
100BB,BB,HJ,UNOPENED,83o,0,0,0,NONE,0
100BB,BB,HJ,UNOPENED,82o,0,0,0,NONE,0
100BB,BB,HJ,UNOPENED,76o,0,0,0,NONE,0
100BB,BB,HJ,UNOPENED,75o,0,0,0,NONE,0
100BB,BB,HJ,UNOPENED,74o,0,0,0,NONE,0
100BB,BB,HJ,UNOPENED,73o,0,0,0,NONE,0
100BB,BB,HJ,UNOPENED,72o,0,0,0,NONE,0
100BB,BB,HJ,UNOPENED,65o,0,0,0,NONE,0
100BB,BB,HJ,UNOPENED,64o,0,0,0,NONE,0
100BB,BB,HJ,UNOPENED,63o,0,0,0,NONE,0
100BB,BB,HJ,UNOPENED,62o,0,0,0,NONE,0
100BB,BB,HJ,UNOPENED,54o,0,0,0,NONE,0
100BB,BB,HJ,UNOPENED,53o,0,0,0,NONE,0
100BB,BB,HJ,UNOPENED,52o,0,0,0,NONE,0
100BB,BB,HJ,UNOPENED,43o,0,0,0,NONE,0
100BB,BB,HJ,UNOPENED,42o,0,0,0,NONE,0
100BB,BB,HJ,UNOPENED,32o,0,0,0,NONE,0
100BB,BB,HJ,ONE_RAISE,AA,0,0,100,5,1
100BB,BB,HJ,ONE_RAISE,KK,0,0,100,5,1
100BB,BB,HJ,ONE_RAISE,QQ,0,0,100,5,1
100BB,BB,HJ,ONE_RAISE,JJ,0,30,70,5,1
100BB,BB,HJ,ONE_RAISE,TT,0,72,28,5,1
100BB,BB,HJ,ONE_RAISE,99,0,89,11,5,1
100BB,BB,HJ,ONE_RAISE,88,0,100,0,NONE,1
100BB,BB,HJ,ONE_RAISE,77,0,100,0,NONE,1
100BB,BB,HJ,ONE_RAISE,66,0,100,0,NONE,1
100BB,BB,HJ,ONE_RAISE,55,0,100,0,NONE,1
100BB,BB,HJ,ONE_RAISE,44,0,100,0,NONE,1
100BB,BB,HJ,ONE_RAISE,33,0,100,0,NONE,1
100BB,BB,HJ,ONE_RAISE,22,0,100,0,NONE,1
100BB,BB,HJ,ONE_RAISE,AKs,0,0,100,5,1
100BB,BB,HJ,ONE_RAISE,AQs,0,21,79,5,1
100BB,BB,HJ,ONE_RAISE,AJs,0,100,0,NONE,1
100BB,BB,HJ,ONE_RAISE,ATs,0,100,0,NONE,1
100BB,BB,HJ,ONE_RAISE,A9s,0,93,7,5,1
100BB,BB,HJ,ONE_RAISE,A8s,0,93,7,5,1
100BB,BB,HJ,ONE_RAISE,A7s,0,99,1,5,1
100BB,BB,HJ,ONE_RAISE,A6s,0,69,31,5,1
100BB,BB,HJ,ONE_RAISE,A5s,0,88,12,5,1
100BB,BB,HJ,ONE_RAISE,A4s,0,100,0,NONE,1
100BB,BB,HJ,ONE_RAISE,A3s,0,100,0,NONE,1
100BB,BB,HJ,ONE_RAISE,A2s,0,100,0,NONE,1
100BB,BB,HJ,ONE_RAISE,KQs,0,96,4,5,1
100BB,BB,HJ,ONE_RAISE,KJs,0,100,0,NONE,1
100BB,BB,HJ,ONE_RAISE,KTs,0,99,1,5,1
100BB,BB,HJ,ONE_RAISE,K9s,0,75,25,5,1
100BB,BB,HJ,ONE_RAISE,K8s,0,100,0,NONE,1
100BB,BB,HJ,ONE_RAISE,K7s,0,100,0,NONE,1
100BB,BB,HJ,ONE_RAISE,K6s,0,60,40,5,1
100BB,BB,HJ,ONE_RAISE,K5s,0,82,18,5,1
100BB,BB,HJ,ONE_RAISE,K4s,0,100,0,NONE,1
100BB,BB,HJ,ONE_RAISE,K3s,0,100,0,NONE,1
100BB,BB,HJ,ONE_RAISE,K2s,0,100,0,NONE,1
100BB,BB,HJ,ONE_RAISE,QJs,0,21,79,5,1
100BB,BB,HJ,ONE_RAISE,QTs,0,85,15,5,1
100BB,BB,HJ,ONE_RAISE,Q9s,0,30,70,5,1
100BB,BB,HJ,ONE_RAISE,Q8s,0,90,10,5,1
100BB,BB,HJ,ONE_RAISE,Q7s,0,100,0,NONE,1
100BB,BB,HJ,ONE_RAISE,Q6s,0,100,0,NONE,1
100BB,BB,HJ,ONE_RAISE,Q5s,0,100,0,NONE,1
100BB,BB,HJ,ONE_RAISE,Q4s,0,100,0,NONE,1
100BB,BB,HJ,ONE_RAISE,Q3s,0,100,0,NONE,1
100BB,BB,HJ,ONE_RAISE,Q2s,0,100,0,NONE,1
100BB,BB,HJ,ONE_RAISE,JTs,0,0,100,5,1
100BB,BB,HJ,ONE_RAISE,J9s,0,28,72,5,1
100BB,BB,HJ,ONE_RAISE,J8s,0,39,61,5,1
100BB,BB,HJ,ONE_RAISE,J7s,0,98,2,5,1
100BB,BB,HJ,ONE_RAISE,J6s,0,100,0,NONE,1
100BB,BB,HJ,ONE_RAISE,J5s,0,100,0,NONE,1
100BB,BB,HJ,ONE_RAISE,J4s,0,100,0,NONE,1
100BB,BB,HJ,ONE_RAISE,J3s,0,100,0,NONE,1
100BB,BB,HJ,ONE_RAISE,J2s,0,100,0,NONE,1
100BB,BB,HJ,ONE_RAISE,T9s,0,19,81,5,1
100BB,BB,HJ,ONE_RAISE,T8s,0,85,15,5,1
100BB,BB,HJ,ONE_RAISE,T7s,0,71,29,5,1
100BB,BB,HJ,ONE_RAISE,T6s,0,100,0,NONE,1
100BB,BB,HJ,ONE_RAISE,T5s,0,100,0,NONE,1
100BB,BB,HJ,ONE_RAISE,T4s,0,100,0,NONE,1
100BB,BB,HJ,ONE_RAISE,T3s,0,100,0,NONE,1
100BB,BB,HJ,ONE_RAISE,T2s,0,100,0,NONE,1
100BB,BB,HJ,ONE_RAISE,98s,0,90,10,5,1
100BB,BB,HJ,ONE_RAISE,97s,0,97,3,5,1
100BB,BB,HJ,ONE_RAISE,96s,0,100,0,NONE,1
100BB,BB,HJ,ONE_RAISE,95s,0,100,0,NONE,1
100BB,BB,HJ,ONE_RAISE,94s,0,100,0,NONE,1
100BB,BB,HJ,ONE_RAISE,93s,0,100,0,NONE,1
100BB,BB,HJ,ONE_RAISE,92s,0,100,0,NONE,1
100BB,BB,HJ,ONE_RAISE,87s,0,28,72,5,1
100BB,BB,HJ,ONE_RAISE,86s,0,93,7,5,1
100BB,BB,HJ,ONE_RAISE,85s,0,100,0,NONE,1
100BB,BB,HJ,ONE_RAISE,84s,0,100,0,NONE,1
100BB,BB,HJ,ONE_RAISE,83s,0,100,0,NONE,1
100BB,BB,HJ,ONE_RAISE,82s,0,100,0,NONE,1
100BB,BB,HJ,ONE_RAISE,76s,0,40,60,5,1
100BB,BB,HJ,ONE_RAISE,75s,0,100,0,NONE,1
100BB,BB,HJ,ONE_RAISE,74s,0,100,0,NONE,1
100BB,BB,HJ,ONE_RAISE,73s,0,100,0,NONE,1
100BB,BB,HJ,ONE_RAISE,72s,0,100,0,NONE,1
100BB,BB,HJ,ONE_RAISE,65s,0,31,69,5,1
100BB,BB,HJ,ONE_RAISE,64s,0,99,1,5,1
100BB,BB,HJ,ONE_RAISE,63s,0,100,0,NONE,1
100BB,BB,HJ,ONE_RAISE,62s,0,100,0,NONE,1
100BB,BB,HJ,ONE_RAISE,54s,0,31,69,5,1
100BB,BB,HJ,ONE_RAISE,53s,0,100,0,NONE,1
100BB,BB,HJ,ONE_RAISE,52s,0,100,0,NONE,1
100BB,BB,HJ,ONE_RAISE,43s,0,100,0,NONE,1
100BB,BB,HJ,ONE_RAISE,42s,0,100,0,NONE,1
100BB,BB,HJ,ONE_RAISE,32s,0,100,0,NONE,1
100BB,BB,HJ,ONE_RAISE,AKo,0,0,100,5,1
100BB,BB,HJ,ONE_RAISE,AQo,0,87,13,5,1
100BB,BB,HJ,ONE_RAISE,AJo,0,100,0,NONE,1
100BB,BB,HJ,ONE_RAISE,ATo,0,92,8,5,1
100BB,BB,HJ,ONE_RAISE,A9o,0,86,14,5,1
100BB,BB,HJ,ONE_RAISE,A8o,0,93,7,5,1
100BB,BB,HJ,ONE_RAISE,A7o,0,96,4,5,1
100BB,BB,HJ,ONE_RAISE,A6o,0,97,3,5,1
100BB,BB,HJ,ONE_RAISE,A5o,0,60,40,5,1
100BB,BB,HJ,ONE_RAISE,A4o,0,95,5,5,1
100BB,BB,HJ,ONE_RAISE,A3o,0,100,0,NONE,1
100BB,BB,HJ,ONE_RAISE,A2o,0,100,0,NONE,1
100BB,BB,HJ,ONE_RAISE,KQo,0,81,19,5,1
100BB,BB,HJ,ONE_RAISE,KJo,0,81,19,5,1
100BB,BB,HJ,ONE_RAISE,KTo,0,84,16,5,1
100BB,BB,HJ,ONE_RAISE,K9o,0,100,0,NONE,1
100BB,BB,HJ,ONE_RAISE,K8o,0,100,0,NONE,1
100BB,BB,HJ,ONE_RAISE,K7o,0,100,0,NONE,1
100BB,BB,HJ,ONE_RAISE,K6o,0,100,0,NONE,1
100BB,BB,HJ,ONE_RAISE,K5o,0,100,0,NONE,1
100BB,BB,HJ,ONE_RAISE,K4o,0,100,0,NONE,1
100BB,BB,HJ,ONE_RAISE,K3o,0,100,0,NONE,1
100BB,BB,HJ,ONE_RAISE,K2o,38,62,0,NONE,1
100BB,BB,HJ,ONE_RAISE,QJo,0,91,9,5,1
100BB,BB,HJ,ONE_RAISE,QTo,0,100,0,NONE,1
100BB,BB,HJ,ONE_RAISE,Q9o,0,100,0,NONE,1
100BB,BB,HJ,ONE_RAISE,Q8o,0,100,0,NONE,1
100BB,BB,HJ,ONE_RAISE,Q7o,0,100,0,NONE,1
100BB,BB,HJ,ONE_RAISE,Q6o,0,100,0,NONE,1
100BB,BB,HJ,ONE_RAISE,Q5o,0,100,0,NONE,1
100BB,BB,HJ,ONE_RAISE,Q4o,68,32,0,NONE,1
100BB,BB,HJ,ONE_RAISE,Q3o,100,0,0,NONE,1
100BB,BB,HJ,ONE_RAISE,Q2o,100,0,0,NONE,1
100BB,BB,HJ,ONE_RAISE,JTo,0,100,0,NONE,1
100BB,BB,HJ,ONE_RAISE,J9o,0,100,0,NONE,1
100BB,BB,HJ,ONE_RAISE,J8o,0,100,0,NONE,1
100BB,BB,HJ,ONE_RAISE,J7o,0,100,0,NONE,1
100BB,BB,HJ,ONE_RAISE,J6o,100,0,0,NONE,1
100BB,BB,HJ,ONE_RAISE,J5o,100,0,0,NONE,1
100BB,BB,HJ,ONE_RAISE,J4o,100,0,0,NONE,1
100BB,BB,HJ,ONE_RAISE,J3o,100,0,0,NONE,1
100BB,BB,HJ,ONE_RAISE,J2o,100,0,0,NONE,1
100BB,BB,HJ,ONE_RAISE,T9o,0,100,0,NONE,1
100BB,BB,HJ,ONE_RAISE,T8o,0,100,0,NONE,1
100BB,BB,HJ,ONE_RAISE,T7o,0,100,0,NONE,1
100BB,BB,HJ,ONE_RAISE,T6o,100,0,0,NONE,1
100BB,BB,HJ,ONE_RAISE,T5o,100,0,0,NONE,1
100BB,BB,HJ,ONE_RAISE,T4o,100,0,0,NONE,1
100BB,BB,HJ,ONE_RAISE,T3o,100,0,0,NONE,1
100BB,BB,HJ,ONE_RAISE,T2o,100,0,0,NONE,1
100BB,BB,HJ,ONE_RAISE,98o,0,100,0,NONE,1
100BB,BB,HJ,ONE_RAISE,97o,0,100,0,NONE,1
100BB,BB,HJ,ONE_RAISE,96o,0,100,0,NONE,1
100BB,BB,HJ,ONE_RAISE,95o,100,0,0,NONE,1
100BB,BB,HJ,ONE_RAISE,94o,100,0,0,NONE,1
100BB,BB,HJ,ONE_RAISE,93o,100,0,0,NONE,1
100BB,BB,HJ,ONE_RAISE,92o,100,0,0,NONE,1
100BB,BB,HJ,ONE_RAISE,87o,0,100,0,NONE,1
100BB,BB,HJ,ONE_RAISE,86o,0,100,0,NONE,1
100BB,BB,HJ,ONE_RAISE,85o,0,100,0,NONE,1
100BB,BB,HJ,ONE_RAISE,84o,100,0,0,NONE,1
100BB,BB,HJ,ONE_RAISE,83o,100,0,0,NONE,1
100BB,BB,HJ,ONE_RAISE,82o,100,0,0,NONE,1
100BB,BB,HJ,ONE_RAISE,76o,0,100,0,NONE,1
100BB,BB,HJ,ONE_RAISE,75o,0,100,0,NONE,1
100BB,BB,HJ,ONE_RAISE,74o,98,2,0,NONE,1
100BB,BB,HJ,ONE_RAISE,73o,100,0,0,NONE,1
100BB,BB,HJ,ONE_RAISE,72o,100,0,0,NONE,1
100BB,BB,HJ,ONE_RAISE,65o,0,100,0,NONE,1
100BB,BB,HJ,ONE_RAISE,64o,0,100,0,NONE,1
100BB,BB,HJ,ONE_RAISE,63o,100,0,0,NONE,1
100BB,BB,HJ,ONE_RAISE,62o,100,0,0,NONE,1
100BB,BB,HJ,ONE_RAISE,54o,0,100,0,NONE,1
100BB,BB,HJ,ONE_RAISE,53o,0,100,0,NONE,1
100BB,BB,HJ,ONE_RAISE,52o,97,3,0,NONE,1
100BB,BB,HJ,ONE_RAISE,43o,0,100,0,NONE,1
100BB,BB,HJ,ONE_RAISE,42o,100,0,0,NONE,1
100BB,BB,HJ,ONE_RAISE,32o,100,0,0,NONE,1
100BB,BB,HJ,THREE_BET,AA,0,0,100,2.5,1
100BB,BB,HJ,THREE_BET,KK,0,0,100,2.5,1
100BB,BB,HJ,THREE_BET,QQ,0,0,100,2.5,1
100BB,BB,HJ,THREE_BET,JJ,30,0,70,2.5,1
100BB,BB,HJ,THREE_BET,TT,83,0,17,2.5,1
100BB,BB,HJ,THREE_BET,99,100,0,0,NONE,1
100BB,BB,HJ,THREE_BET,88,97,0,3,2.5,1
100BB,BB,HJ,THREE_BET,77,93,0,7,2.5,1
100BB,BB,HJ,THREE_BET,66,100,0,0,NONE,1
100BB,BB,HJ,THREE_BET,55,100,0,0,NONE,1
100BB,BB,HJ,THREE_BET,44,100,0,0,NONE,1
100BB,BB,HJ,THREE_BET,33,100,0,0,NONE,1
100BB,BB,HJ,THREE_BET,22,100,0,0,NONE,1
100BB,BB,HJ,THREE_BET,AKs,0,0,100,2.5,1
100BB,BB,HJ,THREE_BET,AQs,0,0,100,2.5,1
100BB,BB,HJ,THREE_BET,AJs,31,0,69,2.5,1
100BB,BB,HJ,THREE_BET,ATs,51,0,42,2.5,1
100BB,BB,HJ,THREE_BET,A9s,100,0,0,NONE,1
100BB,BB,HJ,THREE_BET,A8s,100,0,0,NONE,1
100BB,BB,HJ,THREE_BET,A7s,100,0,0,NONE,1
100BB,BB,HJ,THREE_BET,A6s,100,0,0,NONE,1
100BB,BB,HJ,THREE_BET,A5s,29,0,71,2.5,1
100BB,BB,HJ,THREE_BET,A4s,100,0,0,NONE,1
100BB,BB,HJ,THREE_BET,A3s,100,0,0,NONE,1
100BB,BB,HJ,THREE_BET,A2s,100,0,0,NONE,1
100BB,BB,HJ,THREE_BET,KQs,21,0,79,2.5,1
100BB,BB,HJ,THREE_BET,KJs,94,0,6,2.5,1
100BB,BB,HJ,THREE_BET,KTs,94,0,6,2.5,1
100BB,BB,HJ,THREE_BET,K9s,100,0,0,NONE,1
100BB,BB,HJ,THREE_BET,K8s,100,0,0,NONE,1
100BB,BB,HJ,THREE_BET,K7s,100,0,0,NONE,1
100BB,BB,HJ,THREE_BET,K6s,100,0,0,NONE,1
100BB,BB,HJ,THREE_BET,K5s,100,0,0,NONE,1
100BB,BB,HJ,THREE_BET,K4s,100,0,0,NONE,1
100BB,BB,HJ,THREE_BET,K3s,100,0,0,NONE,1
100BB,BB,HJ,THREE_BET,K2s,100,0,0,NONE,1
100BB,BB,HJ,THREE_BET,QJs,100,0,0,NONE,1
100BB,BB,HJ,THREE_BET,QTs,100,0,0,NONE,1
100BB,BB,HJ,THREE_BET,Q9s,100,0,0,NONE,1
100BB,BB,HJ,THREE_BET,Q8s,100,0,0,NONE,1
100BB,BB,HJ,THREE_BET,Q7s,100,0,0,NONE,1
100BB,BB,HJ,THREE_BET,Q6s,100,0,0,NONE,1
100BB,BB,HJ,THREE_BET,Q5s,100,0,0,NONE,1
100BB,BB,HJ,THREE_BET,Q4s,100,0,0,NONE,1
100BB,BB,HJ,THREE_BET,Q3s,100,0,0,NONE,1
100BB,BB,HJ,THREE_BET,Q2s,100,0,0,NONE,1
100BB,BB,HJ,THREE_BET,JTs,100,0,0,NONE,1
100BB,BB,HJ,THREE_BET,J9s,100,0,0,NONE,1
100BB,BB,HJ,THREE_BET,J8s,100,0,0,NONE,1
100BB,BB,HJ,THREE_BET,J7s,100,0,0,NONE,1
100BB,BB,HJ,THREE_BET,J6s,100,0,0,NONE,1
100BB,BB,HJ,THREE_BET,J5s,100,0,0,NONE,1
100BB,BB,HJ,THREE_BET,J4s,100,0,0,NONE,1
100BB,BB,HJ,THREE_BET,J3s,100,0,0,NONE,1
100BB,BB,HJ,THREE_BET,J2s,100,0,0,NONE,1
100BB,BB,HJ,THREE_BET,T9s,100,0,0,NONE,1
100BB,BB,HJ,THREE_BET,T8s,100,0,0,NONE,1
100BB,BB,HJ,THREE_BET,T7s,100,0,0,NONE,1
100BB,BB,HJ,THREE_BET,T6s,100,0,0,NONE,1
100BB,BB,HJ,THREE_BET,T5s,100,0,0,NONE,1
100BB,BB,HJ,THREE_BET,T4s,100,0,0,NONE,1
100BB,BB,HJ,THREE_BET,T3s,100,0,0,NONE,1
100BB,BB,HJ,THREE_BET,T2s,100,0,0,NONE,1
100BB,BB,HJ,THREE_BET,98s,100,0,0,NONE,1
100BB,BB,HJ,THREE_BET,97s,100,0,0,NONE,1
100BB,BB,HJ,THREE_BET,96s,100,0,0,NONE,1
100BB,BB,HJ,THREE_BET,95s,100,0,0,NONE,1
100BB,BB,HJ,THREE_BET,94s,100,0,0,NONE,1
100BB,BB,HJ,THREE_BET,93s,100,0,0,NONE,1
100BB,BB,HJ,THREE_BET,92s,100,0,0,NONE,1
100BB,BB,HJ,THREE_BET,87s,100,0,0,NONE,1
100BB,BB,HJ,THREE_BET,86s,100,0,0,NONE,1
100BB,BB,HJ,THREE_BET,85s,100,0,0,NONE,1
100BB,BB,HJ,THREE_BET,84s,100,0,0,NONE,1
100BB,BB,HJ,THREE_BET,83s,100,0,0,NONE,1
100BB,BB,HJ,THREE_BET,82s,100,0,0,NONE,1
100BB,BB,HJ,THREE_BET,76s,100,0,0,NONE,1
100BB,BB,HJ,THREE_BET,75s,100,0,0,NONE,1
100BB,BB,HJ,THREE_BET,74s,100,0,0,NONE,1
100BB,BB,HJ,THREE_BET,73s,100,0,0,NONE,1
100BB,BB,HJ,THREE_BET,72s,100,0,0,NONE,1
100BB,BB,HJ,THREE_BET,65s,100,0,0,NONE,1
100BB,BB,HJ,THREE_BET,64s,100,0,0,NONE,1
100BB,BB,HJ,THREE_BET,63s,100,0,0,NONE,1
100BB,BB,HJ,THREE_BET,62s,100,0,0,NONE,1
100BB,BB,HJ,THREE_BET,54s,100,0,0,NONE,1
100BB,BB,HJ,THREE_BET,53s,100,0,0,NONE,1
100BB,BB,HJ,THREE_BET,52s,100,0,0,NONE,1
100BB,BB,HJ,THREE_BET,43s,100,0,0,NONE,1
100BB,BB,HJ,THREE_BET,42s,100,0,0,NONE,1
100BB,BB,HJ,THREE_BET,32s,100,0,0,NONE,1
100BB,BB,HJ,THREE_BET,AKo,0,0,100,2.5,1
100BB,BB,HJ,THREE_BET,AQo,100,0,0,NONE,1
100BB,BB,HJ,THREE_BET,AJo,100,0,0,NONE,1
100BB,BB,HJ,THREE_BET,ATo,100,0,0,NONE,1
100BB,BB,HJ,THREE_BET,A9o,100,0,0,NONE,1
100BB,BB,HJ,THREE_BET,A8o,100,0,0,NONE,1
100BB,BB,HJ,THREE_BET,A7o,100,0,0,NONE,1
100BB,BB,HJ,THREE_BET,A6o,100,0,0,NONE,1
100BB,BB,HJ,THREE_BET,A5o,100,0,0,NONE,1
100BB,BB,HJ,THREE_BET,A4o,100,0,0,NONE,1
100BB,BB,HJ,THREE_BET,A3o,100,0,0,NONE,1
100BB,BB,HJ,THREE_BET,A2o,100,0,0,NONE,1
100BB,BB,HJ,THREE_BET,KQo,100,0,0,NONE,1
100BB,BB,HJ,THREE_BET,KJo,100,0,0,NONE,1
100BB,BB,HJ,THREE_BET,KTo,100,0,0,NONE,1
100BB,BB,HJ,THREE_BET,K9o,100,0,0,NONE,1
100BB,BB,HJ,THREE_BET,K8o,100,0,0,NONE,1
100BB,BB,HJ,THREE_BET,K7o,100,0,0,NONE,1
100BB,BB,HJ,THREE_BET,K6o,100,0,0,NONE,1
100BB,BB,HJ,THREE_BET,K5o,100,0,0,NONE,1
100BB,BB,HJ,THREE_BET,K4o,100,0,0,NONE,1
100BB,BB,HJ,THREE_BET,K3o,100,0,0,NONE,1
100BB,BB,HJ,THREE_BET,K2o,100,0,0,NONE,1
100BB,BB,HJ,THREE_BET,QJo,100,0,0,NONE,1
100BB,BB,HJ,THREE_BET,QTo,100,0,0,NONE,1
100BB,BB,HJ,THREE_BET,Q9o,100,0,0,NONE,1
100BB,BB,HJ,THREE_BET,Q8o,100,0,0,NONE,1
100BB,BB,HJ,THREE_BET,Q7o,100,0,0,NONE,1
100BB,BB,HJ,THREE_BET,Q6o,100,0,0,NONE,1
100BB,BB,HJ,THREE_BET,Q5o,100,0,0,NONE,1
100BB,BB,HJ,THREE_BET,Q4o,100,0,0,NONE,1
100BB,BB,HJ,THREE_BET,Q3o,100,0,0,NONE,1
100BB,BB,HJ,THREE_BET,Q2o,100,0,0,NONE,1
100BB,BB,HJ,THREE_BET,JTo,100,0,0,NONE,1
100BB,BB,HJ,THREE_BET,J9o,100,0,0,NONE,1
100BB,BB,HJ,THREE_BET,J8o,100,0,0,NONE,1
100BB,BB,HJ,THREE_BET,J7o,100,0,0,NONE,1
100BB,BB,HJ,THREE_BET,J6o,100,0,0,NONE,1
100BB,BB,HJ,THREE_BET,J5o,100,0,0,NONE,1
100BB,BB,HJ,THREE_BET,J4o,100,0,0,NONE,1
100BB,BB,HJ,THREE_BET,J3o,100,0,0,NONE,1
100BB,BB,HJ,THREE_BET,J2o,100,0,0,NONE,1
100BB,BB,HJ,THREE_BET,T9o,100,0,0,NONE,1
100BB,BB,HJ,THREE_BET,T8o,100,0,0,NONE,1
100BB,BB,HJ,THREE_BET,T7o,100,0,0,NONE,1
100BB,BB,HJ,THREE_BET,T6o,100,0,0,NONE,1
100BB,BB,HJ,THREE_BET,T5o,100,0,0,NONE,1
100BB,BB,HJ,THREE_BET,T4o,100,0,0,NONE,1
100BB,BB,HJ,THREE_BET,T3o,100,0,0,NONE,1
100BB,BB,HJ,THREE_BET,T2o,100,0,0,NONE,1
100BB,BB,HJ,THREE_BET,98o,100,0,0,NONE,1
100BB,BB,HJ,THREE_BET,97o,100,0,0,NONE,1
100BB,BB,HJ,THREE_BET,96o,100,0,0,NONE,1
100BB,BB,HJ,THREE_BET,95o,100,0,0,NONE,1
100BB,BB,HJ,THREE_BET,94o,100,0,0,NONE,1
100BB,BB,HJ,THREE_BET,93o,100,0,0,NONE,1
100BB,BB,HJ,THREE_BET,92o,100,0,0,NONE,1
100BB,BB,HJ,THREE_BET,87o,100,0,0,NONE,1
100BB,BB,HJ,THREE_BET,86o,100,0,0,NONE,1
100BB,BB,HJ,THREE_BET,85o,100,0,0,NONE,1
100BB,BB,HJ,THREE_BET,84o,100,0,0,NONE,1
100BB,BB,HJ,THREE_BET,83o,100,0,0,NONE,1
100BB,BB,HJ,THREE_BET,82o,100,0,0,NONE,1
100BB,BB,HJ,THREE_BET,76o,100,0,0,NONE,1
100BB,BB,HJ,THREE_BET,75o,100,0,0,NONE,1
100BB,BB,HJ,THREE_BET,74o,100,0,0,NONE,1
100BB,BB,HJ,THREE_BET,73o,100,0,0,NONE,1
100BB,BB,HJ,THREE_BET,72o,100,0,0,NONE,1
100BB,BB,HJ,THREE_BET,65o,100,0,0,NONE,1
100BB,BB,HJ,THREE_BET,64o,100,0,0,NONE,1
100BB,BB,HJ,THREE_BET,63o,100,0,0,NONE,1
100BB,BB,HJ,THREE_BET,62o,100,0,0,NONE,1
100BB,BB,HJ,THREE_BET,54o,100,0,0,NONE,1
100BB,BB,HJ,THREE_BET,53o,100,0,0,NONE,1
100BB,BB,HJ,THREE_BET,52o,100,0,0,NONE,1
100BB,BB,HJ,THREE_BET,43o,100,0,0,NONE,1
100BB,BB,HJ,THREE_BET,42o,100,0,0,NONE,1
100BB,BB,HJ,THREE_BET,32o,100,0,0,NONE,1
100BB,BB,CO,UNOPENED,AA,0,0,0,NONE,0
100BB,BB,CO,UNOPENED,KK,0,0,0,NONE,0
100BB,BB,CO,UNOPENED,QQ,0,0,0,NONE,0
100BB,BB,CO,UNOPENED,JJ,0,0,0,NONE,0
100BB,BB,CO,UNOPENED,TT,0,0,0,NONE,0
100BB,BB,CO,UNOPENED,99,0,0,0,NONE,0
100BB,BB,CO,UNOPENED,88,0,0,0,NONE,0
100BB,BB,CO,UNOPENED,77,0,0,0,NONE,0
100BB,BB,CO,UNOPENED,66,0,0,0,NONE,0
100BB,BB,CO,UNOPENED,55,0,0,0,NONE,0
100BB,BB,CO,UNOPENED,44,0,0,0,NONE,0
100BB,BB,CO,UNOPENED,33,0,0,0,NONE,0
100BB,BB,CO,UNOPENED,22,0,0,0,NONE,0
100BB,BB,CO,UNOPENED,AKs,0,0,0,NONE,0
100BB,BB,CO,UNOPENED,AQs,0,0,0,NONE,0
100BB,BB,CO,UNOPENED,AJs,0,0,0,NONE,0
100BB,BB,CO,UNOPENED,ATs,0,0,0,NONE,0
100BB,BB,CO,UNOPENED,A9s,0,0,0,NONE,0
100BB,BB,CO,UNOPENED,A8s,0,0,0,NONE,0
100BB,BB,CO,UNOPENED,A7s,0,0,0,NONE,0
100BB,BB,CO,UNOPENED,A6s,0,0,0,NONE,0
100BB,BB,CO,UNOPENED,A5s,0,0,0,NONE,0
100BB,BB,CO,UNOPENED,A4s,0,0,0,NONE,0
100BB,BB,CO,UNOPENED,A3s,0,0,0,NONE,0
100BB,BB,CO,UNOPENED,A2s,0,0,0,NONE,0
100BB,BB,CO,UNOPENED,KQs,0,0,0,NONE,0
100BB,BB,CO,UNOPENED,KJs,0,0,0,NONE,0
100BB,BB,CO,UNOPENED,KTs,0,0,0,NONE,0
100BB,BB,CO,UNOPENED,K9s,0,0,0,NONE,0
100BB,BB,CO,UNOPENED,K8s,0,0,0,NONE,0
100BB,BB,CO,UNOPENED,K7s,0,0,0,NONE,0
100BB,BB,CO,UNOPENED,K6s,0,0,0,NONE,0
100BB,BB,CO,UNOPENED,K5s,0,0,0,NONE,0
100BB,BB,CO,UNOPENED,K4s,0,0,0,NONE,0
100BB,BB,CO,UNOPENED,K3s,0,0,0,NONE,0
100BB,BB,CO,UNOPENED,K2s,0,0,0,NONE,0
100BB,BB,CO,UNOPENED,QJs,0,0,0,NONE,0
100BB,BB,CO,UNOPENED,QTs,0,0,0,NONE,0
100BB,BB,CO,UNOPENED,Q9s,0,0,0,NONE,0
100BB,BB,CO,UNOPENED,Q8s,0,0,0,NONE,0
100BB,BB,CO,UNOPENED,Q7s,0,0,0,NONE,0
100BB,BB,CO,UNOPENED,Q6s,0,0,0,NONE,0
100BB,BB,CO,UNOPENED,Q5s,0,0,0,NONE,0
100BB,BB,CO,UNOPENED,Q4s,0,0,0,NONE,0
100BB,BB,CO,UNOPENED,Q3s,0,0,0,NONE,0
100BB,BB,CO,UNOPENED,Q2s,0,0,0,NONE,0
100BB,BB,CO,UNOPENED,JTs,0,0,0,NONE,0
100BB,BB,CO,UNOPENED,J9s,0,0,0,NONE,0
100BB,BB,CO,UNOPENED,J8s,0,0,0,NONE,0
100BB,BB,CO,UNOPENED,J7s,0,0,0,NONE,0
100BB,BB,CO,UNOPENED,J6s,0,0,0,NONE,0
100BB,BB,CO,UNOPENED,J5s,0,0,0,NONE,0
100BB,BB,CO,UNOPENED,J4s,0,0,0,NONE,0
100BB,BB,CO,UNOPENED,J3s,0,0,0,NONE,0
100BB,BB,CO,UNOPENED,J2s,0,0,0,NONE,0
100BB,BB,CO,UNOPENED,T9s,0,0,0,NONE,0
100BB,BB,CO,UNOPENED,T8s,0,0,0,NONE,0
100BB,BB,CO,UNOPENED,T7s,0,0,0,NONE,0
100BB,BB,CO,UNOPENED,T6s,0,0,0,NONE,0
100BB,BB,CO,UNOPENED,T5s,0,0,0,NONE,0
100BB,BB,CO,UNOPENED,T4s,0,0,0,NONE,0
100BB,BB,CO,UNOPENED,T3s,0,0,0,NONE,0
100BB,BB,CO,UNOPENED,T2s,0,0,0,NONE,0
100BB,BB,CO,UNOPENED,98s,0,0,0,NONE,0
100BB,BB,CO,UNOPENED,97s,0,0,0,NONE,0
100BB,BB,CO,UNOPENED,96s,0,0,0,NONE,0
100BB,BB,CO,UNOPENED,95s,0,0,0,NONE,0
100BB,BB,CO,UNOPENED,94s,0,0,0,NONE,0
100BB,BB,CO,UNOPENED,93s,0,0,0,NONE,0
100BB,BB,CO,UNOPENED,92s,0,0,0,NONE,0
100BB,BB,CO,UNOPENED,87s,0,0,0,NONE,0
100BB,BB,CO,UNOPENED,86s,0,0,0,NONE,0
100BB,BB,CO,UNOPENED,85s,0,0,0,NONE,0
100BB,BB,CO,UNOPENED,84s,0,0,0,NONE,0
100BB,BB,CO,UNOPENED,83s,0,0,0,NONE,0
100BB,BB,CO,UNOPENED,82s,0,0,0,NONE,0
100BB,BB,CO,UNOPENED,76s,0,0,0,NONE,0
100BB,BB,CO,UNOPENED,75s,0,0,0,NONE,0
100BB,BB,CO,UNOPENED,74s,0,0,0,NONE,0
100BB,BB,CO,UNOPENED,73s,0,0,0,NONE,0
100BB,BB,CO,UNOPENED,72s,0,0,0,NONE,0
100BB,BB,CO,UNOPENED,65s,0,0,0,NONE,0
100BB,BB,CO,UNOPENED,64s,0,0,0,NONE,0
100BB,BB,CO,UNOPENED,63s,0,0,0,NONE,0
100BB,BB,CO,UNOPENED,62s,0,0,0,NONE,0
100BB,BB,CO,UNOPENED,54s,0,0,0,NONE,0
100BB,BB,CO,UNOPENED,53s,0,0,0,NONE,0
100BB,BB,CO,UNOPENED,52s,0,0,0,NONE,0
100BB,BB,CO,UNOPENED,43s,0,0,0,NONE,0
100BB,BB,CO,UNOPENED,42s,0,0,0,NONE,0
100BB,BB,CO,UNOPENED,32s,0,0,0,NONE,0
100BB,BB,CO,UNOPENED,AKo,0,0,0,NONE,0
100BB,BB,CO,UNOPENED,AQo,0,0,0,NONE,0
100BB,BB,CO,UNOPENED,AJo,0,0,0,NONE,0
100BB,BB,CO,UNOPENED,ATo,0,0,0,NONE,0
100BB,BB,CO,UNOPENED,A9o,0,0,0,NONE,0
100BB,BB,CO,UNOPENED,A8o,0,0,0,NONE,0
100BB,BB,CO,UNOPENED,A7o,0,0,0,NONE,0
100BB,BB,CO,UNOPENED,A6o,0,0,0,NONE,0
100BB,BB,CO,UNOPENED,A5o,0,0,0,NONE,0
100BB,BB,CO,UNOPENED,A4o,0,0,0,NONE,0
100BB,BB,CO,UNOPENED,A3o,0,0,0,NONE,0
100BB,BB,CO,UNOPENED,A2o,0,0,0,NONE,0
100BB,BB,CO,UNOPENED,KQo,0,0,0,NONE,0
100BB,BB,CO,UNOPENED,KJo,0,0,0,NONE,0
100BB,BB,CO,UNOPENED,KTo,0,0,0,NONE,0
100BB,BB,CO,UNOPENED,K9o,0,0,0,NONE,0
100BB,BB,CO,UNOPENED,K8o,0,0,0,NONE,0
100BB,BB,CO,UNOPENED,K7o,0,0,0,NONE,0
100BB,BB,CO,UNOPENED,K6o,0,0,0,NONE,0
100BB,BB,CO,UNOPENED,K5o,0,0,0,NONE,0
100BB,BB,CO,UNOPENED,K4o,0,0,0,NONE,0
100BB,BB,CO,UNOPENED,K3o,0,0,0,NONE,0
100BB,BB,CO,UNOPENED,K2o,0,0,0,NONE,0
100BB,BB,CO,UNOPENED,QJo,0,0,0,NONE,0
100BB,BB,CO,UNOPENED,QTo,0,0,0,NONE,0
100BB,BB,CO,UNOPENED,Q9o,0,0,0,NONE,0
100BB,BB,CO,UNOPENED,Q8o,0,0,0,NONE,0
100BB,BB,CO,UNOPENED,Q7o,0,0,0,NONE,0
100BB,BB,CO,UNOPENED,Q6o,0,0,0,NONE,0
100BB,BB,CO,UNOPENED,Q5o,0,0,0,NONE,0
100BB,BB,CO,UNOPENED,Q4o,0,0,0,NONE,0
100BB,BB,CO,UNOPENED,Q3o,0,0,0,NONE,0
100BB,BB,CO,UNOPENED,Q2o,0,0,0,NONE,0
100BB,BB,CO,UNOPENED,JTo,0,0,0,NONE,0
100BB,BB,CO,UNOPENED,J9o,0,0,0,NONE,0
100BB,BB,CO,UNOPENED,J8o,0,0,0,NONE,0
100BB,BB,CO,UNOPENED,J7o,0,0,0,NONE,0
100BB,BB,CO,UNOPENED,J6o,0,0,0,NONE,0
100BB,BB,CO,UNOPENED,J5o,0,0,0,NONE,0
100BB,BB,CO,UNOPENED,J4o,0,0,0,NONE,0
100BB,BB,CO,UNOPENED,J3o,0,0,0,NONE,0
100BB,BB,CO,UNOPENED,J2o,0,0,0,NONE,0
100BB,BB,CO,UNOPENED,T9o,0,0,0,NONE,0
100BB,BB,CO,UNOPENED,T8o,0,0,0,NONE,0
100BB,BB,CO,UNOPENED,T7o,0,0,0,NONE,0
100BB,BB,CO,UNOPENED,T6o,0,0,0,NONE,0
100BB,BB,CO,UNOPENED,T5o,0,0,0,NONE,0
100BB,BB,CO,UNOPENED,T4o,0,0,0,NONE,0
100BB,BB,CO,UNOPENED,T3o,0,0,0,NONE,0
100BB,BB,CO,UNOPENED,T2o,0,0,0,NONE,0
100BB,BB,CO,UNOPENED,98o,0,0,0,NONE,0
100BB,BB,CO,UNOPENED,97o,0,0,0,NONE,0
100BB,BB,CO,UNOPENED,96o,0,0,0,NONE,0
100BB,BB,CO,UNOPENED,95o,0,0,0,NONE,0
100BB,BB,CO,UNOPENED,94o,0,0,0,NONE,0
100BB,BB,CO,UNOPENED,93o,0,0,0,NONE,0
100BB,BB,CO,UNOPENED,92o,0,0,0,NONE,0
100BB,BB,CO,UNOPENED,87o,0,0,0,NONE,0
100BB,BB,CO,UNOPENED,86o,0,0,0,NONE,0
100BB,BB,CO,UNOPENED,85o,0,0,0,NONE,0
100BB,BB,CO,UNOPENED,84o,0,0,0,NONE,0
100BB,BB,CO,UNOPENED,83o,0,0,0,NONE,0
100BB,BB,CO,UNOPENED,82o,0,0,0,NONE,0
100BB,BB,CO,UNOPENED,76o,0,0,0,NONE,0
100BB,BB,CO,UNOPENED,75o,0,0,0,NONE,0
100BB,BB,CO,UNOPENED,74o,0,0,0,NONE,0
100BB,BB,CO,UNOPENED,73o,0,0,0,NONE,0
100BB,BB,CO,UNOPENED,72o,0,0,0,NONE,0
100BB,BB,CO,UNOPENED,65o,0,0,0,NONE,0
100BB,BB,CO,UNOPENED,64o,0,0,0,NONE,0
100BB,BB,CO,UNOPENED,63o,0,0,0,NONE,0
100BB,BB,CO,UNOPENED,62o,0,0,0,NONE,0
100BB,BB,CO,UNOPENED,54o,0,0,0,NONE,0
100BB,BB,CO,UNOPENED,53o,0,0,0,NONE,0
100BB,BB,CO,UNOPENED,52o,0,0,0,NONE,0
100BB,BB,CO,UNOPENED,43o,0,0,0,NONE,0
100BB,BB,CO,UNOPENED,42o,0,0,0,NONE,0
100BB,BB,CO,UNOPENED,32o,0,0,0,NONE,0
100BB,BB,CO,ONE_RAISE,AA,0,0,100,5,1
100BB,BB,CO,ONE_RAISE,KK,0,0,100,5,1
100BB,BB,CO,ONE_RAISE,QQ,0,0,100,5,1
100BB,BB,CO,ONE_RAISE,JJ,0,0,100,5,1
100BB,BB,CO,ONE_RAISE,TT,0,39,61,5,1
100BB,BB,CO,ONE_RAISE,99,0,73,27,5,1
100BB,BB,CO,ONE_RAISE,88,0,86,14,5,1
100BB,BB,CO,ONE_RAISE,77,0,97,3,5,1
100BB,BB,CO,ONE_RAISE,66,0,95,5,5,1
100BB,BB,CO,ONE_RAISE,55,0,100,0,NONE,1
100BB,BB,CO,ONE_RAISE,44,0,100,0,NONE,1
100BB,BB,CO,ONE_RAISE,33,0,100,0,NONE,1
100BB,BB,CO,ONE_RAISE,22,0,100,0,NONE,1
100BB,BB,CO,ONE_RAISE,AKs,0,0,100,5,1
100BB,BB,CO,ONE_RAISE,AQs,0,0,100,5,1
100BB,BB,CO,ONE_RAISE,AJs,0,100,0,NONE,1
100BB,BB,CO,ONE_RAISE,ATs,0,100,0,NONE,1
100BB,BB,CO,ONE_RAISE,A9s,0,100,0,NONE,1
100BB,BB,CO,ONE_RAISE,A8s,0,100,0,NONE,1
100BB,BB,CO,ONE_RAISE,A7s,0,78,22,5,1
100BB,BB,CO,ONE_RAISE,A6s,0,100,0,NONE,1
100BB,BB,CO,ONE_RAISE,A5s,0,58,42,5,1
100BB,BB,CO,ONE_RAISE,A4s,0,100,0,NONE,1
100BB,BB,CO,ONE_RAISE,A3s,0,100,0,NONE,1
100BB,BB,CO,ONE_RAISE,A2s,0,100,0,NONE,1
100BB,BB,CO,ONE_RAISE,KQs,0,35,65,5,1
100BB,BB,CO,ONE_RAISE,KJs,0,100,0,NONE,1
100BB,BB,CO,ONE_RAISE,KTs,0,100,0,NONE,1
100BB,BB,CO,ONE_RAISE,K9s,0,100,0,NONE,1
100BB,BB,CO,ONE_RAISE,K8s,0,93,7,5,1
100BB,BB,CO,ONE_RAISE,K7s,0,100,0,NONE,1
100BB,BB,CO,ONE_RAISE,K6s,0,100,0,NONE,1
100BB,BB,CO,ONE_RAISE,K5s,0,93,7,5,1
100BB,BB,CO,ONE_RAISE,K4s,0,100,0,NONE,1
100BB,BB,CO,ONE_RAISE,K3s,0,100,0,NONE,1
100BB,BB,CO,ONE_RAISE,K2s,0,100,0,NONE,1
100BB,BB,CO,ONE_RAISE,QJs,0,98,2,5,1
100BB,BB,CO,ONE_RAISE,QTs,0,96,4,5,1
100BB,BB,CO,ONE_RAISE,Q9s,0,96,4,5,1
100BB,BB,CO,ONE_RAISE,Q8s,0,92,8,5,1
100BB,BB,CO,ONE_RAISE,Q7s,0,100,0,NONE,1
100BB,BB,CO,ONE_RAISE,Q6s,0,94,6,5,1
100BB,BB,CO,ONE_RAISE,Q5s,0,100,0,NONE,1
100BB,BB,CO,ONE_RAISE,Q4s,0,100,0,NONE,1
100BB,BB,CO,ONE_RAISE,Q3s,0,100,0,NONE,1
100BB,BB,CO,ONE_RAISE,Q2s,0,100,0,NONE,1
100BB,BB,CO,ONE_RAISE,JTs,0,4,96,5,1
100BB,BB,CO,ONE_RAISE,J9s,0,25,75,5,1
100BB,BB,CO,ONE_RAISE,J8s,0,10,90,5,1
100BB,BB,CO,ONE_RAISE,J7s,0,81,19,5,1
100BB,BB,CO,ONE_RAISE,J6s,0,100,0,NONE,1
100BB,BB,CO,ONE_RAISE,J5s,0,100,0,NONE,1
100BB,BB,CO,ONE_RAISE,J4s,0,100,0,NONE,1
100BB,BB,CO,ONE_RAISE,J3s,0,100,0,NONE,1
100BB,BB,CO,ONE_RAISE,J2s,0,100,0,NONE,1
100BB,BB,CO,ONE_RAISE,T9s,0,0,100,5,1
100BB,BB,CO,ONE_RAISE,T8s,0,8,92,5,1
100BB,BB,CO,ONE_RAISE,T7s,0,68,32,5,1
100BB,BB,CO,ONE_RAISE,T6s,0,76,24,5,1
100BB,BB,CO,ONE_RAISE,T5s,0,100,0,NONE,1
100BB,BB,CO,ONE_RAISE,T4s,0,100,0,NONE,1
100BB,BB,CO,ONE_RAISE,T3s,0,100,0,NONE,1
100BB,BB,CO,ONE_RAISE,T2s,0,100,0,NONE,1
100BB,BB,CO,ONE_RAISE,98s,0,77,23,5,1
100BB,BB,CO,ONE_RAISE,97s,0,75,25,5,1
100BB,BB,CO,ONE_RAISE,96s,0,100,0,NONE,1
100BB,BB,CO,ONE_RAISE,95s,0,100,0,NONE,1
100BB,BB,CO,ONE_RAISE,94s,0,100,0,NONE,1
100BB,BB,CO,ONE_RAISE,93s,0,100,0,NONE,1
100BB,BB,CO,ONE_RAISE,92s,0,100,0,NONE,1
100BB,BB,CO,ONE_RAISE,87s,0,26,74,5,1
100BB,BB,CO,ONE_RAISE,86s,0,69,31,5,1
100BB,BB,CO,ONE_RAISE,85s,0,100,0,NONE,1
100BB,BB,CO,ONE_RAISE,84s,0,100,0,NONE,1
100BB,BB,CO,ONE_RAISE,83s,0,100,0,NONE,1
100BB,BB,CO,ONE_RAISE,82s,0,100,0,NONE,1
100BB,BB,CO,ONE_RAISE,76s,0,25,75,5,1
100BB,BB,CO,ONE_RAISE,75s,0,80,20,5,1
100BB,BB,CO,ONE_RAISE,74s,0,100,0,NONE,1
100BB,BB,CO,ONE_RAISE,73s,0,100,0,NONE,1
100BB,BB,CO,ONE_RAISE,72s,0,100,0,NONE,1
100BB,BB,CO,ONE_RAISE,65s,0,65,35,5,1
100BB,BB,CO,ONE_RAISE,64s,0,91,9,5,1
100BB,BB,CO,ONE_RAISE,63s,0,100,0,NONE,1
100BB,BB,CO,ONE_RAISE,62s,0,100,0,NONE,1
100BB,BB,CO,ONE_RAISE,54s,0,8,92,5,1
100BB,BB,CO,ONE_RAISE,53s,0,100,0,NONE,1
100BB,BB,CO,ONE_RAISE,52s,0,100,0,NONE,1
100BB,BB,CO,ONE_RAISE,43s,0,100,0,NONE,1
100BB,BB,CO,ONE_RAISE,42s,0,100,0,NONE,1
100BB,BB,CO,ONE_RAISE,32s,0,100,0,NONE,1
100BB,BB,CO,ONE_RAISE,AKo,0,0,100,5,1
100BB,BB,CO,ONE_RAISE,AQo,0,40,60,5,1
100BB,BB,CO,ONE_RAISE,AJo,0,100,0,NONE,1
100BB,BB,CO,ONE_RAISE,ATo,0,100,0,NONE,1
100BB,BB,CO,ONE_RAISE,A9o,0,100,0,NONE,1
100BB,BB,CO,ONE_RAISE,A8o,0,80,20,5,1
100BB,BB,CO,ONE_RAISE,A7o,0,95,5,5,1
100BB,BB,CO,ONE_RAISE,A6o,0,94,6,5,1
100BB,BB,CO,ONE_RAISE,A5o,0,60,40,5,1
100BB,BB,CO,ONE_RAISE,A4o,0,80,20,5,1
100BB,BB,CO,ONE_RAISE,A3o,0,100,0,NONE,1
100BB,BB,CO,ONE_RAISE,A2o,0,100,0,NONE,1
100BB,BB,CO,ONE_RAISE,KQo,0,70,30,5,1
100BB,BB,CO,ONE_RAISE,KJo,0,87,13,5,1
100BB,BB,CO,ONE_RAISE,KTo,0,81,19,5,1
100BB,BB,CO,ONE_RAISE,K9o,0,82,18,5,1
100BB,BB,CO,ONE_RAISE,K8o,0,88,12,5,1
100BB,BB,CO,ONE_RAISE,K7o,0,100,0,NONE,1
100BB,BB,CO,ONE_RAISE,K6o,0,91,9,5,1
100BB,BB,CO,ONE_RAISE,K5o,0,100,0,NONE,1
100BB,BB,CO,ONE_RAISE,K4o,0,100,0,NONE,1
100BB,BB,CO,ONE_RAISE,K3o,0,100,0,NONE,1
100BB,BB,CO,ONE_RAISE,K2o,0,100,0,NONE,1
100BB,BB,CO,ONE_RAISE,QJo,0,73,27,5,1
100BB,BB,CO,ONE_RAISE,QTo,0,99,1,5,1
100BB,BB,CO,ONE_RAISE,Q9o,0,92,8,5,1
100BB,BB,CO,ONE_RAISE,Q8o,0,100,0,NONE,1
100BB,BB,CO,ONE_RAISE,Q7o,0,100,0,NONE,1
100BB,BB,CO,ONE_RAISE,Q6o,0,100,0,NONE,1
100BB,BB,CO,ONE_RAISE,Q5o,0,100,0,NONE,1
100BB,BB,CO,ONE_RAISE,Q4o,0,100,0,NONE,1
100BB,BB,CO,ONE_RAISE,Q3o,15,85,0,NONE,1
100BB,BB,CO,ONE_RAISE,Q2o,100,0,0,NONE,1
100BB,BB,CO,ONE_RAISE,JTo,0,84,16,5,1
100BB,BB,CO,ONE_RAISE,J9o,0,100,0,NONE,1
100BB,BB,CO,ONE_RAISE,J8o,0,100,0,NONE,1
100BB,BB,CO,ONE_RAISE,J7o,0,100,0,NONE,1
100BB,BB,CO,ONE_RAISE,J6o,0,100,0,NONE,1
100BB,BB,CO,ONE_RAISE,J5o,100,0,0,NONE,1
100BB,BB,CO,ONE_RAISE,J4o,100,0,0,NONE,1
100BB,BB,CO,ONE_RAISE,J3o,100,0,0,NONE,1
100BB,BB,CO,ONE_RAISE,J2o,100,0,0,NONE,1
100BB,BB,CO,ONE_RAISE,T9o,0,99,1,5,1
100BB,BB,CO,ONE_RAISE,T8o,0,100,0,NONE,1
100BB,BB,CO,ONE_RAISE,T7o,0,100,0,NONE,1
100BB,BB,CO,ONE_RAISE,T6o,97,3,0,NONE,1
100BB,BB,CO,ONE_RAISE,T5o,100,0,0,NONE,1
100BB,BB,CO,ONE_RAISE,T4o,100,0,0,NONE,1
100BB,BB,CO,ONE_RAISE,T3o,100,0,0,NONE,1
100BB,BB,CO,ONE_RAISE,T2o,100,0,0,NONE,1
100BB,BB,CO,ONE_RAISE,98o,0,100,0,NONE,1
100BB,BB,CO,ONE_RAISE,97o,0,100,0,NONE,1
100BB,BB,CO,ONE_RAISE,96o,0,100,0,NONE,1
100BB,BB,CO,ONE_RAISE,95o,100,0,0,NONE,1
100BB,BB,CO,ONE_RAISE,94o,100,0,0,NONE,1
100BB,BB,CO,ONE_RAISE,93o,100,0,0,NONE,1
100BB,BB,CO,ONE_RAISE,92o,100,0,0,NONE,1
100BB,BB,CO,ONE_RAISE,87o,0,100,0,NONE,1
100BB,BB,CO,ONE_RAISE,86o,0,100,0,NONE,1
100BB,BB,CO,ONE_RAISE,85o,0,100,0,NONE,1
100BB,BB,CO,ONE_RAISE,84o,100,0,0,NONE,1
100BB,BB,CO,ONE_RAISE,83o,100,0,0,NONE,1
100BB,BB,CO,ONE_RAISE,82o,100,0,0,NONE,1
100BB,BB,CO,ONE_RAISE,76o,0,100,0,NONE,1
100BB,BB,CO,ONE_RAISE,75o,0,100,0,NONE,1
100BB,BB,CO,ONE_RAISE,74o,100,0,0,NONE,1
100BB,BB,CO,ONE_RAISE,73o,100,0,0,NONE,1
100BB,BB,CO,ONE_RAISE,72o,100,0,0,NONE,1
100BB,BB,CO,ONE_RAISE,65o,0,100,0,NONE,1
100BB,BB,CO,ONE_RAISE,64o,0,100,0,NONE,1
100BB,BB,CO,ONE_RAISE,63o,100,0,0,NONE,1
100BB,BB,CO,ONE_RAISE,62o,100,0,0,NONE,1
100BB,BB,CO,ONE_RAISE,54o,0,100,0,NONE,1
100BB,BB,CO,ONE_RAISE,53o,0,100,0,NONE,1
100BB,BB,CO,ONE_RAISE,52o,100,0,0,NONE,1
100BB,BB,CO,ONE_RAISE,43o,0,100,0,NONE,1
100BB,BB,CO,ONE_RAISE,42o,100,0,0,NONE,1
100BB,BB,CO,ONE_RAISE,32o,100,0,0,NONE,1
100BB,BB,CO,THREE_BET,AA,0,0,100,2.5,1
100BB,BB,CO,THREE_BET,KK,0,0,100,2.5,1
100BB,BB,CO,THREE_BET,QQ,0,0,100,2.5,1
100BB,BB,CO,THREE_BET,JJ,0,0,100,2.5,1
100BB,BB,CO,THREE_BET,TT,67,0,33,2.5,1
100BB,BB,CO,THREE_BET,99,97,0,3,2.5,1
100BB,BB,CO,THREE_BET,88,92,0,8,2.5,1
100BB,BB,CO,THREE_BET,77,97,0,3,2.5,1
100BB,BB,CO,THREE_BET,66,100,0,0,NONE,1
100BB,BB,CO,THREE_BET,55,100,0,0,NONE,1
100BB,BB,CO,THREE_BET,44,100,0,0,NONE,1
100BB,BB,CO,THREE_BET,33,100,0,0,NONE,1
100BB,BB,CO,THREE_BET,22,100,0,0,NONE,1
100BB,BB,CO,THREE_BET,AKs,0,0,100,2.5,1
100BB,BB,CO,THREE_BET,AQs,0,0,100,2.5,1
100BB,BB,CO,THREE_BET,AJs,40,0,60,2.5,1
100BB,BB,CO,THREE_BET,ATs,29,0,71,2.5,1
100BB,BB,CO,THREE_BET,A9s,100,0,0,NONE,1
100BB,BB,CO,THREE_BET,A8s,98,0,2,2.5,1
100BB,BB,CO,THREE_BET,A7s,100,0,0,NONE,1
100BB,BB,CO,THREE_BET,A6s,100,0,0,NONE,1
100BB,BB,CO,THREE_BET,A5s,27,0,73,2.5,1
100BB,BB,CO,THREE_BET,A4s,89,0,11,2.5,1
100BB,BB,CO,THREE_BET,A3s,100,0,0,NONE,1
100BB,BB,CO,THREE_BET,A2s,100,0,0,NONE,1
100BB,BB,CO,THREE_BET,KQs,0,0,100,2.5,1
100BB,BB,CO,THREE_BET,KJs,76,0,24,2.5,1
100BB,BB,CO,THREE_BET,KTs,96,0,4,2.5,1
100BB,BB,CO,THREE_BET,K9s,100,0,0,NONE,1
100BB,BB,CO,THREE_BET,K8s,100,0,0,NONE,1
100BB,BB,CO,THREE_BET,K7s,100,0,0,NONE,1
100BB,BB,CO,THREE_BET,K6s,100,0,0,NONE,1
100BB,BB,CO,THREE_BET,K5s,100,0,0,NONE,1
100BB,BB,CO,THREE_BET,K4s,100,0,0,NONE,1
100BB,BB,CO,THREE_BET,K3s,100,0,0,NONE,1
100BB,BB,CO,THREE_BET,K2s,100,0,0,NONE,1
100BB,BB,CO,THREE_BET,QJs,100,0,0,NONE,1
100BB,BB,CO,THREE_BET,QTs,100,0,0,NONE,1
100BB,BB,CO,THREE_BET,Q9s,100,0,0,NONE,1
100BB,BB,CO,THREE_BET,Q8s,100,0,0,NONE,1
100BB,BB,CO,THREE_BET,Q7s,100,0,0,NONE,1
100BB,BB,CO,THREE_BET,Q6s,100,0,0,NONE,1
100BB,BB,CO,THREE_BET,Q5s,100,0,0,NONE,1
100BB,BB,CO,THREE_BET,Q4s,100,0,0,NONE,1
100BB,BB,CO,THREE_BET,Q3s,100,0,0,NONE,1
100BB,BB,CO,THREE_BET,Q2s,100,0,0,NONE,1
100BB,BB,CO,THREE_BET,JTs,100,0,0,NONE,1
100BB,BB,CO,THREE_BET,J9s,100,0,0,NONE,1
100BB,BB,CO,THREE_BET,J8s,100,0,0,NONE,1
100BB,BB,CO,THREE_BET,J7s,100,0,0,NONE,1
100BB,BB,CO,THREE_BET,J6s,100,0,0,NONE,1
100BB,BB,CO,THREE_BET,J5s,100,0,0,NONE,1
100BB,BB,CO,THREE_BET,J4s,100,0,0,NONE,1
100BB,BB,CO,THREE_BET,J3s,100,0,0,NONE,1
100BB,BB,CO,THREE_BET,J2s,100,0,0,NONE,1
100BB,BB,CO,THREE_BET,T9s,100,0,0,NONE,1
100BB,BB,CO,THREE_BET,T8s,100,0,0,NONE,1
100BB,BB,CO,THREE_BET,T7s,100,0,0,NONE,1
100BB,BB,CO,THREE_BET,T6s,100,0,0,NONE,1
100BB,BB,CO,THREE_BET,T5s,100,0,0,NONE,1
100BB,BB,CO,THREE_BET,T4s,100,0,0,NONE,1
100BB,BB,CO,THREE_BET,T3s,100,0,0,NONE,1
100BB,BB,CO,THREE_BET,T2s,100,0,0,NONE,1
100BB,BB,CO,THREE_BET,98s,100,0,0,NONE,1
100BB,BB,CO,THREE_BET,97s,100,0,0,NONE,1
100BB,BB,CO,THREE_BET,96s,100,0,0,NONE,1
100BB,BB,CO,THREE_BET,95s,100,0,0,NONE,1
100BB,BB,CO,THREE_BET,94s,100,0,0,NONE,1
100BB,BB,CO,THREE_BET,93s,100,0,0,NONE,1
100BB,BB,CO,THREE_BET,92s,100,0,0,NONE,1
100BB,BB,CO,THREE_BET,87s,100,0,0,NONE,1
100BB,BB,CO,THREE_BET,86s,100,0,0,NONE,1
100BB,BB,CO,THREE_BET,85s,100,0,0,NONE,1
100BB,BB,CO,THREE_BET,84s,100,0,0,NONE,1
100BB,BB,CO,THREE_BET,83s,100,0,0,NONE,1
100BB,BB,CO,THREE_BET,82s,100,0,0,NONE,1
100BB,BB,CO,THREE_BET,76s,100,0,0,NONE,1
100BB,BB,CO,THREE_BET,75s,100,0,0,NONE,1
100BB,BB,CO,THREE_BET,74s,100,0,0,NONE,1
100BB,BB,CO,THREE_BET,73s,100,0,0,NONE,1
100BB,BB,CO,THREE_BET,72s,100,0,0,NONE,1
100BB,BB,CO,THREE_BET,65s,100,0,0,NONE,1
100BB,BB,CO,THREE_BET,64s,100,0,0,NONE,1
100BB,BB,CO,THREE_BET,63s,100,0,0,NONE,1
100BB,BB,CO,THREE_BET,62s,100,0,0,NONE,1
100BB,BB,CO,THREE_BET,54s,100,0,0,NONE,1
100BB,BB,CO,THREE_BET,53s,100,0,0,NONE,1
100BB,BB,CO,THREE_BET,52s,100,0,0,NONE,1
100BB,BB,CO,THREE_BET,43s,100,0,0,NONE,1
100BB,BB,CO,THREE_BET,42s,100,0,0,NONE,1
100BB,BB,CO,THREE_BET,32s,100,0,0,NONE,1
100BB,BB,CO,THREE_BET,AKo,0,0,100,2.5,1
100BB,BB,CO,THREE_BET,AQo,74,0,26,2.5,1
100BB,BB,CO,THREE_BET,AJo,100,0,0,NONE,1
100BB,BB,CO,THREE_BET,ATo,100,0,0,NONE,1
100BB,BB,CO,THREE_BET,A9o,100,0,0,NONE,1
100BB,BB,CO,THREE_BET,A8o,100,0,0,NONE,1
100BB,BB,CO,THREE_BET,A7o,100,0,0,NONE,1
100BB,BB,CO,THREE_BET,A6o,100,0,0,NONE,1
100BB,BB,CO,THREE_BET,A5o,100,0,0,NONE,1
100BB,BB,CO,THREE_BET,A4o,100,0,0,NONE,1
100BB,BB,CO,THREE_BET,A3o,100,0,0,NONE,1
100BB,BB,CO,THREE_BET,A2o,100,0,0,NONE,1
100BB,BB,CO,THREE_BET,KQo,100,0,0,NONE,1
100BB,BB,CO,THREE_BET,KJo,100,0,0,NONE,1
100BB,BB,CO,THREE_BET,KTo,100,0,0,NONE,1
100BB,BB,CO,THREE_BET,K9o,100,0,0,NONE,1
100BB,BB,CO,THREE_BET,K8o,100,0,0,NONE,1
100BB,BB,CO,THREE_BET,K7o,100,0,0,NONE,1
100BB,BB,CO,THREE_BET,K6o,100,0,0,NONE,1
100BB,BB,CO,THREE_BET,K5o,100,0,0,NONE,1
100BB,BB,CO,THREE_BET,K4o,100,0,0,NONE,1
100BB,BB,CO,THREE_BET,K3o,100,0,0,NONE,1
100BB,BB,CO,THREE_BET,K2o,100,0,0,NONE,1
100BB,BB,CO,THREE_BET,QJo,100,0,0,NONE,1
100BB,BB,CO,THREE_BET,QTo,100,0,0,NONE,1
100BB,BB,CO,THREE_BET,Q9o,100,0,0,NONE,1
100BB,BB,CO,THREE_BET,Q8o,100,0,0,NONE,1
100BB,BB,CO,THREE_BET,Q7o,100,0,0,NONE,1
100BB,BB,CO,THREE_BET,Q6o,100,0,0,NONE,1
100BB,BB,CO,THREE_BET,Q5o,100,0,0,NONE,1
100BB,BB,CO,THREE_BET,Q4o,100,0,0,NONE,1
100BB,BB,CO,THREE_BET,Q3o,100,0,0,NONE,1
100BB,BB,CO,THREE_BET,Q2o,100,0,0,NONE,1
100BB,BB,CO,THREE_BET,JTo,100,0,0,NONE,1
100BB,BB,CO,THREE_BET,J9o,100,0,0,NONE,1
100BB,BB,CO,THREE_BET,J8o,100,0,0,NONE,1
100BB,BB,CO,THREE_BET,J7o,100,0,0,NONE,1
100BB,BB,CO,THREE_BET,J6o,100,0,0,NONE,1
100BB,BB,CO,THREE_BET,J5o,100,0,0,NONE,1
100BB,BB,CO,THREE_BET,J4o,100,0,0,NONE,1
100BB,BB,CO,THREE_BET,J3o,100,0,0,NONE,1
100BB,BB,CO,THREE_BET,J2o,100,0,0,NONE,1
100BB,BB,CO,THREE_BET,T9o,100,0,0,NONE,1
100BB,BB,CO,THREE_BET,T8o,100,0,0,NONE,1
100BB,BB,CO,THREE_BET,T7o,100,0,0,NONE,1
100BB,BB,CO,THREE_BET,T6o,100,0,0,NONE,1
100BB,BB,CO,THREE_BET,T5o,100,0,0,NONE,1
100BB,BB,CO,THREE_BET,T4o,100,0,0,NONE,1
100BB,BB,CO,THREE_BET,T3o,100,0,0,NONE,1
100BB,BB,CO,THREE_BET,T2o,100,0,0,NONE,1
100BB,BB,CO,THREE_BET,98o,100,0,0,NONE,1
100BB,BB,CO,THREE_BET,97o,100,0,0,NONE,1
100BB,BB,CO,THREE_BET,96o,100,0,0,NONE,1
100BB,BB,CO,THREE_BET,95o,100,0,0,NONE,1
100BB,BB,CO,THREE_BET,94o,100,0,0,NONE,1
100BB,BB,CO,THREE_BET,93o,100,0,0,NONE,1
100BB,BB,CO,THREE_BET,92o,100,0,0,NONE,1
100BB,BB,CO,THREE_BET,87o,100,0,0,NONE,1
100BB,BB,CO,THREE_BET,86o,100,0,0,NONE,1
100BB,BB,CO,THREE_BET,85o,100,0,0,NONE,1
100BB,BB,CO,THREE_BET,84o,100,0,0,NONE,1
100BB,BB,CO,THREE_BET,83o,100,0,0,NONE,1
100BB,BB,CO,THREE_BET,82o,100,0,0,NONE,1
100BB,BB,CO,THREE_BET,76o,100,0,0,NONE,1
100BB,BB,CO,THREE_BET,75o,100,0,0,NONE,1
100BB,BB,CO,THREE_BET,74o,100,0,0,NONE,1
100BB,BB,CO,THREE_BET,73o,100,0,0,NONE,1
100BB,BB,CO,THREE_BET,72o,100,0,0,NONE,1
100BB,BB,CO,THREE_BET,65o,100,0,0,NONE,1
100BB,BB,CO,THREE_BET,64o,100,0,0,NONE,1
100BB,BB,CO,THREE_BET,63o,100,0,0,NONE,1
100BB,BB,CO,THREE_BET,62o,100,0,0,NONE,1
100BB,BB,CO,THREE_BET,54o,100,0,0,NONE,1
100BB,BB,CO,THREE_BET,53o,100,0,0,NONE,1
100BB,BB,CO,THREE_BET,52o,100,0,0,NONE,1
100BB,BB,CO,THREE_BET,43o,100,0,0,NONE,1
100BB,BB,CO,THREE_BET,42o,100,0,0,NONE,1
100BB,BB,CO,THREE_BET,32o,100,0,0,NONE,1
100BB,BB,BTN,UNOPENED,AA,0,0,0,NONE,0
100BB,BB,BTN,UNOPENED,KK,0,0,0,NONE,0
100BB,BB,BTN,UNOPENED,QQ,0,0,0,NONE,0
100BB,BB,BTN,UNOPENED,JJ,0,0,0,NONE,0
100BB,BB,BTN,UNOPENED,TT,0,0,0,NONE,0
100BB,BB,BTN,UNOPENED,99,0,0,0,NONE,0
100BB,BB,BTN,UNOPENED,88,0,0,0,NONE,0
100BB,BB,BTN,UNOPENED,77,0,0,0,NONE,0
100BB,BB,BTN,UNOPENED,66,0,0,0,NONE,0
100BB,BB,BTN,UNOPENED,55,0,0,0,NONE,0
100BB,BB,BTN,UNOPENED,44,0,0,0,NONE,0
100BB,BB,BTN,UNOPENED,33,0,0,0,NONE,0
100BB,BB,BTN,UNOPENED,22,0,0,0,NONE,0
100BB,BB,BTN,UNOPENED,AKs,0,0,0,NONE,0
100BB,BB,BTN,UNOPENED,AQs,0,0,0,NONE,0
100BB,BB,BTN,UNOPENED,AJs,0,0,0,NONE,0
100BB,BB,BTN,UNOPENED,ATs,0,0,0,NONE,0
100BB,BB,BTN,UNOPENED,A9s,0,0,0,NONE,0
100BB,BB,BTN,UNOPENED,A8s,0,0,0,NONE,0
100BB,BB,BTN,UNOPENED,A7s,0,0,0,NONE,0
100BB,BB,BTN,UNOPENED,A6s,0,0,0,NONE,0
100BB,BB,BTN,UNOPENED,A5s,0,0,0,NONE,0
100BB,BB,BTN,UNOPENED,A4s,0,0,0,NONE,0
100BB,BB,BTN,UNOPENED,A3s,0,0,0,NONE,0
100BB,BB,BTN,UNOPENED,A2s,0,0,0,NONE,0
100BB,BB,BTN,UNOPENED,KQs,0,0,0,NONE,0
100BB,BB,BTN,UNOPENED,KJs,0,0,0,NONE,0
100BB,BB,BTN,UNOPENED,KTs,0,0,0,NONE,0
100BB,BB,BTN,UNOPENED,K9s,0,0,0,NONE,0
100BB,BB,BTN,UNOPENED,K8s,0,0,0,NONE,0
100BB,BB,BTN,UNOPENED,K7s,0,0,0,NONE,0
100BB,BB,BTN,UNOPENED,K6s,0,0,0,NONE,0
100BB,BB,BTN,UNOPENED,K5s,0,0,0,NONE,0
100BB,BB,BTN,UNOPENED,K4s,0,0,0,NONE,0
100BB,BB,BTN,UNOPENED,K3s,0,0,0,NONE,0
100BB,BB,BTN,UNOPENED,K2s,0,0,0,NONE,0
100BB,BB,BTN,UNOPENED,QJs,0,0,0,NONE,0
100BB,BB,BTN,UNOPENED,QTs,0,0,0,NONE,0
100BB,BB,BTN,UNOPENED,Q9s,0,0,0,NONE,0
100BB,BB,BTN,UNOPENED,Q8s,0,0,0,NONE,0
100BB,BB,BTN,UNOPENED,Q7s,0,0,0,NONE,0
100BB,BB,BTN,UNOPENED,Q6s,0,0,0,NONE,0
100BB,BB,BTN,UNOPENED,Q5s,0,0,0,NONE,0
100BB,BB,BTN,UNOPENED,Q4s,0,0,0,NONE,0
100BB,BB,BTN,UNOPENED,Q3s,0,0,0,NONE,0
100BB,BB,BTN,UNOPENED,Q2s,0,0,0,NONE,0
100BB,BB,BTN,UNOPENED,JTs,0,0,0,NONE,0
100BB,BB,BTN,UNOPENED,J9s,0,0,0,NONE,0
100BB,BB,BTN,UNOPENED,J8s,0,0,0,NONE,0
100BB,BB,BTN,UNOPENED,J7s,0,0,0,NONE,0
100BB,BB,BTN,UNOPENED,J6s,0,0,0,NONE,0
100BB,BB,BTN,UNOPENED,J5s,0,0,0,NONE,0
100BB,BB,BTN,UNOPENED,J4s,0,0,0,NONE,0
100BB,BB,BTN,UNOPENED,J3s,0,0,0,NONE,0
100BB,BB,BTN,UNOPENED,J2s,0,0,0,NONE,0
100BB,BB,BTN,UNOPENED,T9s,0,0,0,NONE,0
100BB,BB,BTN,UNOPENED,T8s,0,0,0,NONE,0
100BB,BB,BTN,UNOPENED,T7s,0,0,0,NONE,0
100BB,BB,BTN,UNOPENED,T6s,0,0,0,NONE,0
100BB,BB,BTN,UNOPENED,T5s,0,0,0,NONE,0
100BB,BB,BTN,UNOPENED,T4s,0,0,0,NONE,0
100BB,BB,BTN,UNOPENED,T3s,0,0,0,NONE,0
100BB,BB,BTN,UNOPENED,T2s,0,0,0,NONE,0
100BB,BB,BTN,UNOPENED,98s,0,0,0,NONE,0
100BB,BB,BTN,UNOPENED,97s,0,0,0,NONE,0
100BB,BB,BTN,UNOPENED,96s,0,0,0,NONE,0
100BB,BB,BTN,UNOPENED,95s,0,0,0,NONE,0
100BB,BB,BTN,UNOPENED,94s,0,0,0,NONE,0
100BB,BB,BTN,UNOPENED,93s,0,0,0,NONE,0
100BB,BB,BTN,UNOPENED,92s,0,0,0,NONE,0
100BB,BB,BTN,UNOPENED,87s,0,0,0,NONE,0
100BB,BB,BTN,UNOPENED,86s,0,0,0,NONE,0
100BB,BB,BTN,UNOPENED,85s,0,0,0,NONE,0
100BB,BB,BTN,UNOPENED,84s,0,0,0,NONE,0
100BB,BB,BTN,UNOPENED,83s,0,0,0,NONE,0
100BB,BB,BTN,UNOPENED,82s,0,0,0,NONE,0
100BB,BB,BTN,UNOPENED,76s,0,0,0,NONE,0
100BB,BB,BTN,UNOPENED,75s,0,0,0,NONE,0
100BB,BB,BTN,UNOPENED,74s,0,0,0,NONE,0
100BB,BB,BTN,UNOPENED,73s,0,0,0,NONE,0
100BB,BB,BTN,UNOPENED,72s,0,0,0,NONE,0
100BB,BB,BTN,UNOPENED,65s,0,0,0,NONE,0
100BB,BB,BTN,UNOPENED,64s,0,0,0,NONE,0
100BB,BB,BTN,UNOPENED,63s,0,0,0,NONE,0
100BB,BB,BTN,UNOPENED,62s,0,0,0,NONE,0
100BB,BB,BTN,UNOPENED,54s,0,0,0,NONE,0
100BB,BB,BTN,UNOPENED,53s,0,0,0,NONE,0
100BB,BB,BTN,UNOPENED,52s,0,0,0,NONE,0
100BB,BB,BTN,UNOPENED,43s,0,0,0,NONE,0
100BB,BB,BTN,UNOPENED,42s,0,0,0,NONE,0
100BB,BB,BTN,UNOPENED,32s,0,0,0,NONE,0
100BB,BB,BTN,UNOPENED,AKo,0,0,0,NONE,0
100BB,BB,BTN,UNOPENED,AQo,0,0,0,NONE,0
100BB,BB,BTN,UNOPENED,AJo,0,0,0,NONE,0
100BB,BB,BTN,UNOPENED,ATo,0,0,0,NONE,0
100BB,BB,BTN,UNOPENED,A9o,0,0,0,NONE,0
100BB,BB,BTN,UNOPENED,A8o,0,0,0,NONE,0
100BB,BB,BTN,UNOPENED,A7o,0,0,0,NONE,0
100BB,BB,BTN,UNOPENED,A6o,0,0,0,NONE,0
100BB,BB,BTN,UNOPENED,A5o,0,0,0,NONE,0
100BB,BB,BTN,UNOPENED,A4o,0,0,0,NONE,0
100BB,BB,BTN,UNOPENED,A3o,0,0,0,NONE,0
100BB,BB,BTN,UNOPENED,A2o,0,0,0,NONE,0
100BB,BB,BTN,UNOPENED,KQo,0,0,0,NONE,0
100BB,BB,BTN,UNOPENED,KJo,0,0,0,NONE,0
100BB,BB,BTN,UNOPENED,KTo,0,0,0,NONE,0
100BB,BB,BTN,UNOPENED,K9o,0,0,0,NONE,0
100BB,BB,BTN,UNOPENED,K8o,0,0,0,NONE,0
100BB,BB,BTN,UNOPENED,K7o,0,0,0,NONE,0
100BB,BB,BTN,UNOPENED,K6o,0,0,0,NONE,0
100BB,BB,BTN,UNOPENED,K5o,0,0,0,NONE,0
100BB,BB,BTN,UNOPENED,K4o,0,0,0,NONE,0
100BB,BB,BTN,UNOPENED,K3o,0,0,0,NONE,0
100BB,BB,BTN,UNOPENED,K2o,0,0,0,NONE,0
100BB,BB,BTN,UNOPENED,QJo,0,0,0,NONE,0
100BB,BB,BTN,UNOPENED,QTo,0,0,0,NONE,0
100BB,BB,BTN,UNOPENED,Q9o,0,0,0,NONE,0
100BB,BB,BTN,UNOPENED,Q8o,0,0,0,NONE,0
100BB,BB,BTN,UNOPENED,Q7o,0,0,0,NONE,0
100BB,BB,BTN,UNOPENED,Q6o,0,0,0,NONE,0
100BB,BB,BTN,UNOPENED,Q5o,0,0,0,NONE,0
100BB,BB,BTN,UNOPENED,Q4o,0,0,0,NONE,0
100BB,BB,BTN,UNOPENED,Q3o,0,0,0,NONE,0
100BB,BB,BTN,UNOPENED,Q2o,0,0,0,NONE,0
100BB,BB,BTN,UNOPENED,JTo,0,0,0,NONE,0
100BB,BB,BTN,UNOPENED,J9o,0,0,0,NONE,0
100BB,BB,BTN,UNOPENED,J8o,0,0,0,NONE,0
100BB,BB,BTN,UNOPENED,J7o,0,0,0,NONE,0
100BB,BB,BTN,UNOPENED,J6o,0,0,0,NONE,0
100BB,BB,BTN,UNOPENED,J5o,0,0,0,NONE,0
100BB,BB,BTN,UNOPENED,J4o,0,0,0,NONE,0
100BB,BB,BTN,UNOPENED,J3o,0,0,0,NONE,0
100BB,BB,BTN,UNOPENED,J2o,0,0,0,NONE,0
100BB,BB,BTN,UNOPENED,T9o,0,0,0,NONE,0
100BB,BB,BTN,UNOPENED,T8o,0,0,0,NONE,0
100BB,BB,BTN,UNOPENED,T7o,0,0,0,NONE,0
100BB,BB,BTN,UNOPENED,T6o,0,0,0,NONE,0
100BB,BB,BTN,UNOPENED,T5o,0,0,0,NONE,0
100BB,BB,BTN,UNOPENED,T4o,0,0,0,NONE,0
100BB,BB,BTN,UNOPENED,T3o,0,0,0,NONE,0
100BB,BB,BTN,UNOPENED,T2o,0,0,0,NONE,0
100BB,BB,BTN,UNOPENED,98o,0,0,0,NONE,0
100BB,BB,BTN,UNOPENED,97o,0,0,0,NONE,0
100BB,BB,BTN,UNOPENED,96o,0,0,0,NONE,0
100BB,BB,BTN,UNOPENED,95o,0,0,0,NONE,0
100BB,BB,BTN,UNOPENED,94o,0,0,0,NONE,0
100BB,BB,BTN,UNOPENED,93o,0,0,0,NONE,0
100BB,BB,BTN,UNOPENED,92o,0,0,0,NONE,0
100BB,BB,BTN,UNOPENED,87o,0,0,0,NONE,0
100BB,BB,BTN,UNOPENED,86o,0,0,0,NONE,0
100BB,BB,BTN,UNOPENED,85o,0,0,0,NONE,0
100BB,BB,BTN,UNOPENED,84o,0,0,0,NONE,0
100BB,BB,BTN,UNOPENED,83o,0,0,0,NONE,0
100BB,BB,BTN,UNOPENED,82o,0,0,0,NONE,0
100BB,BB,BTN,UNOPENED,76o,0,0,0,NONE,0
100BB,BB,BTN,UNOPENED,75o,0,0,0,NONE,0
100BB,BB,BTN,UNOPENED,74o,0,0,0,NONE,0
100BB,BB,BTN,UNOPENED,73o,0,0,0,NONE,0
100BB,BB,BTN,UNOPENED,72o,0,0,0,NONE,0
100BB,BB,BTN,UNOPENED,65o,0,0,0,NONE,0
100BB,BB,BTN,UNOPENED,64o,0,0,0,NONE,0
100BB,BB,BTN,UNOPENED,63o,0,0,0,NONE,0
100BB,BB,BTN,UNOPENED,62o,0,0,0,NONE,0
100BB,BB,BTN,UNOPENED,54o,0,0,0,NONE,0
100BB,BB,BTN,UNOPENED,53o,0,0,0,NONE,0
100BB,BB,BTN,UNOPENED,52o,0,0,0,NONE,0
100BB,BB,BTN,UNOPENED,43o,0,0,0,NONE,0
100BB,BB,BTN,UNOPENED,42o,0,0,0,NONE,0
100BB,BB,BTN,UNOPENED,32o,0,0,0,NONE,0
100BB,BB,BTN,ONE_RAISE,AA,0,0,100,5,1
100BB,BB,BTN,ONE_RAISE,KK,0,0,100,5,1
100BB,BB,BTN,ONE_RAISE,QQ,0,0,100,5,1
100BB,BB,BTN,ONE_RAISE,JJ,0,0,100,5,1
100BB,BB,BTN,ONE_RAISE,TT,0,0,100,5,1
100BB,BB,BTN,ONE_RAISE,99,0,10,90,5,1
100BB,BB,BTN,ONE_RAISE,88,0,80,20,5,1
100BB,BB,BTN,ONE_RAISE,77,0,94,6,5,1
100BB,BB,BTN,ONE_RAISE,66,0,82,18,5,1
100BB,BB,BTN,ONE_RAISE,55,0,100,0,NONE,1
100BB,BB,BTN,ONE_RAISE,44,0,100,0,NONE,1
100BB,BB,BTN,ONE_RAISE,33,0,100,0,NONE,1
100BB,BB,BTN,ONE_RAISE,22,0,100,0,NONE,1
100BB,BB,BTN,ONE_RAISE,AKs,0,0,100,5,1
100BB,BB,BTN,ONE_RAISE,AQs,0,0,100,5,1
100BB,BB,BTN,ONE_RAISE,AJs,0,0,100,5,1
100BB,BB,BTN,ONE_RAISE,ATs,0,83,17,5,1
100BB,BB,BTN,ONE_RAISE,A9s,0,100,0,NONE,1
100BB,BB,BTN,ONE_RAISE,A8s,0,100,0,NONE,1
100BB,BB,BTN,ONE_RAISE,A7s,0,100,0,NONE,1
100BB,BB,BTN,ONE_RAISE,A6s,0,100,0,NONE,1
100BB,BB,BTN,ONE_RAISE,A5s,0,61,39,5,1
100BB,BB,BTN,ONE_RAISE,A4s,0,92,8,5,1
100BB,BB,BTN,ONE_RAISE,A3s,0,100,0,NONE,1
100BB,BB,BTN,ONE_RAISE,A2s,0,100,0,NONE,1
100BB,BB,BTN,ONE_RAISE,KQs,0,0,100,5,1
100BB,BB,BTN,ONE_RAISE,KJs,0,91,9,5,1
100BB,BB,BTN,ONE_RAISE,KTs,0,100,0,NONE,1
100BB,BB,BTN,ONE_RAISE,K9s,0,100,0,NONE,1
100BB,BB,BTN,ONE_RAISE,K8s,0,100,0,NONE,1
100BB,BB,BTN,ONE_RAISE,K7s,0,100,0,NONE,1
100BB,BB,BTN,ONE_RAISE,K6s,0,100,0,NONE,1
100BB,BB,BTN,ONE_RAISE,K5s,0,100,0,NONE,1
100BB,BB,BTN,ONE_RAISE,K4s,0,100,0,NONE,1
100BB,BB,BTN,ONE_RAISE,K3s,0,100,0,NONE,1
100BB,BB,BTN,ONE_RAISE,K2s,0,100,0,NONE,1
100BB,BB,BTN,ONE_RAISE,QJs,0,37,63,5,1
100BB,BB,BTN,ONE_RAISE,QTs,0,99,1,5,1
100BB,BB,BTN,ONE_RAISE,Q9s,0,100,0,NONE,1
100BB,BB,BTN,ONE_RAISE,Q8s,0,100,0,NONE,1
100BB,BB,BTN,ONE_RAISE,Q7s,0,100,0,NONE,1
100BB,BB,BTN,ONE_RAISE,Q6s,0,100,0,NONE,1
100BB,BB,BTN,ONE_RAISE,Q5s,0,100,0,NONE,1
100BB,BB,BTN,ONE_RAISE,Q4s,0,100,0,NONE,1
100BB,BB,BTN,ONE_RAISE,Q3s,0,100,0,NONE,1
100BB,BB,BTN,ONE_RAISE,Q2s,0,100,0,NONE,1
100BB,BB,BTN,ONE_RAISE,JTs,0,68,32,5,1
100BB,BB,BTN,ONE_RAISE,J9s,0,99,1,5,1
100BB,BB,BTN,ONE_RAISE,J8s,0,100,0,NONE,1
100BB,BB,BTN,ONE_RAISE,J7s,0,92,8,5,1
100BB,BB,BTN,ONE_RAISE,J6s,0,94,6,5,1
100BB,BB,BTN,ONE_RAISE,J5s,0,99,1,5,1
100BB,BB,BTN,ONE_RAISE,J4s,0,100,0,NONE,1
100BB,BB,BTN,ONE_RAISE,J3s,0,100,0,NONE,1
100BB,BB,BTN,ONE_RAISE,J2s,0,100,0,NONE,1
100BB,BB,BTN,ONE_RAISE,T9s,0,37,63,5,1
100BB,BB,BTN,ONE_RAISE,T8s,0,41,59,5,1
100BB,BB,BTN,ONE_RAISE,T7s,0,0,100,5,1
100BB,BB,BTN,ONE_RAISE,T6s,0,38,62,5,1
100BB,BB,BTN,ONE_RAISE,T5s,0,100,0,NONE,1
100BB,BB,BTN,ONE_RAISE,T4s,0,100,0,NONE,1
100BB,BB,BTN,ONE_RAISE,T3s,0,100,0,NONE,1
100BB,BB,BTN,ONE_RAISE,T2s,0,100,0,NONE,1
100BB,BB,BTN,ONE_RAISE,98s,0,15,85,5,1
100BB,BB,BTN,ONE_RAISE,97s,0,65,35,5,1
100BB,BB,BTN,ONE_RAISE,96s,0,64,36,5,1
100BB,BB,BTN,ONE_RAISE,95s,0,100,0,NONE,1
100BB,BB,BTN,ONE_RAISE,94s,0,100,0,NONE,1
100BB,BB,BTN,ONE_RAISE,93s,0,100,0,NONE,1
100BB,BB,BTN,ONE_RAISE,92s,0,100,0,NONE,1
100BB,BB,BTN,ONE_RAISE,87s,0,0,100,5,1
100BB,BB,BTN,ONE_RAISE,86s,0,38,62,5,1
100BB,BB,BTN,ONE_RAISE,85s,0,100,0,NONE,1
100BB,BB,BTN,ONE_RAISE,84s,0,100,0,NONE,1
100BB,BB,BTN,ONE_RAISE,83s,0,100,0,NONE,1
100BB,BB,BTN,ONE_RAISE,82s,0,100,0,NONE,1
100BB,BB,BTN,ONE_RAISE,76s,0,0,100,5,1
100BB,BB,BTN,ONE_RAISE,75s,0,59,41,5,1
100BB,BB,BTN,ONE_RAISE,74s,0,100,0,NONE,1
100BB,BB,BTN,ONE_RAISE,73s,0,100,0,NONE,1
100BB,BB,BTN,ONE_RAISE,72s,0,100,0,NONE,1
100BB,BB,BTN,ONE_RAISE,65s,0,34,66,5,1
100BB,BB,BTN,ONE_RAISE,64s,0,91,9,5,1
100BB,BB,BTN,ONE_RAISE,63s,0,100,0,NONE,1
100BB,BB,BTN,ONE_RAISE,62s,0,100,0,NONE,1
100BB,BB,BTN,ONE_RAISE,54s,0,4,96,5,1
100BB,BB,BTN,ONE_RAISE,53s,0,100,0,NONE,1
100BB,BB,BTN,ONE_RAISE,52s,0,100,0,NONE,1
100BB,BB,BTN,ONE_RAISE,43s,0,100,0,NONE,1
100BB,BB,BTN,ONE_RAISE,42s,0,100,0,NONE,1
100BB,BB,BTN,ONE_RAISE,32s,0,100,0,NONE,1
100BB,BB,BTN,ONE_RAISE,AKo,0,0,100,5,1
100BB,BB,BTN,ONE_RAISE,AQo,0,0,100,5,1
100BB,BB,BTN,ONE_RAISE,AJo,0,43,57,5,1
100BB,BB,BTN,ONE_RAISE,ATo,0,95,5,5,1
100BB,BB,BTN,ONE_RAISE,A9o,0,100,0,NONE,1
100BB,BB,BTN,ONE_RAISE,A8o,0,97,3,5,1
100BB,BB,BTN,ONE_RAISE,A7o,0,100,0,NONE,1
100BB,BB,BTN,ONE_RAISE,A6o,0,79,21,5,1
100BB,BB,BTN,ONE_RAISE,A5o,0,43,57,5,1
100BB,BB,BTN,ONE_RAISE,A4o,0,58,42,5,1
100BB,BB,BTN,ONE_RAISE,A3o,0,100,0,NONE,1
100BB,BB,BTN,ONE_RAISE,A2o,0,100,0,NONE,1
100BB,BB,BTN,ONE_RAISE,KQo,0,48,52,5,1
100BB,BB,BTN,ONE_RAISE,KJo,0,58,42,5,1
100BB,BB,BTN,ONE_RAISE,KTo,0,88,12,5,1
100BB,BB,BTN,ONE_RAISE,K9o,0,79,21,5,1
100BB,BB,BTN,ONE_RAISE,K8o,0,90,10,5,1
100BB,BB,BTN,ONE_RAISE,K7o,0,100,0,NONE,1
100BB,BB,BTN,ONE_RAISE,K6o,0,52,48,5,1
100BB,BB,BTN,ONE_RAISE,K5o,0,69,31,5,1
100BB,BB,BTN,ONE_RAISE,K4o,0,100,0,NONE,1
100BB,BB,BTN,ONE_RAISE,K3o,0,100,0,NONE,1
100BB,BB,BTN,ONE_RAISE,K2o,0,100,0,NONE,1
100BB,BB,BTN,ONE_RAISE,QJo,0,94,6,5,1
100BB,BB,BTN,ONE_RAISE,QTo,0,81,19,5,1
100BB,BB,BTN,ONE_RAISE,Q9o,0,87,13,5,1
100BB,BB,BTN,ONE_RAISE,Q8o,0,95,5,5,1
100BB,BB,BTN,ONE_RAISE,Q7o,0,100,0,NONE,1
100BB,BB,BTN,ONE_RAISE,Q6o,0,100,0,NONE,1
100BB,BB,BTN,ONE_RAISE,Q5o,0,100,0,NONE,1
100BB,BB,BTN,ONE_RAISE,Q4o,0,100,0,NONE,1
100BB,BB,BTN,ONE_RAISE,Q3o,0,100,0,NONE,1
100BB,BB,BTN,ONE_RAISE,Q2o,100,0,0,NONE,1
100BB,BB,BTN,ONE_RAISE,JTo,0,61,39,5,1
100BB,BB,BTN,ONE_RAISE,J9o,0,76,24,5,1
100BB,BB,BTN,ONE_RAISE,J8o,0,81,19,5,1
100BB,BB,BTN,ONE_RAISE,J7o,0,94,6,5,1
100BB,BB,BTN,ONE_RAISE,J6o,24,76,0,NONE,1
100BB,BB,BTN,ONE_RAISE,J5o,0,100,0,NONE,1
100BB,BB,BTN,ONE_RAISE,J4o,100,0,0,NONE,1
100BB,BB,BTN,ONE_RAISE,J3o,100,0,0,NONE,1
100BB,BB,BTN,ONE_RAISE,J2o,100,0,0,NONE,1
100BB,BB,BTN,ONE_RAISE,T9o,0,73,27,5,1
100BB,BB,BTN,ONE_RAISE,T8o,0,92,8,5,1
100BB,BB,BTN,ONE_RAISE,T7o,0,97,3,5,1
100BB,BB,BTN,ONE_RAISE,T6o,0,100,0,NONE,1
100BB,BB,BTN,ONE_RAISE,T5o,100,0,0,NONE,1
100BB,BB,BTN,ONE_RAISE,T4o,100,0,0,NONE,1
100BB,BB,BTN,ONE_RAISE,T3o,100,0,0,NONE,1
100BB,BB,BTN,ONE_RAISE,T2o,100,0,0,NONE,1
100BB,BB,BTN,ONE_RAISE,98o,0,100,0,NONE,1
100BB,BB,BTN,ONE_RAISE,97o,0,100,0,NONE,1
100BB,BB,BTN,ONE_RAISE,96o,0,100,0,NONE,1
100BB,BB,BTN,ONE_RAISE,95o,100,0,0,NONE,1
100BB,BB,BTN,ONE_RAISE,94o,100,0,0,NONE,1
100BB,BB,BTN,ONE_RAISE,93o,100,0,0,NONE,1
100BB,BB,BTN,ONE_RAISE,92o,100,0,0,NONE,1
100BB,BB,BTN,ONE_RAISE,87o,0,100,0,NONE,1
100BB,BB,BTN,ONE_RAISE,86o,0,100,0,NONE,1
100BB,BB,BTN,ONE_RAISE,85o,100,0,0,NONE,1
100BB,BB,BTN,ONE_RAISE,84o,100,0,0,NONE,1
100BB,BB,BTN,ONE_RAISE,83o,100,0,0,NONE,1
100BB,BB,BTN,ONE_RAISE,82o,100,0,0,NONE,1
100BB,BB,BTN,ONE_RAISE,76o,0,100,0,NONE,1
100BB,BB,BTN,ONE_RAISE,75o,0,100,0,NONE,1
100BB,BB,BTN,ONE_RAISE,74o,100,0,0,NONE,1
100BB,BB,BTN,ONE_RAISE,73o,100,0,0,NONE,1
100BB,BB,BTN,ONE_RAISE,72o,100,0,0,NONE,1
100BB,BB,BTN,ONE_RAISE,65o,0,100,0,NONE,1
100BB,BB,BTN,ONE_RAISE,64o,0,100,0,NONE,1
100BB,BB,BTN,ONE_RAISE,63o,100,0,0,NONE,1
100BB,BB,BTN,ONE_RAISE,62o,100,0,0,NONE,1
100BB,BB,BTN,ONE_RAISE,54o,0,100,0,NONE,1
100BB,BB,BTN,ONE_RAISE,53o,0,100,0,NONE,1
100BB,BB,BTN,ONE_RAISE,52o,100,0,0,NONE,1
100BB,BB,BTN,ONE_RAISE,43o,92,8,0,NONE,1
100BB,BB,BTN,ONE_RAISE,42o,100,0,0,NONE,1
100BB,BB,BTN,ONE_RAISE,32o,100,0,0,NONE,1
100BB,BB,BTN,THREE_BET,AA,0,0,100,2.5,1
100BB,BB,BTN,THREE_BET,KK,0,0,100,2.5,1
100BB,BB,BTN,THREE_BET,QQ,0,0,100,2.5,1
100BB,BB,BTN,THREE_BET,JJ,0,0,100,2.5,1
100BB,BB,BTN,THREE_BET,TT,0,0,100,2.5,1
100BB,BB,BTN,THREE_BET,99,77,0,23,2.5,1
100BB,BB,BTN,THREE_BET,88,100,0,0,NONE,1
100BB,BB,BTN,THREE_BET,77,93,0,7,2.5,1
100BB,BB,BTN,THREE_BET,66,100,0,0,NONE,1
100BB,BB,BTN,THREE_BET,55,100,0,0,NONE,1
100BB,BB,BTN,THREE_BET,44,100,0,0,NONE,1
100BB,BB,BTN,THREE_BET,33,100,0,0,NONE,1
100BB,BB,BTN,THREE_BET,22,100,0,0,NONE,1
100BB,BB,BTN,THREE_BET,AKs,0,0,100,2.5,1
100BB,BB,BTN,THREE_BET,AQs,0,0,100,2.5,1
100BB,BB,BTN,THREE_BET,AJs,0,0,100,2.5,1
100BB,BB,BTN,THREE_BET,ATs,0,0,100,2.5,1
100BB,BB,BTN,THREE_BET,A9s,100,0,0,NONE,1
100BB,BB,BTN,THREE_BET,A8s,100,0,0,NONE,1
100BB,BB,BTN,THREE_BET,A7s,100,0,0,NONE,1
100BB,BB,BTN,THREE_BET,A6s,100,0,0,NONE,1
100BB,BB,BTN,THREE_BET,A5s,40,0,60,2.5,1
100BB,BB,BTN,THREE_BET,A4s,88,0,12,2.5,1
100BB,BB,BTN,THREE_BET,A3s,100,0,0,NONE,1
100BB,BB,BTN,THREE_BET,A2s,100,0,0,NONE,1
100BB,BB,BTN,THREE_BET,KQs,0,0,100,2.5,1
100BB,BB,BTN,THREE_BET,KJs,0,0,100,2.5,1
100BB,BB,BTN,THREE_BET,KTs,79,0,21,2.5,1
100BB,BB,BTN,THREE_BET,K9s,100,0,0,NONE,1
100BB,BB,BTN,THREE_BET,K8s,100,0,0,NONE,1
100BB,BB,BTN,THREE_BET,K7s,100,0,0,NONE,1
100BB,BB,BTN,THREE_BET,K6s,100,0,0,NONE,1
100BB,BB,BTN,THREE_BET,K5s,100,0,0,NONE,1
100BB,BB,BTN,THREE_BET,K4s,100,0,0,NONE,1
100BB,BB,BTN,THREE_BET,K3s,100,0,0,NONE,1
100BB,BB,BTN,THREE_BET,K2s,100,0,0,NONE,1
100BB,BB,BTN,THREE_BET,QJs,100,0,0,NONE,1
100BB,BB,BTN,THREE_BET,QTs,100,0,0,NONE,1
100BB,BB,BTN,THREE_BET,Q9s,100,0,0,NONE,1
100BB,BB,BTN,THREE_BET,Q8s,100,0,0,NONE,1
100BB,BB,BTN,THREE_BET,Q7s,100,0,0,NONE,1
100BB,BB,BTN,THREE_BET,Q6s,100,0,0,NONE,1
100BB,BB,BTN,THREE_BET,Q5s,100,0,0,NONE,1
100BB,BB,BTN,THREE_BET,Q4s,100,0,0,NONE,1
100BB,BB,BTN,THREE_BET,Q3s,100,0,0,NONE,1
100BB,BB,BTN,THREE_BET,Q2s,100,0,0,NONE,1
100BB,BB,BTN,THREE_BET,JTs,100,0,0,NONE,1
100BB,BB,BTN,THREE_BET,J9s,100,0,0,NONE,1
100BB,BB,BTN,THREE_BET,J8s,100,0,0,NONE,1
100BB,BB,BTN,THREE_BET,J7s,100,0,0,NONE,1
100BB,BB,BTN,THREE_BET,J6s,100,0,0,NONE,1
100BB,BB,BTN,THREE_BET,J5s,100,0,0,NONE,1
100BB,BB,BTN,THREE_BET,J4s,100,0,0,NONE,1
100BB,BB,BTN,THREE_BET,J3s,100,0,0,NONE,1
100BB,BB,BTN,THREE_BET,J2s,100,0,0,NONE,1
100BB,BB,BTN,THREE_BET,T9s,100,0,0,NONE,1
100BB,BB,BTN,THREE_BET,T8s,100,0,0,NONE,1
100BB,BB,BTN,THREE_BET,T7s,100,0,0,NONE,1
100BB,BB,BTN,THREE_BET,T6s,100,0,0,NONE,1
100BB,BB,BTN,THREE_BET,T5s,100,0,0,NONE,1
100BB,BB,BTN,THREE_BET,T4s,100,0,0,NONE,1
100BB,BB,BTN,THREE_BET,T3s,100,0,0,NONE,1
100BB,BB,BTN,THREE_BET,T2s,100,0,0,NONE,1
100BB,BB,BTN,THREE_BET,98s,100,0,0,NONE,1
100BB,BB,BTN,THREE_BET,97s,100,0,0,NONE,1
100BB,BB,BTN,THREE_BET,96s,100,0,0,NONE,1
100BB,BB,BTN,THREE_BET,95s,100,0,0,NONE,1
100BB,BB,BTN,THREE_BET,94s,100,0,0,NONE,1
100BB,BB,BTN,THREE_BET,93s,100,0,0,NONE,1
100BB,BB,BTN,THREE_BET,92s,100,0,0,NONE,1
100BB,BB,BTN,THREE_BET,87s,100,0,0,NONE,1
100BB,BB,BTN,THREE_BET,86s,100,0,0,NONE,1
100BB,BB,BTN,THREE_BET,85s,100,0,0,NONE,1
100BB,BB,BTN,THREE_BET,84s,100,0,0,NONE,1
100BB,BB,BTN,THREE_BET,83s,100,0,0,NONE,1
100BB,BB,BTN,THREE_BET,82s,100,0,0,NONE,1
100BB,BB,BTN,THREE_BET,76s,100,0,0,NONE,1
100BB,BB,BTN,THREE_BET,75s,100,0,0,NONE,1
100BB,BB,BTN,THREE_BET,74s,100,0,0,NONE,1
100BB,BB,BTN,THREE_BET,73s,100,0,0,NONE,1
100BB,BB,BTN,THREE_BET,72s,100,0,0,NONE,1
100BB,BB,BTN,THREE_BET,65s,100,0,0,NONE,1
100BB,BB,BTN,THREE_BET,64s,100,0,0,NONE,1
100BB,BB,BTN,THREE_BET,63s,100,0,0,NONE,1
100BB,BB,BTN,THREE_BET,62s,100,0,0,NONE,1
100BB,BB,BTN,THREE_BET,54s,100,0,0,NONE,1
100BB,BB,BTN,THREE_BET,53s,100,0,0,NONE,1
100BB,BB,BTN,THREE_BET,52s,100,0,0,NONE,1
100BB,BB,BTN,THREE_BET,43s,100,0,0,NONE,1
100BB,BB,BTN,THREE_BET,42s,100,0,0,NONE,1
100BB,BB,BTN,THREE_BET,32s,100,0,0,NONE,1
100BB,BB,BTN,THREE_BET,AKo,0,0,100,2.5,1
100BB,BB,BTN,THREE_BET,AQo,100,0,0,2.5,1
100BB,BB,BTN,THREE_BET,AJo,100,0,0,NONE,1
100BB,BB,BTN,THREE_BET,ATo,100,0,0,NONE,1
100BB,BB,BTN,THREE_BET,A9o,100,0,0,NONE,1
100BB,BB,BTN,THREE_BET,A8o,100,0,0,NONE,1
100BB,BB,BTN,THREE_BET,A7o,100,0,0,NONE,1
100BB,BB,BTN,THREE_BET,A6o,100,0,0,NONE,1
100BB,BB,BTN,THREE_BET,A5o,100,0,0,NONE,1
100BB,BB,BTN,THREE_BET,A4o,100,0,0,NONE,1
100BB,BB,BTN,THREE_BET,A3o,100,0,0,NONE,1
100BB,BB,BTN,THREE_BET,A2o,100,0,0,NONE,1
100BB,BB,BTN,THREE_BET,KQo,100,0,0,NONE,1
100BB,BB,BTN,THREE_BET,KJo,100,0,0,NONE,1
100BB,BB,BTN,THREE_BET,KTo,100,0,0,NONE,1
100BB,BB,BTN,THREE_BET,K9o,100,0,0,NONE,1
100BB,BB,BTN,THREE_BET,K8o,100,0,0,NONE,1
100BB,BB,BTN,THREE_BET,K7o,100,0,0,NONE,1
100BB,BB,BTN,THREE_BET,K6o,100,0,0,NONE,1
100BB,BB,BTN,THREE_BET,K5o,100,0,0,NONE,1
100BB,BB,BTN,THREE_BET,K4o,100,0,0,NONE,1
100BB,BB,BTN,THREE_BET,K3o,100,0,0,NONE,1
100BB,BB,BTN,THREE_BET,K2o,100,0,0,NONE,1
100BB,BB,BTN,THREE_BET,QJo,100,0,0,NONE,1
100BB,BB,BTN,THREE_BET,QTo,100,0,0,NONE,1
100BB,BB,BTN,THREE_BET,Q9o,100,0,0,NONE,1
100BB,BB,BTN,THREE_BET,Q8o,100,0,0,NONE,1
100BB,BB,BTN,THREE_BET,Q7o,100,0,0,NONE,1
100BB,BB,BTN,THREE_BET,Q6o,100,0,0,NONE,1
100BB,BB,BTN,THREE_BET,Q5o,100,0,0,NONE,1
100BB,BB,BTN,THREE_BET,Q4o,100,0,0,NONE,1
100BB,BB,BTN,THREE_BET,Q3o,100,0,0,NONE,1
100BB,BB,BTN,THREE_BET,Q2o,100,0,0,NONE,1
100BB,BB,BTN,THREE_BET,JTo,100,0,0,NONE,1
100BB,BB,BTN,THREE_BET,J9o,100,0,0,NONE,1
100BB,BB,BTN,THREE_BET,J8o,100,0,0,NONE,1
100BB,BB,BTN,THREE_BET,J7o,100,0,0,NONE,1
100BB,BB,BTN,THREE_BET,J6o,100,0,0,NONE,1
100BB,BB,BTN,THREE_BET,J5o,100,0,0,NONE,1
100BB,BB,BTN,THREE_BET,J4o,100,0,0,NONE,1
100BB,BB,BTN,THREE_BET,J3o,100,0,0,NONE,1
100BB,BB,BTN,THREE_BET,J2o,100,0,0,NONE,1
100BB,BB,BTN,THREE_BET,T9o,100,0,0,NONE,1
100BB,BB,BTN,THREE_BET,T8o,100,0,0,NONE,1
100BB,BB,BTN,THREE_BET,T7o,100,0,0,NONE,1
100BB,BB,BTN,THREE_BET,T6o,100,0,0,NONE,1
100BB,BB,BTN,THREE_BET,T5o,100,0,0,NONE,1
100BB,BB,BTN,THREE_BET,T4o,100,0,0,NONE,1
100BB,BB,BTN,THREE_BET,T3o,100,0,0,NONE,1
100BB,BB,BTN,THREE_BET,T2o,100,0,0,NONE,1
100BB,BB,BTN,THREE_BET,98o,100,0,0,NONE,1
100BB,BB,BTN,THREE_BET,97o,100,0,0,NONE,1
100BB,BB,BTN,THREE_BET,96o,100,0,0,NONE,1
100BB,BB,BTN,THREE_BET,95o,100,0,0,NONE,1
100BB,BB,BTN,THREE_BET,94o,100,0,0,NONE,1
100BB,BB,BTN,THREE_BET,93o,100,0,0,NONE,1
100BB,BB,BTN,THREE_BET,92o,100,0,0,NONE,1
100BB,BB,BTN,THREE_BET,87o,100,0,0,NONE,1
100BB,BB,BTN,THREE_BET,86o,100,0,0,NONE,1
100BB,BB,BTN,THREE_BET,85o,100,0,0,NONE,1
100BB,BB,BTN,THREE_BET,84o,100,0,0,NONE,1
100BB,BB,BTN,THREE_BET,83o,100,0,0,NONE,1
100BB,BB,BTN,THREE_BET,82o,100,0,0,NONE,1
100BB,BB,BTN,THREE_BET,76o,100,0,0,NONE,1
100BB,BB,BTN,THREE_BET,75o,100,0,0,NONE,1
100BB,BB,BTN,THREE_BET,74o,100,0,0,NONE,1
100BB,BB,BTN,THREE_BET,73o,100,0,0,NONE,1
100BB,BB,BTN,THREE_BET,72o,100,0,0,NONE,1
100BB,BB,BTN,THREE_BET,65o,100,0,0,NONE,1
100BB,BB,BTN,THREE_BET,64o,100,0,0,NONE,1
100BB,BB,BTN,THREE_BET,63o,100,0,0,NONE,1
100BB,BB,BTN,THREE_BET,62o,100,0,0,NONE,1
100BB,BB,BTN,THREE_BET,54o,100,0,0,NONE,1
100BB,BB,BTN,THREE_BET,53o,100,0,0,NONE,1
100BB,BB,BTN,THREE_BET,52o,100,0,0,NONE,1
100BB,BB,BTN,THREE_BET,43o,100,0,0,NONE,1
100BB,BB,BTN,THREE_BET,42o,100,0,0,NONE,1
100BB,BB,BTN,THREE_BET,32o,100,0,0,NONE,1
100BB,BB,SB,UNOPENED,AA,0,0,0,NONE,0
100BB,BB,SB,UNOPENED,KK,0,0,0,NONE,0
100BB,BB,SB,UNOPENED,QQ,0,0,0,NONE,0
100BB,BB,SB,UNOPENED,JJ,0,0,0,NONE,0
100BB,BB,SB,UNOPENED,TT,0,0,0,NONE,0
100BB,BB,SB,UNOPENED,99,0,0,0,NONE,0
100BB,BB,SB,UNOPENED,88,0,0,0,NONE,0
100BB,BB,SB,UNOPENED,77,0,0,0,NONE,0
100BB,BB,SB,UNOPENED,66,0,0,0,NONE,0
100BB,BB,SB,UNOPENED,55,0,0,0,NONE,0
100BB,BB,SB,UNOPENED,44,0,0,0,NONE,0
100BB,BB,SB,UNOPENED,33,0,0,0,NONE,0
100BB,BB,SB,UNOPENED,22,0,0,0,NONE,0
100BB,BB,SB,UNOPENED,AKs,0,0,0,NONE,0
100BB,BB,SB,UNOPENED,AQs,0,0,0,NONE,0
100BB,BB,SB,UNOPENED,AJs,0,0,0,NONE,0
100BB,BB,SB,UNOPENED,ATs,0,0,0,NONE,0
100BB,BB,SB,UNOPENED,A9s,0,0,0,NONE,0
100BB,BB,SB,UNOPENED,A8s,0,0,0,NONE,0
100BB,BB,SB,UNOPENED,A7s,0,0,0,NONE,0
100BB,BB,SB,UNOPENED,A6s,0,0,0,NONE,0
100BB,BB,SB,UNOPENED,A5s,0,0,0,NONE,0
100BB,BB,SB,UNOPENED,A4s,0,0,0,NONE,0
100BB,BB,SB,UNOPENED,A3s,0,0,0,NONE,0
100BB,BB,SB,UNOPENED,A2s,0,0,0,NONE,0
100BB,BB,SB,UNOPENED,KQs,0,0,0,NONE,0
100BB,BB,SB,UNOPENED,KJs,0,0,0,NONE,0
100BB,BB,SB,UNOPENED,KTs,0,0,0,NONE,0
100BB,BB,SB,UNOPENED,K9s,0,0,0,NONE,0
100BB,BB,SB,UNOPENED,K8s,0,0,0,NONE,0
100BB,BB,SB,UNOPENED,K7s,0,0,0,NONE,0
100BB,BB,SB,UNOPENED,K6s,0,0,0,NONE,0
100BB,BB,SB,UNOPENED,K5s,0,0,0,NONE,0
100BB,BB,SB,UNOPENED,K4s,0,0,0,NONE,0
100BB,BB,SB,UNOPENED,K3s,0,0,0,NONE,0
100BB,BB,SB,UNOPENED,K2s,0,0,0,NONE,0
100BB,BB,SB,UNOPENED,QJs,0,0,0,NONE,0
100BB,BB,SB,UNOPENED,QTs,0,0,0,NONE,0
100BB,BB,SB,UNOPENED,Q9s,0,0,0,NONE,0
100BB,BB,SB,UNOPENED,Q8s,0,0,0,NONE,0
100BB,BB,SB,UNOPENED,Q7s,0,0,0,NONE,0
100BB,BB,SB,UNOPENED,Q6s,0,0,0,NONE,0
100BB,BB,SB,UNOPENED,Q5s,0,0,0,NONE,0
100BB,BB,SB,UNOPENED,Q4s,0,0,0,NONE,0
100BB,BB,SB,UNOPENED,Q3s,0,0,0,NONE,0
100BB,BB,SB,UNOPENED,Q2s,0,0,0,NONE,0
100BB,BB,SB,UNOPENED,JTs,0,0,0,NONE,0
100BB,BB,SB,UNOPENED,J9s,0,0,0,NONE,0
100BB,BB,SB,UNOPENED,J8s,0,0,0,NONE,0
100BB,BB,SB,UNOPENED,J7s,0,0,0,NONE,0
100BB,BB,SB,UNOPENED,J6s,0,0,0,NONE,0
100BB,BB,SB,UNOPENED,J5s,0,0,0,NONE,0
100BB,BB,SB,UNOPENED,J4s,0,0,0,NONE,0
100BB,BB,SB,UNOPENED,J3s,0,0,0,NONE,0
100BB,BB,SB,UNOPENED,J2s,0,0,0,NONE,0
100BB,BB,SB,UNOPENED,T9s,0,0,0,NONE,0
100BB,BB,SB,UNOPENED,T8s,0,0,0,NONE,0
100BB,BB,SB,UNOPENED,T7s,0,0,0,NONE,0
100BB,BB,SB,UNOPENED,T6s,0,0,0,NONE,0
100BB,BB,SB,UNOPENED,T5s,0,0,0,NONE,0
100BB,BB,SB,UNOPENED,T4s,0,0,0,NONE,0
100BB,BB,SB,UNOPENED,T3s,0,0,0,NONE,0
100BB,BB,SB,UNOPENED,T2s,0,0,0,NONE,0
100BB,BB,SB,UNOPENED,98s,0,0,0,NONE,0
100BB,BB,SB,UNOPENED,97s,0,0,0,NONE,0
100BB,BB,SB,UNOPENED,96s,0,0,0,NONE,0
100BB,BB,SB,UNOPENED,95s,0,0,0,NONE,0
100BB,BB,SB,UNOPENED,94s,0,0,0,NONE,0
100BB,BB,SB,UNOPENED,93s,0,0,0,NONE,0
100BB,BB,SB,UNOPENED,92s,0,0,0,NONE,0
100BB,BB,SB,UNOPENED,87s,0,0,0,NONE,0
100BB,BB,SB,UNOPENED,86s,0,0,0,NONE,0
100BB,BB,SB,UNOPENED,85s,0,0,0,NONE,0
100BB,BB,SB,UNOPENED,84s,0,0,0,NONE,0
100BB,BB,SB,UNOPENED,83s,0,0,0,NONE,0
100BB,BB,SB,UNOPENED,82s,0,0,0,NONE,0
100BB,BB,SB,UNOPENED,76s,0,0,0,NONE,0
100BB,BB,SB,UNOPENED,75s,0,0,0,NONE,0
100BB,BB,SB,UNOPENED,74s,0,0,0,NONE,0
100BB,BB,SB,UNOPENED,73s,0,0,0,NONE,0
100BB,BB,SB,UNOPENED,72s,0,0,0,NONE,0
100BB,BB,SB,UNOPENED,65s,0,0,0,NONE,0
100BB,BB,SB,UNOPENED,64s,0,0,0,NONE,0
100BB,BB,SB,UNOPENED,63s,0,0,0,NONE,0
100BB,BB,SB,UNOPENED,62s,0,0,0,NONE,0
100BB,BB,SB,UNOPENED,54s,0,0,0,NONE,0
100BB,BB,SB,UNOPENED,53s,0,0,0,NONE,0
100BB,BB,SB,UNOPENED,52s,0,0,0,NONE,0
100BB,BB,SB,UNOPENED,43s,0,0,0,NONE,0
100BB,BB,SB,UNOPENED,42s,0,0,0,NONE,0
100BB,BB,SB,UNOPENED,32s,0,0,0,NONE,0
100BB,BB,SB,UNOPENED,AKo,0,0,0,NONE,0
100BB,BB,SB,UNOPENED,AQo,0,0,0,NONE,0
100BB,BB,SB,UNOPENED,AJo,0,0,0,NONE,0
100BB,BB,SB,UNOPENED,ATo,0,0,0,NONE,0
100BB,BB,SB,UNOPENED,A9o,0,0,0,NONE,0
100BB,BB,SB,UNOPENED,A8o,0,0,0,NONE,0
100BB,BB,SB,UNOPENED,A7o,0,0,0,NONE,0
100BB,BB,SB,UNOPENED,A6o,0,0,0,NONE,0
100BB,BB,SB,UNOPENED,A5o,0,0,0,NONE,0
100BB,BB,SB,UNOPENED,A4o,0,0,0,NONE,0
100BB,BB,SB,UNOPENED,A3o,0,0,0,NONE,0
100BB,BB,SB,UNOPENED,A2o,0,0,0,NONE,0
100BB,BB,SB,UNOPENED,KQo,0,0,0,NONE,0
100BB,BB,SB,UNOPENED,KJo,0,0,0,NONE,0
100BB,BB,SB,UNOPENED,KTo,0,0,0,NONE,0
100BB,BB,SB,UNOPENED,K9o,0,0,0,NONE,0
100BB,BB,SB,UNOPENED,K8o,0,0,0,NONE,0
100BB,BB,SB,UNOPENED,K7o,0,0,0,NONE,0
100BB,BB,SB,UNOPENED,K6o,0,0,0,NONE,0
100BB,BB,SB,UNOPENED,K5o,0,0,0,NONE,0
100BB,BB,SB,UNOPENED,K4o,0,0,0,NONE,0
100BB,BB,SB,UNOPENED,K3o,0,0,0,NONE,0
100BB,BB,SB,UNOPENED,K2o,0,0,0,NONE,0
100BB,BB,SB,UNOPENED,QJo,0,0,0,NONE,0
100BB,BB,SB,UNOPENED,QTo,0,0,0,NONE,0
100BB,BB,SB,UNOPENED,Q9o,0,0,0,NONE,0
100BB,BB,SB,UNOPENED,Q8o,0,0,0,NONE,0
100BB,BB,SB,UNOPENED,Q7o,0,0,0,NONE,0
100BB,BB,SB,UNOPENED,Q6o,0,0,0,NONE,0
100BB,BB,SB,UNOPENED,Q5o,0,0,0,NONE,0
100BB,BB,SB,UNOPENED,Q4o,0,0,0,NONE,0
100BB,BB,SB,UNOPENED,Q3o,0,0,0,NONE,0
100BB,BB,SB,UNOPENED,Q2o,0,0,0,NONE,0
100BB,BB,SB,UNOPENED,JTo,0,0,0,NONE,0
100BB,BB,SB,UNOPENED,J9o,0,0,0,NONE,0
100BB,BB,SB,UNOPENED,J8o,0,0,0,NONE,0
100BB,BB,SB,UNOPENED,J7o,0,0,0,NONE,0
100BB,BB,SB,UNOPENED,J6o,0,0,0,NONE,0
100BB,BB,SB,UNOPENED,J5o,0,0,0,NONE,0
100BB,BB,SB,UNOPENED,J4o,0,0,0,NONE,0
100BB,BB,SB,UNOPENED,J3o,0,0,0,NONE,0
100BB,BB,SB,UNOPENED,J2o,0,0,0,NONE,0
100BB,BB,SB,UNOPENED,T9o,0,0,0,NONE,0
100BB,BB,SB,UNOPENED,T8o,0,0,0,NONE,0
100BB,BB,SB,UNOPENED,T7o,0,0,0,NONE,0
100BB,BB,SB,UNOPENED,T6o,0,0,0,NONE,0
100BB,BB,SB,UNOPENED,T5o,0,0,0,NONE,0
100BB,BB,SB,UNOPENED,T4o,0,0,0,NONE,0
100BB,BB,SB,UNOPENED,T3o,0,0,0,NONE,0
100BB,BB,SB,UNOPENED,T2o,0,0,0,NONE,0
100BB,BB,SB,UNOPENED,98o,0,0,0,NONE,0
100BB,BB,SB,UNOPENED,97o,0,0,0,NONE,0
100BB,BB,SB,UNOPENED,96o,0,0,0,NONE,0
100BB,BB,SB,UNOPENED,95o,0,0,0,NONE,0
100BB,BB,SB,UNOPENED,94o,0,0,0,NONE,0
100BB,BB,SB,UNOPENED,93o,0,0,0,NONE,0
100BB,BB,SB,UNOPENED,92o,0,0,0,NONE,0
100BB,BB,SB,UNOPENED,87o,0,0,0,NONE,0
100BB,BB,SB,UNOPENED,86o,0,0,0,NONE,0
100BB,BB,SB,UNOPENED,85o,0,0,0,NONE,0
100BB,BB,SB,UNOPENED,84o,0,0,0,NONE,0
100BB,BB,SB,UNOPENED,83o,0,0,0,NONE,0
100BB,BB,SB,UNOPENED,82o,0,0,0,NONE,0
100BB,BB,SB,UNOPENED,76o,0,0,0,NONE,0
100BB,BB,SB,UNOPENED,75o,0,0,0,NONE,0
100BB,BB,SB,UNOPENED,74o,0,0,0,NONE,0
100BB,BB,SB,UNOPENED,73o,0,0,0,NONE,0
100BB,BB,SB,UNOPENED,72o,0,0,0,NONE,0
100BB,BB,SB,UNOPENED,65o,0,0,0,NONE,0
100BB,BB,SB,UNOPENED,64o,0,0,0,NONE,0
100BB,BB,SB,UNOPENED,63o,0,0,0,NONE,0
100BB,BB,SB,UNOPENED,62o,0,0,0,NONE,0
100BB,BB,SB,UNOPENED,54o,0,0,0,NONE,0
100BB,BB,SB,UNOPENED,53o,0,0,0,NONE,0
100BB,BB,SB,UNOPENED,52o,0,0,0,NONE,0
100BB,BB,SB,UNOPENED,43o,0,0,0,NONE,0
100BB,BB,SB,UNOPENED,42o,0,0,0,NONE,0
100BB,BB,SB,UNOPENED,32o,0,0,0,NONE,0
100BB,BB,SB,ONE_RAISE,AA,0,0,100,3,1
100BB,BB,SB,ONE_RAISE,KK,0,0,100,3,1
100BB,BB,SB,ONE_RAISE,QQ,0,0,100,3,1
100BB,BB,SB,ONE_RAISE,JJ,0,0,100,3,1
100BB,BB,SB,ONE_RAISE,TT,0,39,61,3,1
100BB,BB,SB,ONE_RAISE,99,0,100,0,NONE,1
100BB,BB,SB,ONE_RAISE,88,0,100,0,NONE,1
100BB,BB,SB,ONE_RAISE,77,0,100,0,NONE,1
100BB,BB,SB,ONE_RAISE,66,0,82,18,3,1
100BB,BB,SB,ONE_RAISE,55,0,100,0,NONE,1
100BB,BB,SB,ONE_RAISE,44,0,100,0,NONE,1
100BB,BB,SB,ONE_RAISE,33,0,100,0,NONE,1
100BB,BB,SB,ONE_RAISE,22,0,100,0,NONE,1
100BB,BB,SB,ONE_RAISE,AKs,0,0,100,3,1
100BB,BB,SB,ONE_RAISE,AQs,0,0,100,3,1
100BB,BB,SB,ONE_RAISE,AJs,0,0,100,3,1
100BB,BB,SB,ONE_RAISE,ATs,0,64,36,3,1
100BB,BB,SB,ONE_RAISE,A9s,0,100,0,NONE,1
100BB,BB,SB,ONE_RAISE,A8s,0,100,0,NONE,1
100BB,BB,SB,ONE_RAISE,A7s,0,100,0,NONE,1
100BB,BB,SB,ONE_RAISE,A6s,0,100,0,NONE,1
100BB,BB,SB,ONE_RAISE,A5s,0,100,0,NONE,1
100BB,BB,SB,ONE_RAISE,A4s,0,100,0,NONE,1
100BB,BB,SB,ONE_RAISE,A3s,0,100,0,NONE,1
100BB,BB,SB,ONE_RAISE,A2s,0,100,0,NONE,1
100BB,BB,SB,ONE_RAISE,KQs,0,4,96,3,1
100BB,BB,SB,ONE_RAISE,KJs,0,94,6,3,1
100BB,BB,SB,ONE_RAISE,KTs,0,97,3,3,1
100BB,BB,SB,ONE_RAISE,K9s,0,100,0,NONE,1
100BB,BB,SB,ONE_RAISE,K8s,0,100,0,NONE,1
100BB,BB,SB,ONE_RAISE,K7s,0,100,0,NONE,1
100BB,BB,SB,ONE_RAISE,K6s,0,100,0,NONE,1
100BB,BB,SB,ONE_RAISE,K5s,0,100,0,NONE,1
100BB,BB,SB,ONE_RAISE,K4s,0,100,0,NONE,1
100BB,BB,SB,ONE_RAISE,K3s,0,100,0,NONE,1
100BB,BB,SB,ONE_RAISE,K2s,0,100,0,NONE,1
100BB,BB,SB,ONE_RAISE,QJs,0,60,40,3,1
100BB,BB,SB,ONE_RAISE,QTs,0,91,9,3,1
100BB,BB,SB,ONE_RAISE,Q9s,0,100,0,NONE,1
100BB,BB,SB,ONE_RAISE,Q8s,0,100,0,NONE,1
100BB,BB,SB,ONE_RAISE,Q7s,0,100,0,NONE,1
100BB,BB,SB,ONE_RAISE,Q6s,0,100,0,NONE,1
100BB,BB,SB,ONE_RAISE,Q5s,0,100,0,NONE,1
100BB,BB,SB,ONE_RAISE,Q4s,0,100,0,NONE,1
100BB,BB,SB,ONE_RAISE,Q3s,0,100,0,NONE,1
100BB,BB,SB,ONE_RAISE,Q2s,0,100,0,NONE,1
100BB,BB,SB,ONE_RAISE,JTs,0,80,20,3,1
100BB,BB,SB,ONE_RAISE,J9s,0,100,0,NONE,1
100BB,BB,SB,ONE_RAISE,J8s,0,100,0,NONE,1
100BB,BB,SB,ONE_RAISE,J7s,0,100,0,NONE,1
100BB,BB,SB,ONE_RAISE,J6s,0,100,0,NONE,1
100BB,BB,SB,ONE_RAISE,J5s,0,100,0,NONE,1
100BB,BB,SB,ONE_RAISE,J4s,0,100,0,NONE,1
100BB,BB,SB,ONE_RAISE,J3s,0,100,0,NONE,1
100BB,BB,SB,ONE_RAISE,J2s,0,100,0,NONE,1
100BB,BB,SB,ONE_RAISE,T9s,0,51,49,3,1
100BB,BB,SB,ONE_RAISE,T8s,0,100,0,NONE,1
100BB,BB,SB,ONE_RAISE,T7s,0,100,0,NONE,1
100BB,BB,SB,ONE_RAISE,T6s,0,100,0,NONE,1
100BB,BB,SB,ONE_RAISE,T5s,0,100,0,NONE,1
100BB,BB,SB,ONE_RAISE,T4s,0,100,0,NONE,1
100BB,BB,SB,ONE_RAISE,T3s,0,66,34,3,1
100BB,BB,SB,ONE_RAISE,T2s,0,100,0,NONE,1
100BB,BB,SB,ONE_RAISE,98s,0,73,27,3,1
100BB,BB,SB,ONE_RAISE,97s,0,100,0,NONE,1
100BB,BB,SB,ONE_RAISE,96s,0,100,0,NONE,1
100BB,BB,SB,ONE_RAISE,95s,0,98,2,3,1
100BB,BB,SB,ONE_RAISE,94s,0,87,13,3,1
100BB,BB,SB,ONE_RAISE,93s,0,100,0,NONE,1
100BB,BB,SB,ONE_RAISE,92s,0,100,0,NONE,1
100BB,BB,SB,ONE_RAISE,87s,0,47,53,3,1
100BB,BB,SB,ONE_RAISE,86s,0,87,13,3,1
100BB,BB,SB,ONE_RAISE,85s,0,100,0,NONE,1
100BB,BB,SB,ONE_RAISE,84s,0,100,0,NONE,1
100BB,BB,SB,ONE_RAISE,83s,0,100,0,NONE,1
100BB,BB,SB,ONE_RAISE,82s,0,76,24,3,1
100BB,BB,SB,ONE_RAISE,76s,0,23,77,3,1
100BB,BB,SB,ONE_RAISE,75s,0,100,0,NONE,1
100BB,BB,SB,ONE_RAISE,74s,0,100,0,NONE,1
100BB,BB,SB,ONE_RAISE,73s,0,100,0,NONE,1
100BB,BB,SB,ONE_RAISE,72s,0,100,0,NONE,1
100BB,BB,SB,ONE_RAISE,65s,0,77,23,3,1
100BB,BB,SB,ONE_RAISE,64s,0,100,0,NONE,1
100BB,BB,SB,ONE_RAISE,63s,0,100,0,NONE,1
100BB,BB,SB,ONE_RAISE,62s,0,100,0,NONE,1
100BB,BB,SB,ONE_RAISE,54s,0,81,19,3,1
100BB,BB,SB,ONE_RAISE,53s,0,100,0,NONE,1
100BB,BB,SB,ONE_RAISE,52s,0,98,2,3,1
100BB,BB,SB,ONE_RAISE,43s,0,100,0,NONE,1
100BB,BB,SB,ONE_RAISE,42s,0,100,0,NONE,1
100BB,BB,SB,ONE_RAISE,32s,0,100,0,NONE,1
100BB,BB,SB,ONE_RAISE,AKo,0,0,100,3,1
100BB,BB,SB,ONE_RAISE,AQo,0,12,88,3,1
100BB,BB,SB,ONE_RAISE,AJo,0,86,14,3,1
100BB,BB,SB,ONE_RAISE,ATo,0,98,2,3,1
100BB,BB,SB,ONE_RAISE,A9o,0,100,0,NONE,1
100BB,BB,SB,ONE_RAISE,A8o,0,100,0,NONE,1
100BB,BB,SB,ONE_RAISE,A7o,0,100,0,NONE,1
100BB,BB,SB,ONE_RAISE,A6o,0,53,47,3,1
100BB,BB,SB,ONE_RAISE,A5o,0,61,39,3,1
100BB,BB,SB,ONE_RAISE,A4o,0,96,4,3,1
100BB,BB,SB,ONE_RAISE,A3o,0,80,20,3,1
100BB,BB,SB,ONE_RAISE,A2o,0,47,53,3,1
100BB,BB,SB,ONE_RAISE,KQo,0,90,10,3,1
100BB,BB,SB,ONE_RAISE,KJo,0,81,19,3,1
100BB,BB,SB,ONE_RAISE,KTo,0,82,18,3,1
100BB,BB,SB,ONE_RAISE,K9o,0,98,2,3,1
100BB,BB,SB,ONE_RAISE,K8o,0,100,0,NONE,1
100BB,BB,SB,ONE_RAISE,K7o,0,98,2,3,1
100BB,BB,SB,ONE_RAISE,K6o,0,65,35,3,1
100BB,BB,SB,ONE_RAISE,K5o,0,59,41,3,1
100BB,BB,SB,ONE_RAISE,K4o,0,52,48,3,1
100BB,BB,SB,ONE_RAISE,K3o,3,63,34,3,1
100BB,BB,SB,ONE_RAISE,K2o,61,38,1,NONE,1
100BB,BB,SB,ONE_RAISE,QJo,0,96,4,3,1
100BB,BB,SB,ONE_RAISE,QTo,0,100,0,NONE,1
100BB,BB,SB,ONE_RAISE,Q9o,0,94,6,3,1
100BB,BB,SB,ONE_RAISE,Q8o,0,90,10,3,1
100BB,BB,SB,ONE_RAISE,Q7o,2,80,18,3,1
100BB,BB,SB,ONE_RAISE,Q6o,36,36,28,3,1
100BB,BB,SB,ONE_RAISE,Q5o,1,80,19,3,1
100BB,BB,SB,ONE_RAISE,Q4o,71,6,23,3,1
100BB,BB,SB,ONE_RAISE,Q3o,99,0,1,3,1
100BB,BB,SB,ONE_RAISE,Q2o,100,0,0,NONE,1
100BB,BB,SB,ONE_RAISE,JTo,0,95,5,3,1
100BB,BB,SB,ONE_RAISE,J9o,0,67,33,3,1
100BB,BB,SB,ONE_RAISE,J8o,0,66,34,3,1
100BB,BB,SB,ONE_RAISE,J7o,0,71,29,3,1
100BB,BB,SB,ONE_RAISE,J6o,100,0,0,NONE,1
100BB,BB,SB,ONE_RAISE,J5o,100,0,0,NONE,1
100BB,BB,SB,ONE_RAISE,J4o,99,0,1,3,1
100BB,BB,SB,ONE_RAISE,J3o,100,0,0,NONE,1
100BB,BB,SB,ONE_RAISE,J2o,100,0,0,NONE,1
100BB,BB,SB,ONE_RAISE,T9o,0,83,17,3,1
100BB,BB,SB,ONE_RAISE,T8o,0,85,15,3,1
100BB,BB,SB,ONE_RAISE,T7o,0,62,38,3,1
100BB,BB,SB,ONE_RAISE,T6o,84,2,14,3,1
100BB,BB,SB,ONE_RAISE,T5o,100,0,0,NONE,1
100BB,BB,SB,ONE_RAISE,T4o,100,0,0,NONE,1
100BB,BB,SB,ONE_RAISE,T3o,100,0,0,NONE,1
100BB,BB,SB,ONE_RAISE,T2o,100,0,0,NONE,1
100BB,BB,SB,ONE_RAISE,98o,0,82,18,3,1
100BB,BB,SB,ONE_RAISE,97o,0,68,32,3,1
100BB,BB,SB,ONE_RAISE,96o,61,38,1,3,1
100BB,BB,SB,ONE_RAISE,95o,100,0,0,NONE,1
100BB,BB,SB,ONE_RAISE,94o,100,0,0,NONE,1
100BB,BB,SB,ONE_RAISE,93o,100,0,0,NONE,1
100BB,BB,SB,ONE_RAISE,92o,100,0,0,NONE,1
100BB,BB,SB,ONE_RAISE,87o,0,100,0,NONE,1
100BB,BB,SB,ONE_RAISE,86o,0,95,5,3,1
100BB,BB,SB,ONE_RAISE,85o,100,0,0,NONE,1
100BB,BB,SB,ONE_RAISE,84o,100,0,0,NONE,1
100BB,BB,SB,ONE_RAISE,83o,100,0,0,NONE,1
100BB,BB,SB,ONE_RAISE,82o,100,0,0,NONE,1
100BB,BB,SB,ONE_RAISE,76o,0,100,0,NONE,1
100BB,BB,SB,ONE_RAISE,75o,47,53,0,NONE,1
100BB,BB,SB,ONE_RAISE,74o,100,0,0,NONE,1
100BB,BB,SB,ONE_RAISE,73o,100,0,0,NONE,1
100BB,BB,SB,ONE_RAISE,72o,100,0,0,NONE,1
100BB,BB,SB,ONE_RAISE,65o,0,100,0,NONE,1
100BB,BB,SB,ONE_RAISE,64o,100,0,0,NONE,1
100BB,BB,SB,ONE_RAISE,63o,100,0,0,NONE,1
100BB,BB,SB,ONE_RAISE,62o,100,0,0,NONE,1
100BB,BB,SB,ONE_RAISE,54o,0,88,12,3,1
100BB,BB,SB,ONE_RAISE,53o,47,53,0,NONE,1
100BB,BB,SB,ONE_RAISE,52o,100,0,0,NONE,1
100BB,BB,SB,ONE_RAISE,43o,100,0,0,NONE,1
100BB,BB,SB,ONE_RAISE,42o,100,0,0,NONE,1
100BB,BB,SB,ONE_RAISE,32o,100,0,0,NONE,1
100BB,BB,SB,THREE_BET,AA,0,0,100,2.2,1
100BB,BB,SB,THREE_BET,KK,0,0,100,2.2,1
100BB,BB,SB,THREE_BET,QQ,0,0,100,2.2,1
100BB,BB,SB,THREE_BET,JJ,0,0,100,2.2,1
100BB,BB,SB,THREE_BET,TT,34,0,66,2.2,1
100BB,BB,SB,THREE_BET,99,97,0,3,2.2,1
100BB,BB,SB,THREE_BET,88,100,0,0,NONE,1
100BB,BB,SB,THREE_BET,77,100,0,0,NONE,1
100BB,BB,SB,THREE_BET,66,100,0,0,NONE,1
100BB,BB,SB,THREE_BET,55,100,0,0,NONE,1
100BB,BB,SB,THREE_BET,44,100,0,0,NONE,1
100BB,BB,SB,THREE_BET,33,100,0,0,NONE,1
100BB,BB,SB,THREE_BET,22,100,0,0,NONE,1
100BB,BB,SB,THREE_BET,AKs,0,0,100,2.2,1
100BB,BB,SB,THREE_BET,AQs,0,0,100,2.2,1
100BB,BB,SB,THREE_BET,AJs,0,0,100,2.2,1
100BB,BB,SB,THREE_BET,ATs,97,0,3,2.2,1
100BB,BB,SB,THREE_BET,A9s,100,0,0,NONE,1
100BB,BB,SB,THREE_BET,A8s,100,0,0,NONE,1
100BB,BB,SB,THREE_BET,A7s,99,0,1,2.2,1
100BB,BB,SB,THREE_BET,A6s,100,0,0,NONE,1
100BB,BB,SB,THREE_BET,A5s,65,0,35,2.2,1
100BB,BB,SB,THREE_BET,A4s,98,0,2,2.2,1
100BB,BB,SB,THREE_BET,A3s,100,0,0,NONE,1
100BB,BB,SB,THREE_BET,A2s,100,0,0,NONE,1
100BB,BB,SB,THREE_BET,KQs,0,0,100,2.2,1
100BB,BB,SB,THREE_BET,KJs,0,0,100,2.2,1
100BB,BB,SB,THREE_BET,KTs,63,0,37,2.2,1
100BB,BB,SB,THREE_BET,K9s,100,0,0,NONE,1
100BB,BB,SB,THREE_BET,K8s,100,0,0,NONE,1
100BB,BB,SB,THREE_BET,K7s,100,0,0,NONE,1
100BB,BB,SB,THREE_BET,K6s,100,0,0,NONE,1
100BB,BB,SB,THREE_BET,K5s,100,0,0,NONE,1
100BB,BB,SB,THREE_BET,K4s,100,0,0,NONE,1
100BB,BB,SB,THREE_BET,K3s,100,0,0,NONE,1
100BB,BB,SB,THREE_BET,K2s,100,0,0,NONE,1
100BB,BB,SB,THREE_BET,QJs,100,0,0,NONE,1
100BB,BB,SB,THREE_BET,QTs,100,0,0,NONE,1
100BB,BB,SB,THREE_BET,Q9s,100,0,0,NONE,1
100BB,BB,SB,THREE_BET,Q8s,100,0,0,NONE,1
100BB,BB,SB,THREE_BET,Q7s,100,0,0,NONE,1
100BB,BB,SB,THREE_BET,Q6s,100,0,0,NONE,1
100BB,BB,SB,THREE_BET,Q5s,100,0,0,NONE,1
100BB,BB,SB,THREE_BET,Q4s,100,0,0,NONE,1
100BB,BB,SB,THREE_BET,Q3s,100,0,0,NONE,1
100BB,BB,SB,THREE_BET,Q2s,100,0,0,NONE,1
100BB,BB,SB,THREE_BET,JTs,100,0,0,NONE,1
100BB,BB,SB,THREE_BET,J9s,100,0,0,NONE,1
100BB,BB,SB,THREE_BET,J8s,100,0,0,NONE,1
100BB,BB,SB,THREE_BET,J7s,100,0,0,NONE,1
100BB,BB,SB,THREE_BET,J6s,100,0,0,NONE,1
100BB,BB,SB,THREE_BET,J5s,100,0,0,NONE,1
100BB,BB,SB,THREE_BET,J4s,100,0,0,NONE,1
100BB,BB,SB,THREE_BET,J3s,100,0,0,NONE,1
100BB,BB,SB,THREE_BET,J2s,100,0,0,NONE,1
100BB,BB,SB,THREE_BET,T9s,100,0,0,NONE,1
100BB,BB,SB,THREE_BET,T8s,100,0,0,NONE,1
100BB,BB,SB,THREE_BET,T7s,100,0,0,NONE,1
100BB,BB,SB,THREE_BET,T6s,100,0,0,NONE,1
100BB,BB,SB,THREE_BET,T5s,100,0,0,NONE,1
100BB,BB,SB,THREE_BET,T4s,100,0,0,NONE,1
100BB,BB,SB,THREE_BET,T3s,100,0,0,NONE,1
100BB,BB,SB,THREE_BET,T2s,100,0,0,NONE,1
100BB,BB,SB,THREE_BET,98s,100,0,0,NONE,1
100BB,BB,SB,THREE_BET,97s,100,0,0,NONE,1
100BB,BB,SB,THREE_BET,96s,100,0,0,NONE,1
100BB,BB,SB,THREE_BET,95s,100,0,0,NONE,1
100BB,BB,SB,THREE_BET,94s,100,0,0,NONE,1
100BB,BB,SB,THREE_BET,93s,100,0,0,NONE,1
100BB,BB,SB,THREE_BET,92s,100,0,0,NONE,1
100BB,BB,SB,THREE_BET,87s,100,0,0,NONE,1
100BB,BB,SB,THREE_BET,86s,100,0,0,NONE,1
100BB,BB,SB,THREE_BET,85s,100,0,0,NONE,1
100BB,BB,SB,THREE_BET,84s,100,0,0,NONE,1
100BB,BB,SB,THREE_BET,83s,100,0,0,NONE,1
100BB,BB,SB,THREE_BET,82s,100,0,0,NONE,1
100BB,BB,SB,THREE_BET,76s,100,0,0,NONE,1
100BB,BB,SB,THREE_BET,75s,100,0,0,NONE,1
100BB,BB,SB,THREE_BET,74s,100,0,0,NONE,1
100BB,BB,SB,THREE_BET,73s,100,0,0,NONE,1
100BB,BB,SB,THREE_BET,72s,100,0,0,NONE,1
100BB,BB,SB,THREE_BET,65s,100,0,0,NONE,1
100BB,BB,SB,THREE_BET,64s,100,0,0,NONE,1
100BB,BB,SB,THREE_BET,63s,100,0,0,NONE,1
100BB,BB,SB,THREE_BET,62s,100,0,0,NONE,1
100BB,BB,SB,THREE_BET,54s,100,0,0,NONE,1
100BB,BB,SB,THREE_BET,53s,100,0,0,NONE,1
100BB,BB,SB,THREE_BET,52s,100,0,0,NONE,1
100BB,BB,SB,THREE_BET,43s,100,0,0,NONE,1
100BB,BB,SB,THREE_BET,42s,100,0,0,NONE,1
100BB,BB,SB,THREE_BET,32s,100,0,0,NONE,1
100BB,BB,SB,THREE_BET,AKo,0,0,100,2.2,1
100BB,BB,SB,THREE_BET,AQo,24,0,76,2.2,1
100BB,BB,SB,THREE_BET,AJo,100,0,0,NONE,1
100BB,BB,SB,THREE_BET,ATo,100,0,0,NONE,1
100BB,BB,SB,THREE_BET,A9o,100,0,0,NONE,1
100BB,BB,SB,THREE_BET,A8o,100,0,0,NONE,1
100BB,BB,SB,THREE_BET,A7o,100,0,0,NONE,1
100BB,BB,SB,THREE_BET,A6o,100,0,0,NONE,1
100BB,BB,SB,THREE_BET,A5o,100,0,0,NONE,1
100BB,BB,SB,THREE_BET,A4o,100,0,0,NONE,1
100BB,BB,SB,THREE_BET,A3o,100,0,0,NONE,1
100BB,BB,SB,THREE_BET,A2o,100,0,0,NONE,1
100BB,BB,SB,THREE_BET,KQo,100,0,0,NONE,1
100BB,BB,SB,THREE_BET,KJo,100,0,0,NONE,1
100BB,BB,SB,THREE_BET,KTo,100,0,0,NONE,1
100BB,BB,SB,THREE_BET,K9o,100,0,0,NONE,1
100BB,BB,SB,THREE_BET,K8o,100,0,0,NONE,1
100BB,BB,SB,THREE_BET,K7o,100,0,0,NONE,1
100BB,BB,SB,THREE_BET,K6o,100,0,0,NONE,1
100BB,BB,SB,THREE_BET,K5o,100,0,0,NONE,1
100BB,BB,SB,THREE_BET,K4o,100,0,0,NONE,1
100BB,BB,SB,THREE_BET,K3o,100,0,0,NONE,1
100BB,BB,SB,THREE_BET,K2o,100,0,0,NONE,1
100BB,BB,SB,THREE_BET,QJo,100,0,0,NONE,1
100BB,BB,SB,THREE_BET,QTo,100,0,0,NONE,1
100BB,BB,SB,THREE_BET,Q9o,100,0,0,NONE,1
100BB,BB,SB,THREE_BET,Q8o,100,0,0,NONE,1
100BB,BB,SB,THREE_BET,Q7o,100,0,0,NONE,1
100BB,BB,SB,THREE_BET,Q6o,100,0,0,NONE,1
100BB,BB,SB,THREE_BET,Q5o,100,0,0,NONE,1
100BB,BB,SB,THREE_BET,Q4o,100,0,0,NONE,1
100BB,BB,SB,THREE_BET,Q3o,100,0,0,NONE,1
100BB,BB,SB,THREE_BET,Q2o,100,0,0,NONE,1
100BB,BB,SB,THREE_BET,JTo,100,0,0,NONE,1
100BB,BB,SB,THREE_BET,J9o,100,0,0,NONE,1
100BB,BB,SB,THREE_BET,J8o,100,0,0,NONE,1
100BB,BB,SB,THREE_BET,J7o,100,0,0,NONE,1
100BB,BB,SB,THREE_BET,J6o,100,0,0,NONE,1
100BB,BB,SB,THREE_BET,J5o,100,0,0,NONE,1
100BB,BB,SB,THREE_BET,J4o,100,0,0,NONE,1
100BB,BB,SB,THREE_BET,J3o,100,0,0,NONE,1
100BB,BB,SB,THREE_BET,J2o,100,0,0,NONE,1
100BB,BB,SB,THREE_BET,T9o,100,0,0,NONE,1
100BB,BB,SB,THREE_BET,T8o,100,0,0,NONE,1
100BB,BB,SB,THREE_BET,T7o,100,0,0,NONE,1
100BB,BB,SB,THREE_BET,T6o,100,0,0,NONE,1
100BB,BB,SB,THREE_BET,T5o,100,0,0,NONE,1
100BB,BB,SB,THREE_BET,T4o,100,0,0,NONE,1
100BB,BB,SB,THREE_BET,T3o,100,0,0,NONE,1
100BB,BB,SB,THREE_BET,T2o,100,0,0,NONE,1
100BB,BB,SB,THREE_BET,98o,100,0,0,NONE,1
100BB,BB,SB,THREE_BET,97o,100,0,0,NONE,1
100BB,BB,SB,THREE_BET,96o,100,0,0,NONE,1
100BB,BB,SB,THREE_BET,95o,100,0,0,NONE,1
100BB,BB,SB,THREE_BET,94o,100,0,0,NONE,1
100BB,BB,SB,THREE_BET,93o,100,0,0,NONE,1
100BB,BB,SB,THREE_BET,92o,100,0,0,NONE,1
100BB,BB,SB,THREE_BET,87o,100,0,0,NONE,1
100BB,BB,SB,THREE_BET,86o,100,0,0,NONE,1
100BB,BB,SB,THREE_BET,85o,100,0,0,NONE,1
100BB,BB,SB,THREE_BET,84o,100,0,0,NONE,1
100BB,BB,SB,THREE_BET,83o,100,0,0,NONE,1
100BB,BB,SB,THREE_BET,82o,100,0,0,NONE,1
100BB,BB,SB,THREE_BET,76o,100,0,0,NONE,1
100BB,BB,SB,THREE_BET,75o,100,0,0,NONE,1
100BB,BB,SB,THREE_BET,74o,100,0,0,NONE,1
100BB,BB,SB,THREE_BET,73o,100,0,0,NONE,1
100BB,BB,SB,THREE_BET,72o,100,0,0,NONE,1
100BB,BB,SB,THREE_BET,65o,100,0,0,NONE,1
100BB,BB,SB,THREE_BET,64o,100,0,0,NONE,1
100BB,BB,SB,THREE_BET,63o,100,0,0,NONE,1
100BB,BB,SB,THREE_BET,62o,100,0,0,NONE,1
100BB,BB,SB,THREE_BET,54o,100,0,0,NONE,1
100BB,BB,SB,THREE_BET,53o,100,0,0,NONE,1
100BB,BB,SB,THREE_BET,52o,100,0,0,NONE,1
100BB,BB,SB,THREE_BET,43o,100,0,0,NONE,1
100BB,BB,SB,THREE_BET,42o,100,0,0,NONE,1
100BB,BB,SB,THREE_BET,32o,100,0,0,NONE,1
100BB,BB,BB,UNOPENED,AA,0,0,0,NONE,0
100BB,BB,BB,UNOPENED,KK,0,0,0,NONE,0
100BB,BB,BB,UNOPENED,QQ,0,0,0,NONE,0
100BB,BB,BB,UNOPENED,JJ,0,0,0,NONE,0
100BB,BB,BB,UNOPENED,TT,0,0,0,NONE,0
100BB,BB,BB,UNOPENED,99,0,0,0,NONE,0
100BB,BB,BB,UNOPENED,88,0,0,0,NONE,0
100BB,BB,BB,UNOPENED,77,0,0,0,NONE,0
100BB,BB,BB,UNOPENED,66,0,0,0,NONE,0
100BB,BB,BB,UNOPENED,55,0,0,0,NONE,0
100BB,BB,BB,UNOPENED,44,0,0,0,NONE,0
100BB,BB,BB,UNOPENED,33,0,0,0,NONE,0
100BB,BB,BB,UNOPENED,22,0,0,0,NONE,0
100BB,BB,BB,UNOPENED,AKs,0,0,0,NONE,0
100BB,BB,BB,UNOPENED,AQs,0,0,0,NONE,0
100BB,BB,BB,UNOPENED,AJs,0,0,0,NONE,0
100BB,BB,BB,UNOPENED,ATs,0,0,0,NONE,0
100BB,BB,BB,UNOPENED,A9s,0,0,0,NONE,0
100BB,BB,BB,UNOPENED,A8s,0,0,0,NONE,0
100BB,BB,BB,UNOPENED,A7s,0,0,0,NONE,0
100BB,BB,BB,UNOPENED,A6s,0,0,0,NONE,0
100BB,BB,BB,UNOPENED,A5s,0,0,0,NONE,0
100BB,BB,BB,UNOPENED,A4s,0,0,0,NONE,0
100BB,BB,BB,UNOPENED,A3s,0,0,0,NONE,0
100BB,BB,BB,UNOPENED,A2s,0,0,0,NONE,0
100BB,BB,BB,UNOPENED,KQs,0,0,0,NONE,0
100BB,BB,BB,UNOPENED,KJs,0,0,0,NONE,0
100BB,BB,BB,UNOPENED,KTs,0,0,0,NONE,0
100BB,BB,BB,UNOPENED,K9s,0,0,0,NONE,0
100BB,BB,BB,UNOPENED,K8s,0,0,0,NONE,0
100BB,BB,BB,UNOPENED,K7s,0,0,0,NONE,0
100BB,BB,BB,UNOPENED,K6s,0,0,0,NONE,0
100BB,BB,BB,UNOPENED,K5s,0,0,0,NONE,0
100BB,BB,BB,UNOPENED,K4s,0,0,0,NONE,0
100BB,BB,BB,UNOPENED,K3s,0,0,0,NONE,0
100BB,BB,BB,UNOPENED,K2s,0,0,0,NONE,0
100BB,BB,BB,UNOPENED,QJs,0,0,0,NONE,0
100BB,BB,BB,UNOPENED,QTs,0,0,0,NONE,0
100BB,BB,BB,UNOPENED,Q9s,0,0,0,NONE,0
100BB,BB,BB,UNOPENED,Q8s,0,0,0,NONE,0
100BB,BB,BB,UNOPENED,Q7s,0,0,0,NONE,0
100BB,BB,BB,UNOPENED,Q6s,0,0,0,NONE,0
100BB,BB,BB,UNOPENED,Q5s,0,0,0,NONE,0
100BB,BB,BB,UNOPENED,Q4s,0,0,0,NONE,0
100BB,BB,BB,UNOPENED,Q3s,0,0,0,NONE,0
100BB,BB,BB,UNOPENED,Q2s,0,0,0,NONE,0
100BB,BB,BB,UNOPENED,JTs,0,0,0,NONE,0
100BB,BB,BB,UNOPENED,J9s,0,0,0,NONE,0
100BB,BB,BB,UNOPENED,J8s,0,0,0,NONE,0
100BB,BB,BB,UNOPENED,J7s,0,0,0,NONE,0
100BB,BB,BB,UNOPENED,J6s,0,0,0,NONE,0
100BB,BB,BB,UNOPENED,J5s,0,0,0,NONE,0
100BB,BB,BB,UNOPENED,J4s,0,0,0,NONE,0
100BB,BB,BB,UNOPENED,J3s,0,0,0,NONE,0
100BB,BB,BB,UNOPENED,J2s,0,0,0,NONE,0
100BB,BB,BB,UNOPENED,T9s,0,0,0,NONE,0
100BB,BB,BB,UNOPENED,T8s,0,0,0,NONE,0
100BB,BB,BB,UNOPENED,T7s,0,0,0,NONE,0
100BB,BB,BB,UNOPENED,T6s,0,0,0,NONE,0
100BB,BB,BB,UNOPENED,T5s,0,0,0,NONE,0
100BB,BB,BB,UNOPENED,T4s,0,0,0,NONE,0
100BB,BB,BB,UNOPENED,T3s,0,0,0,NONE,0
100BB,BB,BB,UNOPENED,T2s,0,0,0,NONE,0
100BB,BB,BB,UNOPENED,98s,0,0,0,NONE,0
100BB,BB,BB,UNOPENED,97s,0,0,0,NONE,0
100BB,BB,BB,UNOPENED,96s,0,0,0,NONE,0
100BB,BB,BB,UNOPENED,95s,0,0,0,NONE,0
100BB,BB,BB,UNOPENED,94s,0,0,0,NONE,0
100BB,BB,BB,UNOPENED,93s,0,0,0,NONE,0
100BB,BB,BB,UNOPENED,92s,0,0,0,NONE,0
100BB,BB,BB,UNOPENED,87s,0,0,0,NONE,0
100BB,BB,BB,UNOPENED,86s,0,0,0,NONE,0
100BB,BB,BB,UNOPENED,85s,0,0,0,NONE,0
100BB,BB,BB,UNOPENED,84s,0,0,0,NONE,0
100BB,BB,BB,UNOPENED,83s,0,0,0,NONE,0
100BB,BB,BB,UNOPENED,82s,0,0,0,NONE,0
100BB,BB,BB,UNOPENED,76s,0,0,0,NONE,0
100BB,BB,BB,UNOPENED,75s,0,0,0,NONE,0
100BB,BB,BB,UNOPENED,74s,0,0,0,NONE,0
100BB,BB,BB,UNOPENED,73s,0,0,0,NONE,0
100BB,BB,BB,UNOPENED,72s,0,0,0,NONE,0
100BB,BB,BB,UNOPENED,65s,0,0,0,NONE,0
100BB,BB,BB,UNOPENED,64s,0,0,0,NONE,0
100BB,BB,BB,UNOPENED,63s,0,0,0,NONE,0
100BB,BB,BB,UNOPENED,62s,0,0,0,NONE,0
100BB,BB,BB,UNOPENED,54s,0,0,0,NONE,0
100BB,BB,BB,UNOPENED,53s,0,0,0,NONE,0
100BB,BB,BB,UNOPENED,52s,0,0,0,NONE,0
100BB,BB,BB,UNOPENED,43s,0,0,0,NONE,0
100BB,BB,BB,UNOPENED,42s,0,0,0,NONE,0
100BB,BB,BB,UNOPENED,32s,0,0,0,NONE,0
100BB,BB,BB,UNOPENED,AKo,0,0,0,NONE,0
100BB,BB,BB,UNOPENED,AQo,0,0,0,NONE,0
100BB,BB,BB,UNOPENED,AJo,0,0,0,NONE,0
100BB,BB,BB,UNOPENED,ATo,0,0,0,NONE,0
100BB,BB,BB,UNOPENED,A9o,0,0,0,NONE,0
100BB,BB,BB,UNOPENED,A8o,0,0,0,NONE,0
100BB,BB,BB,UNOPENED,A7o,0,0,0,NONE,0
100BB,BB,BB,UNOPENED,A6o,0,0,0,NONE,0
100BB,BB,BB,UNOPENED,A5o,0,0,0,NONE,0
100BB,BB,BB,UNOPENED,A4o,0,0,0,NONE,0
100BB,BB,BB,UNOPENED,A3o,0,0,0,NONE,0
100BB,BB,BB,UNOPENED,A2o,0,0,0,NONE,0
100BB,BB,BB,UNOPENED,KQo,0,0,0,NONE,0
100BB,BB,BB,UNOPENED,KJo,0,0,0,NONE,0
100BB,BB,BB,UNOPENED,KTo,0,0,0,NONE,0
100BB,BB,BB,UNOPENED,K9o,0,0,0,NONE,0
100BB,BB,BB,UNOPENED,K8o,0,0,0,NONE,0
100BB,BB,BB,UNOPENED,K7o,0,0,0,NONE,0
100BB,BB,BB,UNOPENED,K6o,0,0,0,NONE,0
100BB,BB,BB,UNOPENED,K5o,0,0,0,NONE,0
100BB,BB,BB,UNOPENED,K4o,0,0,0,NONE,0
100BB,BB,BB,UNOPENED,K3o,0,0,0,NONE,0
100BB,BB,BB,UNOPENED,K2o,0,0,0,NONE,0
100BB,BB,BB,UNOPENED,QJo,0,0,0,NONE,0
100BB,BB,BB,UNOPENED,QTo,0,0,0,NONE,0
100BB,BB,BB,UNOPENED,Q9o,0,0,0,NONE,0
100BB,BB,BB,UNOPENED,Q8o,0,0,0,NONE,0
100BB,BB,BB,UNOPENED,Q7o,0,0,0,NONE,0
100BB,BB,BB,UNOPENED,Q6o,0,0,0,NONE,0
100BB,BB,BB,UNOPENED,Q5o,0,0,0,NONE,0
100BB,BB,BB,UNOPENED,Q4o,0,0,0,NONE,0
100BB,BB,BB,UNOPENED,Q3o,0,0,0,NONE,0
100BB,BB,BB,UNOPENED,Q2o,0,0,0,NONE,0
100BB,BB,BB,UNOPENED,JTo,0,0,0,NONE,0
100BB,BB,BB,UNOPENED,J9o,0,0,0,NONE,0
100BB,BB,BB,UNOPENED,J8o,0,0,0,NONE,0
100BB,BB,BB,UNOPENED,J7o,0,0,0,NONE,0
100BB,BB,BB,UNOPENED,J6o,0,0,0,NONE,0
100BB,BB,BB,UNOPENED,J5o,0,0,0,NONE,0
100BB,BB,BB,UNOPENED,J4o,0,0,0,NONE,0
100BB,BB,BB,UNOPENED,J3o,0,0,0,NONE,0
100BB,BB,BB,UNOPENED,J2o,0,0,0,NONE,0
100BB,BB,BB,UNOPENED,T9o,0,0,0,NONE,0
100BB,BB,BB,UNOPENED,T8o,0,0,0,NONE,0
100BB,BB,BB,UNOPENED,T7o,0,0,0,NONE,0
100BB,BB,BB,UNOPENED,T6o,0,0,0,NONE,0
100BB,BB,BB,UNOPENED,T5o,0,0,0,NONE,0
100BB,BB,BB,UNOPENED,T4o,0,0,0,NONE,0
100BB,BB,BB,UNOPENED,T3o,0,0,0,NONE,0
100BB,BB,BB,UNOPENED,T2o,0,0,0,NONE,0
100BB,BB,BB,UNOPENED,98o,0,0,0,NONE,0
100BB,BB,BB,UNOPENED,97o,0,0,0,NONE,0
100BB,BB,BB,UNOPENED,96o,0,0,0,NONE,0
100BB,BB,BB,UNOPENED,95o,0,0,0,NONE,0
100BB,BB,BB,UNOPENED,94o,0,0,0,NONE,0
100BB,BB,BB,UNOPENED,93o,0,0,0,NONE,0
100BB,BB,BB,UNOPENED,92o,0,0,0,NONE,0
100BB,BB,BB,UNOPENED,87o,0,0,0,NONE,0
100BB,BB,BB,UNOPENED,86o,0,0,0,NONE,0
100BB,BB,BB,UNOPENED,85o,0,0,0,NONE,0
100BB,BB,BB,UNOPENED,84o,0,0,0,NONE,0
100BB,BB,BB,UNOPENED,83o,0,0,0,NONE,0
100BB,BB,BB,UNOPENED,82o,0,0,0,NONE,0
100BB,BB,BB,UNOPENED,76o,0,0,0,NONE,0
100BB,BB,BB,UNOPENED,75o,0,0,0,NONE,0
100BB,BB,BB,UNOPENED,74o,0,0,0,NONE,0
100BB,BB,BB,UNOPENED,73o,0,0,0,NONE,0
100BB,BB,BB,UNOPENED,72o,0,0,0,NONE,0
100BB,BB,BB,UNOPENED,65o,0,0,0,NONE,0
100BB,BB,BB,UNOPENED,64o,0,0,0,NONE,0
100BB,BB,BB,UNOPENED,63o,0,0,0,NONE,0
100BB,BB,BB,UNOPENED,62o,0,0,0,NONE,0
100BB,BB,BB,UNOPENED,54o,0,0,0,NONE,0
100BB,BB,BB,UNOPENED,53o,0,0,0,NONE,0
100BB,BB,BB,UNOPENED,52o,0,0,0,NONE,0
100BB,BB,BB,UNOPENED,43o,0,0,0,NONE,0
100BB,BB,BB,UNOPENED,42o,0,0,0,NONE,0
100BB,BB,BB,UNOPENED,32o,0,0,0,NONE,0
100BB,BB,BB,ONE_RAISE,AA,0,0,0,NONE,0
100BB,BB,BB,ONE_RAISE,KK,0,0,0,NONE,0
100BB,BB,BB,ONE_RAISE,QQ,0,0,0,NONE,0
100BB,BB,BB,ONE_RAISE,JJ,0,0,0,NONE,0
100BB,BB,BB,ONE_RAISE,TT,0,0,0,NONE,0
100BB,BB,BB,ONE_RAISE,99,0,0,0,NONE,0
100BB,BB,BB,ONE_RAISE,88,0,0,0,NONE,0
100BB,BB,BB,ONE_RAISE,77,0,0,0,NONE,0
100BB,BB,BB,ONE_RAISE,66,0,0,0,NONE,0
100BB,BB,BB,ONE_RAISE,55,0,0,0,NONE,0
100BB,BB,BB,ONE_RAISE,44,0,0,0,NONE,0
100BB,BB,BB,ONE_RAISE,33,0,0,0,NONE,0
100BB,BB,BB,ONE_RAISE,22,0,0,0,NONE,0
100BB,BB,BB,ONE_RAISE,AKs,0,0,0,NONE,0
100BB,BB,BB,ONE_RAISE,AQs,0,0,0,NONE,0
100BB,BB,BB,ONE_RAISE,AJs,0,0,0,NONE,0
100BB,BB,BB,ONE_RAISE,ATs,0,0,0,NONE,0
100BB,BB,BB,ONE_RAISE,A9s,0,0,0,NONE,0
100BB,BB,BB,ONE_RAISE,A8s,0,0,0,NONE,0
100BB,BB,BB,ONE_RAISE,A7s,0,0,0,NONE,0
100BB,BB,BB,ONE_RAISE,A6s,0,0,0,NONE,0
100BB,BB,BB,ONE_RAISE,A5s,0,0,0,NONE,0
100BB,BB,BB,ONE_RAISE,A4s,0,0,0,NONE,0
100BB,BB,BB,ONE_RAISE,A3s,0,0,0,NONE,0
100BB,BB,BB,ONE_RAISE,A2s,0,0,0,NONE,0
100BB,BB,BB,ONE_RAISE,KQs,0,0,0,NONE,0
100BB,BB,BB,ONE_RAISE,KJs,0,0,0,NONE,0
100BB,BB,BB,ONE_RAISE,KTs,0,0,0,NONE,0
100BB,BB,BB,ONE_RAISE,K9s,0,0,0,NONE,0
100BB,BB,BB,ONE_RAISE,K8s,0,0,0,NONE,0
100BB,BB,BB,ONE_RAISE,K7s,0,0,0,NONE,0
100BB,BB,BB,ONE_RAISE,K6s,0,0,0,NONE,0
100BB,BB,BB,ONE_RAISE,K5s,0,0,0,NONE,0
100BB,BB,BB,ONE_RAISE,K4s,0,0,0,NONE,0
100BB,BB,BB,ONE_RAISE,K3s,0,0,0,NONE,0
100BB,BB,BB,ONE_RAISE,K2s,0,0,0,NONE,0
100BB,BB,BB,ONE_RAISE,QJs,0,0,0,NONE,0
100BB,BB,BB,ONE_RAISE,QTs,0,0,0,NONE,0
100BB,BB,BB,ONE_RAISE,Q9s,0,0,0,NONE,0
100BB,BB,BB,ONE_RAISE,Q8s,0,0,0,NONE,0
100BB,BB,BB,ONE_RAISE,Q7s,0,0,0,NONE,0
100BB,BB,BB,ONE_RAISE,Q6s,0,0,0,NONE,0
100BB,BB,BB,ONE_RAISE,Q5s,0,0,0,NONE,0
100BB,BB,BB,ONE_RAISE,Q4s,0,0,0,NONE,0
100BB,BB,BB,ONE_RAISE,Q3s,0,0,0,NONE,0
100BB,BB,BB,ONE_RAISE,Q2s,0,0,0,NONE,0
100BB,BB,BB,ONE_RAISE,JTs,0,0,0,NONE,0
100BB,BB,BB,ONE_RAISE,J9s,0,0,0,NONE,0
100BB,BB,BB,ONE_RAISE,J8s,0,0,0,NONE,0
100BB,BB,BB,ONE_RAISE,J7s,0,0,0,NONE,0
100BB,BB,BB,ONE_RAISE,J6s,0,0,0,NONE,0
100BB,BB,BB,ONE_RAISE,J5s,0,0,0,NONE,0
100BB,BB,BB,ONE_RAISE,J4s,0,0,0,NONE,0
100BB,BB,BB,ONE_RAISE,J3s,0,0,0,NONE,0
100BB,BB,BB,ONE_RAISE,J2s,0,0,0,NONE,0
100BB,BB,BB,ONE_RAISE,T9s,0,0,0,NONE,0
100BB,BB,BB,ONE_RAISE,T8s,0,0,0,NONE,0
100BB,BB,BB,ONE_RAISE,T7s,0,0,0,NONE,0
100BB,BB,BB,ONE_RAISE,T6s,0,0,0,NONE,0
100BB,BB,BB,ONE_RAISE,T5s,0,0,0,NONE,0
100BB,BB,BB,ONE_RAISE,T4s,0,0,0,NONE,0
100BB,BB,BB,ONE_RAISE,T3s,0,0,0,NONE,0
100BB,BB,BB,ONE_RAISE,T2s,0,0,0,NONE,0
100BB,BB,BB,ONE_RAISE,98s,0,0,0,NONE,0
100BB,BB,BB,ONE_RAISE,97s,0,0,0,NONE,0
100BB,BB,BB,ONE_RAISE,96s,0,0,0,NONE,0
100BB,BB,BB,ONE_RAISE,95s,0,0,0,NONE,0
100BB,BB,BB,ONE_RAISE,94s,0,0,0,NONE,0
100BB,BB,BB,ONE_RAISE,93s,0,0,0,NONE,0
100BB,BB,BB,ONE_RAISE,92s,0,0,0,NONE,0
100BB,BB,BB,ONE_RAISE,87s,0,0,0,NONE,0
100BB,BB,BB,ONE_RAISE,86s,0,0,0,NONE,0
100BB,BB,BB,ONE_RAISE,85s,0,0,0,NONE,0
100BB,BB,BB,ONE_RAISE,84s,0,0,0,NONE,0
100BB,BB,BB,ONE_RAISE,83s,0,0,0,NONE,0
100BB,BB,BB,ONE_RAISE,82s,0,0,0,NONE,0
100BB,BB,BB,ONE_RAISE,76s,0,0,0,NONE,0
100BB,BB,BB,ONE_RAISE,75s,0,0,0,NONE,0
100BB,BB,BB,ONE_RAISE,74s,0,0,0,NONE,0
100BB,BB,BB,ONE_RAISE,73s,0,0,0,NONE,0
100BB,BB,BB,ONE_RAISE,72s,0,0,0,NONE,0
100BB,BB,BB,ONE_RAISE,65s,0,0,0,NONE,0
100BB,BB,BB,ONE_RAISE,64s,0,0,0,NONE,0
100BB,BB,BB,ONE_RAISE,63s,0,0,0,NONE,0
100BB,BB,BB,ONE_RAISE,62s,0,0,0,NONE,0
100BB,BB,BB,ONE_RAISE,54s,0,0,0,NONE,0
100BB,BB,BB,ONE_RAISE,53s,0,0,0,NONE,0
100BB,BB,BB,ONE_RAISE,52s,0,0,0,NONE,0
100BB,BB,BB,ONE_RAISE,43s,0,0,0,NONE,0
100BB,BB,BB,ONE_RAISE,42s,0,0,0,NONE,0
100BB,BB,BB,ONE_RAISE,32s,0,0,0,NONE,0
100BB,BB,BB,ONE_RAISE,AKo,0,0,0,NONE,0
100BB,BB,BB,ONE_RAISE,AQo,0,0,0,NONE,0
100BB,BB,BB,ONE_RAISE,AJo,0,0,0,NONE,0
100BB,BB,BB,ONE_RAISE,ATo,0,0,0,NONE,0
100BB,BB,BB,ONE_RAISE,A9o,0,0,0,NONE,0
100BB,BB,BB,ONE_RAISE,A8o,0,0,0,NONE,0
100BB,BB,BB,ONE_RAISE,A7o,0,0,0,NONE,0
100BB,BB,BB,ONE_RAISE,A6o,0,0,0,NONE,0
100BB,BB,BB,ONE_RAISE,A5o,0,0,0,NONE,0
100BB,BB,BB,ONE_RAISE,A4o,0,0,0,NONE,0
100BB,BB,BB,ONE_RAISE,A3o,0,0,0,NONE,0
100BB,BB,BB,ONE_RAISE,A2o,0,0,0,NONE,0
100BB,BB,BB,ONE_RAISE,KQo,0,0,0,NONE,0
100BB,BB,BB,ONE_RAISE,KJo,0,0,0,NONE,0
100BB,BB,BB,ONE_RAISE,KTo,0,0,0,NONE,0
100BB,BB,BB,ONE_RAISE,K9o,0,0,0,NONE,0
100BB,BB,BB,ONE_RAISE,K8o,0,0,0,NONE,0
100BB,BB,BB,ONE_RAISE,K7o,0,0,0,NONE,0
100BB,BB,BB,ONE_RAISE,K6o,0,0,0,NONE,0
100BB,BB,BB,ONE_RAISE,K5o,0,0,0,NONE,0
100BB,BB,BB,ONE_RAISE,K4o,0,0,0,NONE,0
100BB,BB,BB,ONE_RAISE,K3o,0,0,0,NONE,0
100BB,BB,BB,ONE_RAISE,K2o,0,0,0,NONE,0
100BB,BB,BB,ONE_RAISE,QJo,0,0,0,NONE,0
100BB,BB,BB,ONE_RAISE,QTo,0,0,0,NONE,0
100BB,BB,BB,ONE_RAISE,Q9o,0,0,0,NONE,0
100BB,BB,BB,ONE_RAISE,Q8o,0,0,0,NONE,0
100BB,BB,BB,ONE_RAISE,Q7o,0,0,0,NONE,0
100BB,BB,BB,ONE_RAISE,Q6o,0,0,0,NONE,0
100BB,BB,BB,ONE_RAISE,Q5o,0,0,0,NONE,0
100BB,BB,BB,ONE_RAISE,Q4o,0,0,0,NONE,0
100BB,BB,BB,ONE_RAISE,Q3o,0,0,0,NONE,0
100BB,BB,BB,ONE_RAISE,Q2o,0,0,0,NONE,0
100BB,BB,BB,ONE_RAISE,JTo,0,0,0,NONE,0
100BB,BB,BB,ONE_RAISE,J9o,0,0,0,NONE,0
100BB,BB,BB,ONE_RAISE,J8o,0,0,0,NONE,0
100BB,BB,BB,ONE_RAISE,J7o,0,0,0,NONE,0
100BB,BB,BB,ONE_RAISE,J6o,0,0,0,NONE,0
100BB,BB,BB,ONE_RAISE,J5o,0,0,0,NONE,0
100BB,BB,BB,ONE_RAISE,J4o,0,0,0,NONE,0
100BB,BB,BB,ONE_RAISE,J3o,0,0,0,NONE,0
100BB,BB,BB,ONE_RAISE,J2o,0,0,0,NONE,0
100BB,BB,BB,ONE_RAISE,T9o,0,0,0,NONE,0
100BB,BB,BB,ONE_RAISE,T8o,0,0,0,NONE,0
100BB,BB,BB,ONE_RAISE,T7o,0,0,0,NONE,0
100BB,BB,BB,ONE_RAISE,T6o,0,0,0,NONE,0
100BB,BB,BB,ONE_RAISE,T5o,0,0,0,NONE,0
100BB,BB,BB,ONE_RAISE,T4o,0,0,0,NONE,0
100BB,BB,BB,ONE_RAISE,T3o,0,0,0,NONE,0
100BB,BB,BB,ONE_RAISE,T2o,0,0,0,NONE,0
100BB,BB,BB,ONE_RAISE,98o,0,0,0,NONE,0
100BB,BB,BB,ONE_RAISE,97o,0,0,0,NONE,0
100BB,BB,BB,ONE_RAISE,96o,0,0,0,NONE,0
100BB,BB,BB,ONE_RAISE,95o,0,0,0,NONE,0
100BB,BB,BB,ONE_RAISE,94o,0,0,0,NONE,0
100BB,BB,BB,ONE_RAISE,93o,0,0,0,NONE,0
100BB,BB,BB,ONE_RAISE,92o,0,0,0,NONE,0
100BB,BB,BB,ONE_RAISE,87o,0,0,0,NONE,0
100BB,BB,BB,ONE_RAISE,86o,0,0,0,NONE,0
100BB,BB,BB,ONE_RAISE,85o,0,0,0,NONE,0
100BB,BB,BB,ONE_RAISE,84o,0,0,0,NONE,0
100BB,BB,BB,ONE_RAISE,83o,0,0,0,NONE,0
100BB,BB,BB,ONE_RAISE,82o,0,0,0,NONE,0
100BB,BB,BB,ONE_RAISE,76o,0,0,0,NONE,0
100BB,BB,BB,ONE_RAISE,75o,0,0,0,NONE,0
100BB,BB,BB,ONE_RAISE,74o,0,0,0,NONE,0
100BB,BB,BB,ONE_RAISE,73o,0,0,0,NONE,0
100BB,BB,BB,ONE_RAISE,72o,0,0,0,NONE,0
100BB,BB,BB,ONE_RAISE,65o,0,0,0,NONE,0
100BB,BB,BB,ONE_RAISE,64o,0,0,0,NONE,0
100BB,BB,BB,ONE_RAISE,63o,0,0,0,NONE,0
100BB,BB,BB,ONE_RAISE,62o,0,0,0,NONE,0
100BB,BB,BB,ONE_RAISE,54o,0,0,0,NONE,0
100BB,BB,BB,ONE_RAISE,53o,0,0,0,NONE,0
100BB,BB,BB,ONE_RAISE,52o,0,0,0,NONE,0
100BB,BB,BB,ONE_RAISE,43o,0,0,0,NONE,0
100BB,BB,BB,ONE_RAISE,42o,0,0,0,NONE,0
100BB,BB,BB,ONE_RAISE,32o,0,0,0,NONE,0
100BB,BB,BB,THREE_BET,AA,0,0,0,NONE,0
100BB,BB,BB,THREE_BET,KK,0,0,0,NONE,0
100BB,BB,BB,THREE_BET,QQ,0,0,0,NONE,0
100BB,BB,BB,THREE_BET,JJ,0,0,0,NONE,0
100BB,BB,BB,THREE_BET,TT,0,0,0,NONE,0
100BB,BB,BB,THREE_BET,99,0,0,0,NONE,0
100BB,BB,BB,THREE_BET,88,0,0,0,NONE,0
100BB,BB,BB,THREE_BET,77,0,0,0,NONE,0
100BB,BB,BB,THREE_BET,66,0,0,0,NONE,0
100BB,BB,BB,THREE_BET,55,0,0,0,NONE,0
100BB,BB,BB,THREE_BET,44,0,0,0,NONE,0
100BB,BB,BB,THREE_BET,33,0,0,0,NONE,0
100BB,BB,BB,THREE_BET,22,0,0,0,NONE,0
100BB,BB,BB,THREE_BET,AKs,0,0,0,NONE,0
100BB,BB,BB,THREE_BET,AQs,0,0,0,NONE,0
100BB,BB,BB,THREE_BET,AJs,0,0,0,NONE,0
100BB,BB,BB,THREE_BET,ATs,0,0,0,NONE,0
100BB,BB,BB,THREE_BET,A9s,0,0,0,NONE,0
100BB,BB,BB,THREE_BET,A8s,0,0,0,NONE,0
100BB,BB,BB,THREE_BET,A7s,0,0,0,NONE,0
100BB,BB,BB,THREE_BET,A6s,0,0,0,NONE,0
100BB,BB,BB,THREE_BET,A5s,0,0,0,NONE,0
100BB,BB,BB,THREE_BET,A4s,0,0,0,NONE,0
100BB,BB,BB,THREE_BET,A3s,0,0,0,NONE,0
100BB,BB,BB,THREE_BET,A2s,0,0,0,NONE,0
100BB,BB,BB,THREE_BET,KQs,0,0,0,NONE,0
100BB,BB,BB,THREE_BET,KJs,0,0,0,NONE,0
100BB,BB,BB,THREE_BET,KTs,0,0,0,NONE,0
100BB,BB,BB,THREE_BET,K9s,0,0,0,NONE,0
100BB,BB,BB,THREE_BET,K8s,0,0,0,NONE,0
100BB,BB,BB,THREE_BET,K7s,0,0,0,NONE,0
100BB,BB,BB,THREE_BET,K6s,0,0,0,NONE,0
100BB,BB,BB,THREE_BET,K5s,0,0,0,NONE,0
100BB,BB,BB,THREE_BET,K4s,0,0,0,NONE,0
100BB,BB,BB,THREE_BET,K3s,0,0,0,NONE,0
100BB,BB,BB,THREE_BET,K2s,0,0,0,NONE,0
100BB,BB,BB,THREE_BET,QJs,0,0,0,NONE,0
100BB,BB,BB,THREE_BET,QTs,0,0,0,NONE,0
100BB,BB,BB,THREE_BET,Q9s,0,0,0,NONE,0
100BB,BB,BB,THREE_BET,Q8s,0,0,0,NONE,0
100BB,BB,BB,THREE_BET,Q7s,0,0,0,NONE,0
100BB,BB,BB,THREE_BET,Q6s,0,0,0,NONE,0
100BB,BB,BB,THREE_BET,Q5s,0,0,0,NONE,0
100BB,BB,BB,THREE_BET,Q4s,0,0,0,NONE,0
100BB,BB,BB,THREE_BET,Q3s,0,0,0,NONE,0
100BB,BB,BB,THREE_BET,Q2s,0,0,0,NONE,0
100BB,BB,BB,THREE_BET,JTs,0,0,0,NONE,0
100BB,BB,BB,THREE_BET,J9s,0,0,0,NONE,0
100BB,BB,BB,THREE_BET,J8s,0,0,0,NONE,0
100BB,BB,BB,THREE_BET,J7s,0,0,0,NONE,0
100BB,BB,BB,THREE_BET,J6s,0,0,0,NONE,0
100BB,BB,BB,THREE_BET,J5s,0,0,0,NONE,0
100BB,BB,BB,THREE_BET,J4s,0,0,0,NONE,0
100BB,BB,BB,THREE_BET,J3s,0,0,0,NONE,0
100BB,BB,BB,THREE_BET,J2s,0,0,0,NONE,0
100BB,BB,BB,THREE_BET,T9s,0,0,0,NONE,0
100BB,BB,BB,THREE_BET,T8s,0,0,0,NONE,0
100BB,BB,BB,THREE_BET,T7s,0,0,0,NONE,0
100BB,BB,BB,THREE_BET,T6s,0,0,0,NONE,0
100BB,BB,BB,THREE_BET,T5s,0,0,0,NONE,0
100BB,BB,BB,THREE_BET,T4s,0,0,0,NONE,0
100BB,BB,BB,THREE_BET,T3s,0,0,0,NONE,0
100BB,BB,BB,THREE_BET,T2s,0,0,0,NONE,0
100BB,BB,BB,THREE_BET,98s,0,0,0,NONE,0
100BB,BB,BB,THREE_BET,97s,0,0,0,NONE,0
100BB,BB,BB,THREE_BET,96s,0,0,0,NONE,0
100BB,BB,BB,THREE_BET,95s,0,0,0,NONE,0
100BB,BB,BB,THREE_BET,94s,0,0,0,NONE,0
100BB,BB,BB,THREE_BET,93s,0,0,0,NONE,0
100BB,BB,BB,THREE_BET,92s,0,0,0,NONE,0
100BB,BB,BB,THREE_BET,87s,0,0,0,NONE,0
100BB,BB,BB,THREE_BET,86s,0,0,0,NONE,0
100BB,BB,BB,THREE_BET,85s,0,0,0,NONE,0
100BB,BB,BB,THREE_BET,84s,0,0,0,NONE,0
100BB,BB,BB,THREE_BET,83s,0,0,0,NONE,0
100BB,BB,BB,THREE_BET,82s,0,0,0,NONE,0
100BB,BB,BB,THREE_BET,76s,0,0,0,NONE,0
100BB,BB,BB,THREE_BET,75s,0,0,0,NONE,0
100BB,BB,BB,THREE_BET,74s,0,0,0,NONE,0
100BB,BB,BB,THREE_BET,73s,0,0,0,NONE,0
100BB,BB,BB,THREE_BET,72s,0,0,0,NONE,0
100BB,BB,BB,THREE_BET,65s,0,0,0,NONE,0
100BB,BB,BB,THREE_BET,64s,0,0,0,NONE,0
100BB,BB,BB,THREE_BET,63s,0,0,0,NONE,0
100BB,BB,BB,THREE_BET,62s,0,0,0,NONE,0
100BB,BB,BB,THREE_BET,54s,0,0,0,NONE,0
100BB,BB,BB,THREE_BET,53s,0,0,0,NONE,0
100BB,BB,BB,THREE_BET,52s,0,0,0,NONE,0
100BB,BB,BB,THREE_BET,43s,0,0,0,NONE,0
100BB,BB,BB,THREE_BET,42s,0,0,0,NONE,0
100BB,BB,BB,THREE_BET,32s,0,0,0,NONE,0
100BB,BB,BB,THREE_BET,AKo,0,0,0,NONE,0
100BB,BB,BB,THREE_BET,AQo,0,0,0,NONE,0
100BB,BB,BB,THREE_BET,AJo,0,0,0,NONE,0
100BB,BB,BB,THREE_BET,ATo,0,0,0,NONE,0
100BB,BB,BB,THREE_BET,A9o,0,0,0,NONE,0
100BB,BB,BB,THREE_BET,A8o,0,0,0,NONE,0
100BB,BB,BB,THREE_BET,A7o,0,0,0,NONE,0
100BB,BB,BB,THREE_BET,A6o,0,0,0,NONE,0
100BB,BB,BB,THREE_BET,A5o,0,0,0,NONE,0
100BB,BB,BB,THREE_BET,A4o,0,0,0,NONE,0
100BB,BB,BB,THREE_BET,A3o,0,0,0,NONE,0
100BB,BB,BB,THREE_BET,A2o,0,0,0,NONE,0
100BB,BB,BB,THREE_BET,KQo,0,0,0,NONE,0
100BB,BB,BB,THREE_BET,KJo,0,0,0,NONE,0
100BB,BB,BB,THREE_BET,KTo,0,0,0,NONE,0
100BB,BB,BB,THREE_BET,K9o,0,0,0,NONE,0
100BB,BB,BB,THREE_BET,K8o,0,0,0,NONE,0
100BB,BB,BB,THREE_BET,K7o,0,0,0,NONE,0
100BB,BB,BB,THREE_BET,K6o,0,0,0,NONE,0
100BB,BB,BB,THREE_BET,K5o,0,0,0,NONE,0
100BB,BB,BB,THREE_BET,K4o,0,0,0,NONE,0
100BB,BB,BB,THREE_BET,K3o,0,0,0,NONE,0
100BB,BB,BB,THREE_BET,K2o,0,0,0,NONE,0
100BB,BB,BB,THREE_BET,QJo,0,0,0,NONE,0
100BB,BB,BB,THREE_BET,QTo,0,0,0,NONE,0
100BB,BB,BB,THREE_BET,Q9o,0,0,0,NONE,0
100BB,BB,BB,THREE_BET,Q8o,0,0,0,NONE,0
100BB,BB,BB,THREE_BET,Q7o,0,0,0,NONE,0
100BB,BB,BB,THREE_BET,Q6o,0,0,0,NONE,0
100BB,BB,BB,THREE_BET,Q5o,0,0,0,NONE,0
100BB,BB,BB,THREE_BET,Q4o,0,0,0,NONE,0
100BB,BB,BB,THREE_BET,Q3o,0,0,0,NONE,0
100BB,BB,BB,THREE_BET,Q2o,0,0,0,NONE,0
100BB,BB,BB,THREE_BET,JTo,0,0,0,NONE,0
100BB,BB,BB,THREE_BET,J9o,0,0,0,NONE,0
100BB,BB,BB,THREE_BET,J8o,0,0,0,NONE,0
100BB,BB,BB,THREE_BET,J7o,0,0,0,NONE,0
100BB,BB,BB,THREE_BET,J6o,0,0,0,NONE,0
100BB,BB,BB,THREE_BET,J5o,0,0,0,NONE,0
100BB,BB,BB,THREE_BET,J4o,0,0,0,NONE,0
100BB,BB,BB,THREE_BET,J3o,0,0,0,NONE,0
100BB,BB,BB,THREE_BET,J2o,0,0,0,NONE,0
100BB,BB,BB,THREE_BET,T9o,0,0,0,NONE,0
100BB,BB,BB,THREE_BET,T8o,0,0,0,NONE,0
100BB,BB,BB,THREE_BET,T7o,0,0,0,NONE,0
100BB,BB,BB,THREE_BET,T6o,0,0,0,NONE,0
100BB,BB,BB,THREE_BET,T5o,0,0,0,NONE,0
100BB,BB,BB,THREE_BET,T4o,0,0,0,NONE,0
100BB,BB,BB,THREE_BET,T3o,0,0,0,NONE,0
100BB,BB,BB,THREE_BET,T2o,0,0,0,NONE,0
100BB,BB,BB,THREE_BET,98o,0,0,0,NONE,0
100BB,BB,BB,THREE_BET,97o,0,0,0,NONE,0
100BB,BB,BB,THREE_BET,96o,0,0,0,NONE,0
100BB,BB,BB,THREE_BET,95o,0,0,0,NONE,0
100BB,BB,BB,THREE_BET,94o,0,0,0,NONE,0
100BB,BB,BB,THREE_BET,93o,0,0,0,NONE,0
100BB,BB,BB,THREE_BET,92o,0,0,0,NONE,0
100BB,BB,BB,THREE_BET,87o,0,0,0,NONE,0
100BB,BB,BB,THREE_BET,86o,0,0,0,NONE,0
100BB,BB,BB,THREE_BET,85o,0,0,0,NONE,0
100BB,BB,BB,THREE_BET,84o,0,0,0,NONE,0
100BB,BB,BB,THREE_BET,83o,0,0,0,NONE,0
100BB,BB,BB,THREE_BET,82o,0,0,0,NONE,0
100BB,BB,BB,THREE_BET,76o,0,0,0,NONE,0
100BB,BB,BB,THREE_BET,75o,0,0,0,NONE,0
100BB,BB,BB,THREE_BET,74o,0,0,0,NONE,0
100BB,BB,BB,THREE_BET,73o,0,0,0,NONE,0
100BB,BB,BB,THREE_BET,72o,0,0,0,NONE,0
100BB,BB,BB,THREE_BET,65o,0,0,0,NONE,0
100BB,BB,BB,THREE_BET,64o,0,0,0,NONE,0
100BB,BB,BB,THREE_BET,63o,0,0,0,NONE,0
100BB,BB,BB,THREE_BET,62o,0,0,0,NONE,0
100BB,BB,BB,THREE_BET,54o,0,0,0,NONE,0
100BB,BB,BB,THREE_BET,53o,0,0,0,NONE,0
100BB,BB,BB,THREE_BET,52o,0,0,0,NONE,0
100BB,BB,BB,THREE_BET,43o,0,0,0,NONE,0
100BB,BB,BB,THREE_BET,42o,0,0,0,NONE,0
100BB,BB,BB,THREE_BET,32o,0,0,0,NONE,0